global_signal	global_signal_derivative1	global_signal_derivative1_power2	global_signal_power2	csf	csf_derivative1	csf_power2	csf_derivative1_power2	white_matter	white_matter_derivative1	white_matter_power2	white_matter_derivative1_power2	csf_wm	tcompcor	std_dvars	dvars	framewise_displacement	rmsd	t_comp_cor_00	t_comp_cor_01	t_comp_cor_02	t_comp_cor_03	t_comp_cor_04	c_comp_cor_00	c_comp_cor_01	c_comp_cor_02	c_comp_cor_03	c_comp_cor_04	c_comp_cor_05	c_comp_cor_06	c_comp_cor_07	w_comp_cor_00	w_comp_cor_01	w_comp_cor_02	w_comp_cor_03	w_comp_cor_04	w_comp_cor_05	w_comp_cor_06	w_comp_cor_07	w_comp_cor_08	w_comp_cor_09	w_comp_cor_10	w_comp_cor_11	w_comp_cor_12	w_comp_cor_13	w_comp_cor_14	w_comp_cor_15	w_comp_cor_16	w_comp_cor_17	w_comp_cor_18	w_comp_cor_19	w_comp_cor_20	w_comp_cor_21	w_comp_cor_22	w_comp_cor_23	w_comp_cor_24	w_comp_cor_25	w_comp_cor_26	w_comp_cor_27	w_comp_cor_28	w_comp_cor_29	w_comp_cor_30	w_comp_cor_31	w_comp_cor_32	w_comp_cor_33	w_comp_cor_34	w_comp_cor_35	w_comp_cor_36	w_comp_cor_37	a_comp_cor_00	a_comp_cor_01	a_comp_cor_02	a_comp_cor_03	a_comp_cor_04	a_comp_cor_05	a_comp_cor_06	a_comp_cor_07	a_comp_cor_08	a_comp_cor_09	a_comp_cor_10	a_comp_cor_11	a_comp_cor_12	a_comp_cor_13	a_comp_cor_14	a_comp_cor_15	a_comp_cor_16	a_comp_cor_17	a_comp_cor_18	a_comp_cor_19	a_comp_cor_20	a_comp_cor_21	a_comp_cor_22	a_comp_cor_23	a_comp_cor_24	a_comp_cor_25	a_comp_cor_26	a_comp_cor_27	a_comp_cor_28	a_comp_cor_29	a_comp_cor_30	a_comp_cor_31	a_comp_cor_32	a_comp_cor_33	a_comp_cor_34	a_comp_cor_35	a_comp_cor_36	edge_comp_00	edge_comp_01	edge_comp_02	edge_comp_03	edge_comp_04	edge_comp_05	edge_comp_06	edge_comp_07	edge_comp_08	edge_comp_09	edge_comp_10	edge_comp_11	edge_comp_12	edge_comp_13	edge_comp_14	edge_comp_15	edge_comp_16	edge_comp_17	edge_comp_18	edge_comp_19	edge_comp_20	edge_comp_21	edge_comp_22	edge_comp_23	cosine00	cosine01	cosine02	cosine03	trans_x	trans_x_derivative1	trans_x_derivative1_power2	trans_x_power2	trans_y	trans_y_derivative1	trans_y_derivative1_power2	trans_y_power2	trans_z	trans_z_derivative1	trans_z_power2	trans_z_derivative1_power2	rot_x	rot_x_derivative1	rot_x_power2	rot_x_derivative1_power2	rot_y	rot_y_derivative1	rot_y_derivative1_power2	rot_y_power2	rot_z	rot_z_derivative1	rot_z_power2	rot_z_derivative1_power2	motion_outlier00	motion_outlier01	motion_outlier02
911.204803808859	n/a	n/a	830294.1944843412	1075.507749162482	n/a	1156716.9185085483	n/a	847.6515215364332	n/a	718513.1019630302	n/a	852.095653890495	773.3323900954667	n/a	n/a	n/a	n/a	-0.0755118701	0.0158431787	-0.0485221599	-0.0054368301	0.0267232653	0.1650920829	-0.0147669018	0.1071737497	-0.0263648757	0.0205712711	-0.003094479	0.0245149153	-0.0815909672	0.0135588161	-0.0188698709	0.0847452444	0.0952199765	-0.0239039288	0.217421526	0.0186934145	-0.0756215563	0.0410537973	-0.0389786613	0.082374122	-0.0484377404	0.0689104859	-0.0267265183	0.0767563737	-0.06448181	0.0372929249	-0.193663929	0.0043611374	-0.0986559518	-0.0178055617	0.05804155	-0.0367862457	-0.0512091691	0.1272853599	-0.0821132558	0.0170502391	0.036369435	0.0890263418	-0.0678079612	-0.0665860191	0.0275327716	0.027034724	0.0382206688	-0.0042634913	-0.0259512547	-0.200061836	0.0145775843	0.016306921	-0.0352507748	0.0762409839	0.1417640286	-0.0497195483	0.0787628917	-0.1413785346	0.0469111767	-0.0292853389	-0.0170453109	0.1208209153	-0.0876531685	0.011771164	-0.0419581785	0.0672228257	-0.0215461812	0.0419263828	-0.1043736841	0.10175082	-0.0989854285	0.1183107008	-0.0320774227	0.0788621959	0.006105057	0.0336126448	0.0019710934	-0.2104983098	0.0437693714	0.0300220774	-0.0472172015	-0.0142743059	0.0728138677	0.1315073091	0.0428536307	-0.1253333941	0.0792352417	0.0744924082	-0.0504828742	0.0451377548	-0.1620519301	0.0385735355	0.0868850598	-0.1424009925	0.196432616	-0.0847710337	0.0490323476	-0.1615876388	0.0134103867	-0.0006227921	-0.0776055903	0.0044042712	-0.0673746912	0.0996294436	-0.0775378234	0.0998712548	-0.0461208531	0.0183263314	-0.0577551906	0.1598122185	-0.0659071757	0.0043195004	0.1290883846	0.1290552057	0.1289999139	0.1289225186	-0.0469658326197759	n/a	n/a	0.0022057894336688	-0.0121056604525477	n/a	n/a	0.0001465470149923	-0.0156231792942804	n/a	0.0002440837312612	n/a	-0.0019852272793991	n/a	3.941127350870353e-06	n/a	0.0015443581880629	n/a	n/a	2.385042213036923e-06	-0.0003569682489211	n/a	1.274263307377964e-07	n/a	0.0	0.0	0.0
907.5177241086744	-3.68707970018454	13.59455671551292	823588.4195713882	1060.7432441485705	-14.764505013911505	1125176.2300068338	217.99060830581791	847.4934800622499	-0.1580414741832783	718245.1987480231	0.0249771075620238	851.0242798789362	752.6759638497996	1.209352	21.743975	0.1175626373211853	0.0566981383070365	-0.0196349862	-0.002145509	0.003846374	0.1721009901	0.0214277636	0.0380708091	0.0219777961	-0.0344927134	-0.0039123462	-0.0291511928	0.0081800537	0.1612829892	0.1429965869	-0.0004899518	0.00448495	0.0151316714	0.0216278534	-0.1034373667	-0.0973851844	-0.02197208	0.0472530162	-0.0894865394	0.0241290363	0.2242828805	0.2159823888	0.2004220312	-0.0578972911	-0.0238939564	-0.044894734	0.1094058539	-0.1081625695	0.1209819982	-0.0981996303	-0.0310494887	-0.0223823023	-0.0225047489	-0.0338311928	0.1588061405	0.1025629644	0.0143381539	-0.0432102448	0.173147178	0.0402642	0.068177349	0.1403236882	0.0143715525	-0.0960392619	-0.0341010413	0.1270345724	0.025046244	-0.0457729456	0.0026176666	-0.0166217119	0.0112365684	0.0519233138	0.0983178395	-0.1411890009	0.087863838	-0.0476406025	-0.1261154871	0.1183046851	0.1414778163	-0.1267533525	-0.0839035113	-0.1633161256	-0.0141482357	0.2048184069	-0.055793446	0.0005600809	-0.03193452	-0.0345888625	0.1234607955	0.0685606137	0.0904407028	0.0835472221	0.0660285066	0.0390768666	-0.0564099881	0.1430273543	0.0445979218	0.0936176091	-0.0181958667	0.0226834319	0.130775776	-0.1206799108	-0.1521458107	-0.1066830009	-0.0755272736	-0.0364593428	0.1574928913	-0.108552526	0.0295475573	-0.2488176589	0.1459665111	-0.0881750326	0.0262000538	0.2766461868	-0.2672290811	0.1369351801	-0.0967891053	-0.0586585467	0.2071065863	0.3425650119	-0.00023185	0.0484867355	0.0674333873	-0.0716410778	-0.0090122282	0.0148616607	0.0243376382	0.0580159953	-0.0436658102	0.1289999139	0.1287014744	0.1282045865	0.1275100165	-0.019943961025973	0.0270218715938029	0.0007301815444319	0.0003977615814055	0.0244181942705381	0.0365238547230858	0.001333991963833	0.0005962482114337	-0.0156971254454703	-7.394615118989922e-05	0.0002463997472508	5.468033275799434e-09	-0.0016130044582528	0.0003722228211463	2.6017833823434086e-06	1.385498285821106e-07	0.0018910017527355	0.0003466435646726	1.201617609289271e-07	3.5758876288487333e-06	3.024662322133895e-06	0.0003599929112432	9.148582162936406e-12	1.295948961453789e-07	0.0	0.0	0.0
908.1691010631693	0.6513769544948218	0.4242919368469491	824771.1161258849	1059.4589801314314	-1.284264017139094	1122453.3305811328	1.6493340657182431	848.0338587267645	0.5403786645146056	719161.425547006	0.2920091010625886	851.6670872765222	758.6613106971563	1.185865	21.321678	0.2134113945464807	0.0982651784049668	-0.0056826338	-0.0462395258	-0.1468335444	0.1167175837	-0.2194147807	-0.0274111658	0.0297638521	0.1535844457	0.1247565955	-0.0558659595	0.12653257	0.0505085098	-0.0584916625	0.0396445873	-0.0442419992	0.041922334	0.1524917858	-0.0250179936	-0.0885961467	0.1544027293	0.0741170086	-0.2034300538	-0.0005622377	-0.0779230034	-0.0001819667	-0.109529554	-0.0366533617	0.0684042766	0.2020702483	-0.0864691608	-0.0654199994	0.0005637366	0.0877406658	0.1566562447	-0.0298848325	0.0519649939	-0.1507450709	0.0647682198	0.0740410703	-0.1276538634	-0.0722466022	0.0302723022	0.1509527856	-0.0577593824	0.0911868137	0.0172195761	0.1128646588	-0.0867683339	-0.1116169085	0.0591918754	-0.0538183905	0.0404401573	-0.0368253584	0.0450030494	0.1235898062	-0.0541238435	0.1131035516	0.2053838001	-0.1743092113	-0.0773230146	0.0094253235	-0.0646457656	0.1655000764	0.0257068617	-0.0018380589	-0.0936739045	-0.077840677	0.0815096956	0.1265050505	0.0594671904	-0.0426535711	0.0157328624	-0.027048515	-0.0923877888	-0.0469759316	0.1082318011	0.070637278	-0.1192770184	0.0244432805	0.0369528176	0.2664566767	0.0152939765	-0.1231087675	0.0447211252	0.1106247679	0.0267691807	-0.05942992	-0.1449272349	-0.0597805186	0.0929429205	-0.0016986795	-0.1163974036	-0.3551592987	0.0070200057	-0.0818255587	0.1997479871	-0.0896298142	-0.0878062846	0.0213587929	-0.0591142234	-0.0273635194	0.1838572789	-0.0007002733	-0.1426820242	-0.0310416669	0.0692269128	-0.1804169006	-0.0983468281	-0.0144355279	0.0056027254	-0.0797512206	0.0109016616	0.1288230331	0.1279949812	0.1266188352	0.124700488	-0.037931503192965	-0.017987542166992	0.0003235516732093	0.0014387989344779	0.0043498787453017	-0.0200683155252364	0.0004027372880204	1.8921445098827496e-05	-0.0628683769322009	-0.0471712514867306	0.0039524328180892	0.0022251269668243	-0.0008529411305494	0.0007600633277034	7.275085721828887e-07	5.77696262119566e-07	0.0011034343210556	-0.0007875674316799	6.20262459442874e-07	1.2175673008834329e-06	-0.001013030285645	-0.0010160549479671	1.0262303596339903e-06	1.0323676572884951e-06	0.0	0.0	0.0
907.8752641294884	-0.2938369336808364	0.0863401435949562	824237.4952181884	1061.1885929446248	1.7296128131933983	1126121.2297957926	2.9915604835627816	848.3452376728742	0.3113789461096985	719689.6422822454	0.0969568480803865	851.957690230405	756.3209323483844	1.203124	21.631994	0.1733569401648155	0.0914764255460812	-0.0285135042	0.0017250654	-0.0984564409	-0.0425212531	0.0280165365	0.0282094835	0.014668854	0.0950385335	-0.1179585828	-0.0107331087	-0.0798292168	-0.056157342	-0.0225743018	0.0359333137	-0.0367720687	-0.0351727194	0.0949440843	-0.1068166585	0.1776894978	0.0710565623	-0.1663227869	0.1551139051	0.0475196743	-0.0253238142	-0.0863058804	-0.1195563313	0.1234913188	0.0687061269	-0.067584442	-0.0168664631	0.0334902949	0.0577060479	-0.0021368073	0.0129570654	0.0044167669	-0.0826747901	-0.1055768974	0.0866272711	-0.0403132001	0.0665029428	0.0232366656	-0.1220533103	-0.0026514431	-0.2073979324	0.0052757519	-0.0600293476	0.0450658508	0.0086038207	-0.1083369128	-0.0555649159	-0.052548564	0.0392918873	-0.0164402158	-0.0369976365	0.1951409511	-0.0514649627	0.1346065453	-0.115107481	0.1547257764	0.0707373765	-0.0384527484	0.0008667972	-0.0616990454	0.0973216405	0.1429837034	-0.05452932	-0.1067993141	-0.0641910634	0.0062584717	-0.0849782691	0.0058241533	0.040277099	-0.0559996457	0.1000516543	0.029427559	0.0121134794	-0.0750289559	-0.0301902613	-0.067699159	-0.0240605427	-0.0109448712	-0.0833734744	-0.1096511323	0.045935657	0.1581193632	0.0236141701	0.0755123826	0.1150234421	-0.0265782144	0.0285883812	-0.0626181562	0.1014614414	0.0655503125	-0.0563748972	0.0595713969	-0.095934175	0.0125803252	-0.0824927831	-0.0599286581	0.0244986437	-0.0292626052	-0.0548595353	-0.1997390021	-0.0707774165	0.0105190122	0.1979149012	-0.1025537457	0.0361152263	-0.0270746029	0.1872701443	0.1322447685	-0.0753928909	0.1285578634	0.1269376627	0.1242524367	0.1205247148	-0.0023975694140006	0.0355339337789644	0.0012626604498078	5.74833909495118e-06	0.023397178495415	0.0190472997501132	0.0003627996277706	0.0005474279615463	0.0016178044988919	0.0644861814310928	2.617291396634872e-06	0.0041584675955638	-0.0011348776500521	-0.0002819365195027	1.2879472805877769e-06	7.948820102929637e-08	0.0011161239863866	1.2689665330999902e-05	1.6102760621278083e-10	1.245732752987515e-06	-0.0002218659663858	0.0007911643192592	4.9224507040304935e-08	6.259409800688735e-07	0.0	0.0	0.0
906.3836620876268	-1.4916020418615972	2.224876651285686	821531.3428993772	1058.3514636338816	-2.837129310743194	1120107.8205759795	8.04930272587815	846.8981090011436	-1.4471286717306384	717236.4070297128	2.094181392544882	850.3948743871476	750.1223047744396	1.080265	19.423008	0.093894600702255	0.0516356155138928	0.0120700155	-0.0172798439	0.059708692	0.0421844614	0.0337284803	-0.0334760447	0.030537476	-0.0311073579	0.0020925966	-0.0542952836	0.0910533147	-0.0257041038	0.1510677446	0.0114691076	0.0449821764	0.039584973	-0.0140291962	0.0158270374	0.0868743942	-0.1918678126	-0.0758639884	-0.022011916	-0.0695056373	-0.0614435744	-0.0427956539	0.0695675345	0.067968787	-0.0804956666	0.0184464586	-0.1800619161	-0.116506825	0.0319339461	-0.0229121049	-0.0272661204	-0.0481702767	-0.0984377014	0.1437618804	0.052593946	0.0350678223	0.0487101961	-0.094777917	-0.10994911	0.0135396062	0.0564000926	-0.0547637925	-0.0031112664	-0.1696186087	0.1533299071	-0.0974210603	-0.036174648	-0.0082493227	0.0058224965	0.0373195855	0.0406558696	-0.0707847686	-0.0571689762	-0.0450412812	-0.1396410585	0.1384842898	-0.1015496012	-0.1256914645	-0.0849730809	-0.019050107	-0.0067309066	0.0871225127	-0.0366128673	0.0913140776	-0.0582826541	0.0678180723	0.0454391223	-0.0500126624	0.0466062251	0.1073850128	-0.1416736461	0.1012297375	-0.0183922244	-0.1207849995	-0.0469455491	0.0476064407	-0.1182750504	-0.0221634205	0.021994904	0.099255961	-0.039893309	-0.0851843463	-0.0923088175	0.0399458947	0.1402379295	-0.0101523989	0.0401675152	-0.02099092	0.0975289396	0.0753739407	0.0987665526	-0.0504089379	0.0737444125	-0.0025062553	-0.001320333	0.0310297559	-0.137130294	0.0067377406	-0.1015451153	-0.0472830725	-0.0431615395	-0.0517706756	0.0225416309	0.0508324029	0.1364695275	-0.1415768221	0.0362347905	0.0233089987	0.0037819745	0.1282045865	0.1255324169	0.1211199807	0.1150284477	-0.0071263502430838	-0.0047287808290832	2.2361368129504797e-05	5.078486778710053e-05	0.047782063343277	0.024384884847862	0.0005946226090434	0.0022831255773409	0.0438637429999317	0.0422459385010398	0.001924027949964	0.0017847193198336	-0.0011202042732892	1.4673376762900162e-05	1.2548576138953845e-06	2.1530798562601843e-10	0.0013192551184888	0.0002031311321022	4.1262256829121474e-08	1.7404340676588975e-06	-0.0004547613880061	-0.0002328954216203	2.0680792002123465e-07	5.42402774116973e-08	0.0	0.0	0.0
908.258813178584	1.8751510909571607	3.51619161391783	824934.07171657	1058.3258586183808	-0.0256050155007869	1120053.623020333	0.0006556168187955	846.3420215153006	-0.5560874858429088	716294.8173826056	0.3092332919110873	849.8243222206106	746.6072016449862	1.074525	19.319815	0.0400124414578031	0.0220515290074651	0.004879186	-0.0013486984	-0.0622855979	-0.0862040086	-0.1083944515	-0.0066057472	-0.0490071373	0.1483811782	0.079953896	0.04776604	-0.0268683955	-0.1431671267	0.045268993	-0.055586499	0.0044385578	0.1721330051	0.0506322299	-0.0513120528	0.0285587456	-0.1386052059	-0.0453249785	-0.0819458651	0.1220342188	-0.1286010744	-0.0739656827	-0.1341908958	-0.0522027598	-0.0555793266	-0.0384296924	-0.111607606	0.0299793787	-0.0412987041	-0.0583395051	-0.1110702548	0.0131370152	0.0227645544	0.0564872996	-0.1472477781	-0.1653408507	0.0270467581	-0.0683872777	-0.0128098061	-0.1390959154	-0.0515527197	-0.1092066617	0.0078839026	-0.122373934	0.0978640384	-0.0365388229	-0.0077806425	0.0365072669	-0.0477014749	-0.0129107971	0.1763405509	0.0621872042	-0.054652276	-0.009613349	-0.0442354056	0.0269502012	-0.0849505664	-0.0825264561	-0.2923426572	0.0715977195	0.1426470151	0.0189003702	-0.0405182343	0.044309379	-0.0118512608	-0.0723803039	-0.0578493491	0.018985847	-0.0280350554	-0.0361129988	0.0561106677	0.0311260059	-0.1167054527	-0.0699162869	0.1364976433	-0.1212092044	0.0490806748	-0.0774547746	-0.0035440857	0.1002844226	-0.05512459	-0.0346844278	-0.0210940114	0.1161694625	0.0762613265	-0.0023104146	-0.0180135458	0.0199686768	0.0082478358	0.0354357835	0.0540136911	-0.0558581274	0.0526821784	-0.1404875181	0.1236579443	-0.1286189421	0.0843612841	0.1149998764	-0.0195458139	-0.0884934387	-0.0475638158	-0.0827765115	0.009381635	0.0014328451	0.1720647234	0.0116136433	0.0594476285	-0.0662640923	0.1672789552	0.1277634447	0.1237830955	0.1172407796	0.1082719048	-0.0072777362721865	-0.0001513860291027	2.2917729807483583e-08	5.296544524749905e-05	0.0431978010519031	-0.0045842622913738	2.1015460756112644e-05	0.0018660500157198	0.0438208805306601	-4.2862469271598425e-05	0.0019202695704823	1.837191272058719e-09	-0.0008693438419691	0.00025086043132	7.557587155695954e-07	6.293095600210659e-08	0.0010101367334753	-0.0003091183850134	9.55541759533544e-08	1.0203762203161493e-06	-0.0003100615909786	0.0001446997970274	9.613819020018067e-08	2.0938031259799688e-08	0.0	0.0	0.0
910.171469055495	1.9126558769110036	3.658252503482199	828412.1030826379	1063.269751283544	4.943892665163276	1130542.5639945697	24.442074684655235	847.7751929587164	1.4331714434157448	718722.7777961888	2.0539803862223693	851.4080766587496	752.7163017583448	1.144054	20.569929	0.1007757034602358	0.0496796047973535	-0.0296581136	-0.0138914852	0.1567137619	-0.0343471163	0.0517423964	0.0398525334	0.005092283	-0.0075687118	0.0376245748	0.0848873603	0.0805255961	-0.0488442858	0.1246019287	-0.0061077162	-0.098020055	0.086189427	-0.1811442782	-0.1063266835	-0.0731508663	-0.0353389305	-0.1121419016	0.0497279254	-0.1963357683	0.0036580129	-0.0461921935	0.0195668053	0.0435995843	-0.012228416	0.1927470683	-0.0006335348	-0.0085478279	0.099525912	0.0181273742	0.1328040059	0.0523735136	0.1102959153	-0.1088679205	-0.0392053086	0.1269359534	-0.0164881119	0.0036719846	0.0446601721	-0.034051166	0.0952227056	-0.0784793552	0.1147609609	-0.004631294	-0.0704770035	0.0791523235	-0.0108886484	-0.0508489104	-0.0002255671	-0.0977774168	0.0698774235	-0.0601832235	0.2188717004	-0.0224186634	0.0265067608	0.11751373	-0.023221798	-0.1477999954	0.0271913547	-0.0623108009	-0.0125517629	0.0122000981	-0.1129783858	-0.0579460715	0.0630846118	0.1947422331	0.0195544498	0.0388899441	0.0095017728	-0.054871336	0.0024770453	-0.1092799147	0.0846607887	0.2186012835	-0.0101789832	0.0615337735	0.0317596048	-0.0367135784	-0.0743328534	-0.0050656226	-0.0402160884	-0.1265193406	0.1290160768	-0.0242794695	0.0428659376	-0.0307262705	-0.060396872	0.0005256716	0.1125401805	0.1046706965	0.0471512527	-0.0648853169	-0.0021881775	0.0938500614	-0.0206436925	-0.0393072287	-0.1543400816	0.1035060431	0.0917194019	-0.0665912099	0.0572383526	-0.1085932161	0.0592807543	0.0770444346	0.1274991577	0.002763745	-0.0642587346	0.1515605006	0.0682946319	0.1272347401	0.1216944932	0.1126387502	0.1003291122	0.0049882087076866	0.0122659449798731	0.0001504534062492	2.4882226111440423e-05	0.0330389170213862	-0.0101588840305169	0.0001032029247454	0.001091570037946	0.0071566301617593	-0.0366642503689008	5.121735527220295e-05	0.0013442672551134	-0.0006539675528656	0.0002153762891035	4.276735602010213e-07	4.638694590799442e-08	0.0005925357461946	-0.0004176009872807	1.7439058457781545e-07	3.510986105183914e-07	-0.0001093063857439	0.0002007552052347	1.1947885964394264e-08	4.030265242882653e-08	0.0	0.0	0.0
911.9694916388768	1.798022583381794	3.23288521035094	831688.3536800713	1062.7676863811423	-0.5020649024017985	1129475.155215926	0.2520691662237274	848.0210575799049	0.2458646211885025	719139.7140989404	0.0604494119521658	851.1952759257963	771.5644389573918	1.214941	21.844475	0.0828267888041807	0.0503819507910086	-0.0772468247	0.0016817649	0.0957759948	0.0353834168	-0.1871895564	0.0775456805	-0.068866759	-0.0185988926	0.2733638622	-0.0361149993	0.033878552	-0.0947830202	-0.0876508629	0.0495324231	-0.0991038301	0.0604175969	-0.0369998346	0.1655230013	-0.0348342017	0.1757370602	-0.1087837362	-0.1705518912	-0.0708601849	0.0712867626	-0.0015368826	-0.1041768978	0.0924223244	-0.1378601151	0.0166753495	-0.042883297	0.0388649026	-0.0548060887	0.0192465405	0.059205702	0.115955905	0.0616429924	0.1762757389	-0.0844664906	-0.0474338757	-0.1120583312	-0.0556332053	0.0220470729	0.0244955219	-0.0302050599	-0.0376740204	0.1551264497	0.1593643199	-0.0021542449	0.0160008583	0.0686064273	-0.0761844877	0.0404870631	-0.1057658323	0.0576619928	-0.1639957824	-0.0605166763	0.1593368128	0.1685200679	-0.0710925	-0.1294684444	0.0615972113	0.0914542795	-0.03790369	0.1384739603	0.1271791427	0.0034624988	-0.0044310131	0.0041960936	-0.0058906143	0.0128461084	0.0038736923	-0.1309990819	-0.061435211	-0.2048814239	-0.136560592	-0.0094635666	0.0505511345	0.0530048882	-0.040123184	0.10050896	0.0598407785	0.0157208463	-0.020288142	0.0248996519	-0.0431759656	0.14017536	0.0144334775	0.0437560002	-0.0558090344	-0.0639766724	-0.0482484742	0.2042427087	-0.0757116385	-0.153193078	-0.0087123195	0.2165290256	-0.0585880088	-0.2004161007	-0.0127905583	-0.0390470588	0.0841295654	-0.2616833552	-0.1639690359	0.0808488246	-0.0604366496	0.0293242047	0.0964018252	-0.0185237224	-0.0348420568	-0.0780960701	-0.0596738156	0.0400827821	0.1266188352	0.1192723348	0.1073422654	0.0912870929	0.0049990022138075	1.0793506120899792e-05	1.1649977438190127e-10	2.4990023133652288e-05	0.0079038161937887	-0.0251351008275974	0.0006317732936134	6.247031042519648e-05	-0.035931771449043	-0.0430884016108022	0.0012910921994662	0.0018566103533737	-0.0007569165811368	-0.0001029490282712	5.729227107998219e-07	1.059850242198434e-08	0.0005811084266043	-1.1427319590300022e-05	1.3058363301885468e-10	3.376870034705251e-07	-0.0002867798950756	-0.0001774735093316	8.224270821957213e-08	3.1496846514509e-08	0.0	0.0	0.0
912.396670424949	0.4271787860722043	0.182481715270122	832467.684202533	1064.7622259015868	1.9945395204445049	1133718.5977069018	3.978187898614995	848.3775789393748	0.3565213594698662	719744.516447035	0.1271074797582415	852.0531573033059	780.2130327127701	1.208606	21.730568	0.0982043901395504	0.0501331339969776	-0.1349046933	0.0042299663	-0.0005082293	-0.1830891478	0.0087403842	0.0858821265	-0.0231515139	0.0578425585	-0.0246848828	0.1554976932	-0.1375382505	-0.0867662685	-0.1752399923	0.089001707	-0.1000445552	-0.0248451994	-0.0913919741	0.0872368572	-0.0932051702	-0.0212826956	-0.0280450118	0.1120477109	0.1837178023	-0.0939507018	0.0777494041	-0.0552999091	0.0780955634	0.0642547864	-0.1761860229	0.1723751189	0.1045062069	0.1295866935	0.0115360009	0.0831554328	-0.1252854765	0.0316141467	-0.0612024521	-0.0213069855	-0.0053179123	0.1207267257	0.1787752494	-0.2041874335	0.0418349787	0.0025635763	-0.0165949181	0.0402349275	-0.0354694224	0.1106306762	-0.1218748734	0.0329117869	0.0204035133	0.0870703606	-0.0931614511	-0.0311090016	-0.0761364933	0.051006906	0.0389008432	0.0233771806	0.1373081404	0.1574020868	0.2142610822	-0.0406886808	0.1137168596	-0.0286766841	0.0491748624	0.0651610106	-0.0718971485	-0.1028483697	0.0531521727	-0.1265268558	-0.019481875	0.0720330768	0.0991755538	0.1674935407	-0.0041812811	-0.0572846876	-0.0721543864	0.1183342625	-0.0293491223	-0.092681819	-0.1207955547	-0.0443178858	-0.2354424577	-0.0775442858	0.0393847112	0.0377796433	-0.0213711011	0.0312710092	-0.058920205	-0.0878532333	-0.0259901674	0.1500412208	-0.0081968435	-0.0611480979	-0.0489041532	-0.1188463771	-0.0657927283	-0.0999845508	-0.0176150788	-0.0379114426	0.0220692934	0.0066386695	-0.0855462051	-0.0510441117	0.1293047784	-0.1289494271	0.0977588446	0.1653467941	0.0506561448	-0.0389514742	0.0900106346	-0.1269701765	0.1259161521	0.1165232592	0.1013839798	0.0812449131	0.0182783706809743	0.0132793684671668	0.0001763416268867	0.0003340988347511	0.0427842748246547	0.034880458630866	0.0012166463942995	0.0018304941722715	-0.0434825926600552	-0.0075508212110122	0.0018907358644402	5.701490096067174e-05	-0.0002850260502495	0.0004718905308873	8.12398493208305e-08	2.226806731410978e-07	0.0005809867378911	-1.216887131999219e-07	1.4808142920252838e-14	3.3754558960534177e-07	9.108272193400848e-05	0.0003778626170096	8.29606223490791e-09	1.4278015733335005e-07	0.0	0.0	0.0
910.4268544246156	-1.969816000333367	3.880175075169343	828877.0572575002	1058.4563326863847	-6.305893215202104	1120329.8082039107	39.764289241531934	847.9594191806908	-0.4181597586839416	719035.1765772545	0.1748575837826123	851.1053350353363	770.0701395079147	1.190999	21.414	0.0526016491495316	0.0283144130865418	-0.1187733987	-0.0286728372	0.099929335	0.0085441802	0.1025100919	0.1018410967	0.1167065643	-0.14487204	-0.045454081	-0.1000611075	-0.0208685437	0.0222175568	-0.1208534987	0.1149572787	-0.0321885201	-0.0772361843	-0.1046103395	0.0886409026	-0.0313564166	-0.0885149082	0.1652907791	-0.1268394761	-0.044051947	-0.0967831751	0.0105064727	0.0896597316	0.0003787246	-0.0517690421	-0.0280116341	-0.0753404814	-0.0077299315	-0.0776052121	0.2334656185	0.0948667023	0.1839065449	-0.0760083914	0.0987023851	0.0629027568	-0.0264128546	0.0063625132	0.0152745008	0.0090820905	0.0652211676	0.0936281191	0.0095575899	0.0087867793	-0.0447761915	-0.1604016086	-0.0225875061	-0.0335121186	0.0287296186	0.1097494886	-0.0319154274	-0.08529213	-0.1583709219	0.0203121539	-0.0690540654	-0.0561391683	-0.1343192081	-0.0620402549	0.0087356619	-0.0142679987	0.1563840729	-0.1316984953	-0.0116924801	0.0198100399	-0.0357555165	-0.0678159079	-0.0724696667	0.0580672236	0.0060594182	-0.0877822836	-0.1716744046	-0.1982766507	-0.0714598536	0.1330966126	-0.0512649479	-0.0574516741	0.1562812295	-0.0890303367	-0.0351584289	-0.0977118998	0.0363851359	-0.0120351302	0.0326844118	-0.0661258612	-0.0041155205	0.0214763088	-0.0667635547	-0.1030907577	0.0498127753	0.0167088917	-0.0365272353	-0.0286761451	-0.1109875155	-0.0195525518	-0.028460008	0.2996185142	-0.0569008716	-0.0286883242	0.0003585994	-0.0389249362	0.011047797	-0.0501053072	0.0236100016	-0.1990524146	0.1282471346	-0.0498016079	-0.2257347893	0.1122035667	0.0904618257	-0.0391491536	0.1251271724	0.1134548014	0.0948006283	0.0703125971	0.0020159383014402	-0.0162624323795341	0.0002644667068989	4.064007235213599e-06	0.0261000595116911	-0.0166842153129636	0.0002783630406093	0.0006812131065138	-0.0420246108787267	0.0014579817813284	0.0017660679195083	2.125710874685823e-06	-0.0003959532389628	-0.0001109271887133	1.5677896744513224e-07	1.2304841195836073e-08	0.000581032172908	4.5435016899947514e-08	2.064340760698516e-15	3.37598385954192e-07	-0.0001618850478499	-0.0002529677697839	2.620676871736441e-08	6.399269254944452e-08	0.0	0.0	0.0
907.8416270149496	-2.585227409666004	6.683400759688396	824176.4197411509	1061.7657429170326	3.309410230647927	1127346.4928321582	10.952196074717166	845.6491307923695	-2.3102883883212826	715122.4524098901	5.33743243721215	849.3835865367543	766.665371655309	1.103475	19.840319	0.0593282419257136	0.0307464744142129	-0.0678355816	-0.0774771607	-0.0032467152	-0.1078410219	0.0291214177	0.0143723717	0.0692845431	-0.101798167	-0.0816523826	0.1244837981	-0.1501266443	-0.0488416932	-0.1092356565	0.0374734621	0.0461571197	0.1234801394	-0.0436202647	0.0978439879	0.0143882867	-0.0669908592	0.1277877033	-0.0420716006	0.1025277864	-0.0888047662	0.0130596045	-0.1295091024	0.070270177	-0.1267851413	0.001568899	0.1249613904	0.2135262054	0.0557813837	0.1098412599	-0.076415142	-0.1217249693	0.092772018	0.1004008923	-0.1210132897	-0.0350734864	-0.0742875348	0.0594073739	0.0694119277	-0.0507988721	0.0087367565	0.1240370973	-0.0020276849	0.0686185752	-0.1795955535	-0.0667343857	-0.0423561817	0.0864038753	0.0434179207	0.0323239153	0.1270658781	-0.0965531679	-0.0013404147	-0.0618919408	-0.0630079243	-0.0749773257	0.0246657828	0.1781476129	0.0080573459	0.1706850752	0.0350631465	0.0801254239	0.1867951082	-0.042808926	-0.0630253984	0.0480422868	-0.1041976211	0.2308326362	-0.0163811462	0.0695500401	-0.105792404	-0.0874256354	-0.0304991279	0.0572920317	0.0888575129	-0.0453219251	0.0784859833	-0.0585782272	0.0132293315	0.0557221857	0.0195383633	0.200794689	-0.0171146622	-0.1123927722	-0.1448972363	-0.0547415385	-0.1057942224	0.0858812551	0.0402597287	0.0555659701	-0.0547148049	-0.0797971774	-0.1106522368	-0.1328546325	0.1847642457	-0.1784895778	-0.0351732101	0.0277045254	0.0780276003	0.2329158593	-0.0377219765	-0.0466187519	-0.2897217676	0.1140505463	-0.1618499292	0.0157115847	-0.0722576629	0.0527613293	0.1102175528	0.1242524367	0.1100753719	0.0876327994	0.0586099215	0.0051911241839377	0.0031751858824975	1.0081805388411428e-05	2.6947770293062854e-05	0.0066022107904473	-0.0194978487212438	0.0003801661047565	4.3589187321498765e-05	-0.0257505539952944	0.0162740568834322	0.0006630910310645	0.0002648449274451	-0.0006539575064045	-0.0002580042674416	4.276604201827916e-07	6.656620201812826e-08	0.0006910400161304	0.0001100078432224	1.2101725570444152e-08	4.775363038935036e-07	-0.0001222741497432	3.961089810669999e-05	1.49509676954225e-08	1.569023248819369e-09	0.0	0.0	0.0
907.914250909748	0.0726238947984256	0.0052742300956928	824308.2870050089	1059.7782274054352	-1.987515511597394	1123129.8912826064	3.9502179088402505	845.7315846496195	0.0824538572500159	715261.9132739566	0.006798638575406	849.310072641214	755.1513693543368	1.114839	20.044643	0.1274296318545875	0.062441084500717	-0.0267923886	-0.0302295935	0.089983392	-0.0403328126	0.0143489773	0.0034047308	0.0676737666	-0.1178893778	0.0091415935	-0.0188513248	-0.0269209439	0.0312966667	0.0954036925	-0.0065540426	0.0651691489	0.1047805278	-0.0787706528	-0.0403291891	-0.0522659185	-0.1254311432	0.1285917373	0.0182814785	-0.1143411511	0.1462685716	0.0635836545	0.1310698502	0.1674216225	0.1130618828	0.1728937737	0.0745165965	0.069387143	0.026561025	0.1099295093	0.1243065621	-0.1117819828	-0.0578993168	0.0039687988	-0.1320050457	-0.0937593998	-0.0602981293	-0.0026827675	-0.119056602	-0.0416534464	-0.0610206318	-0.071456926	-0.1651492131	0.1424850793	0.0382714064	0.0502352183	0.153366696	-0.0220943829	-0.00454383	0.0367644098	0.103197599	-0.0764642993	0.0583357925	-0.2139151301	-0.0575338229	-0.0214558887	-0.0817909711	0.0226810431	0.120665566	-0.0581038646	-0.1506198898	0.0317953084	-0.1036093755	-0.1123523142	0.0534396325	0.1986707836	0.0554979871	-0.0648659463	-0.0518871525	0.0353353546	-0.0143447254	0.099813281	0.0533485834	-0.0571366727	0.1723482774	-0.130390859	0.1263816259	-0.0595675181	-0.0054856274	-0.0738911668	-0.1007622868	0.0628417875	0.1322285138	0.0838506425	-0.064932628	-0.0226682097	-0.0639227446	0.0388565488	-0.0084031339	0.0343705857	-0.026482567	-0.0904861874	-0.003398703	-0.0024456254	0.2019879169	0.0049917085	-0.0359839118	0.0901548949	-0.0082623423	0.1347868379	0.0558218989	0.1700203701	-0.0777850495	0.0868177703	-0.122117749	-0.0016606133	-0.030390969	-0.0302678476	0.0091562327	0.1232925447	0.1063942335	0.0799246852	0.0462651033	0.005170807672485	-2.031651145269989e-05	4.1276063760768597e-10	2.6737251985829743e-05	0.0411341715507376	0.0345319607602902	0.0011924563139502	0.0016920200691655	-0.0042220139055899	0.0215285400897045	1.7825401418994483e-05	0.000463478038394	-0.0013272756925763	-0.0006733181861718	1.761660764103897e-06	4.533573798296829e-07	0.0011802557532876	0.0004892157371571	2.3933203748226243e-07	1.39300364316848e-06	-0.000386716516277	-0.0002644423665338	1.495496639614192e-07	6.992976521799662e-08	0.0	0.0	0.0
908.1458615333862	0.2316106236381756	0.0536434809820646	824728.9058202163	1056.843170752892	-2.935056652543153	1116917.4875670266	8.61455755363782	846.4177843344875	0.6861996848679155	716423.0656377029	0.4708700075128265	850.2745998446065	761.0213915442312	1.033332	18.579161	0.1225039555005258	0.075007208113862	-0.0384886935	-0.0148330486	-0.0298288947	-0.084854795	-0.0839815202	-0.0379331738	0.0084323487	0.0772864894	-0.0232172867	0.1061440139	-0.0492320301	-0.0241678367	-0.121104688	0.0401119081	0.0359032967	0.0371991691	-0.0204943599	-0.0752932029	0.0393627452	0.1520060182	-0.1321894818	0.0669202065	0.1094230421	-0.157570178	0.127142985	-0.1176391329	-0.0992079094	-0.0302135802	-0.1267253395	-0.0873399105	0.1283855388	-0.1346627124	0.0413545007	0.0058626193	-0.0670850248	0.0834434207	0.0004834784	0.0398011396	0.0631133959	0.0564798928	-0.1655123053	0.0157487303	-0.18356809	-0.0407230451	0.059499457	-0.0515650246	0.0624832243	0.0216120069	0.0807100056	-0.0853990451	0.0189348097	0.04380302	0.034472132	0.047425441	0.1092998389	0.0777439099	0.1601343746	0.0124393729	0.0142296627	0.1487890137	0.0328807683	-0.0811587567	0.0608866028	0.0833032923	0.0431236546	-0.0631907099	0.0885583234	-0.0731719194	-0.1907101016	-0.0279807611	0.0540757303	-0.1516904665	0.1305190605	0.0094545749	-0.0269518665	0.048654588	0.0367592273	0.12500754	0.0010548351	-0.0657609807	0.0053871794	-0.0646089967	0.1362250767	0.1068984282	-0.0392401242	-0.0312899469	0.1052904954	-0.1193971345	-0.0298034596	-0.0598572519	0.0364887522	0.0002831621	-0.0261121122	-0.0412384474	0.0094215918	-0.1211590004	-0.0585302502	-0.0263946823	-0.0288933069	0.0690340214	0.1362024277	0.0947719738	-0.0353987014	0.0303473934	0.1367988159	-0.0492011965	-0.0957099487	-0.0414192682	0.0399167529	-0.1452521031	-0.0043347984	-0.0203979958	0.1222481541	0.1024214758	0.0717238087	0.033413395	0.0049700694836474	-0.0002007381888376	4.0295820457800246e-08	2.470159067228313e-05	0.0337466835198512	-0.0073874880308863	5.457497940648975e-05	0.0011388386485889	-0.0421411789307768	-0.0379191650251869	0.0017758789616757	0.0014378630762073	-0.0002533736562936	0.0010739020362827	6.419820970358737e-08	1.1532655835321294e-06	0.0007760411688688	-0.0004042145844187	1.633894302568631e-07	6.022398957792534e-07	-0.0003249018518662	6.181466441080002e-05	1.0556121334608617e-07	3.821052736219826e-09	0.0	0.0	0.0
911.1092875799552	2.9634260465689977	8.781893933483559	830120.1339144536	1060.30828848393	3.4651177310379357	1124253.666627721	12.007040889953489	849.5763426531712	3.158558318683731	721779.9619959386	9.976490652526198	853.0124683844143	762.5976593239363	1.207011	21.701881	0.2040881615727963	0.1143257870349968	-0.0575884154	0.0481001842	0.1730828474	-0.0257962045	0.1074189271	0.0291262593	0.006798885	-0.1370205721	-0.1245261989	0.1004803797	0.0676735404	-0.102081916	-0.0639127571	0.0068764565	-0.1398525906	-0.0830168674	-0.0523103335	0.0079036635	0.033265234	-0.04966392	0.0877830081	0.2315321444	-0.1107498583	0.0213382424	0.0982727361	0.2549274462	-0.0603433335	0.1329492607	-0.1967496063	-0.1147201747	0.0341243851	0.0351840908	0.1639896921	-0.1680001333	-0.0376213033	0.0944999589	-0.0573738959	-0.2046299575	0.0729991928	0.0898874412	0.0215661662	0.0862831085	0.0884322675	-0.1319979051	-0.1267904048	-0.058357324	0.0356423001	0.0325911811	0.0430848419	-0.0703547833	0.0360874438	0.0092341344	-0.1196184007	-0.1082854054	-0.0157702795	0.0340372687	-0.0889419002	-0.0519633064	0.0533266999	0.1603667558	-0.1291101821	0.1558574645	0.0258845495	-0.2537159439	-0.1488093394	-0.1018062325	-0.1275539763	-0.2496721839	-0.1903364789	0.1550193921	0.098384223	0.0767736748	0.0788269748	0.0424266237	-0.0438509002	-0.177406608	-0.0466237432	0.0767337363	0.0614323925	0.0649193486	0.0467296914	0.1034770496	0.0327992421	-0.0208349774	0.0552696259	0.0580179342	0.0931055613	0.1059659156	0.0034013997	-0.0927325262	-0.0142380477	0.0299838161	0.1362207911	-0.1087839667	-0.1428327699	-0.08914451	0.063417833	0.189902967	0.1154720065	-0.0560280999	-0.1170626923	0.188848073	0.0068292738	-0.0200816825	0.0152959978	0.1199190912	-0.0351526507	0.0441283705	0.2005545173	-0.0378804327	-0.1733847197	0.0089943964	0.1211199807	0.098167988	0.063080731	0.0201956026	-0.0122535631446396	-0.0172236326282869	0.0002966535209141	0.0001501498097396	0.1382471549735271	0.1045004714536759	0.0109203485340405	0.0191122758582744	-0.0277273859549183	0.0144137929758584	0.000768807931893	0.0002077574279509	-0.0007350989805802	-0.0004817253242866	5.403705112500493e-07	2.3205928805902998e-07	0.0005703726193193	-0.0002056685495494	4.2299552273795126e-08	3.253249248691592e-07	0.0003467095645972	0.0006716114164633	1.2020752218318e-07	4.510618947239744e-07	0.0	0.0	0.0
909.3123906002204	-1.7968969797348109	3.2288387557800853	826849.0236990878	1065.575670321312	5.26738183738189	1135451.5091807132	27.74531142078062	848.516769634679	-1.0595730184921877	719980.7083512709	1.1226949815166458	852.2630394460602	755.7507304701694	1.249017	22.457151	0.3828184030691826	0.2151745569933492	-0.0315382917	0.0731010032	0.0370672905	-0.0295978063	0.1428693015	0.0414579199	-0.0389590688	-0.1253784656	-0.0766878892	-0.0274589641	-0.0322361187	0.0141499871	-0.002146667	-0.0445289985	-0.0848368933	-0.0742865749	0.0032375003	-0.0256617583	-0.1487393657	-0.0272684695	0.085925106	0.1294343411	0.0704868983	0.0649793658	-0.0253072065	0.0336288176	0.0282579707	0.0820643547	0.0885053212	0.1428727594	0.0855555999	-0.1860761858	-0.1046021957	-0.111994185	0.0622955576	-0.0043696166	0.0970008407	0.1336982103	-0.0588802096	-0.0664727571	0.058681573	0.2623255479	0.1096855447	-0.0481847642	-0.0560899893	0.1631256739	-0.1503679904	0.1561402387	-0.0923981093	0.0121727586	-0.0682696554	-0.0443817929	-0.0812442198	-0.0883846372	0.0217346214	-0.0150811278	-0.1547769919	0.0357564189	-0.0465752723	0.1161283592	-0.0097521924	-0.0355318435	-0.1375599334	-0.0060256368	0.0085629756	0.0340745967	0.0764729691	0.2398358138	-0.073432006	0.0174895641	0.0268730941	-0.1602454195	-0.0354668547	0.1635326999	-0.0626058626	0.0251684698	-0.1761835836	0.0754911528	0.0860602769	0.1837284985	0.0475293828	0.2071660541	-0.1496398109	0.0675349441	-0.153405875	-0.1066070493	-0.121698395	0.0957153726	0.0417501227	-0.0152018685	-0.0349521116	-0.0296219337	0.0726696685	0.0726040888	0.0506424698	0.1030029028	0.0195167728	-0.104385826	-0.1239082155	0.0656792446	0.0043696383	-0.0069228706	0.0839672947	0.105655948	-0.0014867331	0.0153446871	0.0506867564	-0.161492552	0.2583492879	0.0329707655	0.1068633409	-0.011599119	0.1199087977	0.0936454286	0.0540487397	0.0067565429	-0.0059101375631342	0.0063434255815053	4.023904810809711e-05	3.492972601516986e-05	-0.0140532220412836	-0.1523003770148107	0.0231954048388534	0.0001974930497416	0.1020138260083882	0.1297412119633064	0.0104068206968697	0.0168327820817076	-0.001816904024533	-0.0010818050439528	3.3011402343642124e-06	1.1703021531217198e-06	0.0007767309151955	0.0002063582958761	4.2583746276929294e-08	6.03310914620439e-07	-0.000253794865765	-0.0006005044303622	6.441183388867438e-08	3.606055708846304e-07	0.0	0.0	0.0
906.079962684002	-3.2324279162183984	10.448590233548018	820980.8987774424	1059.1722099710498	-6.403460350262094	1121845.7703749577	41.00430445737874	847.1568915563768	-1.3598780783022448	717674.7989114627	1.8492683878470064	850.4230633490217	745.3846252175265	1.285322	23.109905	0.1421795049009446	0.0803397874218941	0.0216762189	0.0156094411	-0.2062344619	0.05878266	0.0896010838	-0.0096944128	0.0238876388	0.2295521536	-0.1816741867	-0.1717994601	0.0907166583	-0.0171747041	0.0377384963	-0.0114702138	0.0484333569	-0.0931664808	-0.0494560398	-0.1292721487	0.1121287898	0.1428163518	-0.01908738	-0.0744286599	0.0259215396	-0.0611851124	-0.0333962079	-0.043060503	-0.1332056541	0.1155284659	0.0354448416	0.0244946843	0.0352617976	-0.0963027566	-0.1119645163	0.0065565513	0.0761490687	-0.0729176262	0.0222185324	0.0286766303	0.1106070438	0.1292723755	-0.0692189848	-0.0090221345	-0.0996726252	0.1123100248	0.2144719772	-0.082829234	-0.1192398479	-0.0059718216	-0.0882637776	0.0152115195	-0.1480370278	-0.0110452234	0.0626383761	-0.0933486924	0.1337456364	0.0844551355	0.1865889695	-0.0786158272	-0.0810262628	-0.0432763243	-0.0599283587	-0.0957180415	-0.0033132675	-0.0207158264	-0.1232656197	-0.0354567075	-0.0207566677	0.1453629277	-0.0075505836	-0.0771858812	-0.0966969307	-0.1065838593	-0.0692743229	0.0438418166	0.0993743937	-0.0322818933	-0.009837615	0.0744427506	0.0162866619	-0.1607864094	0.0639876429	-0.0888593182	0.1680351296	-0.0099175127	0.0287434598	-0.1252842108	-0.2217596512	0.0194763955	0.0539231004	0.0214374264	-0.0063637267	-0.0581072927	0.0844181382	0.1002427127	0.0122255961	-0.121999943	0.0254985912	-0.0094650595	-0.0926935416	0.0690592206	-0.0175770466	-0.1332823665	0.0052148083	0.0207454945	-0.0658719071	0.0508383008	-0.1559278317	-0.1325717979	-0.0406663058	-0.0799394198	-0.0127574549	0.1076812636	0.1186154352	0.0888661936	0.0446835199	-0.0067565429	-0.0121564362942621	-0.0062462987311279	3.901624783849002e-05	0.0001477789433764	0.0513393455358937	0.0653925675771773	0.0042761878943357	0.0026357284000538	0.0662468215133742	-0.0357670044950139	0.0043886413606248	0.0012792786105463	-0.0013910070931336	0.0004258969313993	1.934900733147988e-06	1.8138819617542521e-07	0.0007759899119939	-7.410032015999672e-07	5.490857447814017e-13	6.021603435163007e-07	1.5039881586508658e-05	0.0002688347473515	2.2619803813620216e-10	7.227212138354949e-08	0.0	0.0	0.0
899.7877671279465	-6.292195556055503	39.59172491564463	809618.0258730957	1055.5528444369163	-3.6193655341335216	1114191.8073988648	13.099806869673632	845.1222694176843	-2.034622138692498	714231.6502656969	4.139687247257635	848.6556095020719	724.0405975829723	1.288601	23.168859	0.0920498056784851	0.0512678689158245	0.1208148692	-0.0499532552	-0.0836267968	0.0642784056	0.1579304585	-0.1271964814	0.0260277435	0.0343966585	-0.1608099788	-0.0643332626	-0.123860162	-0.0141518156	0.0283476692	-0.0169848369	0.1759072676	-0.0886151648	0.0685162572	-0.1020423932	0.0007144357	-0.0346539897	-0.0333680292	0.1237892137	0.0102126712	0.0471707061	-0.1769139631	-0.0130530113	-0.0287448489	-0.0974973314	0.0984741971	0.0821376777	-0.0497669087	-0.0380139027	-0.1351905484	0.0192528346	0.0126866604	-0.0507247324	-0.12423719	-0.1411523925	-0.1789384332	-0.0497066351	-0.0790985788	0.1045830214	0.1429004195	-0.0183332513	0.1251592115	-0.1696585194	-0.0361430867	0.0066465971	0.1405777088	0.117625564	0.1182376247	-0.0154951766	0.1801967533	-0.0692285969	0.0795324909	-0.0223174261	-0.032954737	-0.0009078627	0.0350307708	-0.0001637651	-0.1063751626	-0.1034514475	-0.1250839286	0.0251130954	-0.0409854725	0.1480423325	-0.0655488452	-0.0268221251	0.1817346864	0.08166151	-0.0403751786	-0.0201717633	-0.1472348791	0.131774511	-0.0030015551	-0.1792070005	-0.0029861948	-0.0297825537	-0.1039056574	0.1495879682	0.0423642534	-0.0251950844	0.0360444088	-0.0246872339	0.0391452771	-0.0688205083	-0.0166268487	-0.1424845168	0.0630079304	0.079126492	0.0724039794	-0.036192376	0.1916914148	0.1196778655	0.0919508139	-0.0189007895	0.0935812002	0.0314406439	-0.1093398265	0.028401877	-0.092077452	-0.1380634932	0.0625427323	-0.105403629	-0.0859374227	-0.0588159684	-0.1423308192	0.0040678886	0.176610228	-0.0227915063	-0.1023962124	-0.1668782182	0.1172407796	0.0838433825	0.0350428114	-0.0201956026	-0.0042624487147406	0.0078939875795215	6.231503990563971e-05	1.8168469045793795e-05	0.072261994081785	0.0209226485458913	0.0004377572221748	0.0052217957886759	0.1114026169842361	0.0451557954708619	0.0124105430709364	0.0020390458646063	-0.0013519488674357	3.905822569790006e-05	1.827765740160672e-06	1.5255449946681003e-09	0.0006341118953778	-0.0001418780166161	2.0129371598918353e-08	4.02097895859626e-07	-0.0001655713577437	-0.0001806112393302	2.7413874505092284e-08	3.2620419772393914e-08	0.0	0.0	0.0
897.5384942214246	-2.249272906521924	5.059228608013583	805575.3486092621	1045.1804867355077	-10.372357701408646	1092402.2498526727	107.58580428597124	844.9388472619482	-0.1834221557360251	713921.6556123499	0.0336436872148506	848.3596545035036	700.0480469592782	1.235786	22.219257	0.0688373560489223	0.0378549001577443	0.2291353253	-0.059923233	-0.078248536	-0.0330825114	0.022686272	-0.2236769707	0.0628370696	-0.1028848408	-0.0182285717	-0.0704662488	-0.0015304216	0.1665865901	0.0409151805	-0.0202055551	0.1798847227	-0.1572735088	-0.1283580508	-0.1370560928	-0.0460348912	-0.0607282523	0.0439688566	-0.1162666566	0.1043551928	0.0577444027	-0.0159416512	0.0262834686	0.0733888526	0.0053060126	-0.1124285057	-0.0684744931	-0.0998456268	0.1195274862	-0.1854727771	0.0266427457	0.0052252046	-0.0767474138	0.0808328369	-0.1240899221	0.0846859668	-0.0978139336	-0.0501421729	-0.0559610819	0.0197988636	0.0141107621	-0.0182571469	0.0242334388	0.0549542107	0.1225013114	0.1641228728	-0.0716246741	0.1313730763	-0.0242584316	0.1822584931	-0.1361096382	-0.0652114227	0.1262531966	-0.139625723	-0.0117594385	-0.0101351953	-0.0982195179	0.0713188988	-0.1105899651	-0.1339923841	-0.0051969612	0.0860407727	-0.0198915861	0.0607339729	0.0278860104	-0.0907446801	-0.0527362416	-0.0973968214	0.1306035575	0.0492243393	-0.0818221707	0.1190453578	-0.2149890318	0.1578469628	-0.0304482538	0.0451610024	0.0127971539	0.031921518	-0.0058234743	-0.040932519	0.0626093417	-0.0413326852	0.0089871725	0.1691723182	0.0522015115	0.0931679326	0.1116914661	0.1137032113	-0.0302818552	0.1734484247	0.1924526949	0.1042292263	-0.0424935884	-0.0056137948	0.0748966865	0.0025104496	0.1518457855	0.0075963759	-0.1596717805	0.1486243544	0.0105757455	0.1408366623	0.1383314798	-0.0487391917	0.0381868215	-0.2281350468	-0.109375589	-0.1379260989	0.029384675	0.1157857731	0.0785907625	0.0251860523	-0.033413395	-0.0017172120153219	0.0025452366994187	6.478229856067799e-06	2.9488171055659016e-06	0.0864108370931688	0.0141488430113837	0.0002001897585607	0.0074668327671421	0.144529599108111	0.0331269821238748	0.0208888050183512	0.0010973969446355	-0.0012829813783867	6.896748904899994e-05	1.646041217287037e-06	4.756514545723926e-09	0.0003810692393626	-0.0002530426560152	6.403058576322686e-08	1.4521376518839054e-07	-0.000107255618523	5.831573922069999e-05	1.1503767704751301e-08	3.4007254408566874e-09	0.0	0.0	0.0
898.9343107011956	1.3958164797710424	1.9483036452004248	808082.8949558337	1044.339565841404	-0.8409208941036468	1090645.1287818125	0.7071479501400767	844.3046402095658	-0.6342070523824077	712850.3254794044	0.402218585291582	847.4262007006305	693.0863587113314	1.17414	21.110867	0.1412576094744355	0.0851510860849419	0.2111740989	-0.0593618502	0.1067346627	-0.0012311143	-0.0320927209	-0.2217543066	-0.0157985914	-0.060331123	0.0438555777	0.0525921566	0.0957077297	0.0266115849	-0.0935944526	-0.0436550366	0.2036485345	-0.0211957189	-0.1360232108	0.0255391433	0.0491473107	0.1327167736	-0.0233195266	-0.0155030843	-0.03078039	-0.0131835265	-0.1452198839	0.0819156272	-0.2515734365	0.0908121591	-0.0336836138	-0.0516464885	0.0211998512	-0.0353416946	-0.07723288	-0.1162716823	0.1253107621	0.0829021849	0.0536582063	-0.0366184884	-0.1434768795	0.0078460361	0.116800112	-0.0343774755	-0.0111607521	-0.1039053185	-0.1399842815	0.0114741134	0.0238323935	-0.1051915696	0.0728635003	0.1590363556	-0.0132125287	-0.0450682391	0.2074886081	-0.0020097212	-0.0833446238	0.0917159983	0.1534458814	0.0457430599	-0.0452307669	-0.0102829559	-0.0557388805	-0.0186383676	-0.0845758408	-0.1041280312	-0.1424227285	0.080215052	-0.0433696069	0.0825621154	-0.1854197982	-0.0280820286	-0.0058413295	0.01825399	-0.0551386554	-0.0765438637	-0.1741883736	-0.0944913434	-0.108658642	-0.102207952	-0.1695301807	0.0463101795	-0.0644038271	0.1875839442	0.060148144	0.0067365154	-0.0044705854	0.2170684927	-0.0182075105	-0.0425976878	0.0590771508	0.0800974406	0.1525091934	-0.0061113532	0.1147828221	0.1102308661	0.1276014076	0.0276394618	0.0305208881	-0.0022305087	0.0892769649	0.0693311341	0.0325501298	-0.0147915363	-0.0761198571	-0.0436964842	-0.0017182899	0.0223925742	-0.1268994098	-0.0884048368	0.1160861244	-0.1716176491	-0.1320358216	0.0306667988	0.1142514127	0.0731227308	0.0151740128	-0.0462651033	0.0034309245222914	0.0051481365376133	2.650330980990906e-05	1.1771243077660473e-05	0.0862479958905453	-0.0001628412026234	2.6517257271867203e-08	0.0074387167951355	0.0780488827940928	-0.0664807163140182	0.006091628105406	0.0044196856416249	-0.0005879943460498	0.0006949870323369	3.45737350986532e-07	4.830069751164514e-07	-9.203348290021118e-05	-0.0004731027222628	2.2382618581248265e-07	8.470161974743464e-09	0.0001139729352809	0.0002212285538039	1.2989829976544218e-08	4.8942073018165074e-08	0.0	0.0	0.0
903.3378067448896	4.403496043693963	19.39077740682838	816019.1930946675	1046.7609921066014	2.421426265197397	1095708.5745959964	5.8633051577878135	845.9400147472277	1.6353745376618465	715614.5085505397	2.6744498784326973	848.6849131956601	721.5241874517396	1.220464	21.943768	0.2145247088482585	0.1613582764753465	0.1411732931	-0.1011587777	0.1714047643	-0.0042182413	-0.1256691374	-0.1444903721	0.0512697941	-0.1002108747	0.1657972797	0.0336843857	-0.0185013216	-0.0653489657	-0.0130967102	0.0153023259	0.0854592386	0.0358745449	0.0765228522	0.162851256	-0.1054419184	0.0163185559	0.0790673515	0.1063093139	-0.167621022	0.0281302382	-0.0997925104	-0.0443967615	-0.1942673267	-0.1816319448	-0.0119047468	0.053930619	-0.0017030495	-0.0513718695	0.103257335	-0.0135944725	0.1330524286	-0.0898080564	-0.0705650026	0.0461343663	0.1339621086	0.0280998484	-0.0131091623	-0.2022230071	0.1147348759	-0.0419327772	0.0999493726	0.1320485914	-0.0747207174	-0.0014520502	0.1943194016	0.0398520349	-0.1096261215	0.0083164388	0.0988789948	0.0525464534	-0.129405378	-0.1466902727	-0.02464015	0.1131958227	-0.0180273448	0.1202214683	-0.17887627	0.1017042241	0.0672221578	0.0500588091	-0.1218479697	0.1381944688	0.0407841051	-0.07023133	0.0159249376	-0.0155036433	0.0425853997	-0.022012086	-0.201052029	-0.0572243751	0.0990949527	0.0318429108	0.0788506805	0.0586727505	-0.083625418	-0.2526317061	0.135989001	0.0412184033	-0.1179463025	0.1050194119	-0.127493258	0.0326074392	-0.0293104079	0.1207579606	-0.0179960454	-0.0035336193	0.1669396998	-0.0695863762	-0.032584329	-0.123828645	0.0353781358	0.0492519632	0.0333813204	0.1624266076	0.2437482653	0.0495652178	-0.0989095219	0.0747505434	-0.0189243981	0.0486697119	-0.0090581635	0.0162632604	0.0595865822	0.0428264451	-0.0913174461	-0.1548252586	-0.1787830368	-0.0179505734	0.1126387502	0.0674542747	0.0050684204	-0.0586099215	0.0026104884453275	-0.0008204360769639	6.731153563839145e-07	6.814649923188388e-06	0.0609399148610947	-0.0253080810294505	0.0006404989653932	0.0037136732232774	-0.0728472257742822	-0.150896108568375	0.0053067183030092	0.0227696355810788	4.2012073106192687e-05	0.0006300064191559	1.7650142866800787e-09	3.9690808817775645e-07	-0.0002119973094554	-0.0001199638265551	1.4391319681763428e-08	4.494285921632864e-08	0.0001140043530391	3.141775820000869e-08	1.2996992511863752e-08	9.870755303142134e-16	0.0	0.0	0.0
906.7886548754176	3.450848130528016	11.9083528199687	822265.6646107693	1054.1204637155024	7.3594716089010035	1111169.9520237858	54.16182236221992	848.0672627824197	2.1272480351919967	719218.0822032656	4.525184203228211	850.834238362526	734.2674800961516	1.164396	20.935673	0.105259653351642	0.0670790558403013	0.0494275323	-0.0347457727	0.0236005423	-0.0808970418	-0.0473164807	-0.0542124715	-0.0240193551	0.0462004446	0.1626524408	-0.0397498687	-0.0417623124	-0.0954856387	-0.0193497431	0.0239476003	-0.0811073877	-0.0706694934	0.1201990039	0.2223268536	-0.0288403841	0.0650669551	-0.0535611516	0.1016662532	-0.016346993	0.0828106234	-0.061705754	0.0307102117	-0.023981865	-0.1125823314	0.0418842504	0.0014172861	-0.1037511578	-0.0664631505	0.1751681361	-0.1662034456	-0.0388280965	0.0495966833	-0.0574364209	0.0127067518	0.1813395038	-0.0387595988	0.0016482298	-0.0840624239	-0.1462299425	0.0886371828	-0.0171180444	0.0704173875	0.1058095421	0.0404911523	-0.0026342043	0.1470891019	0.0828969691	0.0170232555	-0.0536158861	-0.0771847418	-0.0776871327	-0.2673501992	0.0656822913	0.0370844793	0.0668093886	0.1921508158	-0.0775806552	0.0588418842	-0.1334745978	0.0311470209	-0.0322126174	-0.0256803822	0.0532789398	-0.0041710735	-0.0145699994	0.0621421858	0.1467954306	0.0793893894	-0.0014119669	0.0148487363	0.1078291099	0.2308702303	0.1104860317	0.0846864361	-0.0228720919	-0.1696763252	-0.0256938994	-0.0052290874	-0.0228062021	-0.1151779526	0.0084996675	0.1487129132	-0.0681611028	-0.0707119091	-0.0205031917	-0.0175120744	0.0849655285	-0.0817083983	-0.0866886903	-0.117579462	0.1340781825	-0.0166538416	-0.0400252648	-0.0141057609	0.1320485154	0.1147043577	-0.0819802475	0.0243143728	-0.0814859598	0.0289867852	0.059277968	-0.1242941144	0.0018569731	0.0057079827	0.040822941	0.0350350163	-0.0135977203	-0.0513103845	0.1109488906	0.0616009311	-0.0050684204	-0.0703125971	-0.0041047154310973	-0.0067152038764248	4.5093963101950665e-05	1.6848688770288297e-05	0.0013591280728917	-0.059580786788203	0.0035498701543013	1.8472291185223064e-06	-0.0447839444866957	0.0280632812875865	0.0020056016837874	0.0007875477566262	-5.699473183895768e-05	-9.900680494515036e-05	3.248399457394696e-09	9.80234742544705e-09	-9.300343362239616e-05	0.000118993875833	1.4159542485760338e-08	8.649638665555449e-09	0.0001139974058287	-6.9472103999992756e-09	1.2995408535673326e-08	4.8263732341858096e-17	0.0	0.0	0.0
906.9608152468082	0.1721603713906461	0.0296391934773651	822577.9203931551	1059.9005866417515	5.780122926249078	1123389.2535635289	33.409821042550206	847.0472043793777	-1.0200584030419575	717488.9664469193	1.040519145616509	850.1131331557349	745.8930710748184	1.086863	19.541651	0.0377547220293449	0.02479302441656	0.0117661777	-0.0111553076	0.0259667838	0.0205856831	0.0614443276	-0.0102083211	0.0099049343	-0.0996931506	0.099957643	-0.0349345154	-0.091602939	0.1935936731	0.0184495631	0.0449078203	0.0150178705	-0.1227176395	-0.1014448402	0.0867401581	0.0201752695	0.0221906217	0.0265538311	0.0239044135	0.0270127019	0.147304986	-0.0354485062	-0.0389314596	-0.020524663	0.005997407	0.0891476711	-0.0304655522	0.0775388349	0.1316566097	-0.0029480038	-0.1755946506	-0.1043343887	0.042406327	-0.0675130839	-0.0491029468	0.0072919036	0.1061833342	-0.0126501034	0.0647111136	-0.0890175036	0.2199648956	0.1396249923	-0.0985797543	-0.0841769826	-0.0045726122	0.0605441781	-0.1259306474	-0.0009918686	0.0308476274	0.0257777546	-0.110052942	-0.1551091821	-0.0307799255	-0.0369341025	-0.0417805345	-0.073970913	0.0890551367	0.030216706	-0.0176795627	-0.1327501465	0.1016287569	-0.0632906566	-0.0676169463	-0.0290181495	0.0784943777	0.0292060181	-0.0288326417	0.2167747418	0.1120634394	0.1404090748	0.0057052533	0.0155861571	-0.0748848233	0.039181597	-0.0076291041	-0.0276081126	-0.0277228574	-0.056642161	-0.1022634194	0.1200583267	-0.0075668091	-0.1133959465	-0.1476304174	-0.1110399569	-0.1368869823	-0.0236200122	-0.0441320426	0.0757721009	-0.086350977	-0.1020751667	-0.0960630831	0.0992877507	0.0441727109	0.0149687824	0.0433274498	0.1057336452	0.0699353833	-0.0381402894	-0.0621903621	0.0409209307	0.0457516788	0.0592892231	0.0290608696	0.1175045889	-0.1141845014	0.0824769712	0.0302682349	-0.0163807716	-0.0757075304	0.1091829923	0.0555787436	-0.0151740128	-0.0812449131	-0.0122217529665391	-0.0081170375354417	6.588629835177108e-05	0.0001493712455751	0.0241572944666188	0.022798166393727	0.000519756390916	0.0005835748759469	-0.0491231965217764	-0.0043392520350807	0.002413088436517	1.8829108223952036e-05	-6.994697289590645e-06	5.000003454936703e-05	4.892579017300672e-11	2.5000034549378968e-09	-9.30004045398558e-05	3.029082540364721e-09	9.175341036342394e-18	8.64907524457683e-09	0.0001139996634987	2.2576699999923107e-09	1.2995923277816832e-08	5.0970738288652794e-18	0.0	0.0	0.0
904.0638523134812	-2.8969629333270177	8.392394237070679	817331.449059892	1053.9567652595117	-5.943821382239776	1110824.8630362935	35.329012623970755	845.8509296199791	-1.1962747593986478	715463.7951389828	1.4310732999742928	849.323862561801	741.6641838739084	1.101162	19.798735	0.0284240331499375	0.0236132086501709	0.0376734794	-0.0586810973	-0.1879659632	-0.0157886852	0.0964042126	-0.0547014897	0.0943000891	0.0483494147	-0.0356085079	-0.088633154	0.0397567933	0.2111241245	-0.111534978	0.0675658948	0.1276291896	-0.1167803405	0.037885745	0.1556588616	0.0438670999	0.1288171032	0.1115171397	-0.0217368471	0.1147708639	-0.0821421922	0.1681765488	0.0034276725	-0.0231269139	0.0638750916	-0.0524271143	0.1307437142	-0.0999233319	0.0593691665	-0.1709633061	-0.0873392357	-0.1295618329	0.0825258329	-0.014075373	0.1343443262	-0.0738587785	0.0360372482	0.0873937541	-0.1435268933	0.0051756913	0.0476359244	-0.020719601	-0.0631159114	0.2220172253	-0.0471611032	-0.1468697734	0.1293832059	0.096626816	0.0642599087	0.1438565774	-0.0972204697	0.0059088863	-0.0878302943	0.1302876781	-0.060512773	-0.0930267299	0.101897721	0.1808296845	0.0221773903	0.0856867871	-0.1140277847	-0.0031232026	-0.006898766	0.2091784252	0.1072071252	-0.0324768599	-0.087921381	-0.0891126317	0.1513916435	0.1544611339	0.1138281411	-0.0379603508	0.0613097213	-0.0550318516	-0.0733003611	-0.1111439352	-0.0508378598	-0.0384416609	-0.0979264341	-0.1281811763	-0.1418219817	0.1537231337	0.0892452999	-0.0092567189	-0.1309506902	-0.0248797196	0.0101447453	0.0980127127	-0.1117097098	-0.0996242856	-0.0950060724	0.1477413894	-0.0904858157	0.0160213894	-0.0165594904	0.0763070442	0.0791203747	-0.0992058404	-0.0186565015	-0.0488254216	-0.0179836968	0.0213519836	0.0341844663	0.0279323391	-0.1761993896	-0.006674818	0.102577054	-0.071554674	-0.0137056761	0.1073422654	0.0494042187	-0.0251860523	-0.0912870929	-0.0122231169378181	-1.3639712790006892e-06	1.860417649938776e-12	0.0001494045876755	0.0242549215634682	9.762709684940292e-05	9.5310500392427e-09	0.0005883012200499	-0.056796100386947	-0.0076729038651705	0.0032257970191641	5.887345372414988e-05	0.0004060052158811	0.0004129999131706	1.6484023532265866e-07	1.7056892827899804e-07	-9.297665041807512e-05	2.375412178067004e-08	5.642583015709027e-16	8.644657522964951e-09	0.000114018760539	1.9097040300004477e-08	1.3000277754849823e-08	3.646969482199949e-16	0.0	0.0	0.0
901.8973302587692	-2.1665220547120043	4.693817813553525	813418.7943278954	1056.046561156504	2.0897958969922	1115234.3393304776	4.3672468910854345	845.1648497719063	-0.6860798480727226	714303.623289969	0.4707055579314901	848.2426890472138	719.3367100516031	1.15863	20.831997	0.1371966643014617	0.1031629824822697	0.1380334063	-0.0853580571	0.015611209	0.144804793	-0.024988448	-0.124202368	0.050460097	-0.0211338134	0.0744243491	-0.0334102148	0.0893726618	0.2050837596	0.130089858	0.0433310835	0.1457217462	-0.017719636	0.039282811	0.1398082467	-0.0347716044	-0.0206274128	0.0895481439	-0.0689627535	-0.1246095685	0.1355183444	-0.0851994528	-0.1166237983	0.0283568718	0.0554112374	-0.031554452	-0.0016617627	0.1392480995	-0.095821832	-0.1572438934	-0.0511811761	-0.0756504935	0.0226289857	-0.0611764504	-0.01003485	0.0570052757	0.0949942377	0.0599494502	-0.0612664059	0.102851336	0.207592604	-0.1424659238	-0.0282491719	-0.0195262001	-0.1493623532	-0.0266310016	-0.1304319955	0.0117761192	0.0363700107	0.1562260949	0.0055679397	-0.1024327576	-0.0815338143	-0.0593847884	0.0241950849	-0.1100456639	-0.0010331081	-0.0125684785	0.1006115653	0.0280651673	0.1285381167	-0.0567695987	0.0725511022	-0.1031421524	0.1197653815	-0.032255502	-0.0599386717	0.0528653578	-0.1095450551	0.1951877857	0.1018809941	-0.0004812345	-0.0778764927	0.0377444832	-0.1652283621	0.0205717171	-0.1302556057	0.0023680557	-0.0499067136	0.0377853393	-0.1880286128	-0.0271737289	0.0056449057	0.0347059079	0.0077009269	0.0153250097	0.0364287128	0.1265362321	-0.1062094586	-0.0325465207	-0.0494150473	0.1157866773	0.0365743337	0.0648225454	0.071321996	0.1111465151	0.0069609979	-0.0210990889	-0.1071200278	0.0202229103	0.0013151344	9.21723e-05	-0.1229630635	-0.0446102617	-0.1098945454	0.0004520478	0.0756391721	-0.0155306811	-0.0391383895	0.1054279714	0.0430942802	-0.0350428114	-0.1003291122	-0.0122070762403438	1.604069747430069e-05	2.5730397546203647e-10	0.0001490127103375	0.0240438847751391	-0.0002110367883291	4.4536526028261855e-08	0.0005781083950801	0.0178002403529689	0.0745963407399158	0.0003168485566234	0.0055646140517856	-0.0007729990697659	-0.001179004285647	5.975275618589467e-07	1.3900511055739927e-06	-2.454407077112641e-05	6.843257964694871e-05	4.683017957135979e-09	6.024114100180618e-10	0.0001139907043181	-2.80562208999994e-08	1.2993880670936502e-08	7.871515311895632e-16	0.0	0.0	0.0
904.9579219264748	3.06059166770558	9.367221356428823	818948.8404574837	1055.266826155623	-0.779735000880919	1113588.0743845615	0.6079866715987667	845.6079496508497	0.4430998789433715	715052.804512714	0.1963375027196305	849.3447585844658	729.4308246080266	1.358584	24.427151	0.1962753961860166	0.1248554268468742	0.0824723593	-0.0874775558	-0.0879980043	-0.0653283266	-0.1726186124	-0.0724384427	0.0628691189	0.0718935277	0.1466417512	0.0838601207	0.0242523691	0.0966434908	-0.0325494576	0.0277778212	0.0776744318	0.0421446013	0.2707070537	0.2315493716	-0.1916387265	0.123897484	-0.0302282711	0.1587709589	0.0090121071	-0.0947891719	0.2033907085	0.0294047067	-0.0574224549	-0.0630851786	0.0130493639	-0.065612749	-0.1088118954	-0.041014802	-0.0690860851	0.2284166555	0.0044716462	-0.0704127831	-0.0646202013	-0.004912725	-0.0369901418	0.0427298242	0.0569178064	0.0763192533	-0.1030954464	0.0662552018	-0.1973652558	0.0330769555	-0.0938731033	-0.0611433613	0.1100223807	-0.1358705815	0.068805368	0.0305665521	0.0706972042	0.0623940223	0.0462624241	-0.2110765418	-0.0113481658	0.2391836294	0.0079633299	0.2441667169	0.1064244451	0.0960125575	0.1589686643	0.0029700505	-0.0494108627	-0.0293447277	0.1586391312	-0.0637289921	0.0997191415	0.1303912281	-0.1741811889	-0.1010932085	-0.0260010124	0.0616530697	-0.0205697624	-0.0147265357	0.0865586023	-0.153829424	0.1446928728	0.0449818065	-0.207335226	0.0079556527	0.1380960768	0.04547166	-0.1612365691	0.0620420866	0.1223049239	0.0347442049	-0.0478505791	0.0286831435	0.0933567587	-0.2053758466	-0.2242814558	-0.2007314959	0.2560536268	-0.0559135598	-0.22255644	-0.0418362343	0.1232505346	0.0588451473	-0.1212254357	0.0419183111	0.0822345912	0.1408425362	-0.0857699036	-0.1019809892	0.0624701683	0.2054497394	0.0404295926	-0.040114961	0.2460952541	0.102813216	0.1034414224	0.0366662233	-0.0446835199	-0.1082719048	-0.0166968340695774	-0.0044897578292336	2.0157925365164412e-05	0.000278784267947	-0.060714164747921	-0.0847580495230601	0.0071839269589535	0.0036862098010376	-0.0715945090756804	-0.0893947494286492	0.0051257737297876	0.0079914212254109	-0.0007729785695258	2.050024009998385e-08	5.97495868946152e-07	4.202598441569859e-16	-0.0003770438678736	-0.0003524997971024	1.2425610695728504e-07	1.4216207830108473e-07	0.0001138542135592	-1.3649075890000302e-07	1.296278194518392e-08	1.862972726509876e-14	0.0	0.0	0.0
905.8338771803302	0.875955253855409	0.767297606756894	820535.0130475495	1059.672590447601	4.405764291977903	1122905.9989459289	19.41075899646755	845.1536032819647	-0.4543463688850124	714284.6131404886	0.2064306229189958	848.4548397479381	739.6203222607458	1.708646	30.721216	0.621451675809728	0.3331527463509996	0.0517704523	0.1496584976	-0.019182771	0.0075702037	0.1716612065	-0.0160282322	-0.1480870757	-0.011299862	-0.2229765807	0.1423123049	0.0239016498	-0.079784425	0.3401852579	-0.1259850419	0.0315507376	-0.0614148421	0.0368547808	-0.1026420724	0.0514522266	-0.2584961867	-0.0028949372	0.1209025183	-0.0450710615	-0.2845012452	-0.0787402919	0.1097977934	-0.0398036248	-0.0296706285	0.1964939448	-0.0063523155	-0.0604545972	-0.0669068155	-0.1001580918	-0.0817222033	-0.0934137536	-0.05531794	-0.0511722676	0.1104252656	0.0447344163	-0.1814989811	0.1052961611	0.1217422084	-0.0726810303	0.0655815087	-0.0974571244	0.0171994297	-0.1329164972	-0.1488551985	-0.1531271728	0.0955149832	0.0916956714	-0.1290319036	0.0245823545	-0.0672783879	0.0563570379	0.0464709848	-0.1215720143	-0.1162725394	0.2111272	0.0085612983	-0.1711167453	-0.1471329406	0.134395404	-0.1308802553	0.0474582403	0.070273648	0.1269780966	0.1314968612	0.0633975077	0.0581587714	0.0946802571	-0.0225622563	0.0018695051	0.0476834133	0.1149776644	0.0952689174	0.0573037218	-0.2063792209	-0.0318851226	0.0999477621	-0.0611689343	0.2808752976	0.0946944229	0.0124879075	-0.0460424872	0.0424929927	-0.1043124427	-0.1633401095	0.1355221518	0.1247290552	-0.164567343	-0.1499713762	0.1314466343	0.1644263314	0.0452609501	-0.0765871785	-0.0583613166	-0.1519603405	0.2021069924	0.0143121135	-0.1127864717	0.1299759501	0.1072254917	-0.0489600371	-0.1728130712	0.070655756	0.1312266977	0.0728256088	-0.0006284854	-0.0635548156	0.1856631174	0.0283622096	0.1013839798	0.0301376669	-0.0540487397	-0.1150284477	-0.0162008518519201	0.0004959822176573	2.459983602322542e-07	0.0002624676007278	0.1315666345072799	0.1922807992552009	0.0369719057622188	0.0173097793155721	0.1585099521937394	0.2301044612694198	0.0251254049444615	0.0529480630960899	-0.0023940704744822	-0.0016210919049564	5.731573436787426e-06	2.62793896431517e-06	0.0009640717605956	0.0013411156284692	1.7985911289243372e-06	9.294343595778998e-07	-0.0008953469143642	-0.0010092011279234	8.016460970614941e-07	1.018486916601863e-06	1.0	0.0	0.0
908.217384061806	2.383506881475796	5.681105054042474	824858.81671207	1063.860897086781	4.188306639180155	1131800.0083502906	17.541912503800564	847.6903586874203	2.5367554054555512	718578.9442116072	6.435127987107959	850.790180377252	743.775190650585	1.306005	23.481792	0.0685950318029961	0.0366825409503534	0.0613404142	0.185087467	-0.0320123735	0.2078209632	-0.0291808512	0.0458364136	-0.1896906728	-0.0574273567	0.0115484712	-0.1717484298	0.0838578713	-0.0308100528	0.2539199318	-0.1615980132	-0.087870223	-0.0772366867	0.0068465451	-0.0514334074	-0.0121697876	-0.0633905238	0.046885991	-0.1740964813	-0.0435334682	0.113129847	-0.0561295757	0.0897330042	-0.0409671883	-0.0032120262	-0.1839024406	-0.0066975418	-0.1112862435	0.0581192148	0.0130607727	0.0429731612	0.0336705755	-0.1452948737	0.0949264669	-0.0406810001	-0.0191368316	-0.1014722468	0.1145230398	-0.0649672291	0.0048865769	-0.0623766798	0.1833087741	-0.0065135693	0.0677357259	0.121046492	-0.1522741624	-0.0361546493	0.1540751255	-0.1602706883	-0.0934160166	-0.085082425	-0.0220615831	-0.0327174708	-0.0590382154	0.0060678675	-0.0344218908	-0.2174089491	-0.0308039069	0.0057380573	-0.1007913702	-0.0374718143	-0.0419060748	0.0235324075	0.0034040172	-0.0538522811	-0.1052113286	-0.0788763555	-0.1496853049	0.0999980097	-0.0779089795	-0.0737862738	0.1053230694	-0.0247434145	0.0323820859	0.0289326937	0.0407671425	-0.0382678424	-0.1032430418	0.0250563112	-0.2353498754	-0.0096746774	0.1082157246	-0.1329416428	0.0209729374	-0.0300239916	0.1644625399	0.0786788668	-0.2083433115	-0.0850362017	0.0757358106	0.1500029392	-0.1114018732	0.1241042771	-0.0159726236	0.1054950196	0.0996391688	0.0579036889	-0.0712605861	-0.0508282116	-0.0553936473	0.156172306	-0.0744536322	0.009922821	-0.0298917748	0.0156115609	-0.1735398315	0.1275765015	0.0379956577	-0.0486807527	0.0992570537	0.0235265052	-0.063080731	-0.1205247148	0.0093848290422897	0.0255856808942098	0.0006546270668203	8.807501615300421e-05	0.1349126746936804	0.0033460401864005	1.1195984929007095e-05	0.0182014297930028	0.1801068680505153	0.0215969158567758	0.0324384839189657	0.0004664267745246	-0.00250168345634	-0.0001076129818577	6.258420115725248e-06	1.1580553864327172e-08	0.0007111220522806	-0.000252949708315	6.398355493664359e-08	5.056945732397724e-07	-0.0008961121215036	-7.652071393999356e-07	8.030169343056826e-07	5.855419661886324e-13	0.0	0.0	0.0
909.7135729855256	1.4961889237196146	2.238581295461259	827578.7848740913	1062.396388578697	-1.464508508084009	1128686.086465058	2.14478517025045	846.1339401685378	-1.556418518882424	715942.6447051348	2.4224386059201586	849.646328348509	755.5744878003763	1.146022	20.605312	0.1738013657990752	0.0967225394249868	-0.0153808868	0.1364646411	-0.0981014521	0.1095638543	-0.1353794467	0.0692656484	-0.1155122312	-0.0095300115	0.0391563689	-0.0475897531	-0.0360518991	0.0566339768	0.0327460065	-0.1738178515	-0.0392270467	0.0170369231	0.0600634839	-0.0269608588	-0.0225159656	-0.0795188725	-0.0557434039	-0.0906909295	0.1448874438	0.0248766433	-0.0585696129	-0.0883184166	0.0304112582	0.0701809519	-0.000362927	-0.0015486963	0.0425282362	-0.0552171558	-0.0517169304	0.0219767163	0.0256689688	0.0151666563	0.0356729141	0.0841477631	0.077500481	-0.0862952897	0.1444376204	-0.0520995965	0.0606359084	-0.1161504144	-0.1762570732	-0.0609518016	-0.0555830151	0.1324219959	0.1082216842	-0.0274693527	-0.1406321299	-0.1645543783	-0.0580148764	0.0209580351	0.0580726923	-0.0025595999	-0.0715485385	0.05007393	0.0101165008	-0.0916229836	0.1545438267	-0.0552542307	-0.0066666164	0.0975929924	0.0238607023	0.0414764758	-0.0685840443	0.0479111308	-0.0384085695	-0.066940727	-0.0754296478	-0.0641799923	-0.0058066198	0.0051853859	-0.0161304891	0.0277276815	-0.0371919185	-0.0974599746	0.0096500365	-0.0306700101	0.017290247	0.2486775923	0.0420077045	-0.0494098989	0.0050105806	0.0647327527	0.0302528694	0.2570454323	0.1100705695	0.0295941407	-0.1133437805	-0.0654905984	0.0046394256	0.1151795256	-0.0379550133	0.1340356542	-0.0644345181	-0.0774976774	-0.1312222703	0.0602189692	0.0539176653	0.0026065254	0.0093073099	0.1339255744	-0.0160880993	0.0042845093	0.0140923026	0.0925540077	0.0176158035	-0.0483692186	0.0467468188	-0.0063997802	0.0970621018	0.016850859	-0.0717238087	-0.124700488	0.0113255465056454	0.0019407174633556	3.766384272573779e-06	0.0001282680036515	0.0972650151059895	-0.0376476595876908	0.0014173462724306	0.0094604831635683	0.1389760220897216	-0.0411308459607936	0.0193143347158827	0.0016917464894505	-0.0011292887825406	0.0013723946737993	1.2752931543720309e-06	1.883467140672961e-06	0.0008232936137475	0.0001121715614668	1.2582459201922522e-08	6.778123744374176e-07	-0.0005190355010252	0.0003770766204783	2.693978513244804e-07	1.4218677771141126e-07	0.0	0.0	0.0
910.469575103598	0.7560021180723879	0.5715392025299367	828954.8471893263	1068.510709593282	6.114321014584903	1141715.136515539	37.38492146939455	847.762426710565	1.62848654202719	718701.1321421862	2.6519684175636744	851.4390678063855	753.6290080979813	1.058281	19.02774	0.0514200832059689	0.0320203614024548	-0.0075348235	0.1524876488	-0.0872887184	-0.0113041818	-0.038411126	0.0737442554	-0.1679255879	0.0726469897	-0.0535713387	0.0838554947	0.0926028288	0.0592637834	-0.0066476838	-0.1251664127	-0.1114138653	-0.0241499759	-0.0313332773	-0.1459667117	-0.0086182601	0.1325305789	-0.099663772	-0.0172059746	-0.047598422	0.0069265843	0.0296353668	0.0462664301	0.0686686194	0.2096613021	-0.0320776031	0.0744366528	0.0020838666	0.0055244015	0.1124323564	0.0756400293	0.0296171476	0.0764224817	0.1503873771	0.0772842545	-0.0436344972	-0.0173055888	0.0933667281	0.0287851034	0.2231389961	0.0627955675	-0.0893372695	0.0082451061	0.1502754307	0.0566270393	0.1344812869	0.0322658226	0.0892716698	-0.1204306925	-0.0996037725	-0.040897617	0.1211525565	0.1506872469	0.1099708602	0.0616145428	0.0723309683	-0.0233041068	0.0546576921	0.117354734	-0.0234137737	-0.07456819	0.0640265045	-0.0013539117	-0.1258441276	0.0765828297	-0.0579157239	0.0410661757	-0.091175021	-0.0032687263	0.0532450785	-0.105881426	-0.107376722	0.0300503942	-0.1207266781	0.0310142307	0.0840858975	-0.0180128624	0.0278498264	0.0299031381	-0.1973713951	-0.1166839633	-0.0392508785	-0.0010936344	0.0197808001	-0.01334534	0.1084085885	-0.009712046	-0.1221020618	-0.0123769691	0.0183317609	0.1296622527	-0.0641314263	-0.0579829998	0.0045332039	-0.00786834	-0.0481085129	0.1312252174	0.0743219681	-0.0302510224	-0.1278789195	0.0153437336	0.0998647008	-0.0024038806	-0.0116173092	-0.0488807039	0.0476169242	0.030057756	0.0607832097	-0.0648389413	0.0948006283	0.0101290257	-0.0799246852	-0.1275100165	0.0093825868336665	-0.0019429596719788	3.7750922869363503e-06	8.803293569129197e-05	0.0972993038919867	3.428878599719132e-05	1.1757208451611835e-09	0.0094671545378651	0.1188155105456587	-0.0201605115440628	0.0141171255462255	0.0004064462257182	-0.0010019078526319	0.0001273809299087	1.0038193451654651e-06	1.6225901304405153e-08	0.0003782531440583	-0.0004450404696892	1.9806101966118373e-07	1.4307544098998906e-07	-0.0005058104365445	1.3225064480700032e-05	2.558441977173376e-07	1.7490233051867357e-10	0.0	0.0	0.0
909.5231972303148	-0.9463778732831544	0.895631079039946	827232.4463000542	1064.617138924683	-3.8935706685988407	1133409.652492178	15.159892551373224	847.4683645464517	-0.2940621641133703	718202.6289070374	0.0864725563630387	851.3891461478611	751.6444682564846	1.045256	18.793554	0.044576068493109	0.027894582361793	-0.0078787328	0.1027865621	-0.0251210623	0.1238198479	0.0662590383	0.061777366	-0.0354357089	-0.0771251106	-0.0695740765	-0.0896435369	0.060167222	0.0494879731	0.0009750025	-0.0835691368	-0.084044504	-0.1039076996	0.0443830586	0.0192180705	0.0909934346	-0.0402100781	0.0131196647	-0.1180550669	-0.0447493758	0.0623302547	-0.048815536	-0.0837049922	0.0029907673	0.0275736671	-0.0238892175	0.1583132431	0.0642117324	-0.0993717487	0.10446511	0.1843313872	-0.0333970272	-0.0114419872	0.1018160336	-0.0973291247	0.0332859036	-0.0339873253	0.0502522111	0.0367564721	-0.1436757239	0.1118809129	-0.0315669284	-0.2298135976	-0.1432971686	-0.0113021436	0.0026140116	0.0105104438	-0.0084721734	-0.07764512	-0.07676377	-0.1193751956	0.0385346239	0.006430688	-0.0197793949	-0.0419468264	-0.0299693385	-0.1230114114	0.0928623779	0.0816507589	0.0830916563	0.0875066042	-0.0340774209	0.141130368	-0.1380424418	0.0334377735	0.0478252344	0.0649465722	-0.0902546519	-0.070200292	0.0043624713	-0.0092116664	0.0192211867	0.0058585595	0.0947447138	0.1717453217	0.1090039663	-0.0138908805	-0.1619609919	0.0692949531	0.161926692	-0.1346081947	-0.0249028922	-0.0971760572	0.0486657693	-0.0612247742	0.085844951	0.0102660055	-0.0957390859	-0.0661014115	0.0068749081	0.1122095206	-0.0180320169	0.0100869355	0.0471722436	0.0491942186	-0.0403805193	-0.0580388503	-0.0176262378	-0.0820670958	-0.0290867611	0.0562428465	0.0711275989	-0.0946886129	-0.0049459997	0.066393305	-0.099285987	0.0372209992	0.0412131852	-0.1404512109	0.0924741833	0.0033794295	-0.0876327994	-0.1289225186	0.0049062837191087	-0.0044763031145578	2.0037289573399867e-05	2.4071619932391094e-05	0.0971771283208795	-0.0001221755711071	1.4926870175368398e-08	0.0094433942686926	0.1030898564149396	-0.015725654130719	0.0106275184956528	0.000247296197839	-0.0006079211840632	0.0003939866685687	3.695681660328031e-07	1.5522549500986265e-07	0.0003781264416113	-1.2670244700001366e-07	1.6053510075791264e-14	1.4297960584562385e-07	-0.0004148850940257	9.092534251879994e-05	1.7212964124471397e-07	8.267417912161088e-09	0.0	0.0	0.0
908.359481204619	-1.1637160256958623	1.354234988461373	825116.9470943245	1064.009041961128	-0.6080969635549991	1132115.2413750377	0.3697819170848099	846.6947653526827	-0.7735991937689732	716892.0256756344	0.5984557126000054	850.2830673979736	746.7340662557025	1.002684	18.028122	0.0607923374910727	0.0295328809488565	0.0239034566	0.099684059	-0.1175107137	0.0216870169	-0.0530137306	0.0141925649	-0.0943362113	0.068988733	-0.0154016624	-0.0430803667	-0.0290809309	-0.018397249	0.0637368296	-0.1282715935	-0.0527497693	-0.0214741655	0.1405537324	-0.0543204631	0.0800279349	-0.0851365925	-0.0876480144	-0.0292249878	0.1165621145	0.0443608049	0.1144513767	0.0254125068	0.0148418004	-0.1665379779	0.0655075595	0.1241691838	0.0587551593	-0.0988357733	-0.0528292691	0.0173632919	0.0193257431	-0.0468169913	-0.1020257105	-0.0129102342	-0.0856654981	0.0847378915	-0.0740997001	-0.0060742817	0.0483247209	-0.0214237067	-0.0945039723	-0.0924402973	0.0327767734	0.0189540072	0.0707322649	0.074089576	-0.0717774896	-0.1229752598	-0.0498768342	-0.0322972086	0.1498791243	-0.0866120968	-0.0137927497	-0.0351741442	0.0481529396	-0.1199059402	0.1062341806	-0.0472792977	-0.0169354561	0.065169999	-0.0339214216	0.0828242998	0.1588746425	-0.0784850242	0.0924619437	0.058830544	0.0424116741	-0.1107652883	-0.0539862089	0.1341896628	0.0040261824	-0.008707586	-0.0961885815	0.022067225	-0.0558215485	0.0534459217	0.0628364469	-0.0773925481	-0.0171817651	-0.0643594026	-0.0490002293	0.0790575605	0.0698659955	-0.0047481102	0.094924969	0.025785762	-0.0853966785	-0.0129846886	0.0117069077	0.0600231403	-0.0026926019	0.0820484717	-0.007330961	0.0397986292	-0.1803881573	0.0762502621	-0.0151498342	0.0182462459	-0.0633402795	-0.0681855129	0.0380709836	-0.0235160143	-0.0278453352	0.0569945764	0.0177467576	0.1077697118	-0.0589194493	-0.006824064	0.090084361	-0.0033794295	-0.0948006283	-0.1289225186	0.0094084813661368	0.0045021976470281	2.026978365290536e-05	8.851952161694338e-05	0.1176914090227825	0.0205142807019029	0.0004208357127164	0.0138512677577678	0.1209654651523663	0.0178756087374266	0.0146326437595283	0.0003195373877335	-0.0003869472704322	0.0002209739136309	1.4972819009493016e-07	4.882947050540064e-08	0.0003780538475788	-7.25940324999971e-08	5.2698935546106335e-15	1.4292471166913456e-07	-0.0002779265935949	0.0001369585004308	7.724319142726473e-08	1.8757630840253444e-08	0.0	0.0	0.0
909.1568764526728	0.7973952480538173	0.6358391816188089	826566.2260011806	1067.7693498148722	3.760307853744053	1140131.3844040749	14.139915154929202	846.3840153564624	-0.3107499962202382	716365.9014509284	0.096565560150878	850.2336211845603	751.977538989311	1.037184	18.648422	0.0268050852709782	0.0157155096179303	0.0118445414	0.1081120707	0.1219490851	0.0153981315	0.001969693	0.0467027052	-0.1244159013	-0.04364297	-0.0881552465	0.0906933326	0.1216156919	-0.0178260503	-0.0141852587	-0.074051656	-0.0261517241	0.0428672974	0.0331960386	-0.0028170034	-0.0033418624	-0.0459715264	-0.080763004	0.0281719427	-0.0107636801	-0.0429152792	0.1799725594	-0.2120960522	0.1345642785	0.0068117206	-0.0149706555	-0.0951948087	-0.0600851519	0.0075010646	0.1005269141	-0.084620131	0.1632221851	-0.0014204283	0.0531162458	-0.0783518331	-0.0384944232	-0.0188159068	0.1400240496	0.0524768979	0.1139887542	0.0428691508	0.1149065154	-0.0648959659	0.0311461522	-0.055059114	-0.0605756927	0.0395343848	0.070962795	-0.0723580826	-0.0321130138	0.0329243799	0.0200630212	0.0391395407	-0.0329288831	-0.0119722647	0.115428715	0.0003730604	0.0884493697	0.1249825082	0.1453739241	0.1664718608	0.1324398625	-0.0877401014	0.0354473087	-0.0523281384	-0.0677664377	0.0424301945	0.0245979352	0.0324801806	-0.1624378452	-0.0882997069	-0.0907354505	-0.113007119	-0.0236575302	-0.0486070471	0.0897394679	-0.0334715592	0.0086170294	0.0662448907	0.0288122997	-0.0954656271	0.1715652739	-0.0881508346	-0.1322141471	-0.0818915688	0.0886135852	0.0071584425	-0.0774493062	-0.0152999272	0.0272844382	0.0679499212	-0.0450125515	-0.0145609966	0.0240816267	0.0298541297	-0.0024836914	-0.0403805209	-0.025274153	0.0116854153	-0.1614067838	-0.0978215215	0.0508090206	0.0051252468	0.072916311	0.0347259769	0.0733673349	-0.0013275194	0.0983640553	0.1047019154	0.0876327994	-0.0101290257	-0.1013839798	-0.1275100165	0.0118781162356356	0.0024696348694988	6.099096388644361e-06	0.0001410896453072	0.1160954347957528	-0.0015959742270297	2.5471337333430505e-06	0.0134781499804148	0.1057753272639416	-0.0151901378884247	0.0111884198577939	0.0002307402890693	-0.0004409482892146	-5.400101878239998e-05	1.9443539376128254e-07	2.916110029537115e-09	0.0003220699920956	-5.598385548320002e-05	3.134192074763825e-09	1.0372907980845985e-07	-0.0003189284850498	-4.100189145489995e-05	1.0171537857616048e-07	1.6811551028793976e-09	0.0	0.0	0.0
909.4749688218084	0.3180923691355701	0.1011827553022798	827144.7189134293	1063.5865659995898	-4.182783815282392	1131216.3833747995	17.49568044538832	846.346408572858	-0.037606783604474	716302.243304175	0.0014142701730737	849.6873567901104	752.8895182276881	1.011514	18.186886	0.0360992338958297	0.0185623833333171	-0.0145339846	0.1115553143	0.0982466034	0.0272724658	-0.060689319	0.05064936	-0.1342385941	-0.0132816182	0.0714787623	-0.0368212209	-0.1108608508	-0.1666355047	0.0655726142	-0.1492402233	-0.0622595834	0.0930527377	0.1177719589	0.0269123894	0.0033569297	-0.0286354126	-0.0584357112	-0.1257360304	-0.0661516839	-0.0045395816	0.0255671461	0.0015541147	0.2019867447	-0.0634823273	0.0106440874	-0.1941673047	-0.0540342793	0.0051877349	-0.0446346289	-0.0975014267	0.0337428341	0.1730676331	-0.0930328062	0.1376022794	-0.100724552	0.0024547775	-0.0940242665	0.0104179105	0.0687930957	0.0994642119	0.0405296993	-0.0843503635	0.1384522541	-0.0275278735	-0.0627016458	-0.0584040532	-0.0210535314	-0.1537658589	-0.0677379083	0.0955558698	0.0140340076	-0.1361423339	0.0154210862	0.0225352821	0.0020617137	-0.1219333965	-0.0586679839	0.0011222477	-0.0018961844	0.0679418169	0.1690924852	-0.1434920939	0.0579954576	-0.073017232	-0.0035537574	0.04629098	0.0665635883	0.015143018	0.0624919517	0.0176473707	-0.1433556484	0.0869707356	-0.0018538025	-0.2114577829	-0.0324608114	-0.004496252	0.123811742	-0.1337601006	0.0230747553	-0.0843994091	0.0780043112	-0.1434854263	-0.004824699	0.0251800726	0.0742758402	-0.0083103994	-0.0694446803	-0.0056520787	-0.0363832449	-0.0116251977	-0.0405035685	0.206724748	0.0372203666	0.0989422195	-0.1187447486	-0.0072381517	0.0242622107	0.0624591585	-0.139229902	-0.0629104283	0.0115213525	0.0815161	0.0542163054	0.0302662115	0.1452787579	-0.0444530044	0.010475887	-0.0016169296	0.0851211787	-0.016850859	-0.1073422654	-0.124700488	0.0094163577068826	-0.002461758528753	6.060255053888141e-06	8.866779246396733e-05	0.1112208893404158	-0.0048745454553369	2.3761193396146586e-05	0.012370086225673	0.0977824856752818	-0.0079928415886597	0.0095614145048366	6.388551666140953e-05	-0.0001714570076105	0.0002694912816041	2.9397505458747056e-08	7.262555086062035e-08	0.0003780196610845	5.5949668988900046e-05	3.1303654599674834e-09	1.4289886416644025e-07	-0.0002289676691812	8.996081586859999e-05	5.2426193530271445e-08	8.092948391744152e-09	0.0	0.0	0.0
911.2231449836976	1.748176161889205	3.056119892997672	830327.6199539808	1064.3483150865904	0.7617490870006804	1132837.335827664	0.5802616715463702	846.4452311269504	0.0988225540924077	716469.5292975565	0.0097658971973468	849.7641967890662	759.4182187923166	1.118121	20.103666	0.046650541380531	0.0269877142485034	-0.0492975875	0.1057359257	0.0539705924	-0.1886074536	-0.0710024557	0.0420026516	-0.1075922412	-0.0013720369	0.0189707893	0.2189729506	-0.014433858	-0.0134224912	-0.0484756868	-0.1078176519	-0.0768296938	0.1409347442	0.0451916807	-0.1161161306	-0.0808459301	-0.0344543714	-0.1109137894	0.0640782866	-0.0314656158	-0.0950363948	0.0745975914	0.0396957256	0.1006536099	0.0189385757	0.0027825698	-0.0523770521	0.1070276432	0.1229193114	0.0401375597	-0.0040997085	0.0768737519	-0.1437405139	-0.0862634838	0.1025441765	0.1195759724	-0.0915311836	-0.0854087653	-0.06264444	-0.0834866139	0.0438760529	0.1849196946	0.0475473695	0.0769467604	-0.1286243625	0.1072803437	0.0443215059	-0.0770421586	-0.1061481553	-0.0842071209	0.1198312673	0.078670777	0.0890488038	-0.0959132475	0.0535704353	0.1591870248	0.0358335522	-0.039711841	0.0736679318	0.0489538951	-0.0787997807	0.1071034435	-0.1178553889	0.0062061803	-0.060232801	-0.0067920186	-0.1948209895	0.0540968048	-0.0604085393	-0.0881399406	-0.0648695915	0.1727463839	0.1277666101	0.0695636895	-0.0816528912	-0.0005938278	-0.0070246851	0.0975010872	-0.1479684251	0.0707382286	0.0754125312	0.0290459675	0.0643493197	-0.0873940405	-0.099343599	0.053101305	-0.0349621983	-0.0809698377	-0.038992592	-0.0423270527	-0.0048016021	-0.0916298322	-0.119085734	-0.0561105805	0.0141535042	-0.0202119762	-0.0024953086	0.1983136315	0.0821954182	-0.0532952817	-0.0701899713	0.1477350595	0.0765977669	0.0846198147	0.105330865	-0.0389387244	-0.0826132026	0.0394199779	0.0547487187	0.0825512202	-0.0235265052	-0.1126387502	-0.1205247148	0.0117323427646311	0.0023159850577485	5.363786787714323e-06	0.0001376478667467	0.1012986262649775	-0.0099222630754382	9.84513045382062e-05	0.0102614116831715	0.0728975691223325	-0.0248849165529493	0.0053140555839452	0.0006192590718472	-0.0003269632012712	-0.0001555061936607	1.0690493498551124e-07	2.4182176266839133e-08	0.0003780313867556	1.1725671099989572e-08	1.3749136274513066e-16	1.4290772937236206e-07	-0.0001939380546251	3.50296145561e-05	3.7611969031768275e-08	1.227073895948933e-09	0.0	0.0	0.0
915.26997517361	4.046830189912384	16.376834585986305	837719.1274543006	1065.1093887238812	0.7610736372907922	1134458.00994776	0.5792330813790364	848.2920221252226	1.8467909982722404	719599.3548012992	3.410636991299378	851.6063250982502	777.2734300569047	1.193785	21.464087	0.042229949522349	0.0323796551884585	-0.1239163971	0.1294952278	0.1951138564	0.1058264513	-0.0332788189	0.1186256953	-0.1096406548	-0.0787503554	0.0606580622	-0.0368770495	0.1273284848	-0.1036880216	-0.0837623196	-0.0397808918	-0.1577334215	-0.0568753192	0.0219303244	-0.0222864842	-0.0055273568	0.0239160928	-0.1052388901	-0.0823739519	-0.171608545	-0.0197389758	0.1572567667	0.0311309767	0.0141034804	-0.0589343133	-0.1159084066	0.1046202129	0.1310867495	0.0773588183	0.1021320201	0.0329996361	-0.1253800644	0.0746115504	0.1459325912	0.1351420796	-0.1085938478	0.0066836961	-0.1195462506	0.074806252	-0.1738301599	-0.1511835166	-0.1082900559	0.0181547228	-0.1526418883	0.0050292364	0.0569344	-0.089744642	-0.0563981759	-0.0437364404	-0.155894229	-0.0817722272	0.0031309658	0.0579797745	0.0431394991	0.1010488683	0.038222823	-0.1215386108	-0.0694573869	0.1834146472	0.0614802656	-0.0097618075	0.0322307479	0.0454785911	0.0770315481	-0.073627176	-0.0337359684	-0.0999017739	0.0716478598	-0.0230930972	0.1721400552	-0.0272674893	-0.1073446753	0.1935135463	-0.0827793354	0.1883819431	-0.0253888345	0.1661199305	-0.1357570996	-0.0430619674	0.1322651907	0.1649541959	-0.0753970073	0.0033616313	0.1085813882	0.0508044671	0.0280185417	-0.0512710157	-0.1147640043	-0.0613474869	-0.0536221775	-0.0664448766	-0.0892480154	-0.0128925832	0.1244460722	0.0498077621	0.0257769938	-0.150406395	0.1738578825	0.0746404532	-0.1529638275	0.0797154596	0.0677772608	-0.0378463086	-0.013587619	-0.0218842339	0.0920398656	-0.0512818348	-0.0317671076	0.1230277394	0.0799246852	-0.0301376669	-0.1172407796	-0.1150284477	0.0093670363549875	-0.0023653064096435	5.594674411501096e-06	8.774137007565751e-05	0.0977778117905359	-0.0035208144744415	1.239613456343744e-05	0.0095605004785454	0.0408036116818237	-0.0320939574405088	0.001664934726281	0.0010300221041931	-0.0003519519420277	-2.4988740756500016e-05	1.2387016949706952e-07	6.24437164595565e-10	0.0003780446620726	1.3275316999980176e-08	1.762340414499627e-16	1.4291776652158633e-07	-0.0002539334625067	-5.999540788160002e-05	6.448220338064161e-08	3.599448966879554e-09	0.0	0.0	0.0
914.6712337710052	-0.5987414026047873	0.3584912671931479	836623.4658881729	1065.4815973586583	0.3722086347770528	1135251.034309958	0.1385392678025974	848.9235151963364	0.6314930711138231	720671.1346533045	0.3987834988647681	852.4759153983962	791.9473530458849	1.116456	20.073719	0.0335064014281802	0.0221900894041185	-0.1535787624	0.0950430286	-0.0583866169	0.1216095591	-0.0193623096	0.118962869	-0.0128651502	-0.0528846323	-0.0114723189	-0.0978007458	-0.1106015769	-0.0008051991	-0.1763111875	0.0145946711	-0.1798227091	-0.2028876535	0.0036383569	-0.1284501121	-0.0042443183	0.0183136782	0.1192563985	-0.0580374245	0.1082965304	-0.1402393134	-0.0792999527	0.0439258387	0.077125444	-0.1544295647	0.1070780956	0.030778882	-0.124679441	0.0953916018	0.0296753409	0.063267818	-0.0021825236	0.0522138585	0.0078191652	-0.1512076535	-0.0306100357	0.1128670598	-0.092774781	-0.0986150132	0.0294705691	0.0888600382	-0.0130463088	0.1381651097	-0.0045193707	0.1279931079	0.061633479	-0.0210905856	0.0100716223	0.014100214	-0.1650235922	-0.2137572399	0.0225575918	0.045251532	-0.0342426775	0.0511315458	-0.1106554896	-0.0390667932	-0.0096442633	-0.1990518916	0.0039087993	-0.0554900237	0.1724198287	0.0845705325	0.0386171901	-0.0527294509	0.1698844565	0.1007410045	0.0134449461	0.141807578	-0.0387540117	-0.0921258985	-0.0074103243	-0.078090618	0.0398920938	0.0840492065	-0.0543083485	-0.096227134	-0.0221497845	-0.1151738247	-0.0497428051	-0.0360893445	-0.169768359	0.0413190276	0.0257691471	-0.0173682095	0.0062951063	-0.0532083252	-0.1176951926	-0.1135543363	-0.1331955877	-0.0606502878	-0.1287596782	-0.0003993218	0.0180571224	0.0039558135	-0.0176289336	-0.1252360707	0.0994263573	-0.0825670748	0.0182151354	-0.064839546	0.1352781653	-0.0360828383	0.0320168246	-0.0730310372	0.00221416	0.0858165471	-0.0543539212	0.0160887233	0.0772433738	-0.0366662233	-0.1211199807	-0.1082719048	0.0093405229922325	-2.6513362755000228e-05	7.029584045782333e-10	8.724536976842396e-05	0.0775760245975476	-0.0202017871929883	0.0004081122057907	0.0060180395923593	0.0342753076216268	-0.0065283040601969	0.0011747967125571	4.261875390238335e-05	-0.000326972735635	2.497920639270003e-05	1.0691116984863561e-07	6.23960752009106e-10	0.0003780232870715	-2.137500110000216e-08	4.568906720250936e-16	1.429016055683417e-07	-0.0001439381076557	0.000109995354851	2.0718178835503884e-08	1.2098978088797411e-08	0.0	0.0	0.0
912.5928096721738	-2.0784240988314195	4.319846734603199	832825.6362653524	1066.4123315754728	0.9307342168144714	1137235.260936236	0.8662661823492476	847.3979574870593	-1.525557709277109	718083.29835324	2.327326324334821	850.6808452728311	773.6838715375856	1.069573	19.230774	0.055240209943144	0.0335659652863564	-0.0970446353	0.0588263355	-0.1239951484	0.0795378228	0.0069441206	0.1188677772	0.0287156222	-0.0502267772	-0.0341431782	-0.1942974895	-0.0686201427	-0.0703860914	-0.0942630972	0.0381260267	-0.0739455602	-0.0375534096	0.0143458547	-0.0196788776	0.2071836689	-0.0244611452	0.1051869251	-0.1372199411	-0.012240331	0.0407714112	-0.2150923128	-0.0914018492	-0.1703629705	0.0180220552	0.0278672724	-0.0882264051	-0.080987306	0.0853737626	-0.0011700908	-0.0589693514	-0.1193979282	-0.015998923	0.1354078138	-0.0176970705	0.1589435065	0.2205415327	-0.1231318471	-0.0235058672	0.1075423811	-0.0242192259	-0.1388868963	0.1517662507	0.0466070053	-0.0456581954	0.0634379241	0.1163378652	0.0199868519	0.0375347709	-0.0731715159	-0.0447460154	0.0410075536	-0.0696019347	0.035550118	-0.1384093779	-0.1331322791	-0.1097668949	-0.0764661151	-0.1028796649	-0.0116990834	0.0610222487	-0.1105870731	0.0793565112	-0.1212784334	0.0628277604	-0.0133937168	0.0079233934	0.0064788732	0.1378044265	0.1933977661	-0.1823738462	0.0474201507	-0.0834848267	-0.1161885353	-0.0091293577	0.0733497178	-0.1919772491	0.1182356157	0.0015640144	0.0322860865	0.1037713559	-0.0961737637	0.2598347536	0.0310941266	-0.0116945815	-0.0036257094	-0.0229724125	-0.1046652465	-0.049587606	-0.1432974073	-0.1220447733	-0.082925238	0.0882447742	5.71123e-05	-0.1600256121	-0.0863020092	-0.1070052707	0.0106243278	-0.1440238528	-0.0302849398	-0.0851428055	-0.0188330535	-0.1397373403	-0.0427332226	0.0707020603	-0.0984615329	0.1215316425	-0.2020918253	-0.0413561701	0.0745091236	-0.0430942802	-0.1242524367	-0.1003291122	0.0093490228614001	8.499869167601093e-06	7.22477758663357e-11	8.740422846298173e-05	0.0844337469249012	0.0068577223273535	4.702835551908407e-05	0.0071290576197782	0.0341588380260589	-0.0001164695955678	0.0011668262152905	1.3565166691748934e-08	0.0002520288833572	0.0005790016189921	6.351855804627714e-08	3.352428747955887e-07	0.00017595861369	-0.0002020646733814	4.0830132228772275e-08	3.0961433731706656e-08	-0.0003280221783031	-0.0001840840706474	1.0759854945871073e-07	3.388694506611696e-08	0.0	0.0	0.0
912.217717157142	-0.3750925150317243	0.1406943948328243	832141.1634953875	1070.3077883748613	3.895456799388512	1145558.7618558868	15.174583675902191	846.6138195921047	-0.784137894954597	716754.9595243329	0.6148722383038265	850.8436468029145	769.1116795983426	1.115485	20.056259	0.0935270607215479	0.0412621226208666	-0.1026012568	0.0207870363	-0.1759822545	-0.1637497611	0.0687919786	0.0768372411	0.0495267629	0.1262029013	-0.1361775897	0.0131562367	-0.1963019091	-0.0341407964	-0.0021570297	-0.0318679884	-0.022608673	0.063578485	0.102185845	-0.1600348129	-0.0157046573	0.0486515424	0.3208370682	0.0293899897	0.2023713291	0.1286064814	-0.0617524698	0.02142789	-0.0127881023	0.0473130952	0.0240872901	0.0334328298	0.1339786257	0.0332412057	0.0036824765	0.0316932505	0.01118779	-0.0365126258	-0.0329408851	0.1072275749	0.03588399	0.1114033636	-0.0620189678	-0.0437899308	-0.1501976471	-0.094139222	0.0212576651	0.1867168504	0.1038215698	-0.032946426	-0.0239622491	-0.1266210489	-0.2230483939	-0.0192866701	-0.0408116206	0.07036497	0.2227493769	-0.0022309332	-0.1521244153	-0.0443394521	-0.2765758189	0.1238839743	0.0893290773	-0.0605589828	-0.0660160847	-0.0346110501	-0.061252469	-0.0027946769	-0.0733215514	-0.0039428702	0.0706371798	-0.1618659355	-0.0102345985	-0.0173676017	-0.0060736755	0.0222984338	0.0231203746	0.0822652581	-0.0651121933	0.0080573445	-0.0928037225	-0.0489279425	0.0132091393	-0.1741321085	-0.0571076943	0.1667919696	0.0121664037	0.0563443731	-0.0404455819	0.1687916743	-0.0272740296	-0.0726351566	-0.0254863492	-0.0439461933	-0.0623263811	-0.1489636694	-0.1093658497	-0.115470252	-0.0837087699	-0.1632377374	-0.119585572	-0.0430417439	0.0988533529	0.0044476512	0.2341257373	-0.0770254555	-0.1458625896	0.1500363015	0.0077384928	0.0581628819	-0.0566861616	0.0700437974	-0.1310616935	0.0950921994	0.0717238087	-0.0494042187	-0.1266188352	-0.0912870929	-0.0074726394708619	-0.016821662332262	0.0002829683236206	5.584034066148322e-05	0.090470058402829	0.0060363114779277	3.643705625856287e-05	0.0081848314674112	0.0129157011388798	-0.0212431368871791	0.0001668153359088	0.0004512708648074	0.0004689984547126	0.0002169695713554	2.199595505228068e-07	4.707579489414602e-08	-0.0002800030398895	-0.0004559616535795	2.0790102953495197e-07	7.840170234736091e-08	-1.2434402754418544e-05	0.0003155877755486	1.5461437185909148e-10	9.959564407576497e-08	0.0	0.0	0.0
909.3980423312464	-2.8196748258956177	7.950566123789482	827004.7993959035	1068.5203205537514	-1.7874678211098851	1141735.6754362916	3.195041211503321	846.0929814982297	-0.5208380938749997	715873.3333405637	0.271272320031343	849.8486280844245	759.6979404649069	1.145092	20.588602	0.0735458829315881	0.0328551895604975	-0.0557976855	-0.0389227038	-0.0276289211	0.0833274952	0.1991377533	0.056543346	0.0985328057	0.1040105387	-0.1535855502	-0.1201698901	0.0909956528	-0.0560869962	0.0311964109	0.0898496943	0.0252482687	0.0503428056	-0.1804656617	0.015010161	0.0808479721	0.0951354715	-0.0233814305	0.10531364	-0.0035895551	0.1006786908	-0.0369566277	-0.0020428634	0.1171794367	0.0452100407	-0.1086983085	-0.1088069352	0.0131766345	-0.0692356226	-0.0457497948	0.0959482626	-0.0472129238	-0.0416088144	0.0471105556	0.1505319744	-0.0487157032	-0.0704287163	-0.1334475733	-0.0588632028	-0.045768043	-0.0523802651	0.0463497972	-0.0358077491	-0.192694632	0.1012878148	-0.2533934321	0.0421084636	-0.0632100019	0.0960290764	0.0205385025	0.0478883617	-0.0357563565	0.1169525891	0.1377353984	-0.1325010425	-0.0636901173	0.0520709382	-0.0078849964	0.0811565981	-0.1043971513	0.0307583744	0.0586807736	-0.0983180041	-0.1100561298	-0.1105655723	0.0323154128	-0.0923987374	-0.2134090159	-0.1026291363	0.0044360035	0.0417735899	0.0919260607	0.0888142091	-0.0744582257	0.0233316901	-0.0667851221	0.0377917613	0.0512631992	0.0496571071	0.0985321326	-0.036156988	0.0318505414	-0.2119503142	-0.0200856847	0.0567429174	-0.0418634588	-0.0414542978	0.031829414	0.0310169965	-0.0273227672	-0.057935646	-0.056213523	-0.0637649638	0.0892556233	-0.1494508065	0.0445626886	-0.2120085804	-0.0372555303	-0.1242473398	-0.0248579958	-0.1590879232	-0.1909122911	-0.0458781233	-0.0153546601	-0.0686254736	-0.0300718552	0.1164866909	-0.1335619362	0.0248521804	0.0688893378	-0.0555787436	-0.1282045865	-0.0812449131	-0.00753285317694	-6.021370607809957e-05	3.6256903996597643e-09	5.674387698533505e-05	0.0764114509521505	-0.0140586074506784	0.0001976444434522	0.0058387098366129	0.031564593247225	0.0186488921083452	0.0009963235468627	0.0003477811768686	0.0008610069639081	0.0003920085091955	7.413329918982443e-07	1.5367067128167842e-07	-7.091292105099178e-05	0.0002090901188385	4.371867779590148e-08	5.0286423719841934e-09	0.0002020303625413	0.0002144647652957	4.081626738856912e-08	4.599513555334764e-08	0.0	0.0	0.0
905.4388356724442	-3.959206658802259	15.675317367104148	819819.4851438713	1058.171919692903	-10.348400860848416	1119727.8116265635	107.0894003768082	845.2554337825682	-0.8375477156615716	714456.7483389574	0.7014861760099168	848.5792053847856	738.9647493672925	1.273516	22.897636	0.0960810927320112	0.0476700422288266	0.0284619458	-0.1194913421	-0.1449412089	-0.0845806306	0.1580250677	-0.0411461657	0.1208528831	0.0427553141	-0.0217649291	-0.0287604666	-0.1345747281	0.047149091	0.0533026642	0.062647563	0.0875069849	-0.0083396979	-0.0309564773	0.0156079004	-0.0474552228	0.0545702605	0.2149080874	0.0655890358	0.0903112867	-0.0932101717	-0.0140400934	0.0873138368	-0.0257982548	-0.0258744458	0.0907842723	0.0361772456	0.0258539155	-0.1719029572	-0.0929455168	0.0910575695	-0.094718761	0.0038598398	0.0588779851	-0.0767622143	-0.0328778458	0.0139776169	-0.0002696426	0.0216300561	-0.0628097476	-0.0391318256	0.0960563507	0.0351560519	0.0200702786	-0.0706418767	0.0395519729	0.00672646	-0.074911116	0.0643157697	0.0848786551	0.0057853859	-0.0351712303	0.008693612	-0.0761411993	-0.0119809036	-0.1837923087	0.0998886115	0.0277928117	-0.0953684122	0.0315458512	-0.1364464878	-0.0095083302	0.085075285	0.0518473271	0.0615784189	0.071039194	0.1057890209	-0.0729789448	-0.15121387	0.023332749	0.0004552049	0.0145927564	-0.0272074448	0.0353928141	0.0543422801	-0.1270879903	0.0539778814	-0.0390146451	-0.0379196935	0.0318185153	0.1141419707	0.0939975092	0.0181583831	-0.1044732088	0.0151197711	-0.0403563166	-0.0152937067	0.1037443257	0.0341466043	0.0495631698	-0.0275141498	0.0273586239	-0.0640456855	-0.0485991178	-0.0440435768	-0.2491963242	-0.0450400634	0.0389173271	-0.0380210176	0.2935070801	-0.12631223	-0.2923276895	0.0111187275	0.1583063608	-0.1734054483	-0.1218974822	-0.0582321137	0.0884982402	-0.1176128715	0.0660076536	-0.0616009311	-0.1289999139	-0.0703125971	-0.0136899289882563	-0.0061570758113163	3.790958254629628e-05	0.0001874141557035	0.0906417569093775	0.0142303059572269	0.0002025016076362	0.0082159280956186	0.0461885192219426	0.0146239259747176	0.0021333793079157	0.000213859210914	0.0015840562562361	0.0007230492923279	2.509234222920729e-06	5.228002791360215e-07	-0.0005683393168223	-0.0004974263957713	2.474330192100342e-07	3.230095790460387e-07	0.000202950374217	9.200116756999964e-07	4.1188854394820346e-08	8.464214834243151e-13	0.0	0.0	0.0
904.2717846595012	-1.1670510129429204	1.3620080668110963	817707.4605312793	1057.6919771454038	-0.4799425474991494	1118712.3185177534	0.2303448488999733	846.3166965428244	1.061262760256227	716251.9508471591	1.126278646306666	849.7904244788019	727.8036998349567	1.206126	21.685972	0.085416022408855	0.0403713502310904	0.095136029	-0.139177653	0.0710940449	-0.0315005666	0.1414902883	-0.1093306318	0.1365092438	0.0150992856	-0.0899126544	0.0610608608	0.1615978442	-0.0881858348	0.0434653147	0.0760613265	0.0741960413	-0.0452844296	-0.1290673497	0.0545314462	0.0525980154	-0.0156515126	0.095702747	0.2336864742	-0.1185992112	0.0071055762	0.1031158612	-0.2138421597	0.0177462707	-0.0698727232	-0.0158089889	0.0997234023	-0.0896718774	0.0197626322	0.1301734922	0.0905088359	0.0018303538	-0.0231566581	-0.0497848626	-0.0782708308	-0.0234643733	-0.0688258242	-0.0168752083	-0.0440564835	-0.0747061384	-0.0541726272	0.1373654697	-0.0276072725	-0.1177582052	0.0895052857	-0.036688973	0.0152303382	-0.0274057831	0.0731136785	0.0963133711	-0.0390435348	-0.0939690304	0.0858598169	0.0241065872	-0.1275353552	-0.0161067056	0.1717952646	-0.0637889686	0.1599023777	0.1541809263	0.1636450703	0.0448205822	0.0439690446	-0.0012523806	-0.0680393838	0.0912824368	0.054455352	-0.0744057581	0.0630055723	-0.1560118196	0.0513850374	0.0808465841	-0.0059012692	0.0425159545	0.1698175889	-0.0227781662	0.0728434935	0.0446627696	0.1184915107	0.0165267573	0.0647423704	0.0086687035	-0.1087617741	0.0024429973	0.0184335652	-0.0419123236	0.0086950967	0.1644928462	0.0443464075	0.082993915	-0.0449222914	0.0037156271	-0.0838506382	0.0824478214	-0.0064820755	0.0281762451	-0.1130198961	-0.0369202332	-0.0360469017	0.0271616093	-0.1138928757	-0.1592465425	0.014577423	-0.0116943707	-0.0071767736	-0.0282474911	-0.0276159287	0.0451258942	0.0790104022	0.063080731	-0.0674542747	-0.1289999139	-0.0586099215	-0.0030197678992749	0.0106701610889814	0.0001138523376648	9.118998165491142e-06	0.1072297233445027	0.0165879664351252	0.0002751606304528	0.0114982135685385	0.0524120557709011	0.0062235365489584	0.002747023590132	3.873240717622226e-05	0.0010860245384728	-0.0004980317177632	1.1794492981650583e-06	2.480355918982632e-07	-0.0001578187984216	0.0004105205184007	1.685270960279795e-07	2.490677313523761e-08	0.0003330853047688	0.0001301349305518	1.1094582025292437e-07	1.6935100149721806e-08	0.0	0.0	0.0
905.2001298053594	0.9283451458582022	0.8618247098384867	819387.2749996396	1050.8505436372477	-6.841433508156115	1104286.865062699	46.80521244652128	845.8118958765147	-0.504800666309734	715397.7632062241	0.2548237127067513	849.0588598507773	727.031873948075	1.095455	19.696121	0.1013608296362228	0.060793081445197	0.0890565975	-0.1198530923	0.0806925968	-0.0456785326	-0.1057869871	-0.1314669456	0.072705098	-0.0251240957	0.1145635809	0.0162383398	-0.0967254131	-0.0769173991	0.0178619238	0.0724952022	0.0542894909	0.0423574305	-0.0713211111	-0.0535124436	-0.1624765753	0.115877969	0.0302827893	0.0275210292	-0.010804393	0.0555467859	0.0299683554	-0.0617231147	0.00201684	-0.0520073482	-0.0086291012	-0.1412186467	-0.0060721289	-0.2194756006	0.027760325	-0.083951035	0.1197014129	-0.0028923552	0.1430452624	-0.0267429311	0.0005833062	-0.0282488209	0.0909724953	-0.0038023835	0.0922061563	-0.1711114556	0.0882292961	-0.0489081277	0.0495716577	-0.0164626599	-0.0193869319	-0.004857797	0.1247083361	0.0674093957	0.0566821782	0.0466972106	-0.050230048	0.034402857	-0.025445077	0.1152412479	-0.0725864912	0.0826603308	-0.091881602	-0.046352156	-0.1436397244	0.0514472881	0.0329400552	-0.1171038455	0.0930157529	0.0435737623	-0.1582786516	0.0807423431	0.0390628648	-0.1219902087	-0.0875956466	-0.0817876715	-0.086753269	-0.0570298596	-0.0420300491	0.1201690514	0.0017729566	-0.0587734206	0.0301626269	0.0535252671	-0.160209846	0.0209640416	0.1858450775	-0.0314450007	0.0799201442	-0.0755279093	-0.0548831833	-0.0006688481	0.1885231407	0.0962651373	0.0195352926	-0.035402495	0.0328761145	0.0901496736	0.0160052572	-0.0537168626	-0.0369430449	0.0420341367	0.063568885	0.0163544108	0.0416428691	0.1022047687	0.0131302213	0.1356214423	-0.0310496962	0.0835761586	0.0602546884	-0.0638642938	0.1042515993	-0.0611372807	0.0601105761	-0.0731227308	-0.1282045865	-0.0462651033	0.0032906274499282	0.0063103953492031	3.982108946324412e-05	1.0828229014220968e-05	0.1096553792641259	0.0024256559196231	5.883806640403052e-06	0.0120243022015592	0.0346058446067445	-0.0178062111641566	0.0011975644809461	0.0003170611560225	0.0020991070533096	0.0010130825148368	4.406250421254112e-06	1.026336181868055e-06	-0.0003403352592108	-0.0001825164607892	3.331225845901558e-08	1.1582808866208245e-07	0.0006338576732076	0.0003007723684387	4.017755498841526e-07	9.046401761628524e-08	0.0	0.0	0.0
906.442955098916	1.242825293556507	1.5446147103038177	821638.8308484553	1056.1183188173193	5.267775180071567	1115385.9033415208	27.749455347778028	846.0853606511974	0.2734647746827932	715860.4375082669	0.0747829829923108	849.5200194335625	742.861929640659	1.016611	18.278515	0.0457824390979531	0.0269814043756045	0.02943882	-0.1473629474	0.0847000483	-0.0811483078	-0.0025031958	-0.0685948924	0.098585344	-0.0170361745	-0.0064679986	0.0971763802	0.0964572204	-0.0985703865	-0.0871281147	0.0946850362	0.0434583127	0.0175756585	-0.1074566712	-0.0071296861	0.0423086994	0.1445240351	-0.0998038704	0.0932341271	-0.0289251692	0.1530179521	0.0643846397	0.0422240685	-0.1227041882	-0.060342932	-0.0562947261	-0.0796353556	-0.0023238487	0.0347719912	0.0219190602	-0.0641095134	0.1061345224	0.028295935	-0.1047754334	-0.096997423	-0.0666027725	-0.0470874576	-0.0908190668	0.0779730224	0.084187908	0.0831062478	-0.0250075471	-0.1247069249	-0.0084555143	0.1193340731	-0.1624173247	-0.0188163283	-0.1091928046	0.0965491107	0.0575101641	0.019895083	-0.0231431418	0.0673947473	0.1584459723	-0.0130659518	0.0017648728	0.0832757934	-0.0772530421	0.0408738788	-0.1585836419	0.0426714677	-0.1305759231	-0.0743722342	0.04295575	-0.1358227556	-0.0525551353	0.0271590867	0.0213005561	0.0319657601	-0.0948786125	-0.0230209711	-0.067522035	-0.0658176085	-0.0205050326	0.0121942553	0.034776108	0.1444705317	0.0740652713	-0.1260469319	-0.0298637852	-0.2375738849	-0.009117691	-0.0932945325	0.002598981	0.0321383984	-0.0831288866	-0.0257683409	0.2025097233	0.0889451659	0.0289287146	0.0249002333	-0.0255547849	-0.0674498546	0.014728446	0.0305779373	0.0658372048	-0.0187135559	0.0155909511	0.066911772	-0.0507386457	0.0127502629	-0.0746448488	0.0354736327	-0.0749529926	0.0553257858	-0.1010051201	0.0566738497	0.001983655	-0.1090786959	0.0570992244	-0.0785907625	-0.1266188352	-0.033413395	-0.0058599191477526	-0.0091505465976808	8.373250303632766e-05	3.433865241819756e-05	0.1098593475040559	0.00020396823993	4.160304290014418e-08	0.0120690762340169	0.0118518916129772	-0.0227539529937673	0.0001404673348057	0.0005177423768425	0.0022431407869392	0.0001440337336295	5.0316805900302125e-06	2.0745716423282505e-08	-0.0003901997817408	-4.986452253e-05	2.486470607144878e-09	1.5225586967056796e-07	0.0007134388423795	7.958116917190002e-05	5.08994981815801e-07	6.33316248676657e-09	0.0	0.0	0.0
905.6630866404154	-0.7798684585005731	0.60819481256406	820225.6265030445	1057.1804599197658	1.0621411024465033	1117630.5248361677	1.1281437215062733	845.1025431000121	-0.9828175511853487	714198.3083541078	0.9659303389179656	848.4594691981122	737.339761396896	0.963837	17.329659	0.0482028465524387	0.0321001423292235	0.0350809611	-0.1426534749	0.1163224029	-0.118066438	0.0179564929	-0.0560617532	0.1037129793	-0.0307173422	0.0650738163	0.0573908049	-0.0566864413	-0.0511744752	0.0320085096	0.072567954	0.0940797161	0.0309766228	-0.0842344682	0.0502876705	-0.1785408646	-0.0941691592	-0.0051326046	-0.0525078327	0.0495700623	0.0359751595	-0.0716524824	-0.0323532652	-0.1709701112	0.0194874599	-0.005437403	-0.1976905725	0.0207690802	0.0636937198	0.097560076	-0.0737019678	-0.1525542106	-0.046874753	-0.0556356961	0.1099941677	-0.0888137004	-0.1135631829	0.1457660584	-0.013341823	-0.0063864882	-0.1424235121	0.0280646134	0.0634581383	0.0597760797	-0.0527217312	-0.0373259256	0.0100131759	0.0011045749	0.0676306336	0.0918844534	0.0493533477	-0.1168468722	0.0041482562	-0.072697646	0.0903334385	0.0131238318	0.0276542836	-0.0389992231	-0.1718405855	-0.0050877453	0.0724793513	-0.1433636767	-0.14807212	-0.0424221867	-0.0432047922	-0.0625903941	-0.0918343686	0.064900616	0.0571050244	0.0803286156	-0.0414058645	0.0682385959	0.1353781476	-0.0623163291	-0.058702687	-0.0843292877	0.0300043772	-0.080345735	0.135209798	-0.1623925646	0.0957776676	0.1238803335	-0.0509487629	0.0371638184	0.0178774676	-0.088982899	-0.0296258999	0.2005957148	0.1024316464	0.0315335667	0.0186381133	-0.0232391295	0.0696762708	0.0312461233	-0.0491347392	-0.0626300819	0.0488640231	-0.0105930901	0.1051686824	0.0251255771	0.130761146	-0.0540725366	0.1590959852	-0.010034097	0.0569823934	0.0551163009	-0.0355612283	0.0381290449	-0.1561519606	0.0540487397	-0.0838433825	-0.1242524367	-0.0201956026	-0.000940534212134	0.0049193849356186	2.4200348144791213e-05	8.84604604194524e-07	0.1102039413619877	0.0003445938579317	1.18744926924321e-07	0.0121449086917164	0.0080358314303339	-0.0038160601826432	6.457458677674218e-05	1.4562315317555612e-05	0.0028267034763433	0.0005835626894041	7.990252543171298e-06	3.405454124645465e-07	-0.0004848455445154	-9.464576277460002e-05	8.957820411185863e-09	2.3507520203643478e-07	0.0008176865417257	0.0001042476993462	6.686112805193348e-07	1.0867582818975708e-08	0.0	0.0	0.0
907.200007435385	1.5369207949696602	2.362125530010172	823011.8534907626	1058.8317216500727	1.651261730306942	1121124.6147724572	2.726665301976276	844.9383446131685	-0.1641984868435884	713920.8061976415	0.026961143081724	848.4868831854318	744.3733959641568	0.988193	17.767569	0.0394126539998378	0.0211827547247641	0.0107311256	-0.1711690891	0.1170225767	-0.1092395493	-0.034123788	-0.0282390803	0.0965818583	-0.0570208961	0.051200151	0.115661262	0.1241353148	0.0114803961	-0.0150427324	0.1247292652	0.0904699313	0.1167040084	-0.0995895533	-0.0692970356	-0.0316602655	-0.0178764869	0.0276867044	-0.0420499297	-0.0238117988	0.0325297627	0.0362948636	-0.1871100762	0.0420801815	-0.021855663	-0.0417068463	0.0306200074	-0.1860224209	0.1559490295	-0.033011637	-0.0591261682	0.0695127727	-0.0318945276	-0.176632816	-0.1148649626	0.1482760787	-0.0088507332	-0.1055080222	0.0695112242	-0.0744733364	-0.1614746746	-0.0867913343	0.0358231999	0.0449042651	0.0469292209	-0.0248676354	0.0034621004	-0.0115624444	0.1216250164	0.0806394544	0.1231343589	-0.0587972972	0.113443322	-0.0058999921	0.0120400909	-0.0486607922	-0.0307867448	-0.0459650555	0.0182891057	0.0149579126	0.1364596539	0.0272283228	-0.0245066587	0.0173283834	-0.0309928001	0.021312555	-0.0127671505	0.0135956662	0.2496310356	-0.0841583243	0.1207476263	0.0443773749	-0.0826829509	0.0999058305	-0.0071330855	0.0989771104	0.0462295568	0.1323893924	-0.0544886784	0.0669806989	0.0713970308	0.0607209396	0.1730439907	0.0032302077	0.1277127065	-0.1116275035	-0.0362019214	0.19242174	0.0838278227	0.0089997801	0.0566734286	-0.0634733158	-0.0468480331	0.049934453	0.0149149288	0.0494409195	-0.0026499193	-0.0229095216	0.1233601899	-0.0557507883	0.0819333441	-0.0216612835	0.0213558255	-0.0670237366	0.0614917795	-0.170843711	-0.0427526217	-0.0030775066	-0.033665003	0.0509612127	-0.0888661936	-0.1211199807	-0.0067565429	-0.0029993617674648	-0.0020588275553308	4.238770902589398e-06	8.996171012129569e-06	0.1101568593855688	-4.708197641890843e-05	2.2167125035106503e-09	0.0121345336696919	-0.0100574801877542	-0.0180933116180881	0.000101152907727	0.0003273679253092	0.002626128166374	-0.0002005753099693	6.896549146222866e-06	4.0230454969280934e-08	-0.0003069344258574	0.000177911118658	3.165236614214097e-08	9.420874177641177e-08	0.000811904313353	-5.7822283726999485e-06	6.591886140412064e-07	3.3434164954056296e-11	0.0	0.0	0.0
908.304024035583	1.1040166001979514	1.2188526535126434	825016.2000792329	1056.570615960296	-2.261105689776741	1116341.4665107192	5.112598940340753	845.729605796218	0.791261183049528	715258.5661202264	0.6260942598009386	848.886752921091	748.7235961559207	1.020196	18.342974	0.0941890365298554	0.0450782399958263	-0.0006233063	-0.0862052379	0.0996089102	-0.0419648826	-0.1478057669	-0.0480034561	0.0111507752	-0.0320297253	0.2191188957	0.0991658845	-0.0875349726	-0.0298126296	-0.0101902308	0.0327339914	0.0398264103	0.1556222845	-0.0188010639	0.0068588409	-0.1655233601	0.0294756677	0.0192779404	-0.0252431066	-0.0359284395	-0.1048040935	-0.0684109109	-0.0071185624	0.0909024386	0.3219745426	-0.1111684304	-0.0213229936	-0.0894960701	-0.0810252417	-0.0348939026	0.0976585515	-0.0047191787	0.0996902216	-0.114187658	-0.0109163761	-0.0112606092	-0.0526411139	-0.1374182376	0.1675861903	-0.1426677245	0.0051880188	0.0556854544	0.0304881932	0.0009384964	0.1160243092	0.071421306	0.157480096	-0.0467482544	0.0337554674	0.0244793606	0.1652263374	-0.0700360652	0.0128787312	-0.0369852387	0.1569714923	-0.0278255164	0.007124544	-0.0581809467	-0.0430750551	0.0423494331	-0.1028211174	0.1037236129	-0.1325749186	-0.157316865	0.0973949727	-0.1411128107	0.0416153272	-0.1771101829	0.0220721684	0.0300041744	0.1896827665	-0.0537739588	0.0338950217	0.0530544735	0.0195132262	0.0224146636	0.1211360408	0.0079822648	-0.0663798037	0.0615357216	0.0251161284	-0.0446377197	0.0136288484	-0.1390473251	0.0833854419	-0.087476021	-0.023057638	0.1048567001	0.0812027124	-0.0257862806	0.0225291692	-0.0379398148	0.1442771687	0.0148233643	-0.0025236755	-0.0193446727	0.0509200721	0.0694762768	0.2157037466	-0.0318001723	0.1313189882	0.0175872584	-0.025299481	-0.0482036499	0.046612283	0.0397090617	-0.044100071	-0.0967258387	-0.1335659856	0.0478387595	-0.0936454286	-0.1172407796	0.0067565429	-0.0144031509223623	-0.0114037891548974	0.0001300464070893	0.0002074507564923	0.1192852033981921	0.0091283440126233	8.332666441279568e-05	0.014228959749748	0.0178956817333642	0.0279531619211184	0.0003202554247018	0.0007813792613882	0.0025079823059204	-0.0001181458604535	6.289975246809806e-06	1.3958444342321506e-08	7.39977211450249e-05	0.0003809321470024	1.4510930061987706e-07	5.475662734656865e-09	0.0003969074919847	-0.0004149968213683	1.575355571935847e-07	1.7222236174579274e-07	0.0	0.0	0.0
910.7624351007356	2.458411065152632	6.043784965264897	829488.2131906217	1063.4123353675975	6.841719407301525	1130845.7950119677	46.80912444824634	846.8143861624324	1.0847803662143178	717094.6046116571	1.1767484429240695	850.3145521410602	757.4667349881904	1.068647	19.214132	0.0527278454920441	0.0278543454651579	-0.0407303157	-0.0304956397	0.0719528615	-0.1382146836	-0.0552489722	0.0258912363	-0.0350978728	-0.0274564732	0.0196590257	0.1327347235	0.1091037199	0.0200728713	-0.163375882	0.0659845333	-0.0805632214	0.0431432528	-0.0945333289	-0.0269587252	-0.0205226653	0.0348635724	-0.1115197466	0.0438618703	-0.0279953883	0.0958582204	0.0356927303	0.0636104435	-0.0660922728	0.0574852355	0.0366779153	0.0139325714	0.0248024617	0.114754329	0.0023713738	0.0399716245	0.0138751111	-0.0798355644	0.0160855514	-0.0597999745	-0.0106279576	-0.0951212696	-0.0853437348	-0.0291025529	0.052333528	0.1287848931	-0.0707782693	0.0663305214	0.1486155291	-0.2360968792	-0.1069470887	-0.0610967159	0.0853902998	0.065115534	-0.0689748597	0.0318934612	-0.0355189371	0.1258394578	0.0620224528	0.0441975499	0.1304508387	0.0380351435	0.0356462728	0.0670471181	-0.0501666239	-0.0481088646	-0.0943436392	0.0150425156	-0.0772527392	0.0404007768	0.0106879308	-0.0022337173	0.0193143212	0.0311064938	0.0260324984	-0.1851936014	0.0327706036	-0.0294302047	0.0736482058	-0.1031181027	0.013033612	0.1102691963	0.0968728635	-0.1852343818	-0.0254280583	-0.0315054812	-0.0066963125	0.068977517	0.0623990937	-0.0915338167	-0.0605349072	-0.0738942533	0.0348243441	0.1244319098	0.0084783675	-0.0104174264	-0.0801507373	-0.1131093547	-0.0120691116	-0.039808448	0.036628753	0.0811581541	-0.0107402657	0.111522683	-0.0758437375	0.0680855105	0.1261595096	0.0754511572	-0.057996894	-0.0259007751	0.0355879384	0.0678063761	0.0030507863	0.006697359	0.0446835199	-0.098167988	-0.1126387502	0.0201956026	-0.007582048264993	0.0068211026573692	4.652744146237052e-05	5.748745589268336e-05	0.1377630866092403	0.0184778832110482	0.0003414321679611	0.018978668032105	0.0314241496941321	0.0135284679607678	0.0009874771839992	0.0001830194453655	0.0022719840349273	-0.000235998270993	5.161911454964535e-06	5.5695183911732565e-08	7.399855992940019e-05	8.38784375289947e-10	7.035592282305468e-19	5.475786871625031e-09	0.0004389162154644	4.200872347969999e-05	1.926474441975916e-07	1.764732848393897e-09	0.0	0.0	0.0
911.3857166497538	0.623281549018202	0.3884798893465293	830623.9245131854	1060.935311492378	-2.477023875219402	1125583.735171429	6.135647278406943	847.5758150061782	0.7614288437458754	718384.7621833873	0.5797738840881808	850.7554494195955	770.4646399165309	1.010298	18.165022	0.056923931035427	0.0288698106344543	-0.0772161122	-0.0285935573	0.0332910171	0.070487213	-0.0922393218	0.0333710341	0.0496193257	-0.0368193058	0.0720649151	-0.0418916822	0.0326244695	0.0180561938	-0.0775500456	0.1029547052	-0.0760418323	-0.1113000395	-0.0139124953	0.1284579305	-0.0101594004	-0.0119604321	-0.1497361691	-0.0409481719	0.111673969	0.0215831055	0.0460793771	0.0822604331	-0.0228037191	-0.0401493031	0.0942415144	-0.0641813811	0.0877276995	0.116901027	-0.1035071981	-0.0431247593	-0.0164138252	-0.2034909451	-0.2131427263	0.0107599206	-0.0418799179	-0.0114750519	0.0317856143	0.0339861423	-0.0530225484	0.1137363646	-0.0705160519	0.101216829	-0.002457636	0.1441775674	-0.0116781364	-0.106381223	0.2237810439	0.0983600039	-0.0629124036	-0.117823208	-0.0934389522	-0.0468789214	0.0696820555	0.0588881137	0.1179071649	-0.0286519803	0.1345541885	-0.0289940814	-0.0074069653	0.0051243684	-0.1079185537	-0.052530796	0.0441975837	-0.0426724693	0.0656134027	-0.0175659216	0.1638151813	-0.0229861523	-0.0338852547	0.0499843013	0.1922182449	-0.1125128863	0.0049353632	-0.2516965769	0.0373886555	0.0962530796	-0.1104777554	-0.0001046083	-0.0357059989	-0.0029929297	-0.1448861705	0.0040651521	0.1100803476	-0.0158042834	-0.0660768751	-0.0659141758	0.0211316937	0.1748822242	-0.0185211261	-0.0098233011	-0.0671450157	-0.0110923901	0.0130917319	0.0076781984	0.0277122345	0.0050366872	-0.0836651733	-0.0710248305	0.0732355713	0.0984637224	0.1933253316	-0.0078927112	-0.1356342078	0.0284658993	-0.1302931072	0.0770097775	0.0757746862	-0.029567224	0.0414976565	-0.1024214758	-0.1073422654	0.033413395	-0.0073343445263844	0.0002477037386085	6.135714212067755e-08	5.379260963170481e-05	0.1378171622743735	5.407566513318529e-05	2.9241775595963913e-09	0.0189935702173609	0.0528995208561724	0.0214753711620403	0.0027983593068126	0.0004611915665473	0.0024430227007225	0.0001710386657951	5.968359916245458e-06	2.925422519700208e-08	-0.0002212529782554	-0.0002952515381848	8.717347080049053e-08	4.89528803868845e-08	0.0002022708100515	-0.0002366454054128	4.091348059888999e-08	5.600104790303579e-08	0.0	0.0	0.0
910.465395058516	-0.92032159123778	0.8469918312984395	828947.2355990597	1064.3620011369153	3.4266896445371917	1132866.469464179	11.742201919978422	846.3384089513534	-1.2374060548248735	716288.7024663083	1.531173744517258	849.9977347829431	766.8258628446002	1.002853	18.03116	0.0887335007989827	0.0596417251368591	-0.0680585478	-0.0452827813	-0.0627541161	-0.0102086536	-0.0113715489	0.0466459577	0.032907864	0.1429471816	-0.0300247802	-0.0351099231	0.0156071917	0.0611233461	-0.0664783845	0.091459536	0.0153272708	0.0448276679	-0.1166405414	0.0320772277	0.2075363559	0.0752449343	-0.1125654021	0.0267296147	0.0545679756	-0.1573746915	-0.0608537816	0.2041121795	0.0041105613	-0.0210969752	0.0519202019	0.1845925234	0.0425270276	-0.0968607222	0.2248372396	-0.1414685142	0.0412799909	0.0933559353	-0.0521778537	0.0306942644	-0.1316779671	0.0743552324	0.0002946193	0.0147564061	0.0265887355	0.0690983969	-0.1000281739	-0.0178042163	0.0267311419	0.0147545472	0.0904092734	-0.0051146922	-0.0234609941	0.0909406481	0.0003945697	0.048133208	0.0154765198	0.0061514747	0.2192373048	-0.1757806221	0.0695140195	0.0042418574	0.0512977025	-0.0659365577	-0.0559696916	-0.1944400523	0.0165847878	0.0919069294	-0.0107647883	0.0221493609	-0.0466851402	0.1563957328	0.2394193565	-0.0291489733	-0.0630010417	0.1179484764	-0.0650947663	0.1497681253	-0.1283479404	0.1178829117	-0.0326406092	-0.0183185958	-0.0425047735	-0.0457306463	-0.0030066899	-0.1239238745	-0.0798236977	0.0031170274	0.0340450151	0.0408636413	-0.0558673237	-0.0453183686	0.0497016272	0.1531622249	0.0504914692	0.0121532691	-0.0563678667	-0.0306563512	0.0009626695	-0.1032289052	0.0261029239	0.0205612609	-0.0934598747	-0.0046841647	-0.0236219251	-0.0522261713	0.0900983244	-0.127914683	-0.1421224131	-0.1356125323	0.1208500757	0.1342412771	0.0164277555	0.0628092163	0.0382833527	-0.1063942335	-0.1013839798	0.0462651033	-0.0068293903386944	0.00050495418769	2.5497873166566776e-07	4.6640572398252414e-05	0.1374272989447433	-0.0003898633296302	1.5199341579034778e-07	0.0188862624952478	0.089416254598575	0.0365167337424025	0.0079952665864371	0.0013334718432135	0.001651033810629	-0.0007919888900935	2.7259126438401168e-06	6.27246402031534e-07	-0.0001756769766281	4.557600162729999e-05	2.0771719243316517e-09	3.086240011718999e-08	0.0003911449091159	0.0001888740990643	1.5299433992728565e-07	3.567342529738877e-08	0.0	0.0	0.0
908.3381483966454	-2.127246661870686	4.525178360439976	825078.1918326461	1061.3723502074472	-2.989650929468098	1126511.26578488	8.938012680069463	843.5324411090204	-2.805967842332961	711546.9792033429	7.873455532206695	847.0084672993795	754.3724621595338	1.108868	19.937286	0.0589039431058279	0.034280741488316	-0.0019015391	-0.052848141	0.0719315559	-0.0061064187	-0.0220654671	-0.0089645312	0.0391453654	0.056037889	0.0441136009	-0.0437590431	0.0389365939	0.1051583269	0.0615683946	0.0461898158	0.1355612683	0.2285810706	-0.0765645297	0.157690774	0.1780584095	-0.0168942395	-0.0199732164	-0.054258299	0.0635730588	0.0481704809	-0.0222664673	-0.0078270635	0.086539339	-0.0924357436	0.0774480131	0.1271706845	0.020829118	0.0127937813	-0.1066185561	0.0259661384	0.0101883805	-0.0975698862	0.0771570825	0.0033272917	-0.0703568527	0.1087652401	0.136893116	0.1675596838	0.015134401	-0.1676789965	0.0394072514	0.0486732064	-0.040872501	0.012579564	0.0370034411	-0.0014712612	-0.03737998	0.047360035	0.1048102489	0.2421697616	-0.1074238771	-0.0651249524	0.1039500104	-0.1830869752	-0.013199805	-0.087738166	0.1048829472	0.0100336578	-0.0452617363	0.0460634805	0.0248194159	0.0856338231	0.0401767198	0.0388799619	0.08636136	0.0071045461	0.0323887007	-0.0574199076	-0.0370144539	0.0821564213	-0.0038388611	-0.0810337956	-0.0715372824	0.0311313366	0.078608406	0.0358492531	-0.1190370274	0.0669874445	-0.1124178102	0.2277240073	-0.0252319736	-0.0105979247	-0.006910823	-0.0432084985	-0.0368047017	-0.0282781836	0.0444817124	0.1784284322	0.0253749299	-0.0530792766	-0.0342349241	0.1181700463	-0.0574527396	-0.1118566967	0.0740055594	0.01040241	-0.1575273127	-0.2508803631	0.05049013	0.0391191079	-0.0039055601	0.0282136373	-0.0470686479	0.0150788444	0.0930367779	-0.0390282448	0.0630123663	0.1704314634	0.0350428114	-0.1100753719	-0.0948006283	0.0586099215	-0.0242029155211014	-0.017373525182407	0.0003018393772637	0.0005857811197215	0.1405109396200003	0.003083640675257	9.508839814099543e-06	0.0197433241528953	0.1157298021291239	0.0263135475305489	0.0133933871008461	0.0006924027836424	0.0016110210768651	-4.001273376389998e-05	2.5953889101035866e-06	1.601018863260741e-09	-0.0001893367627483	-1.3659786120200009e-05	1.8658975684960877e-10	3.5848409728006044e-08	0.0002021528346477	-0.0001889920744681	4.0865768556100346e-08	3.5718004211793644e-08	0.0	0.0	0.0
911.0497493494896	2.7116009528442646	7.352779727465924	830011.6457897678	1058.5883535351277	-2.783996672319517	1120609.3022402124	7.750637471486147	844.7462480989332	1.2138069899127686	713596.2236772244	1.473327408761096	848.3894971195471	749.2989248103873	1.351921	24.307358	0.3309901932458217	0.2016796370470967	0.0157794517	0.1218919222	-0.0009659893	-0.1873338765	-0.066757923	-0.0291632562	-0.2355131857	0.1698564217	0.0384695377	0.0042283706	-0.1199039966	0.0696448965	-0.0029439878	-0.1479472621	0.0027960407	0.2391728589	0.0405012714	0.1039836232	0.0801188912	-0.1009581787	-0.0446341074	-0.0981395662	-0.0342111149	-0.1801375221	-0.0552030297	0.1866292687	-0.0761732707	0.0187761	-0.2233738514	0.0910601348	-0.0559231678	-0.0020448531	-0.0418208847	0.0984094505	-0.0582276137	-0.0248952056	-0.1053702591	-0.247216496	0.2589259362	0.051430176	0.0241216561	0.0512656818	-0.038503569	-0.0150747224	0.0667852161	-0.0917118188	-0.0259271354	-0.1041720683	-0.0174979431	-0.0175244631	0.0872462507	-0.1581551069	-0.0306676575	0.237091246	-0.0318602411	-0.1145923912	0.0771018626	-0.0544558437	0.1097851396	-0.0979466918	-0.0457972886	-0.1373744629	0.0996288113	-0.247292248	-0.0665074832	0.1090331525	-0.0667126065	-0.0735920322	-0.1139839727	0.0502405611	-0.0607526576	0.0240807321	0.0571653306	0.1329533027	0.1267207753	-0.1166465125	0.2832015474	0.0909278346	0.1764750585	-0.0073549612	-0.0213258603	-0.0622883106	0.0670362747	0.0096005961	0.1311216656	0.0644311918	-0.0148196699	-0.0768063644	0.0999703953	-0.0361650398	-0.1086044088	0.3261902845	0.0870688784	0.1652835218	0.0344557251	0.0161879228	-0.2607583394	-0.0121371472	0.0586472509	0.0009152552	-0.3006966772	0.0631806215	0.0900283111	0.0216840212	0.0617200279	-0.1673397403	-0.035985271	0.0988646529	0.0138745645	-0.0145507523	-0.0594718505	0.1430445476	0.0317782535	-0.1134548014	-0.0876327994	0.0703125971	-0.0370229798004544	-0.012820064279353	0.0001643540481267	0.0013707010333048	0.2580267874692055	0.1175158478492051	0.0138099744957175	0.0665778230516785	0.2708599679671266	0.1551301658380026	0.0733651222471528	0.0240653683529262	0.0010130015041361	-0.000598019572729	1.026172047382001e-06	3.576274093669758e-07	-6.599342141999642e-05	0.0001233433413283	1.5213579850030403e-08	4.355131670717243e-09	1.3033443119788337e-05	-0.0001891193915279	1.6987063955675794e-10	3.576614425188755e-08	0.0	0.0	0.0
912.6944521980096	1.6447028485199553	2.7050474599296552	833011.1630730248	1063.754755866598	5.166402331470408	1131574.1806288057	26.69171305062287	847.6025227835948	2.8562746846616847	718430.0366291144	8.158305074239205	851.189701739713	767.9120044907859	1.283706	23.080854	0.3124107904446748	0.1833860667699825	-0.0696017323	0.0200906832	0.0539050311	-0.0056990683	0.0684790457	0.0588305417	-0.0047840291	-0.062881272	-0.0267072672	0.030738306	-0.1301313847	0.1074975234	0.0121537061	0.0132210314	-0.0874725842	0.0377468745	-0.0564117423	0.0339853526	-0.0514672318	-0.0643203812	-0.0621220713	0.0271278637	-0.0168779179	0.0566194248	-0.0365255248	0.0621290956	-0.1729967719	0.2457552787	0.058610853	0.1341901871	-0.1148684987	0.025440755	0.195524856	0.0707298004	-0.0290665567	-0.083993762	0.1084773465	0.0636254099	-0.0491519056	0.039787165	-0.0307982219	0.0441590138	0.0686878122	-0.0296175107	-0.0008822509	0.0153751048	-0.0111668072	-0.050378374	-0.088897971	-0.1527213115	0.0193445293	0.0212964102	-0.0864775656	0.0191776561	-0.0223015156	0.0660599966	-0.0553251939	0.0223899816	0.1012800762	0.0366207851	0.0375661288	0.0088586329	0.0361013733	-0.0651433726	-0.2236264949	0.0463879645	-0.1728120384	0.1462057989	-0.0189789229	0.1265037784	-0.0555952175	0.100918375	-0.0164066412	-0.0632723421	-0.0066644764	0.1323923826	-0.1132921015	0.0634820164	0.1545003819	0.0614725004	-0.0086511902	-0.0478730197	-0.0230648863	0.1039243486	-0.0080854911	-0.0784465391	0.0753498632	0.0133714899	-0.0255341457	-0.0515096515	-0.0735292078	0.1489751965	0.0496925635	0.0641613423	0.0241012134	0.0446979787	0.027090568	0.0437716691	0.1017116764	-0.0161167439	-0.0600606385	-0.0034555529	0.1213724713	-0.0150179172	0.1367540142	-0.0402813794	0.0817830006	-0.0665642627	0.0140049331	0.0621602366	0.0780907777	-0.0215131731	0.0284919163	-0.1165232592	-0.0799246852	0.0812449131	-0.0520865298090171	-0.0150635500085627	0.0002269105388604	0.0027130065875456	0.1449873836939872	-0.1130394037752182	0.0127779068058568	0.0210213414304274	0.1323423865030406	-0.138517581464086	0.0175145072653201	0.0191871203746597	0.001332014209648	0.0003190127055119	1.774261854704186e-06	1.0176910627802225e-07	0.0004579605277124	0.0005239539491323	2.7452774081143386e-07	2.097278449426199e-07	-5.980500617207285e-05	-7.283844929186118e-05	3.5766387632416716e-09	5.305439695243033e-09	0.0	0.0	0.0
910.7385412927414	-1.9559109052681836	3.825587469347005	829444.6905960304	1058.4778794960157	-5.276876370582386	1120375.421382382	27.84542423041073	847.3462468146606	-0.2562759689342329	717995.6619908918	0.0656773722531798	850.5711025575059	770.384786488289	1.214319	21.833294	0.1046470089203731	0.0462777235836014	-0.0516083926	0.0208571575	-0.1056241447	0.0845799096	-0.0256672104	0.0515427731	0.0495240994	0.0190373652	0.000981863	-0.1294260391	-0.0186936316	-0.0148793027	-0.1264363481	0.0703613182	-0.0405103958	-0.0278021778	0.0141826836	0.0189394706	0.1330663829	0.0987969524	-0.0611642038	0.0692072051	-0.0056820391	-0.0636296672	-0.0432801232	-0.0734429597	0.1258196959	-0.0288002861	-0.0290830034	0.0321154617	0.0357661824	0.2085747618	-0.1076006097	-0.0243366448	-0.0352970045	0.0458781817	0.0274401295	0.0975549571	0.022327644	-0.2173668866	0.0900146551	0.0128316921	0.09919518	-0.052397808	0.1524967619	0.0001738671	-0.14056914	-0.1544514662	0.1398556412	-0.0070771731	-0.0772973749	0.0665585574	-0.0342951982	-0.0303698778	0.0341857356	-0.0702499958	0.1536249192	-0.0816598425	0.0475619518	0.0263706024	0.0106216005	0.0398805864	-0.0520827948	0.0271104664	0.1942767162	-0.010875613	0.0305559189	0.0430844507	0.0323490885	-0.1952071536	0.0410383881	0.111059496	0.0401974054	-0.0137243531	-0.0238331638	-0.004571573	0.1070045023	-0.0196383319	-0.0816549464	0.1351624	0.0315977182	0.1271870643	-0.0550046171	0.1796185683	-0.0137016677	-0.0744683297	-0.0380062803	0.0141060933	-0.0274261432	0.0355965693	-0.1222478216	-0.0054119056	-0.0187801589	-0.078201395	0.1040545633	0.0016629282	-0.0094042227	0.0828656162	0.0472204526	0.0495570668	-0.0310604978	-0.0891709158	-0.0811923696	-0.1791082277	0.0217258782	0.0948735697	-0.0569896022	-0.1707956599	0.0245399979	-0.146034983	0.0823143187	0.1823269186	0.0251860523	-0.1192723348	-0.0717238087	0.0912870929	-0.0520776315698441	8.898239173001088e-06	7.917866037993108e-11	0.0027120797099244	0.1319342952482429	-0.0130530884457442	0.0001703831179724	0.0174066582626505	0.1091640797827011	-0.0231783067203394	0.0119167963148039	0.0005372339024221	0.0008382334427585	-0.0004937807668895	7.026353045587674e-07	2.438194457499828e-07	0.0008362680070412	0.0003783074793288	1.4311654891611044e-07	6.993441796006606e-07	-0.0005558510702561	-0.000496046064084	3.089704123048518e-07	2.460616976932548e-07	0.0	0.0	0.0
910.5696800063516	-0.168861286389756	0.0285141340412032	829137.1421468696	1065.7325031799678	7.254623683952104	1135785.7683342402	52.6295647957588	845.8281885908156	-1.5180582238450595	715425.3246148203	2.3045007709836174	849.4944173151033	763.5696946299354	1.189429	21.385769	0.0728288021318781	0.0346966605679467	-0.0449401631	-0.0072263484	0.0704094097	-0.0214444109	0.0995244155	0.012707343	0.0296484687	0.0266784238	-0.1159697401	0.0956451783	-0.1720740606	-0.0536239614	0.1878899921	-0.0035439078	0.0169411994	0.067978466	-0.0241517704	-0.0311116241	-0.0219112461	-0.1393432	0.0078369796	-0.1656980261	0.0211615697	-0.092759509	-0.0261951233	0.0585291171	-0.0576027083	0.0918100519	0.0456726933	-0.1494310335	-0.0287041593	-0.0140600843	0.0036052251	0.1306527364	0.0681742183	0.1686847797	-0.0283004707	-0.0858473284	-0.1165616186	0.0238303193	0.0582143818	-0.112071124	0.0305611527	0.0882997472	-0.0076342124	0.1410916965	-0.0202045856	0.1276323271	-0.0764112026	-0.0713862249	-0.1193687319	0.0013258219	0.0049302794	0.0722051244	-0.004059589	-0.0019066184	-0.0647138846	-0.0440448875	0.0485925951	-0.1229334965	-0.0307659101	-0.195817514	0.0804731436	-0.0763892702	-0.0480980705	-0.1447031398	-0.0382077763	0.001901205	-0.0023612444	0.021527703	-0.0831159374	-0.001960049	-0.0083183907	-0.0700236454	-0.2270392022	-0.0028597062	0.0464342847	-0.0263625583	-0.0914385717	-0.1277725228	-0.0930828754	-0.1046140461	-0.1516731042	-0.0547650766	-0.0822770827	-0.0680381674	-0.0558922385	0.0968588502	-0.0475123672	0.0244050944	-0.0939274557	-0.0106912881	0.0528895696	0.0024843602	0.0675833652	0.0246112168	0.0866848558	0.0418016155	-0.04587058	-0.047740102	0.0945984155	0.116582188	-0.0184969582	-0.0316530895	-0.1424717566	0.0330267983	0.1065688694	0.000211058	0.082121468	-0.1026602148	0.0602549643	-0.0700169188	0.0218629269	-0.1216944932	-0.063080731	0.1003291122	-0.0582008184507003	-0.0061231868808561	3.749341757788943e-05	0.0033873352683313	0.1450401229888598	0.0131058277406168	0.0001717627207667	0.0210366372766235	0.092549137786861	-0.0166149419958401	0.0085653429050913	0.0002760562975251	0.0012432074205699	0.0004049739778114	1.545564690560064e-06	1.6400392270438828e-07	0.0006210803465083	-0.0002151876605329	4.6305729245622615e-08	3.8574079681887e-07	-0.0006753863422031	-0.000119535271947	4.561467112344829e-07	1.4288681239443246e-08	0.0	0.0	0.0
911.307855013218	0.7381750068664132	0.5449023407622292	830482.0066087925	1065.4469224376792	-0.28558074228863	1135177.144531922	0.0815563603661249	845.9468785822182	0.1186899914026753	715626.1213829983	0.0140873140591671	849.7128877334497	763.5850809673931	1.163517	20.91987	0.0366915598620491	0.0160309332989628	-0.0397171121	-0.0034587938	-0.0635139885	-0.025960482	-0.1017175015	0.0410695285	0.0095986969	0.0110992741	0.0137101921	0.0291257774	0.1249982532	0.0540701246	-0.0489715995	0.0144972618	0.0524799187	0.1024774805	-0.0329486734	-0.067196948	0.0372845106	0.0800224562	-0.0581505657	-0.0201227835	0.02011573	0.0304168968	-0.0636847904	0.0770996216	0.1293167722	-0.1043763285	0.0731247991	-0.0807381257	0.0889335738	-0.0569848112	-0.0754534546	-0.1002875731	0.1144811502	0.1104066685	0.0232959476	-0.0332362904	-0.0333771922	-0.1919322841	0.1069568159	-0.220919196	0.034698235	0.1377440996	-0.0014397198	0.0960479307	-0.0977835564	0.0339950845	0.0263984122	-0.024325541	-0.0224026035	0.0184145373	0.0265125385	0.1166838005	0.0173482174	0.0639497659	0.0063992824	0.0008749568	-0.0087543071	-0.0653477017	0.0513811462	0.0464775665	-0.1116227097	-0.022988883	0.1466856642	0.0017861532	0.0241594766	-0.0094246357	-0.0098716147	-0.0121565519	0.1222490208	-0.0934187736	-0.0850188809	-0.1431090109	-0.0677098746	-0.0721932303	0.1312834217	-0.1528196929	-0.2033903661	-0.0609548901	0.0310544841	0.1615916353	0.0232462181	-0.1262855835	-0.1356699131	-0.0870733068	-0.0404683858	0.1141754572	-0.0429083816	0.028595386	-0.1199898537	-0.001008036	-0.0298209663	-0.043621108	0.0876903741	-0.0677687469	-0.0111491862	0.0432428924	0.008014627	0.0750338971	0.0904614285	-0.0350720365	-0.0007460462	-0.0333947832	0.0289015003	0.1122206637	-0.071672501	-0.0663953152	-0.1549948448	-0.1469374377	0.0447173485	0.2411143559	0.0185248178	-0.1237830955	-0.0540487397	0.1082719048	-0.0641795919222687	-0.0059787734715684	3.574573222433008e-05	0.0041190200193089	0.1450166080638268	-2.3514925032996903e-05	5.529516993074644e-10	0.0210298166143375	0.0824194495427832	-0.0101296882440777	0.0067929656629353	0.0001026105839222	0.0010571806967333	-0.0001860267238365	1.1176310255455056e-06	3.460594198137864e-08	0.0006912249240229	7.014457751460001e-05	4.9202617547017304e-09	4.77791895590464e-07	-0.0005203659791269	0.0001550203630762	2.707807522326973e-07	2.4031312968276885e-08	0.0	0.0	0.0
912.5266781284026	1.2188231151845912	1.4855297861082712	832704.9382960574	1065.1261437771589	-0.3207786605203182	1134493.7021576008	0.1028989490452095	846.1958018121042	0.2489232298859178	716047.3350044298	0.0619627743768375	850.1376890800368	771.2661801582159	1.0959	19.70413	0.0395720411757235	0.0199859677938918	-0.0595862914	-3.44038e-05	-0.0044526132	0.0480100985	-0.0379308542	0.0166651292	-0.0033774012	0.0119037804	0.0011866502	0.0967430258	-0.030039716	0.0049482399	0.0300074906	0.0095756373	0.0105802882	0.0973588922	0.0643149083	-0.0951509989	-0.042430917	-0.0857142203	-0.0643841611	0.0922061451	-0.0017183733	-0.021522179	-0.0439417986	0.1123942068	-0.0948355656	-0.0703928801	0.1236037487	-0.0008591825	0.0873787356	0.1118774748	-0.0654455377	-0.0074289016	0.0876675507	0.0457872072	0.00682245	0.1003725554	-0.0579335755	0.207534961	-0.0192228252	-0.0710295882	0.072925805	0.0126380566	0.1308400673	0.0598346031	-0.05757937	-0.0393841553	-0.0142098858	0.0550656801	0.0876501223	0.0163098823	-0.0083351032	0.0973523814	0.0900045707	0.0235651606	-0.0644540662	0.0269422295	0.1169129194	0.0043290172	-0.0470926572	-0.0029942865	-0.0394157563	-0.085995085	-0.0771492333	0.0554130239	0.020857558	-0.0544989215	0.1649480903	-0.0640955697	0.0897588559	-0.0040465912	-0.0483377154	-0.0197097211	-0.1478627973	-0.0840272174	-0.1582746048	-0.1587882628	-0.0182501868	-0.1375990926	0.0057942925	-0.0037032612	0.0723245513	0.1437849287	-0.0651709583	-0.0551129708	-0.0564332099	-0.0734932072	-0.0543406057	0.0319917537	-0.1139770619	-0.0168667025	0.0420985674	-0.0026776603	0.1264538005	-0.0531097636	0.0569782927	0.0136448798	0.0153714786	-0.0214984688	0.1233398084	0.078980573	-0.0069501491	-0.0181375019	-0.0175109742	-0.1325569103	-0.0584424849	0.022702402	0.084923646	-0.0449842731	-0.0538499217	-0.0498398047	0.0151740128	-0.1255324169	-0.0446835199	0.1150284477	-0.0622687783333901	0.0019108135888786	3.651208571443127e-06	0.0038774007551328	0.1450404837871985	2.3875723371702406e-05	5.700501665220564e-10	0.0210367419372245	0.0939237901223464	0.0115043405795632	0.0088216783509465	0.0001323498521705	0.00138217263502	0.0003249919382867	1.91040119299813e-06	1.0561975995134625e-07	0.0005720861795901	-0.0001191387444327	1.4194040425024031e-08	3.272825968779962e-07	-0.0005988955220856	-7.852954295870006e-05	3.586758463741834e-07	6.166889117302318e-09	0.0	0.0	0.0
912.1340635774392	-0.392614550963458	0.1541461856282377	831988.5499382919	1062.8792133218435	-2.24693045531535	1129712.222111661	5.048696471023649	847.3603295494686	1.1645277373644376	718019.528094184	1.3561248510911366	850.7101964620866	771.3201337636904	1.028346	18.489511	0.0481436143393085	0.0235917911258445	-0.048030042	0.0037363966	-0.0450026876	0.0937427171	-0.0350026597	0.0477232991	0.0331566468	0.0018215984	-0.0010707534	-0.1131217487	0.0304099041	0.1374480887	0.0198223385	0.0524399087	-0.054211567	-0.0574355189	0.0541409338	-0.0109680891	-0.0229276279	-0.0980615623	0.0236003594	-0.0196138777	-0.1097705176	-0.0415005144	0.1285318482	-0.0338552856	0.0251016662	0.077868172	0.0155471967	0.0327979371	0.2124357187	0.0858814302	-0.1417290681	0.0217820026	0.0944961714	0.0164445142	0.1856704652	-0.1388259469	0.0358483835	0.1557459912	-0.0434389654	0.1138081984	0.0146912282	-0.0245365102	0.1216475021	-0.0060153779	0.016757295	0.0318042563	0.0534855054	0.0958551792	0.1835520876	0.0515978312	-0.0544542456	-0.0806068946	0.0195154019	-0.0236631997	-0.0898879247	-0.0096783436	0.064568569	-0.0702818573	-0.0048605276	0.0783325913	0.1022451249	-0.0393692862	-0.0443176721	-0.0797633693	0.0539510885	0.0901880514	0.0584596245	-0.1491654271	0.0134351466	-0.114015282	0.023735747	0.0118398193	-0.1014343751	-0.2805382459	-0.0135823622	0.1471185571	0.1484474915	-0.0166366914	-0.0520627132	-0.0124774795	0.0272239904	0.0581158266	-0.0099446292	-0.0292012254	-0.0334366732	-0.1048170486	-0.042337758	0.0493061873	-0.1500116376	-0.0359855479	-0.0207975797	-0.0537771369	0.1245694982	-0.0175998411	0.0219428671	0.0902956517	0.0231921115	0.0083735992	0.0567801993	-0.0898818183	0.0894566681	0.0039588804	0.1516775075	0.0640515169	0.0006514457	-0.079530085	-0.0686091753	-0.0663777933	0.0457713954	0.0142765442	0.0118128082	-0.1269376627	-0.0350428114	0.1205247148	-0.0692019923439488	-0.0069332140105587	4.806945651620754e-05	0.0047889157443719	0.149049888739114	0.0040094049519155	1.6075328068444635e-05	0.0222158693331422	0.0992808989944507	0.0053571088721042	0.0098566969051463	2.869861546757851e-05	0.0010577769038658	-0.0003243957311542	1.118891978351918e-06	1.0523259039106801e-07	0.0007060896088482	0.000134003429258	1.7956919052930593e-08	4.985625357234041e-07	-0.0007773740917679	-0.0001784785696822	6.043104785519674e-07	3.18545998358396e-08	0.0	0.0	0.0
912.5989376851884	0.4648741077492104	0.2161079360556245	832836.8210641344	1065.3205732537444	2.4413599319009336	1134907.9237976866	5.960238317091331	848.2002973885371	0.8399678390685494	719443.7444900029	0.7055459706694885	851.9723621519823	766.4949233820272	1.001156	18.000648	0.1562383024371619	0.0991391132768843	-0.0308696563	0.0297280068	-0.1117262066	0.0443572159	-0.080830846	-0.0069968112	-0.049943737	0.1010673082	0.0360503942	-0.0032087073	-0.0083971776	0.109768375	-0.004757169	-0.0087029269	-0.0914157508	-0.0708159493	0.097556459	0.023074211	0.036716532	-0.0702078201	-0.0918812454	-0.0728940058	0.1240142599	-0.0330573739	0.122285017	-0.1535953735	0.0472500196	-0.0020217098	0.1413995501	-0.0461136494	-0.0792564166	0.0092718945	0.0137630132	0.0691642819	-0.0609378789	0.0747427306	0.0397895786	0.057525791	0.0147279449	0.0354642458	-0.1365803595	-0.1487003474	0.1307464745	-0.0671747369	-0.0576548212	-0.1898737024	-0.0378548338	-0.046543382	-0.070932369	-0.1285852653	0.1459170198	-0.0077644309	-0.0792086982	-0.0781753146	0.0859050189	-0.0613740332	0.0346203023	0.0218806388	0.0896719055	-0.0761444573	0.1284421881	-0.1063786871	0.1115024208	0.1424964158	0.0193699598	-0.1132787392	0.0392239045	0.0217724434	0.129325513	0.079558617	-0.0437774404	0.0603118116	0.0491101883	0.0167604996	-0.0358542409	0.0573858429	-0.0678965641	0.041169525	-0.0015275351	-0.0468464388	0.1641061454	0.0386045885	0.0475302425	-0.0698626247	0.0295400084	-0.0460614238	0.2788367911	-0.1576302093	0.0004101214	0.0622613613	-0.1815908358	-0.019564623	0.067567264	0.0184271372	0.1371513075	0.0783127699	-0.0577327908	0.0602718651	-0.0231640577	0.036357816	0.0455788244	0.1059137016	0.0696208821	-0.0868317259	-0.0032685052	-0.2080930607	0.0128052301	0.0175174665	0.073108643	-0.0251301155	-0.1733948676	0.129268571	0.0084435077	-0.1279949812	-0.0251860523	0.124700488	-0.069188972450064	1.3019893884802514e-05	1.6951763677151788e-10	0.0047871139086957	0.1566099794244593	0.0075600906853453	5.715497117064477e-05	0.0245266856553295	0.1845865452076225	0.0853056462131718	0.0340721926716856	0.0072770532758468	0.0004480655460884	-0.0006097113577773	2.007627335914961e-07	3.7174793980276057e-07	0.0009477313543511	0.0002416417455029	5.8390733169688335e-08	8.981947200201703e-07	-0.0011932119013828	-0.0004158378096149	1.4237546416015568e-06	1.7292108390531787e-07	0.0	0.0	0.0
913.6468647632488	1.047927078060411	1.098151160932231	834750.5934917142	1068.2608200614975	2.940246807753056	1141181.1796784631	8.645051290502034	848.1223414915704	-0.0779558969667277	719311.5061371439	0.006077121871887	852.0521541893406	770.357925859163	1.170314	21.042074	0.1919141285629648	0.1297602395250982	-0.0712712007	0.0073157035	-0.0062788192	0.0028926925	0.1546059576	0.0976767192	0.0805335075	0.0557556212	-0.121422344	0.0096765134	-0.0096444985	-0.036954146	-0.0470817922	0.0861737667	-0.0830045974	-0.0789112627	-0.0439046954	-0.0137939805	0.1379139655	-0.0682142598	0.0178314282	-0.0269494521	-0.0266475279	-0.0196959876	-0.0108536419	-0.1087660138	-0.0306030791	0.0617004946	0.0422292286	0.0216991377	0.0836847807	-0.1388516479	-0.0280074242	-0.0098418792	-0.0951043901	0.0162715381	-0.0453338442	-0.0101236464	0.2765864193	-0.0594704891	-0.0090604545	-0.0559582684	0.1726822258	-0.1394462785	-0.1313860113	-0.005604111	-0.0886938567	-0.0531033581	0.1199797498	0.0983549944	0.0344432529	0.085254575	-0.0736775973	-0.0970127023	0.0254345089	0.0475361055	-0.0114870245	-0.1298369095	0.0289414617	-0.0317985183	-0.005734936	-0.0130582879	0.0949390748	0.0657528151	-0.0499645146	-0.0119099647	-0.0804809038	0.1054422439	-0.0457164126	0.0312127755	0.0267295253	-0.099543724	0.1072531276	0.0615016531	0.078903412	-0.0047625092	0.1336027658	0.0919078788	-0.018522968	-0.1016145084	0.1961454693	0.2068474586	-0.0263933635	0.0507440764	-0.0088721544	0.2030353369	0.0503255264	0.0214055188	-0.0633788031	0.0246932792	-0.151012688	-0.0326601616	0.010892381	-0.0771459167	0.0735803978	-0.0772373424	0.0687049471	0.0935964703	0.0177921401	-0.0458180916	0.0176517678	-0.0060403221	-0.0094314359	-0.0049024211	-0.0359740765	0.1149875846	0.1808133127	-0.0462673218	0.0174737541	-0.1634278085	0.0564139702	0.0198325818	0.0050684204	-0.1287014744	-0.0151740128	0.1275100165	-0.0692439601259735	-5.498767590950138e-05	3.023644501928358e-09	0.0047947260139274	0.1144259352492298	-0.0421840441752295	0.0017794935829777	0.0130932946576609	0.0713602688523167	-0.1132262763553058	0.0050922879706749	0.012820189657288	0.0010730173324407	0.0006249517863523	1.1513661957181558e-06	3.9056473526493083e-07	0.0009469115314426	-8.198229085000161e-07	6.721096013014257e-13	8.966414483789701e-07	-0.0010900071035132	0.0001032047978696	1.188115485709236e-06	1.0651230303304991e-08	0.0	0.0	0.0
912.552697239603	-1.094167523645751	1.1972025698010758	832752.4252392746	1060.7445307624412	-7.516289299056325	1125178.9595424314	56.494604827108624	847.3895838802588	-0.7327576113116265	718069.1068687581	0.5369337169351207	850.5782690890773	769.2924662035565	1.174509	21.117502	0.1239033185929665	0.0770330401757845	-0.0562339887	-0.0017471521	0.0307750505	0.154865573	0.046978299	0.0648976171	0.0914082917	-0.1524202149	0.0432227703	-0.1749608176	-0.0154566228	-0.0523062115	-0.0703737415	0.0377535151	0.0112792429	-0.0559578796	0.036493827	0.0721313357	0.1107573846	-0.0606087399	-0.0215933371	-0.0788537245	-0.0116155248	0.0423458692	0.1342926098	0.1374455393	0.0494068844	-0.0743224467	0.0241482139	-0.1706994491	-0.0651635767	-0.0955143685	0.0831870525	-0.0904584153	0.0192771399	0.0348331244	0.1322723148	0.0952212321	0.098065477	0.1368012776	0.0849654968	0.0998775338	-0.1001452307	-0.0133577914	0.0536823349	-0.1642773064	-0.0275304749	-0.0347130009	-0.030314365	0.2078680414	-0.1770501023	0.0381397605	0.0110686849	-0.0601378383	-0.0634152085	-0.1286218491	-0.0019166071	-0.0652932241	-0.0150366134	-0.1445910491	-0.0010343308	0.0377924454	-0.0624927363	-0.0547159093	0.0223037588	-0.1095442875	0.1286152682	-0.1254100089	-0.0585962288	0.1330664221	-0.0201513257	-0.0619609186	0.0518837659	-0.0848807735	-0.0326825517	0.1015809283	-0.1654364224	0.0463341789	0.070290671	-0.0520002027	-0.0053716184	0.1850684143	0.1837930702	-0.0167009235	0.1205746014	0.1063584993	-0.229429173	-0.0571167869	-0.0415638783	0.0495174486	-0.1467812016	-0.050122032	0.0414779142	-0.0947602901	0.0993861041	0.1953298441	0.084230157	0.0266709443	0.0503068296	-0.0426970062	-0.153367704	0.0854368109	-0.0027624886	-0.0165169431	-0.0217241918	-0.1255947872	0.0617606728	-0.0022861377	-0.0762652605	-0.0319998814	-0.0870536482	0.0070293003	0.0016898595	-0.1290552057	-0.0050684204	0.1289225186	-0.0691575885809641	8.637154500940047e-05	7.460043787310892e-09	0.0047827720583338	0.1851918922772597	0.0707659570280299	0.0050078206740929	0.0342960369652321	0.0887643886928089	0.0174041198404922	0.007879116700008	0.0003029033874222	0.0010497060668294	-2.3311265611300133e-05	1.1018828267384486e-06	5.434151044005842e-10	0.0004750424052264	-0.0004718691262162	2.226604722760401e-07	2.256652867632833e-07	-0.000872250091752	0.0002177570117612	7.608202225613723e-07	4.741811617116741e-08	0.0	0.0	0.0
912.571233513662	0.018536274058988	0.0003435934559899	832786.2562366467	1064.3725475785295	3.628016816088348	1132888.920038809	13.162506017819831	847.9800704322508	0.5904865519920577	719070.1998502851	0.348674368083469	851.498422835151	773.4679988994155	1.119385	20.126394	0.1997061370536	0.1189245984003761	-0.0493260527	-0.0332354791	0.0153806674	-0.0537204992	0.0937795419	0.0665866095	0.0879003731	-0.1820290954	-0.0395683321	0.0970955764	-0.0570928395	-0.0226624113	-0.0796152642	0.0557992967	-0.0351389515	-0.0159302475	0.1471193334	-0.0190097304	-0.0641467288	-0.160552986	0.069093755	0.1929155966	-0.1538334072	0.0668042848	-0.0340891346	-0.0554154365	0.0533404093	-0.0789833358	-0.0729214185	0.0618510956	-0.1306836955	0.0475988703	-0.1418110753	-0.0115621441	-0.1573773149	0.1754288492	0.2232382064	-0.0727396357	-0.0764920598	0.0154496181	0.0882607314	0.0024382786	-0.0197497081	-0.0253810158	0.0813131807	-0.0493076558	0.1817768157	-0.0719233931	-0.0193704789	-0.0666112802	-0.1451748581	0.0580163927	-0.0381384567	-0.020713952	-0.004825829	-0.1115205582	-0.2334504432	-0.0420136516	0.0919216085	0.0887034017	-0.1026135276	0.1242637847	-0.0439305632	0.0827088725	0.1154542957	0.1871758039	0.098526633	0.0147672288	0.082841031	0.0039218965	-0.1599653186	0.1293264984	0.2265517626	-0.0894937314	-0.1458659566	-0.0686875191	0.0096505469	0.0411654109	-0.0888134338	-0.0086162943	-0.0244352297	-0.0419149677	-0.0030603207	0.0025351746	0.2190217139	-0.0770267859	-0.0811728908	0.0496748939	-0.0800188054	0.0508323567	-0.0868247566	-0.019494921	-0.0061193446	-0.0133715793	0.1509353843	-0.122188066	0.0754772615	0.0132762749	-0.0167156622	0.078672579	0.0630152955	0.0572074348	-0.0938772229	0.1284299025	-0.0232229289	-0.0134684272	0.1478909743	0.0381293068	-0.0087595297	0.1340057384	-0.0725967157	-0.1398044742	-0.0016898595	-0.1290552057	0.0050684204	0.1289225186	-0.0693922478480288	-0.0002346592670647	5.506497161934308e-08	0.0048152840614022	0.1078403557870331	-0.0773515364902266	0.0059832601973988	0.0116295423362738	0.0407525289987802	-0.0480118596940286	0.0016607686197964	0.002305138671279	0.0023942059415574	0.001344499874728	5.732222090588757e-06	1.807679913143608e-06	0.0005160725853678	4.103018014140001e-05	1.683475682435736e-09	2.663309133682053e-07	-0.0007756185145758	9.663157717619996e-05	6.015840801527705e-07	9.337661707559892e-09	0.0	0.0	0.0
910.8801976276476	-1.691035886014447	2.859602367788666	829702.7344301824	1065.4323592778494	1.05981169931988	1135146.1121963644	1.1232008380152918	847.5366694150384	-0.443401017212409	718318.4060031362	0.196604462064999	851.0170002838408	763.6895515441895	1.129175	20.302404	0.0639581615544385	0.0341479622024105	-0.0291074393	-0.06654132	-0.0565872589	0.1812620331	0.0262035632	0.075272221	0.0649240973	0.016142492	0.0523826464	-0.0962455173	0.1399112142	0.0765425901	0.1535022035	0.0415294635	0.0193540794	-0.0647164204	0.0513235039	-0.0718721551	-0.0744852781	0.0346783642	-0.0572952593	-0.0389101922	-0.2563387923	0.1211022149	0.1142885661	-0.0927567083	0.0463232286	-0.0288743195	0.0431025357	0.0928360223	0.0501452524	0.0272658598	-0.1071983574	-0.2158650409	0.0678928927	-0.0043141492	-0.0186563302	0.1007817837	0.0612031477	0.1371489108	0.1815729185	-0.0411167417	-0.051077065	0.0839244956	-0.164486308	-0.0640631258	0.0451893495	0.1311386098	0.0246425892	-0.0517479301	-0.0198207806	0.043004057	0.0162409034	-0.0755982971	0.0450067459	0.026326391	-0.0492126215	0.0425704938	0.0247279068	-0.092830825	-0.1100442852	0.2409289404	-0.0652160438	0.1076782991	-0.0503575874	-0.0758097908	0.1704454349	0.1433817709	0.0256929905	-0.0984697148	0.1247968033	0.0001856603	0.0390988483	0.1521603087	-0.037195309	-0.0617005594	-0.0665041961	-0.0345768246	0.0907178831	-0.1648425061	-0.1178751539	-0.0085564448	-0.0084863238	-0.2212491566	0.0533737259	0.0309530573	0.0532083118	0.0876425555	-0.0745291836	0.0784340373	-0.0585470589	-0.0336628072	-0.0233472701	0.057319709	0.1935191813	-0.0204631115	0.128164978	0.0554799147	-0.0155822551	-0.0117789465	0.1188432253	0.0176392861	0.0299608679	0.0679837942	0.0198140648	-0.0364528565	-0.0146439008	0.0028565	-0.0958276991	0.0356868208	0.0611007001	-0.1889261115	-0.0050684204	-0.1287014744	0.0151740128	0.1275100165	-0.0757968582372967	-0.0064046103892679	4.101903423831833e-05	0.0057451637186448	0.1259128004182059	0.0180724446311728	0.0003266132549468	0.0158540333091549	0.068527797120808	0.0277752681220278	0.0046960589782306	0.0007714655192505	0.0024601597412357	6.595379967829981e-05	6.052385952396906e-06	4.3499036920053e-09	0.0005162531716895	1.805863216999739e-07	3.2611419585126466e-14	2.665173372794684e-07	-0.0006076361323364	0.0001679823822393	3.692216693207392e-07	2.821808074282388e-08	0.0	0.0	0.0
908.96038094769	-1.919816679957535	3.685696084643171	826208.9741325699	1058.577947582719	-6.854411695130466	1120587.2711084415	46.98295968634131	847.8166204099501	0.2799509949117009	718793.0218433494	0.0783725595520512	851.2897395525944	756.8685812883599	1.141923	20.53162	0.0332746999292341	0.0186045828728475	0.017903122	-0.0807927029	-0.1763817822	0.0079321471	0.0120502052	-0.0328284361	0.0734276694	0.1868323704	-0.011897981	-0.0674037607	-0.0164096841	-0.130207367	-0.0996066354	0.0536232878	0.0464527424	-0.1702907906	0.1607587176	-0.0592809869	-0.0856021413	-0.0182748108	-0.0119735261	-0.0074081678	0.0092075129	0.1354103803	-0.0808584681	-0.0160624742	-0.2456325932	-0.0910660499	-0.0693894563	-0.0546343887	-0.0464136016	-0.0353771648	0.0444403835	0.2235451043	0.0196455529	0.2316838912	-0.1303943258	0.0919025819	-0.1188613094	0.00654349	0.0770886633	0.006089124	0.0439713496	-0.0370722594	0.0112988025	-0.1369024468	-0.050737505	-0.0704061753	0.0251565923	-0.1028912386	-0.0576467709	0.0565529165	0.0667336791	-0.1591200465	0.1341558885	-0.0837155531	-0.028163151	0.1068735573	-0.0567686168	0.0226875809	-0.0927325142	-0.0974605059	-0.0630256677	0.0777556715	-0.2281019455	0.0982635381	-0.0513057521	-0.1810919623	0.049263432	0.0142251614	-0.1765835271	-0.0293897108	-0.0386151294	0.0706239639	-0.2153216519	0.1656358542	0.0890526351	-0.078379824	-0.0620320973	-0.0258140124	-0.0498695596	0.0448970911	0.0435618599	0.0242294507	0.077558875	-0.0548794329	0.0138968053	0.0092431085	-0.0579032786	0.1181648764	-0.0024569067	-0.0222353513	-0.0421135503	0.0095961137	0.1391439474	-0.1655447213	0.0035067746	0.0827869995	-0.2182558972	0.0610646813	-0.0600270613	-0.1054231176	-0.0968193026	0.1125711984	-0.0594610597	0.0109023382	0.0595032261	0.0143747249	0.0788744844	0.1788223453	-0.1915285334	-0.0911085331	-0.0084435077	-0.1279949812	0.0251860523	0.124700488	-0.0693372806515526	0.0064595775857441	4.172614258624758e-05	0.0048076584881521	0.1271575027208058	0.0012447023025999	1.5492838220975025e-06	0.0161690304981917	0.0562816023833079	-0.0122461947375001	0.0031676187668327	0.0001499692855487	0.0026451405279842	0.0001849807867485	6.996768412784533e-06	3.4217891466094064e-08	0.0005163051622183	5.1990528799976926e-08	2.7030150849012295e-15	2.665710205332651e-07	-0.0005261844035459	8.145172879050002e-05	2.768700265349545e-07	6.6343841229611715e-09	0.0	0.0	0.0
903.4209949704313	-5.539385977258803	30.684797005051465	816169.494153364	1060.4750429413025	1.897095358583556	1124607.3167013573	3.598970799559271	846.8175637274037	-0.9990566825464384	717099.9862372155	0.9981142549406952	850.7617413158148	735.01385342354	1.342114	24.131021	0.153946586769639	0.0854432044021724	0.1013609099	-0.1269578284	-0.1106316284	0.0650958752	0.1308999963	-0.1476636045	0.1343804003	0.0933668761	-0.0643696023	0.0016188768	0.0491842245	0.0560390027	-0.018344262	0.0705568105	0.1327377337	-0.2470826905	-0.0069501405	-0.0594919973	-0.0206903545	0.0089575932	0.0943037096	-0.0020160734	0.0959841917	-0.2011009196	0.0281123906	0.0319237018	0.1612425018	-0.003689566	-0.20319864	-0.0662538413	0.0276508114	-0.0167017562	0.0715333944	-0.0273896717	0.1020631036	0.1506516611	-0.007264514	-0.0201566233	0.0785872296	-0.000248596	0.022956312	0.0688958203	-0.1233145522	0.1375957262	-0.0095202748	0.0915331211	0.0582500519	-0.0800941076	-0.0424078025	-0.1017664629	-0.1033421399	0.0641456452	0.1621117661	-0.2170110845	0.0433267688	0.0922401064	-0.0699010404	0.03126688	-0.1176581371	0.0581838529	0.0867871586	-0.0570964619	0.1408128715	-0.0742764089	0.2586478419	0.0016869297	-0.0538080751	-0.1477371245	-0.1813126606	-0.0210028054	0.0331203273	0.0007523891	0.0195375229	0.0117351616	-0.0624922324	0.0442063378	0.1796333205	-0.030814197	0.0666140859	-0.0495356816	-0.0327688602	-0.0451986135	0.1411500825	-0.0339267431	-0.0850796807	-0.0460430083	-0.0654898768	0.0135279924	-0.0373969665	0.2362066902	0.1586098338	-0.1736775303	-0.2610814938	0.2745852064	-0.1353183206	-0.1875611447	-0.1538333036	0.0724132788	-0.1891412268	-0.3678450931	-0.3235054232	-0.0987197082	-0.0799316171	0.0893565771	0.1837138298	0.1302383238	0.151668336	0.0592877894	0.1840786343	-0.127147703	-0.1171726009	0.0069522398	-0.0118128082	-0.1269376627	0.0350428114	0.1205247148	-0.0139196984889338	0.0554175821626188	0.0030711084127506	0.0001937580060228	0.185205748742689	0.0580482460218831	0.003369598866217	0.03430116936734	0.0773657615528549	0.021084159169547	0.0059854610606532	0.0004445417678867	0.002307152450409	-0.0003379880775752	5.322952429428253e-06	1.1423594058297953e-07	0.0005163364705698	3.130835149998696e-08	9.802128736467356e-16	2.666033508404779e-07	-0.000576097005931	-4.991260238509997e-05	3.318877602426626e-07	2.4912678768530864e-09	0.0	0.0	0.0
904.2166916863256	0.7956967158943371	0.6331332636850334	817607.8255241635	1050.3121867885252	-10.162856152777294	1103155.689716494	103.28364518204332	846.6823052037861	-0.1352585236176082	716870.9259451971	0.018294868211215	850.1535278203088	719.3640180410341	1.459075	26.233961	0.1101089960126649	0.0833831148676823	0.1855830727	-0.0638352875	-0.0188120657	0.1957033206	-0.1797262876	-0.2038852068	-0.0021591798	0.0422953865	0.050760923	-0.0635372631	0.1108323594	-0.1398886941	0.0532634429	-0.0721913453	0.1325023412	-0.0396110444	0.2072182551	0.0631586731	-0.0541190198	0.1708312686	0.2137832688	0.0214110294	-0.0542966802	-0.1694569335	-0.2060567489	0.0957576916	0.1787086121	0.0479084799	0.0506207481	0.0265999065	0.0493288708	0.1638329961	0.1487515776	-0.0498598309	0.2022588245	-0.0845839722	-0.1055986475	0.100354424	0.0179889337	-0.0027829738	-0.1691840878	0.0478252042	0.059392298	-0.0534687209	-0.1224224686	-0.1433745415	-0.0400859506	0.1545926031	-0.0378880493	0.0146331984	0.0427875431	-0.0759802522	0.1427914041	-0.0255872545	0.0903856664	-0.1847780766	0.0075131501	0.1092071978	-0.1677174584	0.0725345371	-0.1499784065	0.0619637921	0.0579557091	-0.2689719009	0.2039184768	-0.016626145	-0.1532690742	0.0541187432	0.0864252824	-0.0947635926	0.1404405979	0.0915643053	-0.1998104226	0.0524866379	0.0492128095	0.0384034268	-0.1512300407	-0.0438795851	0.146939708	-0.0041914176	0.1176594503	0.0743105687	0.0231977653	-0.048912203	-0.1168683427	-0.0218200821	0.138063524	-0.0015815571	0.0343274795	0.1879085223	0.0892276985	-0.0697695001	-0.0633694282	-0.0207612418	-0.0657506678	0.2627371702	0.0350352505	0.1647364187	-0.0780864117	0.0093588458	0.0699352575	0.1415432436	0.0657771129	-0.1862417856	-0.0058058024	0.0611096144	-0.3386775803	0.03788431	-0.0976886407	-0.0158955944	0.0955520354	-0.0353581744	-0.0151740128	-0.1255324169	0.0446835199	0.1150284477	-0.0177638679453906	-0.0038441694564567	1.4777638809955362e-05	0.0003155550043812	0.182495763081846	-0.0027099856608429	7.344022281974615e-06	0.0333047035428252	0.1558720901785051	0.0785063286256501	0.024296108496616	0.0061632436342785	0.0019962018175157	-0.0003109506328932	3.9848216962529845e-06	9.669029609674369e-08	0.0005162359652146	-1.005053552000177e-07	1.0101326423881724e-14	2.6649957178104965e-07	-0.0007660161130768	-0.0001899191071458	5.867806854932889e-07	3.606926725905787e-08	0.0	0.0	0.0
906.2569516985332	2.0402600122075683	4.162660917413227	821301.6625019175	1056.3489511704304	6.036764381905186	1115873.1066388683	36.44252420263911	846.7054399333313	0.0231347295451769	716910.102012696	0.0005352157111284	850.9105137862866	735.6202453247337	1.172993	21.090258	0.1087208925751228	0.0505734983086155	0.1248811401	-0.0556023184	-0.0841231972	-0.0360794748	-0.0583144963	-0.1338611297	0.0706022848	0.0518658692	-0.0096574081	0.0614796863	-0.1119597235	0.0361678698	0.0822793844	-0.0632103026	0.1087969062	-0.0018852682	0.2444612726	-0.1862806465	0.0256857498	0.0724709838	0.1002806625	0.0731071443	0.0319396861	0.0408869943	0.1611099523	-0.0043097753	-0.0980236282	-0.0885636867	-0.0135217124	-0.0486892078	0.0076161396	-0.034417068	0.0891436169	-0.0762023977	-0.0720188332	-0.0283963584	-0.0657344383	-0.1267625625	0.0860786108	-0.1468457398	-0.0393109351	-0.0387660053	-0.0129574687	-0.134965809	-0.0394991152	0.0168656382	0.0725613511	0.1241183266	0.0415177564	-0.0547807637	0.1445754806	-0.054991258	0.1163712774	0.0056945663	0.3072209429	-0.0559714237	-0.1041536003	0.0365825189	-0.068032005	0.0811646063	-0.0203159073	0.0523815201	0.0150414638	0.0337455684	-0.0883643263	-0.0262863016	0.1237553003	-0.0990868929	-0.0484654723	0.0677429965	0.102217178	0.0319650383	-0.010271956	-0.0837610207	0.1079016996	-0.0387675229	0.1252683291	0.0906284243	-0.0280606923	0.0861222671	0.0310618508	-0.0194274197	-0.0959605507	-0.0617840012	0.1174184301	0.0497843714	0.1799812555	0.0148123551	0.0198770721	0.1278106954	0.1063419507	-0.0976610898	0.0351105166	-0.1175655432	-0.058690286	-0.0606377876	-0.0898890936	0.080148274	-0.139643147	0.0582713011	0.0831519763	-0.0182222067	-0.0576904898	0.0326508956	-0.0631735622	0.0542940642	-0.0653178168	0.2211834557	-0.0322735077	0.2186060916	0.1405065747	0.1181852672	-0.0185248178	-0.1237830955	0.0540487397	0.1082719048	-0.0109259749788748	0.0068378929665157	4.675678022152622e-05	0.0001193769292389	0.1626699925288761	-0.0198257705529699	0.000393061178019	0.0264615264693446	0.117573691524683	-0.038298398653822	0.0138235729387413	0.001466767339447	0.0014580916627146	-0.0005381101548011	2.1260312968778265e-06	2.89562538700064e-07	0.0002569982793954	-0.0002592376858191	6.720417774889423e-08	6.60481156121961e-08	-0.0006881873456608	7.782876741599994e-05	4.736018227276576e-07	6.057317037493814e-09	0.0	0.0	0.0
905.7450677296345	-0.5118839688987009	0.2620251976154862	820374.1277165601	1057.8685812414046	1.5196300709742443	1119085.9351777022	2.3092755526091877	846.3539583553821	-0.35148157794913	716315.022823824	0.1235392996376103	849.952661394615	725.0267581562663	1.117588	20.094076	0.1135836929051731	0.0569611555187877	0.1237778686	-0.0779749544	0.0708670726	-0.0526017395	0.0516103384	-0.115317328	0.0125958174	-0.0490357742	-0.0372897714	0.0735442833	0.1054655021	-0.1148336964	0.0623219663	0.0341927768	0.0941195482	0.0209059876	-0.0697614448	0.0513722578	-0.0235057295	0.0447374402	-0.0414876007	0.1025528063	-0.0241105174	-0.0248371751	0.0430153275	0.052172016	0.1018417488	-0.0843200037	0.1450761423	-0.0522741806	-0.0800783385	-0.0681628846	-0.0342273343	0.0741039757	-0.1357936263	-0.1639837516	0.1397323531	0.1272315448	0.0607290881	-0.0436645444	-0.0154164748	-0.0185491801	-0.133686654	-0.0007837979	-0.0696503065	0.0691290501	0.0687274672	0.117301361	-0.0706038252	0.1537737743	0.0629762084	0.0329948347	0.108785722	0.0261876936	-0.0812708071	0.038909205	0.0449691669	-0.0056095015	0.0339553002	0.0596672375	-6.25247e-05	0.030315705	-0.0553451732	0.0080661465	0.1307946572	-0.041180467	0.1049483427	0.0727708286	0.1442503236	0.0532423901	-0.1104031548	-0.1007127495	0.0850817699	-0.1139344381	0.1982682818	0.1444526374	-0.0885979358	-0.0411481096	0.0451587594	0.0353650077	-0.0379670548	0.1029003347	-0.0344316461	-0.0518384253	0.0070216004	0.1117515889	0.0366735776	-0.0747347378	0.0144755313	0.073507156	0.1763842259	-0.1979303347	-0.0145121324	0.1162958017	-0.0791639462	-0.0112775965	-0.1013180498	-0.0715973881	0.115544645	-0.004149943	0.1260160599	0.0115885888	-0.1579288246	-0.0697189131	-0.0558904836	-0.1196315996	-0.0070273312	-0.0620576449	-0.0058856961	0.1656704935	0.1780277262	0.1408908355	-0.0218629269	-0.1216944932	0.063080731	0.1003291122	-0.039219243346622	-0.0282932683677472	0.0008005090349293	0.0015381490486815	0.1616834756349732	-0.0009865168939028	9.73215581955804e-07	0.0261415462934049	0.103452519512885	-0.0141211720117979	0.0107024237935638	0.0001994074989867	0.0021379399894215	0.0006798483267069	4.570787398367604e-06	4.621937473261722e-07	-0.0001111150129009	-0.0003681132922963	1.355073959652212e-07	1.2346546091967174e-08	-0.0010438804392921	-0.0003556930936312	1.0896863715366675e-06	1.2651757685700466e-07	0.0	0.0	0.0
906.9369347725144	1.1918670428799487	1.4205470479033937	822534.603654564	1055.6266118337417	-2.241969407662964	1114347.5436115852	5.026426824896621	846.2035056643717	-0.1504526910104004	716060.3729986724	0.022636012232271	849.4913010249218	732.5844868698786	1.111528	19.985117	0.1030519288175816	0.049638300901466	0.1319418865	-0.0290381858	0.0681928722	0.0882869723	-0.0954681719	-0.1194812285	-0.0605111543	-0.0713059061	0.1053126691	0.0969920397	-0.0371239441	0.0523881725	0.0635692395	0.015270076	0.0892405946	-0.0119877218	-0.1539941671	-0.0091918532	-0.2863563116	-0.0834011225	-0.1740626467	-0.126096777	0.0249196936	-0.0687355497	-0.1235651953	-0.0815476194	-0.0686851483	-0.0203374766	0.0843794526	0.1536108941	0.0116210979	-0.1419455903	0.0822011304	-0.0104602724	-0.1184750256	-0.0851587664	-0.0348775412	0.021342004	0.1086023093	0.0412935719	0.0399533994	0.1168803784	0.0457363455	0.0216362924	-0.0501665208	-0.1745080955	0.1522472699	0.1385629593	0.0561128642	-0.1230075899	-0.1488351611	0.0068037245	0.1016479326	0.0085925509	-0.170418996	0.1650261037	-0.0126176315	0.2407867181	0.09179627	-0.0381213659	0.0251744277	-0.186026933	0.0216040976	0.137507125	-0.0372161187	0.1738936601	-0.0415654215	0.1072854961	0.0449363692	0.0888292067	0.0691764674	-0.0912756661	0.0241291649	0.0586934432	0.0687569384	0.1399403978	-0.0498743715	0.0205763855	0.1477445229	-0.0083611615	-0.0054604804	-0.0796223981	-0.0145586538	-0.1233838503	0.1400549698	-0.0652731333	-0.0224907538	0.2028691269	0.0628894225	0.0383148189	0.1527617304	-0.0769021968	0.0001750611	0.1959792714	-0.0571641609	0.1252441992	-0.0270231391	-0.0995699741	0.1082809695	0.0410492815	0.1967887572	-0.0350265497	-0.0279003299	0.1613755645	-0.0318134972	-0.1618477821	0.0965340231	-0.1497438899	0.0610690098	0.1505076865	0.0536355041	0.1225637916	-0.0251860523	-0.1192723348	0.0717238087	0.0912870929	-0.0430327333915414	-0.0038134900449193	1.4542706322699346e-05	0.0018518161431474	0.1840494722679864	0.0223659966330131	0.0005002378053879	0.0338742082421242	0.1440830264459691	0.040630506933084	0.0207599185098298	0.0016508380936393	0.0025463319959494	0.0004083920065278	6.483806633595655e-06	1.6678403099588413e-07	-0.000352734581559	-0.0002416195686581	5.838001595852631e-08	1.2442168502760284e-07	-0.0009690533103468	7.482712894529993e-05	9.390643182940916e-07	5.599099226196543e-09	0.0	0.0	0.0
908.5357677192552	1.5988329467407991	2.556266791583868	825437.2412252164	1057.2587875275922	1.6321756938505132	1117796.1438043143	2.663997495596404	846.5436642758868	0.3401586115151076	716636.1755256454	0.1157078809878859	849.1546170360452	733.1171290042788	1.13749	20.451904	0.1006658671245794	0.079075423763351	0.095842534	-0.0414225122	0.0336594479	-0.1048016849	-0.0537229816	-0.0658933573	-0.0771451129	0.0135653283	0.0287647464	0.0853554385	0.2972611886	-0.1545740138	-0.0590651531	-0.0084882604	0.0594589394	-0.0025391622	-0.0340299101	-0.1144860508	-0.148760872	0.0255415598	-0.0697062634	0.0395090586	0.0170668449	-0.0168651926	0.0053205467	0.0076958418	-0.0353257413	-0.1555227985	-0.2205836739	0.0977715974	-0.0547182846	-0.0549872741	-0.008396962	0.0447350997	-0.1906865904	-0.2145986765	0.1079516728	-0.0477276711	-0.0525334793	0.0459782126	-0.1058630796	-0.0653852107	0.0984756529	0.1902120519	-0.0256745915	0.137557336	0.0225040602	0.0085922421	-0.0535809713	0.1369669153	-0.1401647542	-0.0141219857	0.0655881341	0.0042212233	-0.04169481	0.1187572404	0.047058034	0.1614564643	0.0588471696	0.0087187505	-0.0658803178	-0.0088208185	-0.0066139525	0.0336575447	0.0432070202	0.2493364231	0.1218032019	-0.1560537125	-0.033324092	-0.0123382896	-0.1490875909	-0.0546371192	0.1148266797	-0.056811409	0.2475330489	-0.0621276425	-0.1605722722	0.0821821734	-0.0094766528	-0.0071036385	0.1198875306	-0.074575463	-0.0923637175	-0.0298960549	-0.1632512576	0.0207793422	-0.1821842988	0.0484314566	0.0266089684	-0.0393342012	0.1383734795	-0.0606443401	-0.0058967878	0.0913732769	-0.1430441497	-0.0199798032	-0.0539527676	-0.0315885631	0.1300436058	0.072021816	0.1424445233	0.0027936247	-0.133072601	-0.1193082708	-0.1642607229	0.0837299872	0.0495122686	-0.053951389	-0.0826051834	-0.0463123363	-0.0059806866	0.0050154156	-0.0284919163	-0.1165232592	0.0799246852	0.0812449131	-0.0429939952013427	3.8738190198700506e-05	1.500647379870696e-09	0.001848483623373	0.1908735669611161	0.0068240946931296	4.656826838080087e-05	0.0364327185644596	0.072190607064158	-0.0718924193818111	0.0052114837482916	0.0051685199645702	0.0029798336739827	0.0004335016780332	8.879408724601235e-06	1.8792370485768682e-07	-0.0003519514665035	7.831150555000351e-07	6.132691901508233e-13	1.238698347739643e-07	-0.0009729808144468	-3.927504099999948e-06	9.466916652815582e-07	1.5425288455516398e-11	0.0	0.0	0.0
912.0042193127298	3.468451593474583	12.030156456276377	831751.6960442218	1065.6941821758564	8.435394648264264	1135704.0899234675	71.15588287196539	849.0702349711773	2.526570695290502	720920.2639140103	6.383559478300731	852.363739912397	752.9635907195335	1.124916	20.225842	0.1170809413499615	0.0589268524615364	0.0479229556	0.0452887947	0.159056278	0.0309707385	-0.0878712741	-0.0119370441	-0.0885018667	0.0072780613	0.1544691854	-0.047731604	0.0175918876	-0.2327944827	0.149013591	-0.0962594475	-0.082286728	-0.0599536205	0.0156074693	-0.0406963897	-0.101781578	0.0646693725	0.0818218398	-0.0905259838	-0.2238556434	0.0231548334	-0.1316071938	-0.0594806973	0.1370510642	-0.0143176462	-0.2056982727	-0.0052248077	-0.0203656887	-0.1773762399	-0.0134296316	-0.0209706005	-0.0205021102	-0.1275271406	-0.0522320314	0.0125831838	-0.1669197744	-0.0044421604	-0.0809174967	-0.0878293811	-0.0974762355	0.045995915	0.0418036839	-0.0238083599	-0.1540905212	-0.0891701705	0.1190288428	-0.0757182205	0.1547475738	-0.1011705784	-0.0722993624	-0.0597797838	-0.037876184	-0.0155889579	-0.0005032291	0.1094623844	-0.1080029248	-0.0599852503	-0.251024875	0.0562818419	-0.0321821914	0.0661614971	0.1962379721	0.0088711944	-0.030569331	0.0147447997	-0.1671759075	-0.0207273547	-0.0764173658	-0.083673251	-0.0051933013	0.1327314774	0.0960156717	0.036614392	0.0173454971	0.0964544393	-0.1796674941	-0.0390173059	-0.1563680696	-0.1513809232	-0.0689596074	0.0779130547	-0.1349535938	-0.0345742569	0.1860804767	-0.21790328	0.0462559373	-0.0257541334	0.0358365447	0.0157359022	0.0049878876	-0.0118349004	-0.0334441671	0.1182173866	-0.0708446215	-0.0968897789	0.2113612697	-0.0533805576	0.1299584517	-0.2773489233	-0.0209009196	0.0639140931	-0.0283618768	0.0274443071	0.2246809175	0.0302489101	0.1094020765	-0.0908349741	-0.1197853798	-0.1507091205	-0.0317782535	-0.1134548014	0.0876327994	0.0703125971	-0.0561025378625998	-0.013108542661257	0.0001718338907019	0.0031474947546244	0.1784844031284791	-0.0123891638326369	0.0001534913804719	0.0318566821601294	0.1111519229993405	0.0389613159351825	0.0123547499864513	0.0015179841394011	0.0023676525662747	-0.0006121811077079	5.605778674587173e-06	3.747657086345938e-07	-0.0005908898909516	-0.0002389384244481	5.70915706777404e-08	3.491508632287937e-07	-0.0011742996607084	-0.0002013188462616	1.3789796931398635e-06	4.0529277860101776e-08	0.0	0.0	0.0
914.5113477716508	2.507128458920988	6.285693109531529	836331.0052031212	1064.421629414756	-1.2725527611005418	1132993.405165964	1.6193905297846127	849.040735447432	-0.0294995237453576	720870.1704491162	0.0008702219012029	852.4192802829718	769.874085783404	1.315962	23.660809	0.1070796653741786	0.0598417736291982	-0.0236618593	0.1570119592	-0.1055236147	-0.2349777739	-0.1270284667	0.0006627441	-0.2103856469	0.0835960728	0.1759116909	-0.041258526	-0.1113002904	0.0150467948	-0.0517533586	-0.1365480285	-0.1548636104	-0.1217462649	0.1241743728	0.1889269604	-0.1128822824	0.0648622873	-0.1694392293	-0.1392346028	0.0497054247	0.0430862125	-0.0422928717	0.0852014733	-0.1188141471	0.1083645904	0.0001382779	-0.0122618797	0.1516248751	0.050899022	-0.079105521	-0.0785492259	-0.0189549055	-0.0160038988	-0.0422957787	-0.1867130978	0.0089477751	-0.2017161839	0.1023074086	-0.0762529973	-0.0950283752	-0.0232363899	0.1977707679	-0.0111095182	-0.0451462175	-0.0086828039	-0.0066180618	0.1839586368	-0.0667530506	-0.1396050204	-0.1354232876	-0.1241783921	-0.0604605507	-0.1847338944	0.1006996493	0.2337074634	0.1313761631	-0.0472419203	0.1121361553	-0.0297124759	-0.0382299478	-0.0842479742	-0.1372826101	-0.0720956403	-0.0706847722	0.0455974819	-0.045209311	-0.1801114388	0.012508858	-0.0506928463	-0.0290876579	-0.0327621399	0.1158243591	-0.1030087384	0.2091646498	0.0781549809	-0.2089519943	0.0399272974	-0.0378490376	0.0693178765	0.0203365411	-0.044274796	0.0797476112	-0.0705294187	-0.189958798	-0.0080106195	0.1059950212	-0.0644566922	-0.0791380318	0.016101106	-0.0716425999	-0.0114941554	-0.0963281134	0.0060265712	-0.2903981342	-0.0813139814	0.0983255934	0.1665119744	0.0703601217	-0.1168570438	0.0344087647	-0.2501678812	0.0013243112	0.0096135684	-0.0303395885	0.0127248813	-0.0458897279	-0.2567580831	-0.1602393236	-0.2936765833	-0.0350428114	-0.1100753719	0.0948006283	0.0586099215	-0.0473805628056993	0.0087219750569004	7.607284889319445e-05	0.0022449177317848	0.211114458133693	0.0326300550052139	0.0010647204896432	0.0445693144330828	0.1561178344580298	0.0449659114586892	0.0243727782358647	0.0020219331933106	0.0021387266431393	-0.0002289259231353	4.574151654073899e-06	5.240707828339496e-08	-0.0004483025218515	0.0001425873691001	2.033115782688815e-08	2.0097515109841464e-07	-0.0012180208455404	-4.3721184832e-05	1.483574780170951e-06	1.911542003113907e-09	0.0	0.0	0.0
914.8416460208232	0.3302982491724151	0.1090969334063628	836935.2372940892	1061.6105607614008	-2.81106865335505	1127016.982720136	7.9021069738753775	850.1794915947588	1.1387561473268306	722805.1679283226	1.2967655630746464	853.2562283211878	771.9203664735306	1.322997	23.7873	0.0836834534749499	0.0403966731764482	-0.0738660852	0.1499021394	0.1155512804	0.0325731659	0.1643588321	0.1068368028	-0.051486314	-0.2708272124	-0.1196085826	0.040017577	-0.0109859815	0.0992915914	-0.105300984	-0.0369828546	-0.2141725516	-0.1215418604	-0.0731087647	0.1829737804	-0.0646058705	-0.0469914373	0.0019645632	0.0907785328	0.0082011822	0.0118479011	-0.0473625116	-0.0221312078	-0.0255078163	0.0735531002	-0.1309016263	0.1307778818	0.0854301649	-0.0871315821	-0.153659901	-0.0804910118	0.0420590842	-0.0270546437	-0.0984021322	0.1343882958	-0.0573641401	-0.0221365479	-0.138462472	0.0705883679	0.1332072992	-0.0840010733	0.0346502464	0.1581540392	0.0382124547	-0.0292931325	-0.1045576887	0.0339895808	0.0305814214	-0.0413556656	-0.1883572891	-0.1593577313	-0.1663732044	-0.0110138365	0.0167874001	-0.0230816203	0.0282032428	0.1161110648	0.0766239429	0.0996505158	0.0422671961	-0.0102776657	-0.0645967441	0.1819197293	-0.028477928	0.0801655699	-0.1303679299	-0.1179071837	-0.000370503	-0.0794852501	0.0163596634	0.1255216765	-0.0697028853	-0.0044125647	-0.1182212331	-0.2037871193	-0.0150032366	0.0926632378	0.1959971551	-0.0989584824	-0.0411423094	0.1127266996	0.0439136025	-0.0430366324	-0.0414670327	0.0372218084	0.1015217077	-0.132803439	-0.0114370737	-0.0436970954	0.0770225331	-0.0256270927	-0.1831785471	-0.0735617278	-0.0308381631	0.045900573	0.162927857	-0.014246473	-0.0887443602	0.0011390096	0.0272087522	-0.1268795622	-0.1183248769	-0.0047330367	-0.0986236861	-0.1253598803	0.1961121744	0.1365213071	0.0739490922	-0.1588073271	-0.0382833527	-0.1063942335	0.1013839798	0.0462651033	-0.0366122611231389	0.0107683016825603	0.0001159563211266	0.0013404576645489	0.2109023987674305	-0.0002120593662625	4.4969174819656094e-08	0.0444798218058562	0.1359289238163228	-0.0201889106417069	0.0184766723298636	0.0004075921128988	0.0019140247169777	-0.0002247019261616	3.663490617201565e-06	5.0490955620733233e-08	-0.0010019067232736	-0.0005536042014221	3.064776118322011e-07	1.003817082140842e-06	-0.0009460433374357	0.0002719775081047	8.949979963064776e-07	7.397176491484222e-08	0.0	0.0	0.0
912.325733404425	-2.515912616398168	6.3298162933514766	832338.243831922	1069.0868644940076	7.476303732606766	1142946.7238336287	55.89511750218986	848.809642193101	-1.3698494016578024	720477.8086799801	1.8764873832222395	852.4748837792156	769.1577221249426	1.19249	21.440807	0.0646392566253625	0.0374609825279652	-0.0114925966	0.0982480037	-0.0036141882	0.0904660526	0.0487872343	0.0756771206	0.0276333683	-0.2525862664	-0.0848492236	-0.0648180777	-0.0311313471	0.0514070398	0.0452916279	-0.0263614219	-0.0751010999	-0.08635065	-0.0362820469	0.0723469842	0.1432118502	-0.0122578486	0.069055565	-0.050397015	0.0966259122	0.0571463725	-0.0253215189	-0.0115219051	0.1638415654	0.0218108542	-0.0759482304	0.0007656011	-0.0337992481	-0.2595024362	-0.0172523867	-0.0793901586	-0.0423692858	-0.1662834546	-0.0728302672	-0.0937363898	-0.101953038	-0.0962612331	-0.04360467	-0.1046146069	-0.0325342574	0.093969473	-0.123155938	0.0750329168	0.0851211387	-0.1099148174	0.162276796	-0.0093429201	-0.0701219783	-0.0276847773	-0.0850357282	-0.09064003	-0.0745780422	-0.0444642812	-0.0502443686	-0.1242133896	-0.1516399945	-0.0571728858	0.1507288826	0.0417383979	-0.009847004	0.041387589	0.1142364958	0.0809044244	-0.0656914432	0.0142199889	-0.2167944083	0.1797448424	0.0199419941	-0.1425365882	-0.0454335542	0.0189548811	0.1688451361	-0.0493038359	-0.0106204923	-0.1845670417	-0.1432627256	0.0954257289	0.0137924363	-0.1102188795	0.0893917137	-0.0999269217	-0.0042058915	0.1199218846	0.0465746181	0.1158576532	0.0866317468	-0.0917644728	0.0196490143	-0.0278857599	0.0335770543	-0.0072132746	-0.059518352	0.1111779472	-0.0302972243	0.0724986585	0.0577841231	0.0405159396	-0.0760240223	-0.073445208	0.1040869986	-0.0285342569	0.0809461929	0.0948683132	0.0380958238	-0.0018481641	-0.0077574526	0.1889491547	0.0661132136	-0.0535714218	-0.0414976565	-0.1024214758	0.1073422654	0.033413395	-0.0429753528331815	-0.0063630917100425	4.04889361104128e-05	0.0018468809511364	0.2034448723849635	-0.0074575263824669	5.561469974519126e-05	0.041389816099734	0.1279788919616749	-0.0079500318546479	0.016378596787738	6.320300648991639e-05	0.0025446388123665	0.0006306140953888	6.475186685401993e-06	3.976741373030348e-07	-0.0007851917908805	0.0002167149323931	4.696536192214591e-08	6.165261484661268e-07	-0.0009360002316535	1.00431057822e-05	8.760964336554056e-07	1.0086397375245909e-10	0.0	0.0	0.0
911.760097473271	-0.56563593115402	0.3199440066124752	831306.4753444686	1067.1277747521033	-1.959089741904336	1138761.6876473755	3.838032616834797	846.592277124178	-2.217365068922959	716718.483686301	4.916707848879718	850.4175595956331	762.3156588044277	1.085462	19.516455	0.0901558639728404	0.0468671150915872	0.0159773512	0.1086525243	-0.0235720327	-0.0776286394	0.0729244251	0.048721707	-0.0464801452	-0.0606013227	-0.1004644002	0.0572116522	-0.118976914	-0.0200751176	0.0321399732	-0.0940377854	0.0304142383	0.0871315282	-0.0065606502	0.0722126139	0.1441601744	-0.0895732439	-0.0417499294	0.1393826397	0.1277822021	0.0909685156	-0.1264345052	0.0141910078	-0.0205473694	0.149223852	0.0284726561	0.1222887518	-0.1383909829	-0.0024970383	0.018294439	0.1302924506	0.1948432615	0.0153635763	0.024464485	-0.0156298165	-0.0351826279	-0.0343026312	-0.0078142155	-0.1886455274	-0.1020298196	-0.0579739326	-0.0436158869	-0.0184803057	0.1279102092	-0.1678803554	-0.0221186931	-0.0296405454	0.0787137483	-0.0890064186	0.0091522586	0.0908471848	-0.0220233622	-0.0447423165	-0.0370736703	-0.1762701925	0.1151727066	0.0652449676	0.1570207994	0.0331766536	-0.0888647398	-0.018937477	-0.003710361	0.1189941439	-0.1636514921	0.0832848952	-0.0247300205	0.0037979697	-0.1746607734	0.1042613171	-0.2041045627	-0.0541887779	-0.054290072	0.0891785979	0.0173486696	-0.070945634	-0.1343557268	-0.0720008393	-0.0596063468	-0.038465704	0.060557537	0.009409662	0.0168019892	0.1454729001	0.1019000878	-0.1055852222	0.1182270544	-0.061484395	-0.0002337478	-0.0813755967	0.0880075926	-0.0823201285	-0.0763722663	-0.1017871848	-0.0151970259	-0.0881198397	0.0719843665	0.1299136512	-0.0259833197	-0.0061855525	0.0685760681	-0.0348749647	0.0524035592	-0.0839906712	-0.0919928994	0.0468757007	0.1011557237	0.0376969754	0.0838058174	-0.0493489162	-0.0446835199	-0.098167988	0.1126387502	0.0201956026	-0.0315974935264762	0.0113778593067052	0.0001294556824031	0.0009984015971557	0.1889237577769478	-0.0145211146080156	0.0002108627694591	0.0356921862525628	0.1428003366091843	0.0148214446475093	0.0203919361356963	0.0002196752214391	0.0018370312592882	-0.0007076075530783	3.37468384760199e-06	5.007084491734592e-07	-0.0010413381687388	-0.0002561463778583	6.561096688992704e-08	1.0843851816722774e-06	-0.0009110452543779	2.4954977275599955e-05	8.300034555244926e-07	6.227508908257102e-10	0.0	0.0	0.0
911.5714778506078	-0.1886196226631682	0.0355773620535959	830962.5592307412	1065.0989934255383	-2.0287813265649675	1134435.865796095	4.115953671018709	846.9317663033021	0.3394891791240297	717293.4167736311	0.1152529027423075	850.3798557725972	760.6328807032386	1.019703	18.334122	0.1276743233280358	0.0600966839128909	0.0258467727	0.0984859589	0.02149571	0.1381037765	0.0631195116	0.0468207586	0.0012357082	-0.0958515179	-0.0564269844	-0.0726207337	0.0117223857	0.0529097934	0.1465573338	-0.1170668161	0.0311279467	0.0623745958	0.0080461176	-0.1234296737	0.0642606563	-0.0127482491	0.1089222431	0.0357928838	-0.0472279045	0.208137967	0.0578671893	0.0573805907	0.0122037313	-0.0449204226	0.0250435714	-0.0557218142	0.1203453805	0.0682864945	-0.033532967	0.1339513027	0.1240993727	0.000202693	-0.1147273254	-0.0757515111	-0.0240407883	0.1396808927	0.0648135885	0.0112617545	-0.0652342242	0.0683106317	-0.1366863035	0.0803001325	-0.076743528	-0.0826189476	-0.1131247115	0.2344833507	0.0516906628	-0.102575348	0.0133140842	0.0532385931	0.0743561507	0.0298319654	-0.1123296725	-0.1064168365	-0.0858149989	-0.044544887	-0.0423065553	0.1105719948	-0.1448303462	-0.0099456204	-0.0944587894	-0.1010640111	0.0122108303	-0.0997783873	0.1211704136	-0.0895665273	-0.0231553694	-0.072280294	-0.0513208075	0.057466841	-0.0628273273	-0.0700633916	-0.0246302335	0.0315661091	0.0049452433	-0.0400260339	-0.1157529766	-0.0963014288	-0.0361064891	-0.0684832703	-0.1120342392	0.2407061113	-0.1368385156	0.0007913937	0.102840234	-0.0317204219	-0.0359113931	-0.1997505454	0.0948638528	-0.1683884382	-0.1441879399	-0.0239392184	0.119264233	-0.0317475366	0.0883657747	-0.0084417219	-0.0201989055	-0.0767515346	0.1242377102	0.127620515	0.0828374936	-0.0461250102	-0.030501913	0.0946163058	-0.077849491	-0.0076933461	0.0449632324	-0.041886882	-0.0478387595	-0.0936454286	0.1172407796	0.0067565429	-0.0187657773963394	0.0128317161301368	0.0001646529388444	0.0003521544012889	0.1697404954231558	-0.019183262353792	0.0003679975545344	0.0288118357864983	0.0996510503486973	-0.0431492862604869	0.0099303318355986	0.0018618609047894	0.0010471464981309	-0.0007898847611573	1.0965157885478068e-06	6.239179359085252e-07	-0.000783976245789	0.0002573619229498	6.623515938441881e-08	6.146187539614145e-07	-0.0009080907668126	2.9544875652999817e-06	8.246288407702959e-07	8.728996773512214e-12	0.0	0.0	0.0
912.8477298633468	1.2762520127389507	1.6288192000202228	833290.9779166657	1063.9190560064371	-1.179937419101179	1131923.7577336284	1.392252312995152	847.5844373494953	0.6526710461931771	718399.3784370605	0.4259794945388963	851.4879495227535	760.6702955334686	1.069901	19.236664	0.1356260064551519	0.0932326125429088	0.0126523104	0.1035994307	-0.0080658763	-0.0840541645	-0.0356191482	0.013017846	-0.1117362335	0.0336625176	0.0047105718	0.0215802344	-0.0914504678	-0.080858861	0.0021332931	-0.1206023061	-0.0254530091	0.1006893382	0.0903209649	-0.0311988355	0.1900635589	-0.0278070717	0.0119433868	0.0576369141	0.1690391478	0.1414068388	0.018364953	-0.0784929395	-0.1799191667	-0.067662531	-0.1054049313	-0.1012069548	0.0393489154	-0.0253503889	0.1435138029	-0.0202778454	-0.1458939613	0.0079233982	0.0960263375	0.1086302715	0.0761164491	-0.0805873145	-0.1176346521	0.1641289651	0.060686725	0.1575957603	0.1037656529	0.024551831	-0.0732630662	0.0267608687	0.024096722	0.0974080135	0.0092831479	-0.1189480832	-0.0408185961	0.0984791985	0.1392714522	-0.105418692	0.0090543631	-0.1241446233	-0.0477503761	0.0618866928	0.0233839662	-0.0540301983	-0.076250767	0.1691860276	-0.1520347133	0.003978813	-0.0039280423	-0.1457109632	-0.140797329	-0.0038901434	0.0306611546	0.0394714894	0.1259447798	-0.1476136186	0.0566503402	0.1195453842	-0.0131135867	0.1023248146	0.0631870657	0.0595907103	0.0721164418	0.062124942	0.0411715953	0.0211247388	-0.1561704508	-0.0700808149	-0.1810161438	-0.1173891708	0.0929773562	-0.0703046171	-0.001368502	-0.1011774164	0.0803726181	-0.1680490067	-0.124152259	0.010632777	-0.0157131693	-0.039805606	-0.1034933429	0.1259174239	-0.0725182301	0.0951898784	0.0924740505	0.1437088838	-0.0722260019	0.053067935	0.0109540444	0.1787738832	0.0363913461	0.0996694942	-0.2528184516	0.1248043091	-0.0509612127	-0.0888661936	0.1211199807	-0.0067565429	-0.0206624475548409	-0.0018966701585014	3.597357690150104e-06	0.0004269367389565	0.1894831789877287	0.0197426835645729	0.0003897735543308	0.0359038751192956	0.0829729667967598	-0.0166780835519374	0.0068845132190562	0.0002781584709654	0.0027292519756688	0.0016821054775379	7.448816346692047e-06	2.8294788375630067e-06	-0.0007848820031779	-9.057573889000156e-07	8.203964475469742e-13	6.16039758912553e-07	-0.0006449306181366	0.000263160148676	4.15935502210057e-07	6.925326385117444e-08	0.0	0.0	0.0
913.7542758718828	0.9065460085359972	0.8218256655925485	834946.8766741488	1068.1574480406632	4.238392034226081	1140960.3338047422	17.963967035791097	849.0832917054382	1.4988543559429672	720942.4362533423	2.246564380329207	853.0568911543882	768.593093920863	1.09103	19.616573	0.0482342440648729	0.0261904363426018	-0.0194264017	0.1225754179	0.0356380514	-0.0205408079	0.1412053201	0.0248039533	-0.0720881924	0.0039608981	-0.2003761092	0.066357822	0.022982371	0.0047462652	0.0844360366	-0.0736495351	-0.0874466071	-0.1194512471	-0.0664464571	-0.0738591794	0.0781921431	-0.0483015332	0.0942886722	0.0335475471	0.0436791916	-0.0868642535	0.1935767126	-0.1727465165	-0.1922998589	0.2049847508	0.150893868	0.0801300905	-0.0405107601	-0.0114458273	-0.0036066954	-0.1777734909	0.2015081086	0.0034806233	-0.034839526	0.0221794848	-0.0396915513	-0.032683844	-0.0508572162	-0.0343885662	-0.1731879814	0.0771613616	0.0289849969	0.0322303104	0.0824583996	0.0694034582	-0.0146656106	0.0398780497	0.0584992702	-0.0734773671	-0.0694992333	-0.1299694234	0.0583231661	0.120311472	-0.0286205993	-0.1340170039	0.0104225743	0.1019030078	0.0164000516	-0.0277850669	0.2136914413	0.0770586092	-0.1443888841	-0.1027958171	0.110264219	0.2276468611	-0.1044764263	-0.021649511	0.0588877387	0.1490313471	-0.2064496126	0.0088604289	-0.0568430845	0.0171010889	-0.0305379453	0.0219153869	-0.0891395916	-0.0046452258	-0.0035622485	-0.069621727	0.0175181473	-0.0759171489	-0.0486273345	0.0221829837	-0.0505156788	-0.058331158	0.1012910492	-0.0929019079	-0.0111482547	-0.073598111	0.0943862334	-0.0730503102	-0.1043637722	-0.0944384095	0.1059180106	-0.0038065144	0.0301935551	-0.0098122345	-0.0531536218	0.076742844	0.0042132956	0.060590346	-0.0107670439	0.1236042562	0.0799164209	0.0073158361	0.025684113	-0.0727487816	-0.0628666655	0.0627018985	-0.0540487397	-0.0838433825	0.1242524367	-0.0201956026	-0.0319436927369451	-0.0112812451821041	0.0001272664928587	0.0010203995056723	0.2102195764390728	0.020736397451344	0.0004299981792601	0.0441922703182231	0.0894597524609395	0.0064867856641796	0.0080030473103725	4.207838825300717e-05	0.0025837325860438	-0.000145519389625	6.675674076184582e-06	2.117589275683256e-08	-0.0007848994438106	-1.744063269997452e-08	3.041756689754205e-16	6.160671368941892e-07	-0.0006939901032238	-4.905948508719996e-05	4.816222633725805e-07	2.4068330770211954e-09	0.0	0.0	0.0
912.0620356099112	-1.6922402619716197	2.8636771042377758	831857.1568008949	1059.4612648867997	-8.696183153863558	1122458.1717955377	75.62360144554033	848.3897723332834	-0.6935193721548103	719765.2057997205	0.4809691195540023	851.8916721710323	763.1609137047169	1.064485	19.139296	0.0534570940758882	0.0316925652669897	-0.0087141639	0.1005478448	0.0578809414	0.0240309622	0.083163638	0.0094174217	-0.029289049	-0.1083997044	-0.0617200438	-0.1043970105	-0.1302452533	-0.0559947524	-0.0095160096	-0.0666014487	-0.0469629567	-0.0888204808	-0.0422773164	0.0461878012	0.0556629524	0.025078218	0.1297451231	0.0459699813	0.0705821705	0.0357113613	0.0194999284	-0.081796482	0.0437736863	-0.0302245655	0.0899669818	-0.0748287006	-0.0193845521	0.0165290041	0.0412048555	0.0990784084	-0.0211123603	-0.1504287756	0.0187870897	-0.0294123969	-0.0934677321	-0.100197665	0.0493045137	0.172487156	0.0353468568	-0.0583784144	0.002699651	-0.0500704117	0.0025831907	-0.0202530233	0.033278784	-0.082616286	0.074961811	-0.0726749208	-0.0403156191	-0.0868871332	-0.0480815803	-0.0260303796	-0.0271180335	-0.0634344113	-0.1590594368	0.0590207694	0.0184635521	-0.0513225922	0.0144562921	0.0949444027	0.0377125513	-0.0355495643	-0.0163341209	0.0090451103	0.044757695	0.0763101365	-0.0091357197	-0.0121342456	-0.0911681688	-0.0983106219	0.0585132485	-0.0362080196	-0.0014429151	-0.041786897	0.0577585962	0.2323185325	-0.0707325699	0.048973026	-0.0793726975	0.0897347026	-0.0023963131	-0.0312050123	0.0631039552	-0.1438513679	0.0999772447	-0.0738632971	0.0067711453	-0.0401384783	0.05997976	-0.1242231876	-0.0500952308	0.0776573696	0.1202038556	-0.0458680078	-0.1391912681	0.0231524055	-0.0836522017	0.0168772216	0.0163473947	0.0629718226	-0.0251032599	0.0585834021	-1.48364e-05	-0.0379957338	0.0418166578	-0.0622814031	0.0128385264	-0.0399710954	-0.0570992244	-0.0785907625	0.1266188352	-0.033413395	-0.0226078798052355	0.0093358129317095	8.715740309587614e-05	0.0005111162292879	0.1822115133126516	-0.0280080631264212	0.0007844516000935	0.0332010355836866	0.0956710901789819	0.0062113377180424	0.0091529574960348	3.8580716247576175e-05	0.0024302464344094	-0.0001534861516343	5.906097731959602e-06	2.3557998743538e-08	-0.0007842906722792	6.087715313999979e-07	3.7060277744309873e-13	6.151118586241594e-07	-0.0006500474203953	4.3942682828499954e-05	4.225616487625839e-07	1.9309593741661448e-09	0.0	0.0	0.0
908.90196382122	-3.160071788691198	9.986053709681988	826102.7798380703	1066.1090843606985	6.647819473898835	1136588.5797564068	44.19350375754858	845.9102487262079	-2.479523607075521	715564.148900035	6.1480373180448025	849.9432966205436	745.7086673015772	1.106892	19.901772	0.040616200633664	0.0212733496790977	0.0569211227	0.0558684654	-0.0590388398	-0.0630971766	0.1577787329	-0.0084188308	-0.0349219233	-0.0057011358	-0.1128996592	-0.0147219394	0.0370165437	0.1891409247	-0.0083654047	-0.1026124919	0.1353941151	0.0243797702	-0.1106012768	-0.0833857428	0.0729478986	0.0611820174	0.0873675838	-0.0401833444	0.0090421579	0.1014317854	0.1600751426	-0.0706549206	0.0540023951	0.0074708631	0.0876644671	0.0022433039	0.0561321428	-0.0467199773	0.0678748492	-0.0093827183	0.0756350179	0.1076460742	-0.0125652869	-0.019642771	-0.0321983462	-0.0258539821	0.0424392752	0.0317286954	0.0048654002	0.070396813	-0.0167131148	0.051342199	-0.0947062734	-0.1637611698	0.0667328814	-0.0975647358	0.0241272556	-0.091587939	0.1128291892	0.0347715693	0.058142143	0.173537736	-0.0782313612	-0.0837466263	-0.1181173621	-0.0061068393	0.1526947018	0.1204667483	0.0144202205	0.065791561	-0.0522795527	-0.0973286729	0.0278150838	-0.0088219987	0.0153204703	0.0558465644	0.1179492907	-0.0325717637	-0.0348714518	-0.0196290946	-0.116415509	0.020767105	0.1026648038	0.0317823532	-0.0554550444	-0.0210888465	-0.0325809988	-0.0504623416	0.0693019835	0.0349697301	-0.0687343255	-0.0340090132	-0.024268288	0.0686092982	0.1129072361	-0.0453240575	0.019772387	-0.068476681	0.0554506078	0.0116373181	-0.0218129155	-0.1095910987	0.1046387536	-0.1093477999	-0.1099437193	-0.0171939219	-0.0325725194	-0.0088619027	0.0739873158	0.105586247	0.0490227872	0.0590870336	0.0337834245	-0.0585263432	-0.1578301297	-0.1220679438	0.0154390335	0.0658875583	-0.0601105761	-0.0731227308	0.1282045865	-0.0462651033	-0.0234271034098583	-0.0008192236046228	6.711273143711747e-07	0.0005488291741761	0.1983352114766603	0.0161236981640087	0.000259973642484	0.0393368561114915	0.1079157624681244	0.0122446722891425	0.0116458117890766	0.0001499319994684	0.0025692104696588	0.0001389640352493	6.600842437404391e-06	1.9311003092796444e-08	-0.0007849517434934	-6.610712142000093e-07	4.3701515024387466e-13	6.161492396133284e-07	-0.0007389944454495	-8.894702505419995e-05	5.46112790405214e-07	7.911573265992474e-09	0.0	0.0	0.0
909.6907513916424	0.7887875704224143	0.6221858312528953	827537.263167491	1061.295435346795	-4.813649013903387	1126348.001087943	23.171216829053048	845.8903950765718	-0.0198536496360475	715530.5604827988	0.0003941674038709	849.2425510929122	745.1933438301087	1.15951	20.847822	0.0869307805475366	0.0454687854271727	0.0816407805	0.0300854739	0.0796463686	0.0755765449	-0.0853699105	-0.0708364728	-0.1077504724	-0.0123497641	0.1178051994	-0.1001261456	0.0403792609	-0.003521602	-0.0335870435	-0.118924993	0.1253371061	0.1192999234	-0.0019727386	0.05792134	0.0956106648	0.0741062881	0.0796431288	-0.1171282052	-0.0635320056	0.0069561579	0.0605108978	-0.0172795492	0.0052001082	0.0802830479	-0.1566060935	0.0334944122	-0.1070326674	0.1107747253	-0.0180356816	0.0973873147	-0.020340462	0.0656057173	0.0231822069	0.0763764287	-0.0922820795	0.0013292789	0.1007454995	0.0982094595	-0.0287210377	0.072271144	-0.0573281984	0.116669987	0.0277517614	0.1959773245	0.0687767504	-0.0217461611	0.0101843072	-0.1159413873	0.1137579971	0.1334602817	-0.0288175929	-0.025679888	0.1021368478	0.008176018	-0.1085109029	-0.1039256019	0.0028528059	0.1058736469	0.03592325	-0.0046042363	0.020411197	-0.0055654486	-0.0065201342	-0.0305187589	-0.085421822	-0.0293174056	-0.1341360679	0.1672278657	0.0710980405	0.035652746	-0.0911195274	0.0075017819	-0.0094565687	-0.0274910357	0.0820505663	0.0822703356	-0.1893145566	0.0575927357	-0.1349370666	-0.0469340345	-0.1255605562	0.0438480817	-0.0211852879	-0.0839517807	0.0830865866	-0.0518890981	0.0542738496	0.0181497812	0.0286278254	-0.0771595842	0.0512857251	0.21196115	0.0882776093	-0.0501228255	-0.1143787827	-0.0557612687	-0.0999304377	0.0851712344	-0.0503183311	0.0437969672	0.0160962153	-0.1222492113	-0.0233894223	-0.0242620801	-0.0892183447	-0.056784228	-0.0469317245	0.033880678	-0.063080731	-0.0674542747	0.1289999139	-0.0586099215	-0.0208388769379865	0.0025882264718718	6.698916269697951e-06	0.0004342587920365	0.1807965388394734	-0.0175386726371869	0.0003076050378744	0.0326873884563332	0.0916428315263715	-0.0162729309417529	0.0083984085701709	0.000264808281435	0.0032152055966538	0.000645995126995	1.033754702875392e-05	4.173097041012866e-07	-0.0010079642478566	-0.0002230125043631	4.973457710234627e-08	1.0159919249571212e-06	-0.0005973830668732	0.0001416113785763	3.568665285868301e-07	2.0053782542280163e-08	0.0	0.0	0.0
912.6343431560726	2.9435917644302663	8.664732475621689	832901.4443079162	1066.086419641619	4.790984294823829	1136540.254144286	22.953530513248584	847.7218764517862	1.8314813752143664	718632.3798149375	3.3543240277571065	851.7191876400448	755.8038493843966	1.206195	21.687212	0.1729308972099854	0.0978671090271637	0.004473546	0.0416095842	-0.1234264344	-0.2125799025	-0.0621428051	0.0067836639	-0.0991362202	0.0854837513	0.0082175769	0.1892018246	-0.0793253689	0.2120321347	-0.1092516766	-0.0466498753	-0.0215362537	0.0985003936	0.0068963029	-0.10794163	-0.1742826302	0.1444690179	-0.1206046111	0.1845428781	0.1726200969	0.011930909	-0.1338817241	-0.0181571291	0.0083300785	0.045550926	0.1117505421	-0.113426343	-0.059464004	0.1320659283	0.1856395216	-0.1252925817	-0.0462465791	-0.0411380423	0.1477019209	-0.0995057853	0.0297971056	0.0954683157	0.1644628773	-0.0269440122	-0.139879402	0.0782676644	0.0547858518	0.0536466231	-0.0963108107	-0.053246493	0.1174027498	-0.122749432	0.0158202562	-0.0450418573	-0.0271127582	0.1024405197	0.1035938939	0.0877104177	-0.0190680576	0.1500495331	0.0969917448	0.270785665	0.0648114914	-0.0871493295	-0.1558244093	0.0331567915	0.06021055	-0.0434240375	-0.1123502318	0.0647778019	0.0070087459	0.0644488317	0.1566892876	0.0993188896	-0.0380427954	-0.2068429977	0.0946525265	-0.0450714116	-0.0305678204	0.0216026792	0.0287173105	-0.1187274943	-0.2137198739	-0.0089505004	0.0916124885	0.0846484714	0.047020553	-0.0400196244	-0.0918210993	0.0638565375	0.0395941792	-0.0847304442	0.0394529835	0.0507621152	-0.0865219602	0.0165682859	0.0230318148	-0.1232603855	-0.0715353857	-0.1619797025	-0.0952340551	0.1135721434	0.031151447	0.0658214731	0.004290806	-0.0049314786	0.1588558682	-0.0558003591	-0.0043054156	-0.0026757423	-0.0632766003	-0.063804464	0.0585616136	-0.0040924142	-0.0660076536	-0.0616009311	0.1289999139	-0.0703125971	-0.0091007858933664	0.0117380910446201	0.0001377827813717	8.282430387689686e-05	0.133415447727117	-0.0473810911123563	0.0022449677949974	0.017799681692227	0.0337035610844225	-0.057939270441949	0.0011359300297713	0.0033569590593453	0.0042382556840826	0.0010230500874288	1.796281124365847e-05	1.0466314813880754e-06	-0.0010050760063551	2.8882415014999403e-06	8.341938970986629e-12	1.010177778550717e-06	-0.0005058725035823	9.151056329089998e-05	2.559069898806241e-07	8.374183193817811e-09	0.0	0.0	0.0
912.1576312469992	-0.4767119090734013	0.2272542442524068	832031.5442421366	1064.6374274259488	-1.4489922156701596	1133452.8518761424	2.099578441072718	849.0241046344454	1.302228182659178	720841.9302503216	1.6957982397118254	852.5405933218942	759.2393767024196	1.152568	20.723005	0.0625446876240714	0.0388177451007287	-0.002967611	0.0311668975	-0.0280260311	0.1187018837	0.070292511	0.0277864523	-0.0490651855	0.0883674151	-0.0871655671	-0.1212077418	0.1378493516	0.026647862	-0.1022929613	0.032018162	-0.0630070677	-0.1162350594	-0.135994487	-0.0106525829	0.073105644	0.2235592391	-0.0078253254	-0.0827465491	-0.1031626377	-0.0469953423	-0.1341017189	-0.0140789988	0.0311614392	-0.0176839126	0.1154925347	-0.0365179778	-0.1600762706	0.1229949794	-0.1201633924	-0.0138375834	-0.1622096715	0.0489109776	-0.017455888	0.0034247442	-0.0065780726	0.0160131812	-0.0604755487	0.06676748	-0.0727901569	-0.102738384	0.0776005799	-0.0870905588	0.1404597396	-0.0525920451	0.037246331	0.0364238553	-0.01743964	0.0264384326	-0.041945634	-0.1224797887	-0.0263535246	0.0994498153	0.2589061311	-0.0209288669	-0.1264806483	-0.0273647099	-0.1169237825	-0.012081797	-0.0709865713	-0.0195174148	0.0516577876	-0.0468286957	-0.0087506414	0.0859595218	0.1663094061	0.0466386646	0.0021812943	0.144624374	0.1330431901	0.0390399044	0.0407146511	-0.0184719247	0.0423498859	-0.0901141327	0.0266222418	0.0140264397	0.0220382013	0.0114893873	0.0945115318	0.084677296	0.1568864138	-0.0200527114	-0.0080417346	0.0073862334	0.0487212714	-0.0809244925	0.0338290025	0.0248511581	-0.0169612549	0.0782604171	0.0098820842	-0.0392553855	0.1707788194	-0.0755498561	-0.0902942079	-0.1298305996	-0.0572865395	0.0126000168	-0.1224499166	0.0793036493	-0.0327495851	-0.1700390009	-0.1117740106	-0.1100447072	-0.0956164886	-0.0841626862	-0.0386078331	0.0610176207	-0.0688893378	-0.0555787436	0.1282045865	-0.0812449131	-0.012429475217516	-0.0033286893241496	1.1080172616707524e-05	0.0001544918541828	0.1710251502288429	0.0376097025017259	0.0014144897222683	0.0292496020107982	0.0396277409374334	0.0059241798530109	0.0015703578518043	3.509590693082033e-05	0.0043397867103929	0.0001015310263102	1.8833748691702823e-05	1.0308549303622752e-08	-0.0011183893170683	-0.0001133133107132	1.2839906384786216e-08	1.2507946645324986e-06	-0.0004070745217021	9.87979818802e-05	1.6570966621899349e-07	9.761041223600329e-09	0.0	0.0	0.0
910.5128499990712	-1.6447812479279946	2.705305353535571	829033.6500134312	1064.1793364575628	-0.4580909683859318	1132477.6601432587	0.2098473353167607	847.5311325685312	-1.4929720659141594	718309.0206728972	2.2289655895999934	851.1295824234068	758.7473175359327	1.051945	18.913822	0.0852375800219639	0.0430887902520239	0.0184395617	-0.0021982168	-0.1373113124	-0.0667320084	-0.0234084734	-0.0486381065	-0.0144323241	0.0835333134	0.0410529675	-0.0772287155	-0.0684495318	0.1917137329	0.0316381502	-0.0107441805	0.001915606	-0.0490073642	-0.0324795016	0.0517828834	-0.0560033806	-0.0247053638	0.1496670718	-0.0555156228	0.105375058	-0.0896394648	0.086029852	0.1059733346	-0.0105406708	0.0035006183	0.0701385217	-0.1295216458	0.0202870103	0.0634038153	0.0300259871	0.0282027097	-0.0995357217	0.1753544817	0.0706388676	-0.0564062889	0.046746216	-0.0321959011	0.061485076	0.0651717651	0.1236018934	-0.100210914	0.0186721046	0.0656116613	-0.1254797101	0.1225249837	-0.1188607049	0.0232594014	0.0078601037	-0.0129909501	0.0107840229	-0.0436309817	-0.0264322393	-0.0142690728	-0.0500235871	0.0342900928	-0.109119669	-0.0010196692	0.0994603695	-0.132979218	0.0946409777	-0.1553768712	-0.0503780889	-0.1529785408	0.008009734	-0.0958306107	0.0903527897	0.0531360348	0.036380362	0.0384116155	0.1048020674	-0.0296136884	-0.1120023385	-0.0446532534	0.037198973	0.073388669	0.032420353	0.0371668847	0.0396024192	0.1568810769	-0.1173800174	-0.0180678598	0.0293868214	-0.0612034324	-0.0139111657	0.1083190119	0.0326347411	-0.0608681211	0.0497595737	0.0414193293	-0.0856022266	0.0112588166	0.0632325366	0.0648682015	0.0426726488	-0.0579245624	-0.1752665905	0.0998216479	-0.0600660492	0.0420016415	0.0040585766	0.0202408338	0.0284412671	0.0301119549	0.0688964997	-0.0714680303	-0.0877557964	-0.0443978424	0.0267224014	-0.0476585553	-0.0717238087	-0.0494042187	0.1266188352	-0.0912870929	-0.0168488712249654	-0.0044193960074493	1.953106107065968e-05	0.0002838844615554	0.1488049403331075	-0.0222202098957353	0.0004937377278105	0.0221429102675396	0.0179974490733343	-0.0216302918640991	0.0003239081731472	0.0004678695261261	0.0047787021246528	0.0004389154142599	2.283599399616119e-05	1.9264674087494006e-07	-0.001354134732622	-0.0002357454155537	5.557590095458673e-08	1.833680874093256e-06	-0.0004717673369821	-6.469281528000001e-05	2.225644202431823e-07	4.185160348852203e-09	0.0	0.0	0.0
909.7521229655964	-0.7607270334748364	0.5787056194594249	827648.9252404097	1060.273712880513	-3.905623577049937	1124180.3462254284	15.253895525608344	846.0309429343195	-1.5001896342117789	715768.3564023337	2.2505689385964707	849.669028366421	749.7219257238299	0.972093	17.47809	0.0336473991112143	0.0165269177549464	0.0435407317	-0.0085295384	0.0379797627	0.010099673	0.0460972123	-0.0396160369	-0.034456135	0.0429083238	0.0062764419	-0.0908291588	0.1062648083	0.0592558351	-0.0332479711	-0.0216155755	0.090509368	0.0834618452	-0.0750632398	0.1319747528	0.1139708258	0.1649533464	0.0311281821	-0.0906192371	-0.0214639832	-0.0376267771	0.0165355366	0.0992079196	-0.0321143691	-0.0214296513	0.0084505141	0.1459378159	0.0003280967	-0.0137848921	0.0275026015	0.1589149699	-0.0274465779	0.1044283353	-0.1388599945	0.0864004921	0.1069193633	-0.0200117219	0.1061933122	-0.0989645159	0.1043460466	0.082390755	0.1743122053	-0.0224082114	-0.124912826	0.1873001543	-0.0221092615	-0.0917069455	0.1338400201	-0.0234897991	0.0737810456	0.0965020011	-0.0739215163	-0.0097239638	0.2012806131	-0.0686271005	-0.047462881	-0.0471517877	0.0794825661	0.0913154843	0.0349906898	-0.1200009312	-0.0642812052	0.026351043	0.000833812	0.0143725284	0.1009375143	0.0622105486	-0.0361926539	0.0036857495	-0.0081023791	0.1058071683	0.007559772	0.0577034414	0.2113734963	0.0469543542	0.0300112228	-0.2163584956	0.0307013067	0.0549957111	-0.1959148465	-0.0167121992	-0.1377845378	-0.2431297134	0.0412598293	-0.0293394666	0.0241703911	-0.0472844792	0.0585726711	0.0194075261	-0.0375617334	0.043625264	0.1129451197	0.0080494311	0.1029275297	-0.036360697	-0.0077684254	0.0055739899	-0.111650608	0.0390849157	-0.1609350614	-0.0662896129	-0.0002546474	-0.0859867274	0.0380504659	-0.0583394765	-0.0630544751	-0.0256647469	0.0096982646	0.0771322502	-0.0745091236	-0.0430942802	0.1242524367	-0.1003291122	-0.0221138938058658	-0.0052650225809004	2.7720462777391128e-05	0.0004890242992571	0.1382083626898662	-0.0105965776432413	0.0001122874577492	0.0191015515174135	0.0181662182483819	0.0001687691750476	0.0003300114854478	2.8483034446247647e-08	0.0049631176476845	0.0001844155230316	2.4632536784757327e-05	3.4009085135055414e-08	-0.0014378912870234	-8.375655440139994e-05	7.015160405194668e-09	2.06753135329781e-06	-0.0005559358537895	-8.416851680739996e-05	3.0906467352866026e-07	7.0843392215575705e-09	0.0	0.0	0.0
910.077112795252	0.3249898296555784	0.1056183893795618	828240.3512337419	1059.640006251589	-0.6337066289238464	1122836.9428488675	0.4015840915420256	845.6480674448355	-0.3828754894839221	715120.6539731851	0.1465936404475529	849.4582054734077	747.8838984400727	0.927501	16.676334	0.0340430059666414	0.0192103646228006	0.0326297482	0.012948865	0.0239406866	-0.1350099899	-0.0154051885	-0.0611122522	-0.0655248108	0.0490334071	0.0586574231	0.0229294322	-0.1275623449	0.0625221137	0.0487300712	-0.0620574288	0.1034771028	0.1543492242	0.0008565325	0.0774459168	-0.0329111756	0.0048031509	0.0439289662	-0.0436941085	-0.0574636944	-0.0943767585	0.0669805853	-0.0178604387	-0.0476934653	0.1299623451	0.1355602356	-0.1482958499	0.110229251	0.0099553028	0.0135353275	-0.1213274428	-0.1734217728	-0.1718828934	0.1116727968	0.1304396328	-0.0978384472	0.1839736396	-0.0614307812	-0.07043718	0.0735595259	-0.062688532	0.0407607631	-0.1384574677	0.0824033078	0.0321157603	0.1363252636	-0.0421181468	0.057834497	-0.0646031657	0.0825413474	0.1700916713	-0.0393481867	-0.0196178881	-0.0072712041	0.0320880637	-0.0375582931	0.0144119893	-0.0050875359	-0.0491425105	0.1573573784	-0.0092067933	-0.0762040218	-0.1675577639	-0.003610107	0.1133969804	0.0402418176	0.0235310491	0.061608679	-0.0510796802	0.1411487921	-0.0808269745	0.1159483918	-0.0371229586	-0.2593250344	-0.0115523838	-0.0658580445	-0.0610288227	-0.0685168228	-0.0573598665	0.0576425776	0.0412761111	0.0942220755	-0.0934224424	0.1343888515	-0.0036023869	0.0261994662	-0.0581394332	0.0355223667	0.0569637298	-0.1109004531	0.0517545326	0.1215092409	0.04755129	0.0122220171	-0.0063882477	-0.1109809358	0.0354224414	-0.0624522693	0.0490145321	-0.0370961482	-0.0482403584	-0.0591561475	-0.018651474	0.1074211172	0.0333738279	-0.0548137611	-0.0343140398	0.0954110032	-0.010331915	-0.0772433738	-0.0366662233	0.1211199807	-0.1082719048	-0.0165513095416969	0.0055625842641689	3.094234369597948e-05	0.000273945847545	0.1380955498493108	-0.0001128128405553	1.272673699417652e-08	0.0190703808881834	0.0184251247218441	0.0002589064734621	0.0003394852210155	6.703256200063272e-08	0.0051579912083611	0.0001948735606765	2.66048733055304e-05	3.7975704650776386e-08	-0.001741114601456	-0.0003032233144326	9.19443784154914e-08	3.031480055403286e-06	-0.0006200130264494	-6.40771726599e-05	3.8441615296694445e-07	4.1058840560866364e-09	0.0	0.0	0.0
911.3423743081238	1.2652615128718026	1.6008866959546426	830544.9232095684	1064.5278530685157	4.88784681692664	1133219.5499586633	23.891046505739883	847.4699150155246	1.8218475706891013	718205.2568564205	3.31912857082578	850.9150612961773	755.5004418084787	0.92941	16.710657	0.0374320267085721	0.0159705507160127	0.0031736054	0.0165544843	0.0998414456	-0.1129855885	0.0136529605	0.018770869	-0.0842577767	0.0132376322	-0.0620255857	0.1015092811	0.1392702162	-0.0221917107	0.0723745832	-0.0315446589	-0.0438494299	0.1184623823	-0.0586744249	0.1016042862	-0.0333996291	0.0006175717	0.0287050506	0.0199835281	-0.0128751986	-0.0207657169	0.1718906748	-0.1313153186	-0.1272354275	-0.0237222946	0.0509529323	0.0440245956	0.0475032209	0.1342528907	-0.0991502868	0.0713654696	0.0134179542	-0.0335717257	-0.0028505942	-0.0264221436	0.0821389921	-0.0684809419	0.0280730333	-0.1703294444	0.0281882691	-0.0343354405	-0.1873930947	-0.0376952983	-0.1179795654	-0.015019629	-0.0514378894	0.0324978244	-0.1372004916	-0.0358225262	-0.0487706785	0.1179008633	-0.0773484798	0.051640471	0.0436847403	-0.0202970178	0.0335135169	0.0552377002	0.0390610161	0.0656709342	0.1709139736	0.0554654759	-0.1190561762	-0.0277888319	0.1291374512	0.023723672	0.1253785747	-0.1598730172	-0.0707900116	0.0193666021	-0.0226667501	-0.011274469	0.0365981964	-0.0215021287	0.0339165671	0.0269957891	-0.0157423902	0.0120026893	0.1103213446	0.1280805372	0.0059182967	-0.0580519905	-0.0334574593	0.1212142147	0.0793756665	0.0956009972	0.0189044815	-0.0720342586	0.0385533053	0.0721391422	-0.0473350586	0.0877252121	0.104622121	-0.0182070166	0.0440128991	0.0098978932	0.050069928	-0.0315281001	-0.0578346221	0.0426424635	-0.1194537901	-0.1034834315	-0.0337426209	-0.0146368537	0.0718649585	0.0221950374	-0.0302362866	-0.0571996329	0.0492391494	0.1028354046	-0.0799246852	-0.0301376669	0.1172407796	-0.1150284477	-0.0240215392094853	-0.0074702296677883	5.580433128950598e-05	0.0005770343459928	0.1494273707436093	0.0113318208942984	0.0001284101647804	0.022328539127348	0.0223952310949044	0.0039701063730602	0.0005015463757941	1.5761744613414002e-05	0.005279045214246	0.0001210540058848	2.7868318374053596e-05	1.46540723407814e-08	-0.001827425223877	-8.631062242099997e-05	7.449523542700423e-09	3.3394829488619034e-06	-0.0005341802592868	8.583276716259993e-05	2.853485494117129e-07	7.367263918789092e-09	0.0	0.0	0.0
913.7618006433852	2.419426335261392	5.853623791756368	834960.6283150417	1065.07927699343	0.5514239249143884	1134393.8662808477	0.304068344967989	848.7383753154413	1.2684602999166827	720356.8297330949	1.6089915324647208	851.7701931805677	768.5618996065716	1.02555	18.439249	0.1035215418783863	0.0623121188873774	-0.0332873891	0.0434623159	0.1376723511	-0.0230852623	-0.1628261011	0.0224568309	-0.1232356552	0.0274074039	0.1249785109	-0.0330243333	-0.0367591098	-0.0862750583	0.0863625764	-0.0506992284	-0.1456141041	0.0767304641	-0.0570411045	0.0845293461	-0.0753279346	-0.0124196373	-0.012338326	0.0073986536	0.0050453967	0.0192405294	0.071641054	0.0640461212	-0.0783377344	-0.024772317	-0.0783712989	-0.137783936	-0.1065937257	-0.0743103897	-0.103207497	-0.0175159168	0.0186638764	-0.0539281549	-0.0413998056	-0.0101374368	-0.01642335	-0.0127008718	-0.1914292675	0.0177509139	-0.0269953805	0.0264225105	-0.0952321242	-0.0600308688	0.0425858416	-0.1673630821	-0.1119302682	-0.0351153294	-0.1089825766	-0.0567902246	-0.1369599788	0.066618019	-0.1236545615	-0.0544306043	0.0250156414	0.0440038848	-0.0052114569	0.0477976409	-0.1058760158	-0.0972521043	-0.05456515	0.0045052726	-0.0714761099	-0.0931188113	0.1025822576	-0.0602699154	-0.0710565984	0.0193489739	-0.1349938128	-0.02072634	0.017215569	0.0318105576	0.0336108129	0.0460581971	-0.0541209897	-0.0323729638	0.0021632788	0.120098998	0.103733316	-0.1397416831	0.1370442616	-0.0413476265	0.0527486215	0.0615504974	0.030277459	-0.0069956031	0.0048414366	-0.1051466751	0.0132131186	0.1549277853	-0.1269752445	0.0994184468	0.0830412546	0.0608148833	-0.0377747708	0.1233393211	0.1057649784	-0.0159436046	-0.0138985039	-0.0869539085	0.0270640406	0.0459751115	-0.0280676929	0.1467166777	-0.0024991066	0.0825810396	0.007948848	0.0143882549	0.0183126156	0.0519581906	-0.0825512202	-0.0235265052	0.1126387502	-0.1205247148	-0.0195748843613614	0.0044466548481238	1.977273933834377e-05	0.0003831760977606	0.1508406244759044	0.0014132537322951	1.997286111846077e-06	0.0227528939922808	-0.0060081145932429	-0.0284033456881473	3.60974409655383e-05	0.0008067500462803	0.0062051412892695	0.0009260960750235	3.850377841979715e-05	8.57653940173932e-07	-0.002132199344919	-0.000304774121042	9.288726485692369e-08	4.546274046473013e-06	-0.0003798847031559	0.0001542955561309	1.443123876918463e-07	2.3807118641743717e-08	0.0	0.0	0.0
914.609599248655	0.8477986052697588	0.7187624750973484	836510.7190377852	1067.7026018673146	2.623324873884485	1139988.8460342332	6.881833393941049	848.2478145032933	-0.4905608121480327	719524.3548096134	0.2406499104153374	852.0106234581003	780.6027988966122	1.092325	19.639851	0.1013236470096664	0.0530600515505162	-0.095173284	0.0679119457	-0.011553026	-0.0623797609	-0.0252027107	0.0867543145	-0.0435222223	0.0213263935	-0.0404112429	0.0054067995	0.0539223573	0.0813859379	-0.103957367	-0.0109122081	-0.0631428279	-0.0606554491	-0.1254979642	-0.0688080205	0.0156321854	0.080112234	-0.0091837298	0.0655494228	-0.1079652759	-0.2401502073	0.0997206611	0.0343691719	0.0094352505	-0.0329759029	0.020621212	-0.0026738738	-0.101598087	0.1265014182	-0.1087549282	0.0599109234	0.0017886929	-0.0803257957	0.0560687844	-0.022107625	-0.0325321847	0.040081261	0.046693627	-0.045893329	0.0919621164	-0.0276138263	-0.0538328246	0.0460985323	-0.1180070233	-0.1579157506	0.042590988	-0.1013125471	-0.1217872681	-0.0107624714	-0.0582857578	-0.0617332551	-0.0056096565	0.1442245502	0.1371212453	-0.0419983146	0.0254698927	0.0746627964	-0.0549489048	-0.0297385052	0.1117230759	-0.1098852119	0.1030741212	-0.0129004267	0.1547776262	0.0162342429	0.0849962071	0.0172547605	-0.0853631444	0.063377285	0.0089103411	-0.0800726362	-0.0415583258	-0.0972483883	-0.0225632518	-0.0605101622	0.0379734843	-0.0045432639	-0.0790800586	-0.0800709138	0.0496728422	0.1183047788	0.0109663626	0.0271228422	-0.036442282	0.2073640303	0.002446304	-0.080092768	-0.0218708362	0.0793969654	-0.0563805674	0.0578136792	0.0583968796	-0.0657781447	0.0656900861	-0.0097678552	0.0494842435	-0.0628897006	0.0501544758	0.0327365494	-0.087511377	-0.101065825	-0.0056569977	0.008954986	-0.0733817284	0.006054431	0.0022222238	-0.0701299026	-0.0523465853	0.0358836796	-0.0851211787	-0.016850859	0.1073422654	-0.124700488	-0.0257231398416308	-0.0061482554802693	3.7801045450662696e-05	0.000661679923312	0.1716756709192992	0.0208350464433947	0.0004340991602984	0.0294725359855915	-0.0043818437679306	0.0016262708253123	1.920055480655224e-05	2.64475679726195e-06	0.0053849409950343	-0.0008202002942351	2.8997589520001e-05	6.727285226635081e-07	-0.0017762851293943	0.0003559142155247	1.2667492881256264e-07	3.1551888609073253e-06	-0.000101717727702	0.0002781669754539	1.034649612885822e-08	7.73768662331706e-08	0.0	0.0	0.0
913.6681915491412	-0.9414076995137748	0.8862484567038177	834789.5642486782	1063.5026098849503	-4.199991982364281	1131037.8012321007	17.639932651924244	848.1871569832809	-0.0606575200123415	719421.4532713809	0.0036793347340476	851.3459356212738	779.4358798980713	1.127268	20.268122	0.2521437841223866	0.1247153882435361	-0.0802595331	0.0326864803	0.112764059	0.1683534553	-0.1548749945	0.0315185168	-0.0110124318	-0.066414133	0.0572303903	-0.0568955373	-0.0032327102	-0.023915347	0.0719138026	-0.027013232	-0.0536856477	-0.0304426552	-0.0832371142	-0.0120882417	-0.1205435931	-0.040804806	0.0342755523	-0.0319332426	-0.0423784777	-0.078978078	-0.126688065	-0.0683436039	-0.0615594678	-0.2167346395	-0.0826302083	0.0110354823	0.0135862328	0.1045946325	-0.0240512297	-0.0529431672	0.226912502	-0.0925977231	-0.0375394709	-0.0884224017	-0.0433861312	0.1431805694	0.0690836361	0.1486503208	-0.0199917965	-0.1882272049	-0.0108608366	-0.1285437793	0.0544556614	-0.035692988	-0.1869253846	-0.0638283321	-0.0176435123	-0.0299556907	-0.044013575	-0.0365252783	-0.1018194615	0.0370232813	0.0021747278	0.0497026938	-0.0655108895	-0.0492296298	-0.1625973653	-0.1078564451	-0.0243514618	0.0310054975	0.0055446348	0.1029570931	0.0326890837	-0.1157718623	0.0111542953	-0.1510734858	0.0653233504	0.0124782899	-0.2408973438	0.1034187024	-0.0653247997	-0.1496428301	-0.0890627443	-0.0039201008	0.2146429783	0.0129251425	-0.0507640059	0.0298316465	0.0482179506	0.0319908269	0.2619952326	0.0088820565	0.116102059	-0.0723094314	0.0010367459	-0.060271019	-0.0255627577	0.070067869	-0.0522607614	-0.0410123462	0.1191950563	0.0790050658	0.0463699361	0.1474843768	0.0105597568	-0.2278947978	0.1926212089	-0.1700199813	0.1181656724	0.0840950139	-0.0304814778	-0.0127676297	-0.1908000481	0.0841715328	0.1795050893	-0.0825723523	0.1336998923	0.0400998209	-0.0876327994	-0.0101290257	0.1013839798	-0.1275100165	-0.0542708391587467	-0.0285476993171159	0.0008149711363004	0.0029453239829945	0.1134151292560119	-0.0582605416632873	0.0033942907148996	0.0128629915441578	0.0473654182093383	0.0517472619772689	0.0022434828421455	0.0026777791221441	0.0037641227339838	-0.0016208182610505	1.4168619956493676e-05	2.627051835354768e-06	-0.0022268241788492	-0.0004505390494548	2.0298543508372468e-07	4.958745923507413e-06	9.869058508689083e-05	0.0002004083127888	9.739831584792841e-09	4.0163491834889904e-08	0.0	0.0	0.0
916.6240916489498	2.955900099808673	8.737345400048923	840199.7253912624	1074.1862357777252	10.6836258927749	1153876.0691343185	114.13986221677024	849.0992749487322	0.9121179654512162	720969.5787184626	0.831959182898866	853.1607438794476	790.113922520571	1.199665	21.569807	0.2589065291269683	0.1366630030114781	-0.1319979961	0.0607769999	-0.1241903641	-0.0919067874	-0.1320912794	0.1046237196	-0.0162414652	0.0284529761	0.0296984753	0.0341930607	-0.1178079796	-0.0156173849	-0.0947136075	0.0217205235	-0.1656959425	0.0483704345	-0.0605830786	-0.0338888267	-0.0429749354	-0.0256587759	-0.0476623369	0.0471065987	0.1654373818	0.1416224657	-0.173436194	0.0670678452	0.0890059957	-0.1969123615	-0.0482391046	-0.0381836728	-0.0518621934	-0.0167894361	0.0770309632	0.0558576092	-0.0018232798	0.1253116148	-0.031941852	0.1549777022	0.0356440311	-0.0063519954	0.1679119018	0.002890093	-0.16041066	-0.0945929101	-0.105854057	-0.0376168154	0.030127584	0.0707081355	0.046505531	0.0445510672	0.0768816782	0.0270994515	-0.1691288108	0.031771487	0.0046617185	0.0326317368	-0.0143116031	0.0197606737	-0.0069664828	0.049799877	0.0952150831	-0.1043927945	-0.2274397259	0.0547319714	0.0340571007	0.0744337354	-0.0574600722	-0.1932823197	0.0583197931	0.0049029775	0.0483149993	0.0109077108	-0.0095863765	0.0778234908	-0.0282836503	0.1511907521	0.0788615127	-0.0515625524	0.0414663507	-0.0867251768	-0.1409576088	0.1927260717	-0.0182106252	-0.0181758618	0.0550659459	-0.0037225185	0.1103598338	0.0919434274	-0.0366095098	-0.0717379497	-0.1059857204	0.0367561022	-0.0949502815	-0.0145006431	0.1111586028	-0.0897961883	-0.1162328349	0.0101434911	-0.044096781	-0.0824940971	0.0504846802	0.0405714084	0.1138847272	-0.0559981239	0.0210030361	0.0060272673	-0.1543887928	0.1850539902	0.0646674036	-0.0054889933	-0.0023201667	-0.0005441208	-0.090084361	-0.0033794295	0.0948006283	-0.1289225186	-0.0619520278088572	-0.0076811886501105	5.900065907858645e-05	0.0038380537496294	0.1568390456308606	0.0434239163748487	0.0018856365133298	0.0245984862343991	-0.0354115191208563	-0.0827769373301946	0.0012539756864467	0.0068520213537669	0.0053528845382083	0.0015887618042244	2.865337287938948e-05	2.524164070562688e-06	-0.0015990085814243	0.0006278155974248	3.9415242436998396e-07	2.5568284434685525e-06	-0.0001852217487	-0.0002839123337868	3.4307096191485954e-08	8.060621327631892e-08	0.0	0.0	0.0
914.1156615864126	-2.508430062537286	6.292221378640813	835607.4427575647	1067.8423283142452	-6.343907463480036	1140287.2381395882	40.245161905197705	848.0214362684729	-1.0778386802592197	719140.3563708437	1.161736220662936	851.6537330617673	784.8696687077367	1.164989	20.946337	0.1231621341581866	0.0668818839053489	-0.1490218909	0.0212365156	0.0032839296	0.108244965	0.1197291209	0.136166391	0.0688959935	0.0389463221	-0.1431737952	-0.0508432967	-0.0785996509	-0.1484809162	0.0125071642	0.0810897255	-0.0774600401	-0.0086625341	-0.0356658474	-0.0850635184	-0.0535428888	-0.1014735446	-0.0601004957	-0.0486005606	0.0492442817	0.088768571	-0.0655483616	-0.1193582259	0.1385354665	-0.0337248079	0.0210820647	0.018599386	0.1387013774	-0.0457487465	-0.0156483394	0.1913443261	0.0257120613	0.0074087621	-0.1250361676	0.056491732	0.0802876559	0.2574109888	0.0142820465	0.059042888	-0.047793576	0.0506603298	0.0961124316	-0.0184766708	0.0737262849	0.0333793786	0.0048822248	0.0932723611	0.0372775021	0.0870170645	-0.0861574282	-0.0212398417	0.0256876403	0.0701035495	-0.0926211691	-0.0255076473	0.0319890321	-0.0730742637	0.0532757957	-0.0244556243	-0.0457125206	0.1224458126	0.0562127069	-0.0351609853	-0.1389214364	-0.0774731195	0.1406845323	-0.0501389219	-0.0460751785	-0.2025464995	0.0165262892	0.181130583	-0.009617202	0.0083097467	-0.0252895094	-0.0244237694	0.135814896	-0.1934591088	0.0682182605	-0.0508472375	0.0002284102	0.0806278258	0.0017709125	0.0554122923	-0.0730408791	-0.1118775763	-0.0748985212	-0.014905841	-0.0830488763	0.0257459802	-0.038090415	0.0490675736	0.0073722064	-0.099892156	0.0604732454	0.0185794169	0.0068080614	-0.0936445121	0.0736347301	-0.0522965212	0.0884588456	-0.0200979999	0.0871760283	0.0174469479	-0.0062111735	-0.0356586575	0.0345435994	0.1416775038	0.0560448681	-0.1976963476	-0.0924741833	0.0033794295	0.0876327994	-0.1289225186	-0.0476535540153264	0.0142984737935308	0.0002044463528242	0.0022708612102916	0.1376030978582321	-0.0192359477726284	0.0003700216867112	0.0189346125401822	-0.0811990645953386	-0.0457875454744823	0.0065932880911579	0.0020964993205777	0.0060144527317158	0.0006615681935075	3.617364166204365e-05	4.3767247466077755e-07	-0.0017298210779987	-0.0001308124965744	1.7111909260027407e-08	2.992280961888585e-06	-0.000100799096431	8.442265226900001e-05	1.0160457841306036e-08	7.127184216132492e-09	0.0	0.0	0.0
910.2976295001688	-3.818032086243761	14.577369011586889	828641.7742736266	1066.031004414756	-1.8113238994892529	1136422.1023735334	3.280894268860952	847.2924739614832	-0.7289623069897289	717904.5364317707	0.5313860450117877	850.8017732666641	769.8767170174177	1.25706	22.601767	0.0955227986622936	0.0535844198752726	-0.0446359812	-0.0415526072	-0.1423968313	0.0683907319	-0.045011111	0.0216862959	0.0251764737	0.2131124194	-0.0259301898	-0.1740477063	0.0703228988	-0.2249957603	-0.0968964073	0.0560708468	0.0333050645	0.0034609979	0.0167104005	0.0520925803	0.0741550214	0.0014397674	-0.0582172947	0.0138419253	-0.0717684255	-0.0495150153	-0.0131594947	-0.0164198309	0.0220567538	0.004786443	-0.053931435	-0.0001207606	0.1212623666	0.1350560001	0.0657274888	-0.0096754234	0.0054820105	0.1113120852	-0.0653175156	-0.0414114509	-0.0596764013	-0.0869885482	-0.097482496	0.1300519623	0.0449362474	-0.0825470789	-0.1194833774	-0.0601269476	-0.0350963517	-0.0143150295	0.104257557	0.2147797867	-0.1465726269	0.0553292197	0.0378633922	0.0143860137	0.0319914531	-0.0681717199	0.1386368588	-0.0558013326	0.0251772456	-0.0293736414	-0.0632442043	-0.0098704211	0.0464572213	-0.033073133	0.030298953	-0.0628516052	-0.07777042	-0.0977970199	0.0850999926	-0.1536708237	0.028703165	-0.0043225021	0.0166733152	0.076542414	-0.095841708	0.0284770389	-0.0291074173	0.1359092619	-0.0257052635	0.212710487	0.1211254187	0.0894774479	0.0679978242	-0.0758649569	-0.0509865608	0.1066897459	-0.0824269376	0.0912265684	-0.0597456225	0.01800225	-0.0157715824	0.0328304202	-0.0405463613	0.020942117	0.1007884516	-0.0019610629	-0.019287558	0.0951168474	-0.03088441	-0.0016279169	-0.0491435387	-0.0359874246	-0.0112358895	-0.1493918895	0.0357148916	0.1274300603	-0.0942171774	-0.0081531988	-0.1183388781	0.0848474649	-0.0361992195	0.0188819222	-0.0948006283	0.0101290257	0.0799246852	-0.1275100165	-0.0566447615587293	-0.0089912075434029	8.084181308854522e-05	0.0032086290120452	0.1434171595331861	0.0058140616749539	3.3803313160168805e-05	0.0205684816485673	-0.0302024414126123	0.0509966231827263	0.0009121874672822	0.0026006555760409	0.0064474614219258	0.0004330086902099	4.156975878722145e-05	1.8749652579737958e-07	-0.0018893409988012	-0.0001595199208024	2.5446605132835842e-08	3.569609409751116e-06	-9.890958221929132e-05	1.8895142117086763e-06	9.783105454794751e-09	3.5702639562490604e-12	0.0	0.0	0.0
909.3925394793836	-0.9050900207852236	0.8191879457249966	826994.7908607622	1057.7588231013372	-8.272181313418741	1118853.727848726	68.42898368207422	847.4400163794135	0.1475424179302535	718154.5813611406	0.0217687650887056	850.3715248254441	746.1026531086411	1.247814	22.435528	0.0865607032078314	0.0472328764351432	0.0021018538	-0.0763714817	0.1381108038	-0.0005604255	0.0704547404	-0.0232373505	0.106913741	-0.2017423943	0.0447430156	0.1446367998	-0.0254678517	-0.1555263496	-0.0218336216	0.0707097519	0.0265683439	0.0406733319	0.0462439324	0.1304585721	0.0308482223	-0.276022503	0.0385414548	0.1155204654	-0.0097732469	0.0403391679	-0.0629311766	0.0446547871	0.0642582635	0.0837450464	-0.035026981	0.0166125243	-0.0274273606	0.0683120216	0.112206656	-0.0568751584	0.0076709563	0.0165524531	-0.0486210912	0.0020452136	-0.099733945	0.0189454542	-0.0574298438	-0.1281353058	0.010204949	0.1406447628	0.1675578226	-0.095804618	0.1188099687	0.1243632019	0.0631582183	0.039515585	-0.1534722288	0.0614816356	0.0280845186	0.0408502085	-0.1621353518	-0.1345049948	-0.1714434146	-0.0857447932	0.128764326	-0.0151925075	-0.0321300837	0.0575892113	0.0885387491	-0.0375160388	0.0203349567	0.0811397621	-0.1668819106	-0.1234989835	0.0185717201	0.0173284638	-0.0354184016	0.1279375512	-0.0350331041	-0.0337276367	0.0375264969	0.0110165263	-0.1178739305	-0.0304348692	-0.1362685092	-0.0081946705	0.07842211	-0.0763688253	0.0222028013	-0.156995009	-0.0208867375	-0.1272458505	-0.0947368475	-0.0216220557	-0.0678867367	0.0459443818	-0.011989358	0.0192926992	0.0511274269	0.0018553587	0.0728091291	-0.0053140596	0.0014189625	0.1413834583	0.0273444176	-0.0929139855	-0.0010107836	0.0454914057	0.0044012715	-0.0986303738	-0.1137511954	-0.1377010888	-0.01946822	0.1710684853	0.1460105271	0.0802475527	-0.0196371051	-0.1139753446	-0.0970621018	0.016850859	0.0717238087	-0.124700488	-0.0610245049204962	-0.0043797433617669	1.9182151914941225e-05	0.0037239902007916	0.1353916359563953	-0.0080255235767907	6.440902868162481e-05	0.018330895086949	-0.0150538584426556	0.0151485829699566	0.0002266186540115	0.0002294795659976	0.0058499200392184	-0.0005975413827073	3.422156446524901e-05	3.570557040478711e-07	-0.0024698058154895	-0.0005804648166883	3.3693940341298177e-07	6.099940766225754e-06	-9.677871562865058e-05	2.13086659064074e-06	9.366119798731217e-09	4.540592427108891e-12	0.0	0.0	0.0
909.4804780001598	0.0879385207762197	0.0077331834363096	827154.7398633992	1060.005512124688	2.246689023350882	1123611.685734722	5.04761156764534	847.8509541457174	0.4109377663039595	718851.2404458034	0.1688698477748876	851.3917425841894	746.2039023332818	1.150494	20.68572	0.0779788632547018	0.0490144131633054	0.0096235605	-0.1011571897	-0.0422223118	-0.0580984109	0.0008349709	-0.0102945425	0.1353285358	-0.1542524767	0.0847813439	-0.020516892	-0.0573115657	0.0910792568	0.0233681008	0.0805508993	-0.0095901381	0.0080166537	-0.0324382231	-0.0089112106	-0.0661738301	-0.0178299651	0.009447455	0.1728608923	0.0643821927	-0.0136320396	-0.0746707172	0.0989282413	0.1350758163	-0.0628908376	0.0427186806	0.0612433696	0.0026355094	-0.061624857	-0.0718750412	-9.80043e-05	0.052344971	0.0791918314	0.08271828	-0.0038241564	0.1825749492	-0.1304800738	-0.2008092587	0.0779809652	0.1424008743	0.0190305625	0.0074374808	-0.0262782556	0.0466500761	0.0236162055	-0.0665807757	0.0113586069	0.1054325174	0.0786142057	-0.0178571682	-0.0004469819	-0.0526670544	-0.0369830445	-0.1644153245	-0.0703546313	0.0506635007	0.1469395725	-0.0095130269	-0.08020278	-0.2169481805	-0.124296872	0.171870657	0.035652591	0.0648268566	0.0971729333	0.0283340561	-0.0037720021	0.0430531279	-0.0566623125	0.044234632	-0.0301566458	-0.0904499225	0.0347802285	0.0884735973	0.1092821571	0.110176297	0.0702382897	0.1991618086	-0.0604572444	-0.0620957281	-0.0609464054	-0.0264199941	0.0327596836	0.0592528042	-0.11985736	-0.0863755565	0.0369453311	-0.0005571762	0.0514656969	0.0050371145	0.0530102725	0.0768554707	0.0223472062	-0.0925287115	0.0758032768	0.056334655	0.0242954559	0.0197097577	-0.0489955913	0.131810494	-0.0794065804	0.0760226703	0.1145529058	0.0527689466	0.0755158068	-0.021794553	0.1309491119	0.0181041955	-0.0186325175	-0.0992570537	0.0235265052	0.063080731	-0.1205247148	-0.0613143287466044	-0.0002898238261081	8.39978501799946e-08	0.0037594469096466	0.136343370657201	0.0009517347008057	9.05798940717717e-07	0.0185895147221669	-0.0332026663660371	-0.0181488079233815	0.0011024170538143	0.0003293792290397	0.0066260402014948	0.0007761201622763	4.3904408751825246e-05	6.02362506291945e-07	-0.002155075397384	0.0003147304181054	9.905523608086281e-08	4.644349968409806e-06	-1.5859359922422173e-05	8.09193557062284e-05	2.5151929714893064e-10	6.547942127911119e-09	0.0	0.0	0.0
909.9719573086448	0.4914793084850544	0.2415519106689472	828048.9630881262	1065.752541897565	5.7470297728768855	1135828.480561121	33.02835121033335	847.365337610748	-0.485616534969381	718028.015384177	0.2358234190356681	851.3201822043992	747.6487358093261	1.082616	19.465288	0.0449975013770345	0.0315042613745129	0.0124902282	-0.1082853528	0.0514986087	-0.011875217	-0.0070058649	-0.0086083645	0.0905380908	0.0350015802	-0.0124796833	0.1200043651	0.1023794089	-0.0556893071	-0.0710125712	0.1116205228	0.0432201458	0.0415567606	-0.0304727649	-0.0680990816	0.0585309082	0.0026092714	-0.0507254812	0.050986306	-0.0503505156	-0.0020550185	-0.0227082435	-0.0067719831	-0.1136965915	-0.0046015104	-0.10535348	-0.0654834936	0.06711581	-0.0439451457	0.0157244679	0.0099768669	0.124050765	-0.028492308	0.131625653	-0.008280336	0.1269800206	-0.0502465655	-0.0776088992	-0.0926486547	0.2372155595	0.1176621383	-0.0095784517	-0.1038422347	0.0306944826	0.1178071061	-0.0342399051	-0.1254084197	0.0040560404	0.1113627591	0.0412571876	0.0427401036	0.0323087973	0.0495417956	0.0311890707	-0.052275514	0.0522841771	0.0197805246	-0.0703149501	0.0191332164	-0.0105796054	0.0187470879	-0.0355189801	0.0645943693	0.0036718996	0.0139548865	-0.1515124974	-0.0174767604	-0.030089415	-0.0648105512	0.0009752405	-0.1818035588	-0.0342699371	-0.1002914599	0.0095577589	-0.0047472113	0.1117054759	-0.1086680887	0.1708816775	0.0887798488	-0.0444239363	-0.0764323002	-0.1117638929	-0.1326665399	0.1606878575	-0.0800358229	-0.098199058	0.0570561571	-0.0069715944	0.0642792428	0.035669098	0.0534769639	0.0352127207	-0.0422094385	-0.0463117886	0.0154355621	0.0927034223	-0.0012883916	0.0852387911	0.0294376937	-0.0511476905	-0.0115595853	-0.0961409187	0.0815222278	-0.0337427928	-0.0898575735	0.1420680113	0.0936399797	-0.0638656092	0.0804779435	-0.1013839798	0.0301376669	0.0540487397	-0.1150284477	-0.0589483542439808	0.0023659745026235	5.5978353470649696e-06	0.0034749084680738	0.1370520738414313	0.0007087031842303	5.022602033381703e-07	0.0187832709442371	-0.0462679345806975	-0.0130652682146603	0.0021407217703637	0.000170701233521	0.0071360744379155	0.0005100342364207	5.092355838347102e-05	2.601349223212467e-07	-0.002196994792267	-4.191939488300007e-05	1.757235667356892e-09	4.826786117248319e-06	9.338118284282337e-06	2.519747820670451e-05	8.720045309124808e-11	6.349129079773488e-10	0.0	0.0	0.0
911.7010256137456	1.7290683051007818	2.9896772037040904	831198.7601051556	1062.3730878660665	-3.379454031498426	1128636.577822081	11.420709551010964	846.564769661653	-0.8005679490950115	716671.9092322877	0.6409090411181929	850.0703507153539	760.46060384706	1.016167	18.27054	0.0851150540184923	0.0465808236266988	-0.042372109	-0.1252262932	0.0623070294	0.0802952758	-0.1611194394	0.0190657291	0.0760687282	-0.003015665	0.1256653314	0.043651176	-0.0310974713	0.0167905169	-0.0025943421	0.0801275044	0.0547393278	0.1716680314	0.0393151685	-0.120784622	-0.0394812919	-0.0942396188	-0.0141423507	-0.1128726957	-0.0760737615	0.0093309674	0.0579417697	0.0378413944	-0.0612492583	-0.092633934	-0.0050737298	0.186537406	-0.1158240392	-0.0013259918	-0.0823885868	-0.2038123139	-0.0162850488	0.2153154925	0.0156986978	0.0377411784	-0.0673583652	-0.1027075624	-0.0772439327	-0.0288376169	-0.0155966196	0.0456778514	0.0415758834	0.0912246602	0.0471936224	0.0362243969	-0.0707738103	0.0313554882	0.0565711381	0.0825755662	0.0265299679	0.1660857632	0.0382025726	0.0225512444	-0.0917300598	0.0665062644	0.0161324809	-0.1723119385	-0.0781835319	-0.0112766326	-0.0446658354	-0.0151697973	-0.0306897468	0.1501480342	0.1946470205	0.1013590347	-0.0764867703	0.0232568886	0.1069234237	0.1423050392	0.0687510134	0.0524077079	-0.1650909795	0.0638341375	0.0414349031	0.0174397747	-0.1058853448	0.0883033155	0.0773033632	-0.0451952392	-0.0401119871	-0.0558095059	-0.0196936459	-0.0410512364	-0.0278265247	-0.0558147284	-0.1322367005	0.0415363291	-0.031298073	0.0335424677	0.0471328583	0.0602110026	0.0201321786	0.1099400062	-0.1547703377	0.0447346391	0.0552111097	-0.037768053	0.1443037565	0.0375758327	0.1700688832	0.1718013995	-0.045229056	0.0861980598	-0.0107783472	-0.1323118714	0.1233786629	0.1263122707	-0.0944107315	0.2009025523	-0.1034414224	0.0366662233	0.0446835199	-0.1082719048	-0.0609475795685767	-0.0019992253245958	3.996901898505578e-06	0.0037146074552679	0.1021075834292446	-0.0349444904121867	0.0012211174101674	0.0104259585937601	-0.0502620478201834	-0.0039941132394858	0.0025262734510784	1.5952940569836527e-05	0.0066260393117557	-0.0005100351261598	4.3904396960931945e-05	2.601358299168434e-07	-0.0025430929401297	-0.0003460981478626	1.197839279539913e-07	6.467321702137522e-06	-1.807310853769355e-05	-2.7411226821975887e-05	3.266372522152515e-10	7.513753558858103e-10	0.0	0.0	0.0
913.3049261147544	1.603900501008752	2.572496817136126	834125.8880654769	1067.6758989864552	5.3028111203886965	1139931.8252765352	28.11980577851802	847.6643055453425	1.099535883689441	718534.7748956677	1.2089791595207202	851.3727657303463	763.6802561116773	1.024754	18.424925	0.1304793662342851	0.0766913702898675	-0.0729724177	-0.0995162384	-0.0178050294	-0.0934155121	-0.0715765194	0.048772338	0.0862478024	0.0621166277	0.041891597	0.1829065636	0.0016078264	-0.0283443056	-0.0452888977	0.1121593329	-0.0474041667	0.1231579517	0.076138171	-0.1137192694	-0.0755461773	0.0532611121	-0.1136350888	-0.0220830494	0.0223808313	-0.1271577093	-0.0180972282	-0.0122671482	-0.0114208391	0.0294046155	0.0385865036	0.1412897701	-0.056592265	-0.2481163119	-0.0088081864	-0.0030882454	-0.009181117	0.0975547854	-0.0275324011	-0.0389968548	-0.0733053886	0.1610427887	0.0079508684	-0.0085904156	0.0578266643	0.0242159819	0.0877041145	0.0342036909	-0.0324013425	-0.0743529088	-0.0830486723	0.0048621742	0.1402077443	0.1229533591	-0.0620285344	0.1163725915	0.1017050532	0.0552569435	0.0308173273	0.1499413884	0.1022557845	-0.0158121324	-0.018312327	-0.0414611187	0.0235687703	-0.0210921637	0.0565704073	0.1438328735	-0.0003556959	0.1008428617	-0.0551483195	0.2103750902	-0.0049822458	-0.0938638924	-0.0151432913	0.118723596	-0.0997938876	-0.0513892011	-0.0165355947	0.0112317232	-0.0581080266	-0.1073806109	0.0269972969	-0.0041960513	0.0217273013	0.0664249586	0.0041367743	0.0064977438	-0.0460078405	-0.1962599342	-0.1500399575	0.0424508337	-0.0863077912	0.0446809662	0.000699315	0.027794795	-0.0440559058	-0.0699335377	-0.1230087546	-0.006221817	0.0410008843	0.0868801548	0.0966436006	0.0710931211	-0.0162362202	0.0634270059	0.0170955766	0.032826295	0.0043709986	-0.0355431482	0.0043732694	-0.0311619581	-0.0264790462	-0.0626311068	-0.1054279714	0.0430942802	0.0350428114	-0.1003291122	-0.0608862455162295	6.133405234719919e-05	3.76186597732897e-09	0.0037071348930625	0.1362762504650305	0.0341686670357859	0.0011674978070024	0.0185712164408077	-0.105347885939409	-0.0550858381192256	0.0110981770719027	0.0030344495612975	0.0072640656643528	0.0006380263525971	5.276664997602929e-05	4.0707762660835995e-07	-0.0023740437049013	0.0001690492352284	2.8577643931307e-08	5.63608351278149e-06	-1.8781558246659669e-06	1.6194952713027583e-05	3.527469301726698e-12	2.622764933771995e-10	0.0	0.0	0.0
915.6564291034066	2.3515029886522143	5.529566305640296	838426.6961584019	1069.90957126956	2.233672283104852	1144706.490694214	4.989291868310842	849.0962737242493	1.4319681789068	720964.4820524052	2.050532865401657	852.8405093536181	775.9030657568643	0.990451	17.808174	0.0798836916014276	0.041651837372576	-0.1370490885	-0.1032990512	0.0935975791	0.0629485691	-0.0277422067	0.1049768088	0.1102395088	0.025597858	0.1166034472	0.0854309274	0.1653507598	0.001151334	-0.0232040925	0.1803331744	-0.0920560656	-0.0067945137	0.0450634715	-0.0523944677	-0.0331734618	-0.0225517388	0.0057356907	0.0046197855	-0.0481729492	0.0035422768	-0.03160378	0.1691984105	0.0750188123	0.0668066716	-0.0226911022	-0.0823724637	0.0376728943	-0.0403096361	-0.1117855901	-0.0657685911	-0.1430406128	0.1431373505	-0.0585957686	-0.0225074597	-0.0553218112	-0.0130593095	-0.0210327128	-0.1772599563	0.0017336983	-0.175614207	0.0759497324	-0.0574265349	-0.1863611906	-0.0219222531	0.1800432309	-0.0536001487	0.0506314413	0.182143025	-0.0943135397	-0.0207289457	0.0295944423	0.0277807289	-0.0456423867	0.0785071041	0.0428704078	-0.0356931575	-0.0218918193	0.0391150804	-0.0080598934	-0.1417119494	0.0259635659	-0.0570238765	-0.0455337939	-0.0607343292	-0.009158543	0.0706604627	0.0060140794	0.0281035407	0.1618124174	0.1158315068	0.0122522702	-0.0912109203	0.0370467047	-0.0397890163	-0.2735609782	-0.092156326	0.032759223	0.1751931972	0.0939545322	0.1242510997	-0.0440463062	-0.1407995079	0.1503613636	0.025602154	-0.1879656114	0.0450193694	-0.1202045018	0.0169926011	0.0208191309	0.0884884722	-0.0748756591	0.0177989497	-0.0616275833	0.0006261909	0.0499173571	-0.0012009442	-0.0320448581	0.0857510769	-0.0671785422	0.1482074787	-0.0302908467	-0.0862662178	-0.0157999425	-0.1272823227	-0.1106673343	0.0154222809	-0.0120287672	-0.0762949638	-0.1073422654	0.0494042187	0.0251860523	-0.0912870929	-0.05312480563299	0.0077614398832395	6.023994906114085e-05	0.0028222449735429	0.1197850589886684	-0.0164911914763621	0.00027195939631	0.0143484603569187	-0.1209213087480236	-0.0155734228086146	0.0146219629093348	0.0002425314979758	0.0078380807858583	0.0005740151215054	6.143551040564105e-05	3.294933597169728e-07	-0.0021565766057345	0.0002174670991667	4.729193922002265e-08	4.650822656401338e-06	-1.1548683816596343e-05	-9.670527991930376e-06	1.3337209789571427e-10	9.351911164270896e-11	0.0	0.0	0.0
914.1718402157464	-1.484588887660152	2.204004165364008	835710.1534434443	1068.1406613863433	-1.7689098832167929	1140924.472506855	3.129042174942048	848.4943138514498	-0.6019598727995117	719942.6006382426	0.3623556884608043	852.0430445164328	780.6227228519529	1.035206	18.612862	0.0520082764127257	0.029529803905226	-0.1526434927	-0.1178092102	-0.0585231094	0.019221789	0.0372753822	0.1159446599	0.1274509287	0.0775480212	0.1042137246	-0.072525357	-0.0146363961	0.0310539506	0.0324970069	0.1825853881	-0.0541632412	0.0033529862	0.139505386	-0.0099797144	0.0941537105	0.0017267467	-0.0295706448	-0.1907353951	-0.0115895002	0.0353946209	0.0041409708	0.076904412	0.0472399758	0.0772984234	0.1284405981	0.0146535915	0.0058985679	-0.0435850051	0.0418181788	-0.1274830872	-0.0977684513	-0.1203623514	-0.1521150459	-0.2052395959	-0.0464598226	-0.0088076818	0.0606221819	0.0814685862	0.0385900712	-0.0864782775	0.0202374329	0.1580670736	-0.011070423	0.0293319149	-0.0994667216	-0.1942033927	-0.2240751348	0.1820266847	-0.0635257563	-0.0080378015	0.0913754258	-0.1037115233	0.0223426784	0.043702794	-0.0374059875	-0.2030906763	0.0277388489	-0.0031953493	0.0297703439	-0.0106042123	-0.046419555	-0.0769900686	-0.0596297004	0.0666324305	-0.0016423403	0.1758803257	0.1850215537	0.0087584529	-0.0143246568	0.0387550069	0.1324788233	-0.0972813016	0.0078652804	-0.0217108377	-0.0666679866	0.1255406888	-0.0440226101	-0.1142512123	-0.1125509192	0.0597107186	0.0295735656	-0.0010635013	-0.1048058823	0.161379775	-0.1968651208	0.0803033997	-0.1110184213	0.0429991569	0.0081174853	0.0122350913	-0.1295213381	0.1062552593	-0.0589270472	0.0530790493	-0.0930734779	0.1305601847	-0.0679113726	0.0446936119	-0.0959388414	0.0031555078	-0.1819720472	0.0533343176	0.1397408755	-0.1673352472	0.0041918554	-0.0334456229	0.0339909462	-0.1462654966	-0.1091829923	0.0555787436	0.0151740128	-0.0812449131	-0.0607162122075664	-0.0075914065745764	5.762945378052183e-05	0.0036864584248342	0.1206880013469202	0.0009029423582518	8.153049023253346e-07	0.0145655936691142	-0.1296739439875835	-0.0087526352395598	0.0168153317492949	7.66086236367857e-05	0.0082961338024817	0.0004580530166234	6.882583606867946e-05	2.0981256603779722e-07	-0.0023549293575211	-0.0001983527517865	3.9343814141316434e-08	5.545692278914741e-06	2.7271392580155603e-05	3.8820076396751946e-05	7.43728853260966e-10	1.5069983314496575e-09	0.0	0.0	0.0
912.500448682572	-1.6713915331744147	2.793549657167121	832657.0688458952	1068.1935919586724	0.0529305723291599	1141037.549901571	0.0028016454870924	846.935932092311	-1.558381759138797	717300.4730690715	2.4285537072165315	850.8306266208311	769.24561955208	1.165962	20.963831	0.1105406286019625	0.061685854469941	-0.1133883768	-0.1522197685	-0.0734381202	-0.1180593513	0.1731778567	0.0786199726	0.1767120673	0.0445601866	-0.0882965122	0.1344974821	0.0248344722	0.0681808597	0.0293026173	0.1914593444	0.0632016758	0.0286537192	0.038152457	-0.1080788096	0.064607936	-0.1204977489	-0.0494897554	-0.0212517249	0.0030585793	-0.0149764973	0.2463314233	0.0917322507	0.0126626413	-0.0267835936	-0.0538601258	-0.0253770167	-0.0299482635	-0.1924849862	0.0071069348	0.0528856417	0.0248322258	-0.0899368352	-0.1104840829	-0.0515232413	0.0022151523	-0.0607725492	0.0708002612	0.0396170587	0.0115878155	-0.0670250377	-0.0250265921	0.0275068447	0.0724996452	-0.0114697074	0.0539204482	-0.0198659524	-0.0081916315	0.1993948433	0.0546557559	0.0295677958	0.0907671105	0.0643108053	-0.0928762959	-0.0944998854	0.1075772784	-0.0601295023	0.0555178716	0.0458624061	0.0845761556	-0.0137124504	-0.0314301486	-0.0263266769	0.1904121795	-0.108540401	-0.1218860628	0.1340466753	-0.0624711147	-0.1406588755	-0.0466101023	0.0202732896	0.0591274859	0.0532727562	0.0783930803	-0.0556714781	-0.0130195116	0.0454488862	-0.0028840247	-0.0510144469	-0.0839095633	0.0101918919	0.0577378318	0.0639069306	-0.0133367131	0.0795350969	-0.1938908372	0.057743035	-0.0735131412	0.0070801541	0.083133474	0.05676313	-0.1151974157	-0.0374989662	-0.0484670479	-0.0917142635	0.0210568488	0.0932315327	-0.1300375501	0.1277467012	0.0107037489	-0.1282997179	0.0203358063	-0.0289782191	0.1501887626	-0.0581459507	-0.1175126241	0.0733885476	-0.0300169467	0.1395277068	-0.1109488906	0.0616009311	0.0050684204	-0.0703125971	-0.0608757249964639	-0.0001595127888974	2.544432982185728e-08	0.003705853893845	0.1590623843377443	0.0383743829908241	0.0014725932699264	0.0253008421112082	-0.0989889278682198	0.0306850161193636	0.0097988078404996	0.0009415702142456	0.0077038613073961	-0.0005922724950855	5.934947904359475e-05	3.507867084349217e-07	-0.002388158977171	-3.322961964990004e-05	1.1042076220770226e-09	5.703303300242437e-06	0.0002282036119022	0.000200932219322	5.207688848520993e-08	4.0373756761682165e-08	0.0	0.0	0.0
911.5518348656808	-0.9486138168912248	0.8998681735969382	830926.7476469894	1065.7301393768491	-2.463452581823276	1135780.7299761984	6.0685986228917645	847.4103831882463	0.4744510959353647	718104.3575352505	0.2251038424342686	850.5485779668244	752.871059049562	1.241291	22.318243	0.1170869668657621	0.0650328857925455	-0.0459722819	-0.1561209828	0.0758404557	0.1035687095	0.008856615	0.051549026	0.1390127351	0.0757567689	0.0507484883	0.047332047	0.1310735947	0.0738115331	0.1507686036	0.1627114343	0.0427814374	0.0368416384	0.0855454989	-0.0349983895	0.0893232856	-0.0263105156	0.0626314602	-0.15257196	-0.1465196193	0.0327890016	-0.1045167507	0.031073176	-0.0020888852	-0.0780037073	-0.0214375211	0.1051823213	0.1307084997	0.1032184554	0.0734634582	-0.0466010962	-0.0294071551	-0.1362544688	0.0492646477	0.1468759796	0.0833940976	-0.1712540525	0.0309277606	0.042572222	-0.1127363157	-0.0050557212	-0.0063541842	0.0451633957	0.0117051505	-0.0822797379	-0.0718650268	-0.1548255573	0.1005535947	0.1607248788	0.0412295536	0.0263124786	0.039337993	-0.0525096363	-0.0200199274	-0.042282341	-0.0785600748	-0.1841884439	-0.0810527827	0.1175897344	0.0158079115	-0.0096365122	-0.0195656857	0.1411030097	-0.0563719221	0.0678407595	-0.0250765884	-0.1833266426	0.1690718456	-0.0047488985	0.0123751791	-0.1097808361	0.1512445395	0.1751141531	0.0957170969	-0.0591241227	0.1087639638	0.0686814991	-0.1023653693	-0.030808922	0.0076413027	0.0691032652	0.072896155	-0.0639134106	0.0410067248	0.0367662629	-0.1767392708	0.0866792338	-0.0439072656	-0.0406401046	0.1023367894	-0.0552253978	-0.1414649467	-0.0323202703	0.0732829975	0.0160660071	0.0725124215	-0.0301649946	0.0157452677	-0.0701712835	-0.0428481319	0.2254633893	-0.0736201912	-0.0885006781	-0.0927465219	0.0548749973	-0.0996822113	-0.1380921083	-0.1079118441	0.0930129961	-0.1126387502	0.0674542747	-0.0050684204	-0.0586099215	-0.0611084497796667	-0.0002327247832028	5.4160824716792514e-08	0.003734242634474	0.1364727717909204	-0.0225896125468239	0.0005102905950156	0.0186248174402966	-0.0789603014041944	0.0200286264640254	0.0062347291978412	0.0004011458780354	0.0068270567501438	-0.0008768045572523	4.6608703869684026e-05	7.687862316184018e-07	-0.0023841902060819	3.96877108910015e-06	1.5751143957677193e-11	5.684362938776852e-06	0.000832150344995	0.0006039467330928	6.924741966752976e-07	3.647516564134659e-07	0.0	0.0	0.0
913.5691200004536	2.0172851347728056	4.0694393149753365	834608.5370184032	1068.2523236697948	2.522184292945667	1141163.027025916	6.361413607581834	849.3757486578279	1.9653654695815703	721439.1624080456	3.8626614290235866	853.1903002320117	774.0255565488061	1.244227	22.371035	0.1603911249318706	0.0965343470472639	-0.1054446652	-0.2142045713	-0.0806507221	0.0812841491	-0.1357815018	0.0889936198	0.1923314019	-0.0302895562	0.1717136691	0.053720555	-0.0621190273	-0.0201178647	0.0677510768	0.1879871231	-0.0628160882	0.0690347855	0.3006307637	0.0484615009	0.0028245021	0.0576417639	-0.0042368593	0.02330462	-0.0961891502	0.0218350178	-0.0563568986	-0.1705912652	0.0696542173	0.1705240555	-0.0784027539	-0.0313542284	-0.0847488398	-0.0330055445	0.03121975	-0.0315761136	0.0872358845	-0.0423746681	0.1010737712	-0.0680995365	0.0571641589	0.1353524508	0.0973719084	0.0072373343	0.0024806136	-0.0033655493	-0.0020618826	0.2101076601	-0.1273751318	0.0197918373	-0.0287854535	0.1754570527	0.1130428948	0.1956473424	-0.0671041301	0.0565280637	0.1305484398	-0.2109936215	-0.032922404	0.1236789135	0.0292442365	-0.0068339247	-0.0411088395	0.1596511122	0.089771522	0.1224794411	0.1084634835	-0.0316699023	-0.1220942694	0.1082241137	-0.1363402144	0.0518895071	-0.0543980546	0.0822802817	-0.0571430937	-0.0101093168	-0.0171934939	-0.15111131	-0.0640909214	0.0317551635	0.0517597673	-0.0952276954	-0.1039569914	0.0547408304	-0.0407386001	0.0962404039	-0.0402619207	0.1335995937	-0.1312245246	0.0077635905	-0.2615449805	0.1173367703	-0.0478917224	-0.1073180566	0.0984785449	-0.1494727178	-0.1690870667	0.1116847152	-0.0609769939	0.0257442395	0.0560590937	0.0733248947	-0.138822268	-0.030796205	-0.0654203268	-0.0433138669	0.1144764724	0.0231233955	0.0145728456	0.0581252197	-0.0354730701	-0.080229885	0.1005835189	-0.0515599034	-0.1142514127	0.0731227308	-0.0151740128	-0.0462651033	-0.0606796839884253	0.0004287657912414	1.838401037388667e-07	0.0036820240489351	0.1054386089650734	-0.031034162825847	0.0009631192623011	0.0111173002604896	-0.1622802758909216	-0.0833199744867271	0.0263348879432336	0.0069422181484688	0.0071530279539414	0.0003259712037975	5.116580890986709e-05	1.062572257052564e-07	-0.0027377285119374	-0.0003535383058555	1.2498933370717724e-07	7.495157405074971e-06	0.001064805271903	0.0002326549269079	1.1338102670724217e-06	5.412831501456677e-08	0.0	0.0	0.0
908.8759940747016	-4.693125925752042	22.02543095496597	826055.572605277	1058.6908106154945	-9.561513054300349	1120826.2324816927	91.422531887556	848.2974084670236	-1.0783401908042831	719608.4932118683	1.162817567103818	851.4824961565826	756.3766468181167	1.309237	23.539894	0.1631653086323912	0.119127724428708	-0.0688235756	-0.1581285111	-0.1198120966	0.1314270879	0.1071889077	0.0333750306	0.217144448	0.0810501516	-0.0518678862	-0.1203841369	-0.0178249645	-0.0356342693	-0.0939414566	0.1818825372	0.0001115707	-0.1079936636	0.1479853052	0.0001156373	0.0089604339	0.0643414397	-0.056453515	-0.0139881577	0.0290140659	-0.0467347115	0.0118631999	0.1968868313	-0.0592756558	0.0759053165	0.080473355	0.0081763559	0.0466318512	-0.005176901	-0.1635491707	0.1094520357	0.2294742742	-0.1084334153	0.2700739557	-0.027608934	0.1194321384	-0.0873177721	0.0688707655	-0.0728944936	-0.1914136711	0.0055168253	0.0126391229	-0.1938020256	0.0932550824	0.0611976294	0.0033778814	0.0017276824	-0.1571712215	0.1872083204	0.0073711991	-0.1117777561	0.097173781	-0.143929448	0.0546627825	-0.0235378654	0.0770861358	-0.0285838879	0.0220561482	-0.0091587383	-0.1190805109	-0.2345693189	0.0029452423	-0.0538691353	0.1680305091	0.1850251895	0.0022723331	-0.1895902088	-0.2162174932	-0.1533187409	-0.1356825812	-0.1821057864	0.0554031079	0.0086794543	0.0387910953	0.0844568678	0.0146272649	-0.0478180118	-0.0682071963	-0.0238068799	0.0935880907	-0.0686893148	0.1223891466	-0.0221754754	0.0093574653	0.0972591378	-0.1841933103	0.1314392697	-0.0256897124	-0.0619476737	0.0687015415	-0.1183934053	-0.0904984007	-0.1067069896	0.0751458103	-0.092692377	-0.069049724	0.0505025206	-0.0598273087	-0.175368719	-0.024869254	-0.010582432	0.0748534681	-0.0366872904	-0.1609065285	-0.045103151	0.1050471938	-0.0555022701	0.1502524857	0.0920278937	-0.1157857731	0.0785907625	-0.0251860523	-0.033413395	-0.0609034752589678	-0.0002237912705424	5.008253277102602e-08	0.0037092332986197	0.1141425262752022	0.0087039173101288	7.575817654155982e-05	0.0130285163044852	-0.0515929923600566	0.1106872835308649	0.0026618368606648	0.012251674735442	0.0066541469632804	-0.0004988809906609	4.4277671808933777e-05	2.488822428429004e-07	-0.0025972570899548	0.0001404714219826	1.973222039381368e-08	6.745744391320476e-06	0.0008331513541295	-0.0002316539177734	6.941411788878195e-07	5.3663537619811487e-08	0.0	0.0	0.0
903.125701411626	-5.750292663075584	33.06586571102089	815636.0325502414	1055.192858995065	-3.497951620429376	1113431.969674179	12.235665538864495	847.1582006337692	-1.1392078332544315	717677.0169010456	1.2977944873482568	850.8640659542303	741.2486928806749	1.441856	25.924368	0.1143899967395409	0.0587120178029971	0.0269191554	-0.3365713335	-0.0643449258	0.0746368237	0.062684291	-0.1565529873	0.2927052242	0.2149625714	-0.0434349557	0.0236317534	-0.1562623333	-0.071539965	0.1368880034	0.2810332967	0.164737889	-0.1537399273	0.1133048786	-0.1037269636	0.039769	-0.1506932675	-0.1301942536	-0.0314883283	0.0586566319	-0.0086405897	-0.0840390095	-0.1315972993	-0.0689733649	0.100906463	-0.0624476179	-0.0042826339	0.0522346259	0.1503218908	0.1456073103	0.121178466	-0.0327880748	-0.0353162133	0.0149044005	0.0545727404	-0.1382378013	-0.1485845867	-0.0029237554	0.1239577287	-0.0205370721	0.1462995227	-0.1277848178	0.0199575696	-0.0096351471	-0.055986198	-0.0077105479	0.1172973939	0.0646670514	0.2767778923	0.1834659984	-0.1435825824	0.1751659814	-0.0284101577	-0.0306174144	0.0099214496	0.1399792855	-0.0796120838	-0.016170694	-0.1424725448	0.0725996542	0.1218324605	-0.0451644295	0.0256135129	-0.1963089356	-0.0423640769	-0.0048779688	-0.1319180882	-0.0283308216	0.0472442765	-0.0168494942	-0.0699880751	-0.0051815619	0.1240527135	-0.024535857	0.0106752603	0.074269542	0.231915912	-0.1160522006	-0.0196234137	-0.0335746881	-0.1368702904	-0.1524078136	0.0392057066	-0.0401945817	-0.0640662829	-0.2304627725	0.2106890972	0.1192207288	-0.1321238711	0.2686998109	0.0199655101	-0.011367447	0.09166813	-0.0139854427	-0.1727839879	-0.0851818821	-0.0496229305	0.0717153797	-0.0936537227	0.0445676832	-0.1024419646	0.1803982052	-0.086806953	0.005845064	0.0633656835	0.057437384	-0.1101062169	-0.0316554457	-0.0535996888	-0.1172407796	0.0838433825	-0.0350428114	-0.0201956026	-0.0608708462494576	3.262900951019748e-05	1.0646522616165578e-09	0.0037052599231251	0.1606977077922948	0.0465551815170926	0.0021673849260894	0.0258237532896977	-0.0319172658874435	0.0196757264726131	0.0010187118617297	0.000387134212225	0.0072754542939557	0.0006213073306752	5.293223518343843e-05	3.860227991508658e-07	-0.0025170563884724	8.020070148240027e-05	6.43215251826908e-09	6.335572862749721e-06	0.0010941725167783	0.0002610211626488	1.1972134964729597e-06	6.813204735053135e-08	0.0	0.0	0.0
895.4915224585329	-7.634178953093055	58.28068828784898	801905.0667951012	1039.7191355327177	-15.47372346234738	1081015.880792902	239.43611778919976	843.9827841987583	-3.175416435010902	712306.9400238878	10.083269535737347	847.0841985450969	681.6348732659983	2.247913	40.417156	0.6177699118319968	0.4145134242262875	0.2636865323	-0.0233106036	-0.0816056713	0.0281467598	0.086262733	-0.2498233632	0.0212657643	-0.1605020196	0.0017908718	-0.0694654899	0.1203949873	0.0852645176	-0.0904173858	-0.0637026155	0.3126754329	-0.1923022878	-0.0829682275	0.0672926421	-0.143122968	-0.0819774168	-0.1929076962	-0.1460617878	0.1673434425	0.197798727	0.1270121253	0.0888940286	0.1561112485	0.105735876	-0.0059640356	0.0562517153	-0.0517509249	0.032315129	0.1155249539	-0.0614278937	0.0830081199	0.0180821826	0.0097533422	0.0197660496	0.0410245346	0.1252624263	-0.2240959997	-0.1419478284	-0.0057885946	-0.2480739748	0.0421148639	0.1139277368	-0.1792191216	-0.2033424096	-0.0120357949	0.0343167403	0.0367633455	-0.0619710686	0.3168135757	-0.1557691837	-0.1212689807	0.0583048706	-0.0585498976	0.1452175126	0.1797865511	-0.1876101241	0.2846716508	0.0818973622	-0.1333891341	-0.0209798542	-0.0033840888	-0.1733111577	-0.0469370736	-0.0806999612	-0.0566108755	0.0101515335	0.0010699037	0.107846487	-0.1268045195	0.0864028515	0.0058321654	0.0677897633	-0.1337814904	0.1248540686	-0.0986435727	-0.1079360262	0.1625955885	-0.0288859458	0.1329034938	0.2484607945	0.0153836088	0.0839822467	0.0662222916	-0.1018448594	0.1249784112	0.3323537699	0.0871281046	0.2713983731	-0.2380894392	-0.0101681714	-0.1431538985	-0.0801574202	0.4058666824	0.036087838	0.0534371434	0.3371636312	0.1003058646	-0.0947163445	0.1187613074	-0.1482478589	-0.002712372	-0.148975282	0.2405850306	0.1952696032	0.1033244024	0.0265295122	-0.0790618783	0.1433117194	-0.1186154352	0.0888661936	-0.0446835199	-0.0067565429	-0.0181753893642024	0.0426954568852551	0.0018229020386406	0.0003303447785403	0.3079129441012185	0.1472152363089237	0.0216723258014922	0.0948103811450801	0.3442860158956193	0.3762032817830628	0.1185328607412786	0.1415289092243465	0.0065210854472293	-0.0007543688467264	4.252455541006576e-05	5.690723569113188e-07	-0.0025198585859524	-2.802197480000334e-06	7.852310716920222e-12	6.349687293198029e-06	0.0008182248238896	-0.0002759476928887	6.69491862429167e-07	7.614712921059635e-08	0.0	1.0	0.0
897.2949950203642	1.8034725618313128	3.2525132812784	805138.3080885955	1041.5505345812917	1.831399048573985	1084827.5160865744	3.3540224751176977	845.5661039090677	1.5833197103094108	714982.0360799603	2.506901305054277	849.1799192538488	677.65943619096	1.717853	30.886755	0.6640975311696549	0.3975879058029634	0.3310387292	0.2216241437	-0.1667693847	0.0557152523	-0.0531798226	-0.3073068067	-0.1996512996	0.0082951481	-0.1599802052	-0.1381099277	-0.0378177105	0.1238936963	-0.2295447938	-0.3440080049	0.2125894482	-0.1457183242	0.1362276135	0.014697678	-0.0416364188	-0.0225143738	-0.0908803002	0.0280663235	-0.1287016746	-0.0843153777	-0.0266979007	0.0092456511	0.0316671765	-0.0847690067	0.0086680304	0.1810068523	0.0684632977	0.0273782807	0.1136127851	-0.047248001	-0.0585211361	0.0873255241	0.0811257568	0.0216626189	0.0625283177	-0.0108604186	-0.0564698604	-0.0798982241	0.0195202851	-0.0621108524	-0.0311930169	0.1005871917	0.0600319118	-0.0162328288	-0.1732876478	-0.0752869849	-0.1116381621	-0.3459034603	0.2249760898	-0.1117512453	0.0986722856	-0.0746779853	0.0150516188	0.0631404753	0.0881791934	-0.0313738448	-0.0113534607	0.0943521299	0.1004730423	-0.0775477534	0.0548925234	0.2018852765	-0.0199904931	0.0237476871	0.0691614387	0.0124882535	0.1393847029	-0.0210743749	0.0859634437	-0.0503586273	-0.0631658333	0.0957979367	-0.0158630279	0.0860628129	0.0163169081	-0.0178776469	0.1153374746	-0.0671082048	-0.0092354471	0.0424527367	0.0966998582	-0.0275902788	0.0543820003	0.2220085497	0.3452098792	0.373884902	-0.040156224	0.2488688038	-0.1284048277	-0.2199321209	-0.1163171815	-0.1604695365	-0.2058544605	0.0995292667	-0.0059323346	-0.0283127421	0.0060245157	0.0386372801	-0.0504479632	0.2374933141	-0.1563254206	-0.0830489844	-0.1522040052	-0.1985939948	-0.0031009412	-0.1204948745	0.0646862951	-0.142661907	-0.1199087977	0.0936454286	-0.0540487397	0.0067565429	-0.0366131417780479	-0.0184377524138454	0.0003399507140742	0.0013405221508594	0.4277150143679478	0.1198020702667292	0.0143525360401943	0.1829401335157738	0.6458532398503394	0.3015672239547201	0.41712640742518	0.0909427905637562	0.0030541234965999	-0.0034669619506294	9.327670332483598e-06	1.2019825167112014e-05	-0.0022173495226736	0.0003025090632788	9.151173336581704e-08	4.916638905700842e-06	0.0001018861471106	-0.000716338676779	1.0380786973042824e-08	5.131410998494886e-07	0.0	0.0	1.0
900.1521081392542	2.85711311888997	8.16309537413317	810273.8177875436	1043.7481224466358	2.197587865344076	1089410.1431108774	4.829392425907533	846.5676060139	1.0015021048322978	716676.7115521058	1.003006465983523	850.3746646387782	687.2008374929428	1.443406	25.95224	0.3477825669047243	0.1832968956721176	0.2475125258	0.1168357098	0.0755342954	-0.01897464	0.0979024296	-0.2344120288	-0.0896397354	-0.0641563018	-0.2576296362	0.0824863447	0.0410006705	-0.0872016729	0.0114120821	-0.1903461368	0.1164505753	-0.0903025089	-0.0587575144	-0.167981713	0.0826826423	0.0221530476	-0.0491270866	0.11854028	-0.163167949	-0.0468340309	-0.0270308717	-0.097035243	0.0725854519	0.1333866242	-0.0498636134	-0.1326986517	-0.0312840281	-0.0995300759	0.0127146237	-0.0074523203	-0.1565911641	-0.0912367665	-0.1377906914	-0.0043908608	0.0580954432	0.0367115094	0.2336950171	0.0026306914	0.0673947239	0.0246094914	0.0845496595	0.0657007907	0.0255810441	-0.0141083126	-0.1036620343	0.0431598464	-0.1143163315	-0.1918740913	0.141039676	-0.0770940246	0.1068325543	0.1743772917	0.0166598009	-0.0800154326	0.0575272596	0.0466332077	-0.1782297453	0.0449075429	0.0649250151	0.1019220133	0.0970683374	-0.096838807	-0.1174123804	0.0147285409	-0.0641835168	0.1105674099	-0.0273143021	-0.0442060616	0.122869844	0.0693637797	0.0941809013	-0.0258578097	0.0152222611	-0.0760313438	-0.0208215831	-0.0165931265	-0.0568479275	0.0477743997	-0.1910747566	0.0069339042	0.059348445	0.007794984	-0.1725467342	-0.0250162636	0.216760654	0.1741473433	0.0580211768	0.0702474769	0.1715251892	-0.0884678378	0.1279707972	-0.0468096766	-0.1034832991	-0.0730780701	0.11456559	-0.3368949058	0.0672033917	0.1000786178	-0.0002558773	-0.0589701248	0.0092657468	-0.0080262157	0.0650131895	-0.0065557621	-0.1782516953	0.0704906332	-0.1154899362	-0.0510425713	-0.1211199807	0.098167988	-0.063080731	0.0201956026	-0.076721286434207	-0.0401081446561591	0.0016086632677593	0.0058861557921196	0.3927371334687137	-0.034977880899234	0.001223452152201	0.1542424560052222	0.5001454658856233	-0.1457077739647161	0.2501454870459471	0.0212307553937528	0.0041113448247199	0.00105722132812	1.6903156267751107e-05	1.1177169366318177e-06	-0.0033029966684401	-0.0010856471457665	1.178629725110948e-06	1.09097869917264e-05	0.0004987930209164	0.0003969068738058	2.487944777149083e-07	1.5753506647429328e-07	0.0	0.0	0.0
899.9201805349895	-0.2319276042646834	0.0537904136199555	809856.3313341282	1042.1769234019623	-1.571199044673449	1086132.7396715796	2.4686664379827588	846.2942080729281	-0.273397940971904	716213.8866177845	0.0747464341276767	849.1320820318753	690.2754222359769	1.19674	21.517214	0.1876686514861992	0.1073633358763841	0.2332121554	0.0984871645	0.0239886541	-0.0038630909	0.0477853728	-0.1821442932	-0.1092519164	-0.063474699	0.0206933957	-0.1862590325	-0.1299041395	-0.1278943663	0.0338280736	-0.140259199	0.0872291516	-0.0646554779	0.0030311489	0.2461659426	0.0726866622	0.0190076326	-0.0998215807	0.0690960539	-0.0691705435	0.0185256734	-0.0660836061	0.0096465835	0.0140580623	-0.0205005931	0.0894620357	-0.1326006852	0.1446396773	0.0022012949	-0.0473755126	0.0935118874	0.0094420917	0.0379403504	0.0521985592	-0.141542057	-0.126727848	0.0884126326	-0.1570861117	0.1301223077	-0.047424917	0.0286002865	0.0390461615	0.1156404772	0.0389705605	0.0926094072	-0.046367055	-0.1069198903	0.0438166125	-0.1453383015	0.1067996406	-0.0482324969	-0.1480764663	-0.2157663518	0.1009255249	-0.0756631958	0.0700220314	0.0429778493	-0.0278542369	-0.0031666748	-0.0441492518	0.0412412423	-0.026080827	-0.11717823	-0.0844253088	-0.0017804903	0.1033172897	0.0216321386	0.0446824433	-0.1679472744	0.0541629368	-0.054715279	-0.1132410547	-0.1462324504	-0.0216862445	0.04566946	0.0319280433	0.0726578242	-0.0610101656	-0.1536969161	0.0345216338	0.0888949269	-0.1145625165	-0.0846668373	0.034898453	0.0263192521	0.1730123102	0.1214695773	0.0571078888	0.0531947268	0.0492703352	-0.1883734699	0.0402906511	0.1499348796	-0.0475836791	-0.0165148613	-0.0595168211	-0.0891945322	-0.0730190488	0.0403226838	-0.0312626478	-0.0453537862	0.0774408488	0.0665879959	0.1231967584	-0.0383024154	0.0018488412	0.0588836691	0.1538675338	0.0286271525	-0.1222481541	0.1024214758	-0.0717238087	0.033413395	-0.0694275838096274	0.0072937026245796	5.3198097975799485e-05	0.0048201893936428	0.3323918491118292	-0.0603452843568845	0.0036415533441132	0.110484341355981	0.4170192948395481	-0.0831261710460751	0.1739050922684739	0.0069099603127813	0.0043979116095877	0.0002865667848677	1.934162652574627e-05	8.212052218946766e-08	-0.0029537007580568	0.0003492959103832	1.220076330104983e-07	8.724348168145315e-06	0.0006010001948385	0.0001022071739221	3.6120123419591497e-07	1.0446306401142402e-08	0.0	0.0	0.0
904.4901681199844	4.569987584994919	20.88478652700769	818102.4642257177	1053.731490818001	11.554567416038708	1110350.054741527	133.50802817178342	846.7489381772712	0.4547301043430707	716983.7643043362	0.2067794677958599	850.2141869382577	700.3623139824978	1.279562	23.006342	0.1727316415758944	0.0944221116209008	0.1438534226	0.020670695	0.0649397119	-0.1534538308	0.0169069487	-0.1402546084	-0.0780726901	0.0048097746	0.0123840248	0.156379317	-0.1345641317	0.0200428814	0.0338718412	-0.0846399027	0.0497795782	0.0139987431	-0.0202897298	0.0478073558	-0.0386095114	-0.0744368354	-0.0487615557	0.1447438897	-0.0162346587	0.0373533292	-0.054130255	-0.0819305318	-0.0818599793	0.1175336465	-0.00044244	-0.0989511956	0.1607126578	0.01162635	-0.1892211372	0.1136219715	-0.0581237208	0.1503847842	0.0474429131	0.0040637568	0.0769162799	-0.0926479182	-0.1055707535	0.0376046336	-0.0554583074	0.0377103197	-0.0506356453	0.0898625942	0.1078906794	0.0648203884	0.121589942	-0.1474004653	0.025407902	-0.0832108488	0.0661534323	0.0167709169	-0.0206079921	-0.0006739815	-0.0414101179	-0.0131890372	0.0986184027	0.1628229809	-0.0450902469	-0.0329824234	-0.0115456229	0.068766082	-0.0928869435	-0.0068473151	-0.1089597361	0.0934136895	-0.0031387588	-0.1140581648	-0.0916647323	-0.1199360545	0.1915358792	-0.0752632902	-0.1367894166	-0.0501081244	0.1550440139	-0.0868202404	0.0046282616	0.0793795163	0.0659658186	-0.0606045892	0.0266357451	-0.0075844417	-0.0547169763	0.0308145331	0.1524617974	0.050564452	0.0962858018	0.0054267186	0.1157369934	-0.0488492528	0.1078085758	-0.0231133043	0.119519997	0.0201185711	-0.0823076817	-0.1478567324	0.0112415346	-0.0883919978	0.1570711428	0.0902813324	-0.0428148374	-0.0563431143	0.1636875665	-0.1228801041	0.0095014343	0.136730647	-0.0534070287	0.006180762	-0.0119522468	-0.028551143	-0.1232925447	0.1063942335	-0.0799246852	0.0462651033	-0.0765507212402951	-0.0071231374306677	5.073908685617941e-05	0.0058600129224093	0.3025609932286244	-0.0298308558832047	0.0008898799627245	0.0915431546234917	0.3648655970290662	-0.0521536978104819	0.1331269038953769	0.002720008195307	0.0055707430034623	0.0011728313938746	3.103317761062417e-05	1.3755334784578384e-06	-0.0033380414425563	-0.0003843406844995	1.477177617615442e-07	1.1142520672223343e-05	0.0007163071254952	0.0001153069306566	5.130958980351962e-07	1.3295688257469012e-08	0.0	0.0	0.0
906.8716953877138	2.381527267729325	5.671672126938304	822416.2718953863	1053.5408175316084	-0.1906732863926663	1109948.2542051696	0.0363563021437797	847.478490154312	0.7295519770408418	718219.7912742323	0.5322460872042011	850.4559371889629	722.7199934671091	1.185567	21.316326	0.0822773805029704	0.0477588563438447	0.0732693152	0.0750249267	0.1154682432	0.0510262098	-0.0699542213	-0.0484797412	-0.094407752	-0.0601034116	0.05682338	-0.0674296123	-0.008468841	-0.0643462707	-0.0316270478	-0.0879683093	-0.006870153	-0.0217436393	-0.1308322391	0.0186063441	-0.0314067887	0.0091687848	-0.0618878402	-0.0569433265	0.0784633699	0.0124759645	-0.0325029552	-0.0626799455	-0.0025975277	-0.0662376788	-0.0431186334	-0.027877961	-0.0321906044	0.0027319798	-0.0297538142	-0.0661639318	0.0288312735	0.095814171	-0.1086607823	-0.0231847013	0.1754303973	-0.0108107816	0.0963060426	0.043585388	-0.079541597	0.0007682307	-0.0556086332	-0.0614087677	-0.029202565	0.0067192062	-0.0881159652	0.0720101292	0.0586994594	-0.09689619	-0.0060600388	-0.0196080714	-0.0997593651	0.0449491622	0.0517637151	0.009629227	-0.0116177076	-0.001726372	-0.0031432417	-0.0877073573	-0.103111583	0.0505029904	0.0105629507	-0.0166311065	0.0258191752	-0.026135947	-0.0566571934	-0.0557856566	0.0851597251	0.0213475102	-0.0043429873	0.1257006136	-0.0260637333	0.012928704	0.1153152453	0.0009192425	0.0981867364	-0.0545651813	0.002864866	0.0758802447	0.0372291862	-0.0851623145	0.0624384927	0.1284180905	-0.0865252482	0.0090196554	0.104716978	-0.0571379911	0.0558944348	0.0259509888	-0.0265664397	-0.0297466583	0.0403479631	0.0408854133	-0.0028859128	0.0866223345	0.0300810893	-0.0748155527	0.0683763547	-0.0017911039	0.0521394914	0.0853175929	0.0792626944	0.2270577485	0.0853352888	-0.1042833519	-0.022229876	0.1257388402	-0.067450318	0.0739079214	-0.1242524367	0.1100753719	-0.0876327994	0.0586099215	-0.0764945302393016	5.6191000993507934e-05	3.1574285926524093e-09	0.0058514131565314	0.340115788303521	0.0375547950748966	0.0014103626331174	0.1156787494533255	0.3467146546823159	-0.0181509423467503	0.1202110517714775	0.000329456708075	0.0059864201173738	0.0004156771139114	3.583722582169774e-05	1.7278746302979394e-07	-0.0033290769158389	8.964526717399925e-06	8.036273926697707e-11	1.1082753111571444e-05	0.0008219745264729	0.0001056674009777	6.756421221703482e-07	1.1165599629382056e-08	0.0	0.0	0.0
907.5109115036084	0.6392161158946692	0.4085972428194672	823576.0544981102	1056.410809308114	2.8699917765056853	1116003.7980230246	8.23685279721026	847.5569642272992	0.0784740729872055	718352.8076101954	0.0061581801312012	851.2824489969603	738.470424865013	1.042541	18.744745	0.0557005310763252	0.0284135518690373	0.0295650975	0.056680105	-0.0797257718	-0.0687571922	-0.0747356227	-0.0791069748	-0.0825815139	0.0286694245	-0.0026610019	0.0501876228	-0.0320737627	-0.0045065216	-0.2019900477	-0.0554940711	-0.0011174072	-0.0703215622	-0.070556128	0.0055196991	0.027688449	0.0154853837	-0.0648031535	-0.0510306789	0.0679431009	-0.1748726989	0.031875359	0.0280499589	-0.0815150842	-0.1558292745	-0.1497032679	-0.0292453641	-0.0498466258	0.0904143268	-0.0080863409	0.0610299138	0.0492898831	-0.0761469513	-0.0040287928	0.1502437268	-0.111844612	0.0858147435	0.0792967425	0.0459981935	0.0634723939	-0.0217993561	0.0340088214	0.0882159207	0.1248245127	-0.0188541427	0.2621083885	0.1519568985	0.0361289932	-0.0603271788	0.0100661134	-0.0604229619	-0.0439660535	0.0499192409	0.1167890285	0.0096550575	0.0290954046	0.0271558244	0.0352674494	-0.1386508626	0.0414031431	-0.0305858101	0.0603691956	0.0840366093	0.1656670375	-0.161515094	-0.0827119648	-0.0643652785	-0.0121507775	0.0597493099	0.0094976729	-0.0627421551	-0.0821996794	0.0391469411	-0.091158116	-0.1082771241	0.0510500743	-0.0409850258	-0.1418378843	-0.050225086	-0.1276499945	0.1146212474	-0.1113564572	0.1297335171	-0.0445555254	-0.0378244227	0.0721768015	-0.0603687726	0.043192377	-0.0257909074	0.037115221	0.0041874581	0.0510087674	-0.0173500893	-0.0235990919	-0.0387555802	-0.0248479692	0.0215736829	0.0953556993	0.1200805925	0.0119702051	-0.0721813323	0.1767450686	0.1213147639	0.0439297118	-0.1244027527	0.0063568078	0.1051096359	-0.1973771539	0.0108818794	-0.1251271724	0.1134548014	-0.0948006283	0.0703125971	-0.0907260356334802	-0.0142315053941785	0.0002025357457845	0.0082312135417675	0.3327108629815853	-0.0074049253219357	5.483291902344463e-05	0.1106965183459512	0.336514660916265	-0.0101999937660509	0.1132421170115887	0.0001040398728274	0.0063393153795741	0.0003528952622003	4.018691948170472e-05	1.2453506608341874e-07	-0.0033736917288265	-4.461481298759966e-05	1.990481537918492e-09	1.1381795881152335e-05	0.0007422024697776	-7.977205669530002e-05	5.508645061439693e-07	6.3635810293981615e-09	0.0	0.0	0.0
908.2374100150004	0.7264985113919238	0.5278000870546812	824895.1929507559	1048.2655304677387	-8.14527884037534	1098860.6223668095	66.34556738746625	849.5855388386328	2.0285746113336245	721795.58780373	4.115114953747366	852.1737482752293	723.8336533868036	1.235541	22.214857	0.0998833315787794	0.045516993323137	0.0428045574	0.0723338143	0.1701011881	0.0732931586	0.1376584708	-0.0335847336	0.0104607865	-0.1945749173	-0.1183789836	-0.1004545363	0.0945469346	-0.1775947834	-0.0959189434	-0.0228786408	-0.0849285965	-0.1470541682	-0.075896649	0.0315058681	0.0876311797	-0.0479203002	0.0496068124	0.0364989288	-0.1981669264	0.0358803949	0.0928544433	0.0436911758	-0.0606247742	-0.0823342884	0.1475715963	-0.1538054751	0.0246555373	-0.1090102836	0.0597715838	0.1693167715	-0.0650067581	0.0216161492	-0.1209085803	0.0582805064	-0.0630056665	0.0641620167	0.0601659486	-0.0693331025	-0.036688737	-0.0649935553	0.1191830534	0.1025225442	0.10842238	0.06770006	-0.032504966	0.045759116	0.045586529	-0.0364622587	-0.0510375264	-0.1594497512	-0.1232260968	0.0088021271	0.026954607	-0.0873896365	-0.0277984309	-0.0234203751	-0.172245072	0.0805789673	0.0817982964	0.0367548575	-0.1186959929	-0.1102763877	-0.0157470597	-0.1330127995	0.1547968979	0.1741187674	0.0125996381	-0.1444775773	-0.0067220215	-0.0488967988	-0.0241046433	0.0716043809	0.0402296118	-0.1229741529	-0.0874037015	-0.0303102276	-0.0437698468	-0.0173205644	-0.1542166236	0.0925724556	0.0708863326	0.0431716179	-0.072598996	-0.0647846274	0.082113997	-0.0721123939	0.0277973591	-0.0203485777	0.060153434	-0.1010249821	-0.0483256467	-0.007312274	0.1405632867	0.1462303801	0.0325285299	-0.0443223871	-0.1236081306	-0.0037345001	-0.0879531118	-0.1397721309	0.0056480945	0.0684160281	0.0235857709	0.0212705761	0.043968695	-0.0154962025	0.0988022662	-0.0262328541	-0.1259161521	0.1165232592	-0.1013839798	0.0812449131	-0.0767067572891448	0.0140192783443353	0.0001965401652959	0.0058839266138157	0.3510090298371722	0.0182981668555868	0.0003348229102748	0.1232073390272328	0.3160815360643028	-0.0204331248519621	0.0999075374407691	0.0004175125912158	0.0056500335245295	-0.0006892818550446	3.192287882830724e-05	4.751094756937252e-07	-0.0032563156038554	0.0001173761249711	1.3777154713231304e-08	1.0603591311912156e-05	0.0006062052192554	-0.0001359972505222	3.674847678524876e-07	1.8495252149598028e-08	0.0	0.0	0.0
910.0368075304752	1.7993975154748796	3.2378314186971697	828166.9910602593	1058.045172787277	9.779642319538198	1119459.5876584586	95.64140389810244	848.3380489040646	-1.2474899345681931	719677.4452183552	1.5562311368489554	851.5942178645604	738.0750653466513	1.203453	21.637909	0.1147876691179597	0.058868382489585	0.0059152561	0.0494635234	0.0398751432	-0.1038808411	0.0768614334	0.0061725675	-0.0279378149	-0.0412925184	0.03628862	-0.1284467011	-0.1858305175	-0.0942180331	0.0624017907	-0.0631347333	-0.0448579728	-0.0230090234	-0.0430629685	0.2105262937	0.0206718036	-0.1469969467	0.0464606308	0.0491062615	0.0814568394	0.0346904883	0.0257047547	-0.1178121461	0.0742488105	0.059587135	0.0862619544	0.0287547487	-0.3214481682	-0.0375830601	-0.0108404953	-0.0620217152	0.1257017412	0.0370039183	0.0426232156	0.0440052784	0.1066333172	-0.008620754	0.0442892668	0.1157709782	0.0320511315	0.0326640486	0.0693465275	-0.0003255053	-0.0777250038	0.0074923712	0.1982762584	-0.1232038602	-0.0723035756	-0.066309996	-0.0444930188	-0.0213039345	-0.1501111579	-0.176997575	-0.1023171131	-0.1335030925	0.0180594146	0.0624723352	0.0668989182	-0.1021652305	-0.0426800296	0.1332723601	0.0797100561	-0.1238997123	0.0899170601	0.1969703036	-0.0564027798	0.1156432132	-0.0964256601	0.1827666835	-0.1037515996	0.068971714	-0.0497306461	0.1077620831	0.0799800712	0.0857401083	0.1166871267	0.003982645	0.0426144317	-0.0124230675	0.0086480529	0.0760943691	-0.0662870613	-0.0777018181	-0.0396210789	0.1189284796	0.0584592949	-0.0852764406	0.0427544752	-0.0479252352	0.0387066267	-0.0341440504	0.0507735092	0.1932791402	-0.0185865747	-0.0605824878	-0.1228705916	0.0050847501	-0.0861824568	0.0682992432	0.0087685865	-0.038434836	0.0929537077	0.0288448763	0.0952590916	-0.0374918298	0.0811088871	-0.0237075358	0.0681258037	-0.018511232	-0.1266188352	0.1192723348	-0.1073422654	0.0912870929	-0.0864734893117713	-0.0097667320226264	9.538905440179788e-05	0.007477664353753	0.3208457877127557	-0.0301632421244165	0.0009098211754561	0.1029420194930186	0.3640654475725995	0.0479839115082967	0.1325436501162372	0.002302455763636	0.0058283599293932	0.0001783264048637	3.396977946655631e-05	3.180030667161232e-08	-0.0031290884731902	0.0001272271306651	1.6186742777299807e-08	9.791194673051776e-06	0.0008381273529789	0.0002319221337235	7.024574598114178e-07	5.378787611086103e-08	0.0	0.0	0.0
911.528163976218	1.491356445742781	2.2241440482585406	830883.593721855	1069.3519992264064	11.306826439129509	1143513.6982495124	127.84432412459807	847.6778514628508	-0.6601974412138816	718557.7398606748	0.4358606613853566	851.8673033183119	745.0181159573932	1.11164	19.987133	0.0411088375076192	0.0187484484411627	-0.0234211497	0.0948111619	-0.0422056518	-0.0904561974	0.0222498914	0.0649928918	-0.1140394175	0.0865707414	-0.0597944428	0.0592096407	-0.0018442221	0.0846111762	0.0589138319	-0.0846831662	-0.0411331893	0.0561839496	-0.032102573	-0.0672452297	0.087599257	0.1448308384	-0.0560068163	0.0095793526	0.0224812167	0.0380269627	0.0492783996	0.0630966488	-0.0050417419	-0.0422696983	0.035680087	0.113354338	0.0858010151	-0.0670397781	0.0733314796	-0.0171047966	-0.0218018909	-0.1171560181	0.0168682838	-0.1099658635	0.0228463956	-0.0417099366	0.0244602533	0.0462894327	0.0230378704	-0.0596330367	0.0595079233	0.0536853259	0.0717636322	0.0741446299	0.0133547769	-0.0684819101	0.0814250047	-0.0810175335	-0.051018689	0.0525904445	0.0887476971	0.0681379207	0.1072964519	-0.0590636574	-0.0041170034	0.0278927151	0.0924428858	0.0777799203	-0.0648827853	-0.0218897153	-0.0395725955	0.0586802831	0.0449700369	0.0272740854	-0.0128964441	0.0850157128	0.1061491957	-0.0954631285	-0.0563824502	-0.0486421915	0.0965423855	-0.0611087166	0.0484712047	0.0786627783	0.0320097074	0.0369681829	-0.0375558496	-0.044772497	-0.0965559016	0.0443104914	0.0797960597	-0.0587600916	0.0406203203	0.0021781572	0.084138066	-0.1092995096	-0.0080006923	-0.0135421451	-0.0582684152	-0.0018799248	0.0235342741	-0.1079913434	0.0137610779	-0.0485270079	-0.0391738181	0.0573533304	0.0195419764	7.60617e-05	-0.0724047448	-0.0369117489	0.0395878617	0.023282834	-0.0093230237	-0.0694588711	0.0247081808	-0.0130937585	0.0813702403	-0.0640318816	-0.1272347401	0.1216944932	-0.1126387502	0.1003291122	-0.0885859474664272	-0.0021124581546558	4.4624794551721965e-06	0.0078474700885246	0.3326135905853959	0.0117678028726402	0.0001384811844493	0.1106318006421093	0.3755330229300426	0.011467575357443	0.1410250513109759	0.0001315052845786	0.006021752185915	0.0001933922565218	3.626149938857208e-05	3.7400564882593705e-08	-0.00305966763422	6.94208389701999e-05	4.819252883326424e-09	9.361566031893412e-06	0.0007857204260133	-5.240692696560005e-05	6.173565878545216e-07	2.7464859939777373e-09	0.0	0.0	0.0
911.5124083562108	-0.0157556200072122	0.0002482395618116	830854.8705873396	1065.4823855789457	-3.86961364746071	1135252.7139790012	14.97390978061418	847.9092234773253	0.231372014474573	718950.0512579208	0.053533009082022	851.6615932137346	750.763759048595	0.970811	17.45504	0.0602813022243177	0.0335257880069998	-0.0563644285	0.0511199839	0.0106135221	0.0989233655	-0.058543311	0.0865001939	-0.0453933033	-0.0107365347	-0.0089424122	-0.0640710704	0.0243592125	0.0678704943	0.0671181449	-0.0382262841	-0.0233908232	0.0479904128	-0.0381190845	-0.0665418929	-0.0463993845	0.1746868084	0.0882893585	0.0157371416	-0.00398817	0.1080331818	-0.0872515753	0.0809481728	0.0098354186	0.0147713316	0.0204829897	0.02150145	-0.0510668473	-0.0445334588	-0.0305347534	0.0251874747	-0.1116024075	0.1202470405	0.0832986343	0.0240295243	0.0792844294	0.0684607428	-0.0042306107	0.0211200348	-0.1000290361	0.0283012339	-0.1410958426	-0.1254712659	-0.0238320167	-0.1297478118	-0.1030481729	0.0004810524	0.1684169499	-0.0297787904	-0.0269890159	0.0431498201	0.0462480692	0.0892222818	0.0114604683	0.0513247495	-0.1622114922	0.0589178636	0.0163225445	0.0697101809	-0.1629296759	-0.0462017273	-0.0233508151	0.0665680855	-0.0548958405	0.0484395766	0.0534290722	0.0556077926	-0.0344517645	0.0248207196	0.1136421051	-0.0095576073	-0.0513592032	0.0347441843	0.0199071669	-0.0374663787	0.0584638341	-0.0333161066	-0.0958315106	0.0532721039	0.1653202854	-0.0817134756	0.1215092926	0.0635588892	0.056566795	-0.0912620012	0.0445354761	-0.1186027687	0.0056117722	-0.0592046967	-0.0321236716	0.0737941091	0.0138645928	0.0250984107	0.0487305725	0.014335629	-0.0225323928	-0.0479985522	-0.0137861823	-0.0648411877	0.0697198473	0.0887873208	0.0122744368	-0.0405826619	-0.0734722808	-0.035782456	-0.0496512869	0.0524040052	0.0220127697	0.0290295107	-0.1277634447	0.1237830955	-0.1172407796	0.1082719048	-0.090428766218281	-0.0018428187518537	3.395980952183988e-06	0.0081773617597605	0.3425090804066286	0.0098954898212326	9.792071880211944e-05	0.1173124701609943	0.3465799474091113	-0.0289530755209312	0.1201176599461023	0.0008382805821207	0.0061943402262268	0.0001725880403117	3.836985083825148e-05	2.978663165866732e-08	-0.002930325456562	0.000129342177658	1.6729398921313642e-08	8.586807281375295e-06	0.0008755885706495	8.986814463620004e-05	7.666553450520345e-07	8.076283420352971e-09	0.0	0.0	0.0
910.795299467896	-0.7171088883147831	0.5142451577000641	829548.0775328145	1066.1382731601332	0.6558875811874714	1136650.8174968706	0.4301885191559518	848.1079839911787	0.1987605138533581	719287.1525095814	0.0395057418672509	851.8684169559259	747.0603921890258	0.951392	17.105896	0.1362254419552867	0.069420647743855	-0.0367686137	0.0550296425	-0.1321875434	-0.0537387041	-0.1336423475	0.0559041625	-0.0948376096	0.1042269211	0.0358802808	0.0389984498	-0.0072424307	0.1383702367	-0.0657918554	-0.0429230248	-0.0392312908	0.0582418685	0.12586434	0.0095133415	-0.0254375577	0.1901762495	0.0222713268	0.0391372108	0.192694362	0.0797896536	0.0147018938	0.0358612791	0.0997139447	-0.0132480366	-0.0052985792	-0.0077818117	-0.0870855486	0.111593179	-0.016741651	-0.0045369198	-0.1103222375	-0.0838048437	0.0026444414	-0.1526512493	-0.0394416792	0.0751414992	0.020639729	0.0682691954	0.2278299629	0.1390558349	-0.0633687909	-0.1135510202	-0.0349869122	-0.0713856735	-0.0770077354	0.0748067174	-0.1667873869	-0.0386701836	-0.0491143699	0.064074307	0.112106817	-0.0688504389	0.0564274824	0.1046993316	-0.103399611	0.0775028179	0.1828810833	0.0032678877	-0.0789615202	-0.0190348769	0.0495200125	0.0234278429	-0.0162802444	-0.0968876702	0.1035848108	0.1038511934	-0.0579991062	0.0815395897	0.0479862174	-0.0126467806	0.1177174283	-0.2081961818	-0.1161754566	-0.0446707503	0.0867876477	0.0555150796	0.1334032154	0.0306337807	0.0221346736	-0.1559017951	-0.0351049663	-0.0212950606	-0.13232313	-0.0363744511	0.0329460244	-0.1157465042	0.0005568031	-0.0434204277	-0.1139855931	0.0336396745	0.0564064211	-0.0158067487	-0.0285803489	-0.0062571429	-0.0962633168	0.1411155674	-0.0376226635	-0.0132354664	-0.0167758965	0.0405133816	-0.1023436901	-0.0325878934	-0.095799296	0.0143549625	0.0162816342	0.05603793	-0.0897036924	0.0666879825	-0.1282045865	0.1255324169	-0.1211199807	0.1150284477	-0.0988907517034647	-0.0084619854851837	7.160519835145969e-05	0.0097793807724763	0.3307430825307875	-0.011765997875841	0.0001384387060142	0.1093909866419673	0.3256772306210393	-0.0209027167880719	0.1060656585449896	0.0004369235691223	0.007015735565183	0.0008213953389561	4.9220545520573626e-05	6.746903028589704e-07	-0.0037494007505811	-0.000819075294019	6.708843372724747e-07	1.4058005988458115e-05	0.000614164367501	-0.0002614242031485	3.771978703079033e-07	6.834261399182824e-08	0.0	0.0	0.0
913.2733653477736	2.4780658798775903	6.140810505013496	834068.239853648	1071.0880576590814	4.949784498948247	1147229.6272599038	24.500366586028356	848.889423732771	0.781439741592294	720613.253725356	0.6106480697398312	852.5797345384898	747.6374850916308	1.052731	18.92795	0.0365210677160093	0.0202124834922143	-0.0745507205	0.0516575923	0.1166431547	-0.071115224	0.008393899	0.1194786896	-0.1036219313	0.0408754019	-0.0103506093	0.2032073179	0.0980047136	0.0367437099	0.0259391219	-0.0231614376	-0.1198881233	0.0609942898	-0.0380576635	-0.0740182106	-0.1292025651	0.0397285363	0.0923805917	-0.011964559	0.0028626674	0.0018605811	0.0186586462	-0.0451315185	-0.0934250178	0.0184066306	0.0396102558	0.0388186284	-0.0252454567	0.0503202866	0.0129055524	-0.0513343505	0.0171615778	-0.043735953	0.0153832633	-0.018401371	-0.2411409716	-0.1184962824	-0.0113185945	-0.0802978599	-0.0099916151	0.0491630507	0.0013781589	-0.1126177355	-0.1734219185	0.0091296702	-0.0064713093	0.0809530062	-0.0034223679	-0.0248462333	-0.1204616837	0.0461144833	0.0029147962	0.1534469443	-0.0114709012	0.1211815443	-0.0557141164	0.0395333574	-0.0085399207	0.0451500862	0.0836192715	0.0069249101	-0.0568709367	0.0491595966	0.0096674856	0.0158285183	0.0470540286	-0.0618587786	-0.0597800125	0.0787859562	-0.1067024632	-0.0515944419	0.0492888015	-0.0060996716	-0.0733364551	-0.0196430441	-0.1943347489	0.0269951986	-0.0509976672	0.0842356847	0.0588811407	-0.1265175354	-0.0387996827	-0.113617576	0.0026177682	-0.1058683465	0.0128665987	-0.1547525993	-5.06869e-05	-0.0851400553	-0.0174023054	0.123495679	0.0340369545	-0.0885232974	-0.0018941473	-0.0896678182	0.0611565942	-0.0054968388	0.0328551462	0.062400191	-0.0217149672	0.0650634068	-0.0689860985	-0.0179786161	-0.0174815752	0.0176794478	0.0476434102	-0.0672807577	0.0143018382	-0.0058485325	-0.1285578634	0.1269376627	-0.1242524367	0.1205247148	-0.1092039556155839	-0.0103132039121191	0.0001063621749329	0.0119255039220904	0.3289976376305361	-0.0017454449002514	3.046577899813668e-06	0.1082394455664735	0.3254964068612906	-0.0001808237597487	0.1059479108796108	3.269723208965739e-08	0.0067060511897626	-0.0003096843754203	4.4971122559716384e-05	9.590441237952313e-08	-0.0037529173514736	-3.5166008925001037e-06	1.2366481837132524e-11	1.408438864699162e-05	0.0007865952940659	0.0001724309265649	6.187321566466196e-07	2.9732424436029937e-08	0.0	0.0	0.0
915.1899101843022	1.916544836528601	3.673144110424442	837572.5717031512	1069.5476208748903	-1.5404367841911153	1143932.113319138	2.3729454860890646	848.9983211036806	0.1088973709096308	720798.1492368684	0.0118586373910297	852.4650357254947	769.0611511585324	1.078734	19.395489	0.0486336173777678	0.0261200043135679	-0.1212428019	0.0782501378	-0.0140378062	0.0809401982	-0.0689044614	0.1483483837	-0.0565335175	-0.0180197041	0.0841056645	-0.0845637115	0.1796059147	-0.0304235882	0.0452474262	-0.0110234	-0.0960822824	0.0227111327	-0.0599584485	-0.0174898953	-0.0142953133	0.0550903646	0.1039188698	-0.0527718389	-0.0680620357	-0.0353373333	0.0360156214	-0.10714798	-0.119705493	-0.0541449745	0.0566777501	0.1287964902	-0.1470684717	0.0114806028	0.0647044392	-0.0728254661	-0.0445378458	0.0272176122	0.0017088793	-0.0475859526	-0.0688993337	-0.0242098315	-0.1330644035	-0.0993999399	-0.1440777269	0.0213823755	-0.0465029617	-0.0422349692	-0.0928931905	0.1153683002	0.044372462	0.0545531087	-0.0300278235	-0.0109780097	-0.1071920639	0.0216215596	-0.0625532779	0.0746967912	0.0375811075	0.0641761226	-0.1293873759	-0.0270630065	-0.0793783388	0.0203158757	0.0736460321	0.0661127668	-0.061638713	0.0715493645	0.089168893	0.0493648812	0.0617315195	0.0612947031	-0.023374694	0.186847139	-0.0652268349	0.0268594971	0.0523146474	0.0356424806	-0.015603273	0.164892629	-0.1557451245	-0.0174653921	-0.0380997411	0.0070326115	0.1804986299	-0.059490394	-0.056652743	0.0191015936	0.0258759883	0.0953836162	0.0065590147	-0.1548745463	-0.0527347214	-0.0739881386	-0.1167452354	0.0768403088	-0.0194311656	0.0169769631	0.0667997395	0.0584245287	0.0236900958	0.0563188786	-0.0418252886	-0.1042006046	0.0178722154	0.0532007039	-0.1060199593	-0.0085451658	-0.0756258164	0.0187993706	-0.087007399	-0.0625757992	-0.0132260451	-0.0094594853	-0.1288230331	0.1279949812	-0.1266188352	0.124700488	-0.1028377192113794	0.0063662364042045	4.0528965954218647e-05	0.0105755964925985	0.32057229443366	-0.0084253431968761	7.098640798514639e-05	0.1027665959584611	0.3027761814267933	-0.0227202254344973	0.0916734160393904	0.0005162086437943	0.0067052055249515	-8.456648110995862e-07	4.495978113184013e-05	7.151489727320989e-13	-0.0037049932256849	4.792412578869974e-05	2.2967218326111155e-09	1.3726974802371002e-05	0.0006129288378219	-0.000173666456244	3.7568176023370493e-07	3.0160038024349165e-08	0.0	0.0	0.0
913.7929762571616	-1.3969339271405945	1.951424396796443	835017.6034569215	1063.332299768572	-6.2153211063182425	1130675.5797311205	38.63021645464502	847.9781236212326	-1.0201974824479976	719066.8981401864	1.0408029031932322	851.3135396881689	763.2717305893121	0.945453	16.999121	0.03766589187687	0.0187370573790967	-0.1342573433	0.0450360075	-0.0543434608	-0.0272022304	0.0102453485	0.1315288236	-0.0209811573	-0.042673648	0.0272074113	0.0018589281	-0.0344669956	0.0347478394	0.023155122	-0.0158735128	-0.0943959366	0.0759125755	-0.0409575204	-0.003381019	0.0865462754	-0.0721199029	0.1716821558	0.0376693945	0.0891824683	-0.0278643748	-0.0116535214	-0.0305244173	-0.0565649308	-0.1186602158	-0.0686632518	-0.0067760166	0.1401337969	-0.0011528917	-0.0896747084	0.0328805132	0.1216497101	0.0146429014	-0.0006544481	0.0726609676	0.000385798	-0.0326457096	0.0044793694	-0.0900544295	0.0567071971	-0.0313255054	0.0146203118	-0.0316260873	0.1013917451	-0.001311712	0.027340128	-0.067108345	-0.0572681716	-0.0127913299	-0.1145696452	0.0639378199	-0.0379572993	0.0014634629	-0.0657693521	-0.1461700036	-0.1167269518	0.0263953197	0.0082730158	-0.069505486	0.0482740403	-0.0242091839	-0.0169967944	0.0913857431	0.0511271373	-0.0855677597	-0.0239114782	-0.1627693528	0.0013593575	-0.0841477444	-0.0620717267	-0.0115229136	-0.0443515477	-0.0368465201	0.011972985	-0.0472361772	-0.0591672569	-0.0430216228	0.1031240247	0.040112678	-0.0394629222	0.0320558619	-0.003775226	0.0044560911	0.0842948065	-0.0278696406	-0.023309292	-0.1598672085	-0.0341831086	-0.105038982	-0.0332555481	0.0850646874	0.0231832361	-0.0019342348	-0.0057111691	0.0237431564	-0.0324185897	0.0526083313	-0.0827529818	-0.055879629	0.0284683445	-0.0317765894	-0.1573750568	-0.0624260295	-0.0733077506	0.1447770118	0.0764172817	-0.0634025009	-0.042591441	-0.0224758318	-0.1289999139	0.1287014744	-0.1282045865	0.1275100165	-0.1039303763873675	-0.0010926571759881	1.1938997042383111e-06	0.0108015231360198	0.311323894677713	-0.0092483997559469	8.553289804580034e-05	0.0969225673972997	0.2906726620925184	-0.0121035193342748	0.0844905964879513	0.0001464951802751	0.0065997748592228	-0.0001054306657287	4.355702819242933e-05	1.1115625275996997e-08	-0.0039030262213113	-0.0001980329956263	3.921706735676568e-08	1.5233613684243564e-05	0.00061389148868	9.626508581000225e-07	3.7686275987374657e-07	9.266966746007092e-13	0.0	0.0	0.0
913.1464894442978	-0.6464868128638273	0.4179451992068292	833836.5111844451	1068.1358722032176	4.803572434645503	1140914.2414873284	23.07430813488612	847.7597017549948	-0.2184218662378043	718696.5119197178	0.0477081116508052	851.2971243376005	761.5920077700947	0.922828	16.592325	0.0911990987964641	0.0462582727301781	-0.1210092694	0.0090775087	0.0433706326	0.0060358912	0.0103748396	0.1308210501	0.0192143166	-0.0500621772	0.0175748952	-0.0138867312	0.0100062752	0.0907396969	0.1759484649	0.0145146263	-0.0580739436	0.1315433521	-0.0642820788	0.0288556871	-0.1102863295	-0.0263383958	0.1947911108	-0.0401373591	0.0508897516	-0.0823069584	0.0043742891	0.0125584629	0.0560041317	0.0796754066	-0.1137506994	-0.09285345	0.1222916536	0.0267840221	-0.0024950342	-0.1077906013	0.0198941344	-0.1044532646	-0.103367371	0.1642773711	0.0273997151	0.0096359218	0.0301433869	-0.007179389	0.0016627865	0.0994891609	-0.0603226734	-0.1559413157	0.0049252446	-0.0391755325	0.0321581763	0.0316837451	0.0536170499	0.0171217931	-0.0820481141	0.1168024995	-0.0542768906	0.0383824774	-0.1250941515	-0.0069034337	-0.1331049975	0.066439355	0.0059751064	-0.0456630156	0.0912162823	-0.0886083446	0.0332924096	-0.131443069	-0.0136427708	-0.022404754	-0.0997370874	-0.1911074268	0.0415265677	-0.0211909231	0.0265707574	0.1393133179	0.1154739245	0.0783564027	-0.0952114102	-0.0681380775	0.0680857978	-0.0631707843	-0.0214405574	0.0421519811	-0.0182570824	-0.1362768166	-0.0311728609	-0.0469129635	0.0461463758	-0.0668503853	-0.0464963855	-0.1448060021	-0.033649595	-0.0708562931	-0.0842669859	0.1590847734	-0.0399137752	-0.012732371	0.037063725	0.0583053173	0.0747034642	-0.0044967758	-0.0009564399	-0.0807935942	0.0310748718	0.0393504815	-0.0978696514	-0.0055464597	0.0089065831	0.1245922926	-0.0563254253	-0.0327204494	0.052607284	-0.0539255906	-0.1290883846	0.1290552057	-0.1289999139	0.1289225186	-0.0961857860872328	0.0077445903001347	5.997867891694055e-05	0.0092517054452189	0.3048840613362387	-0.0064398333414742	4.147145346596404e-05	0.0929542908568793	0.2613826028369033	-0.0292900592556151	0.0683208650657943	0.0008579075711974	0.0070480027249278	0.000448227865705	4.96743424105897e-05	2.0090821959446002e-07	-0.0040872628872845	-0.0001842366659731	3.3943149088920373e-08	1.6705717909773225e-05	0.0009359192749866	0.0003220277863066	8.75944889291443e-07	1.0370189515352925e-07	0.0	0.0	0.0
