#!ascii label  , from subject sub-v2s16x51292_ses-1 vox2ras=TkReg
7389
48900  -11.783  8.859  73.975 1.0000000000
85084  -11.800  8.508  73.255 1.0000000000
48916  -12.421  8.275  73.587 1.0000000000
49817  -9.711  9.955  72.319 1.0000000000
48932  -12.170  8.038  72.826 1.0000000000
49830  -9.895  9.440  71.508 1.0000000000
50695  -7.798  11.480  73.286 1.0000000000
50696  -8.766  11.138  73.465 1.0000000000
90896  -8.572  11.021  72.877 1.0000000000
50708  -8.963  10.639  72.278 1.0000000000
48098  -12.694  7.635  72.304 1.0000000000
50716  -9.341  10.142  71.574 1.0000000000
49839  -9.613  9.630  70.161 1.0000000000
48958  -9.906  9.046  70.737 1.0000000000
84574  5.022  5.421  83.849 0.3750000000
49756  -16.018  9.764  77.184 1.0000000000
50646  -16.201  10.259  77.965 0.8750000000
49768  -15.651  9.302  76.660 1.0000000000
94773  -15.550  9.430  77.229 1.0000000000
48889  -15.337  8.623  75.402 1.0000000000
48888  -14.535  8.273  75.354 1.0000000000
48874  -14.982  8.681  76.282 1.0000000000
50694  -6.608  11.244  73.400 1.0000000000
48903  -14.355  8.039  74.524 1.0000000000
48917  -13.196  7.988  73.871 1.0000000000
48089  -13.826  7.780  73.336 1.0000000000
50707  -8.101  11.331  72.332 1.0000000000
48088  -12.976  7.818  73.117 1.0000000000
50715  -8.723  10.865  71.547 1.0000000000
48109  -12.423  7.397  71.478 1.0000000000
49829  -9.571  9.714  70.956 1.0000000000
48973  -9.888  8.838  70.021 1.0000000000
48974  -10.226  8.345  69.425 1.0000000000
48119  -10.756  7.696  69.913 1.0000000000
47216  5.481  6.175  83.578 0.5000000000
79351  -3.976  8.821  77.948 1.0000000000
50648  -17.001  11.303  77.425 1.0000000000
51469  -21.719  11.513  78.588 0.7500000000
48860  -4.590  9.042  77.391 1.0000000000
50647  -16.565  10.517  77.019 1.0000000000
50638  -22.179  10.633  78.390 0.6250000000
50639  -22.822  10.655  77.815 0.6250000000
49776  -5.011  9.430  74.985 1.0000000000
49801  -5.389  10.158  73.641 1.0000000000
49789  -5.765  10.267  74.264 1.0000000000
49782  -16.292  9.792  75.384 1.0000000000
50693  -5.730  10.673  73.130 1.0000000000
50679  -6.464  10.887  74.141 1.0000000000
49793  -15.883  9.057  74.944 1.0000000000
50706  -7.126  11.608  72.695 1.0000000000
51522  -7.398  11.666  72.023 1.0000000000
48078  -13.933  7.852  74.019 1.0000000000
48099  -13.585  7.654  72.537 1.0000000000
83706  -8.667  11.152  70.873 1.0000000000
87598  -13.308  7.446  71.714 1.0000000000
50723  -9.205  10.433  70.743 1.0000000000
48121  -12.199  7.150  70.640 1.0000000000
48120  -11.433  7.326  70.313 1.0000000000
48131  -11.371  7.237  69.441 1.0000000000
87466  -9.833  9.175  69.398 1.0000000000
84075  4.168  5.508  84.444 0.3750000000
80606  3.389  5.578  85.030 0.3750000000
46399  2.535  5.236  85.299 0.3750000000
46394  1.179  5.850  86.009 0.3750000000
47222  6.699  6.814  82.474 0.3750000000
47223  6.116  6.555  83.062 0.3750000000
47217  4.777  6.305  84.161 0.5000000000
46392  2.673  5.617  85.526 0.3750000000
46393  1.982  5.710  85.865 0.3750000000
48012  6.911  7.326  81.837 0.2500000000
47211  4.049  6.395  84.809 0.3750000000
87658  5.865  7.045  79.347 0.2500000000
84155  5.064  7.084  77.747 0.2500000000
48836  -2.566  8.998  80.566 0.8750000000
87375  -2.403  8.568  78.069 0.8750000000
48851  -2.711  8.566  78.780 1.0000000000
79352  -2.729  8.834  79.653 1.0000000000
90834  -3.407  9.491  80.377 1.0000000000
48859  -2.381  8.916  77.383 1.0000000000
79498  -3.133  8.711  77.713 1.0000000000
48852  -3.371  8.745  78.452 1.0000000000
48844  -3.435  9.079  79.313 1.0000000000
48870  -3.107  9.053  76.865 1.0000000000
81645  -3.837  8.900  77.096 1.0000000000
51492  -17.239  11.999  76.959 1.0000000000
52313  -21.323  12.240  78.458 0.7500000000
51482  -22.180  11.988  78.244 0.7500000000
51470  -22.339  11.304  78.154 0.7500000000
49775  -3.422  9.373  75.576 1.0000000000
48883  -3.948  9.247  75.336 1.0000000000
50659  -16.826  11.351  76.441 1.0000000000
51483  -22.810  11.422  77.703 0.7500000000
50649  -23.485  10.710  77.098 0.7500000000
49788  -5.092  9.698  74.288 1.0000000000
50658  -16.495  10.618  75.913 1.0000000000
51493  -23.261  11.604  77.000 0.7500000000
50704  -5.386  10.859  72.539 1.0000000000
50671  -16.527  10.654  74.930 1.0000000000
50705  -6.204  11.282  72.672 1.0000000000
51521  -6.622  11.684  72.115 1.0000000000
48100  -14.465  7.876  72.683 1.0000000000
48933  -15.301  8.417  72.662 1.0000000000
48090  -14.698  8.075  73.623 1.0000000000
81252  -15.874  8.984  74.175 1.0000000000
51533  -7.964  11.539  71.377 1.0000000000
51541  -7.399  12.040  70.836 1.0000000000
80917  -14.189  7.654  71.887 1.0000000000
50729  -9.417  10.462  69.851 1.0000000000
48110  -13.921  7.411  71.084 1.0000000000
87635  -9.624  9.897  69.397 1.0000000000
47344  -12.844  6.983  70.058 1.0000000000
47343  -12.035  6.917  69.799 1.0000000000
48142  -11.420  7.263  68.585 1.0000000000
47980  4.659  7.027  84.519 0.5000000000
50629  4.971  10.771  78.346 0.5000000000
47998  6.217  7.524  82.842 0.3750000000
47990  5.386  7.103  83.746 0.5000000000
47212  3.215  6.485  85.413 0.3750000000
47207  2.335  6.274  85.830 0.3750000000
47209  0.627  6.498  86.004 0.5000000000
49732  5.655  10.157  78.794 0.5000000000
84394  6.348  9.538  79.364 0.5000000000
48841  6.776  8.948  79.806 0.3750000000
48821  6.794  8.200  81.117 0.2500000000
93255  5.322  9.159  78.376 0.3750000000
48848  6.006  8.602  79.119 0.3750000000
48840  6.556  8.302  79.692 0.2500000000
48807  -0.512  8.919  82.823 0.7500000000
51471  4.420  11.385  77.946 0.5000000000
48855  5.233  8.368  78.263 0.2500000000
48040  5.370  7.804  78.485 0.2500000000
79746  -1.019  8.349  81.239 0.8750000000
80286  -1.062  8.699  82.179 0.8750000000
48808  -1.505  9.510  82.956 0.6250000000
52315  3.993  12.123  77.505 0.6250000000
48046  4.926  7.736  77.578 0.2500000000
48843  -0.977  7.965  79.068 0.8750000000
48835  -1.791  8.558  80.846 0.8750000000
48809  -2.143  9.507  82.308 0.8750000000
52325  3.385  12.410  76.532 0.6250000000
48047  4.680  7.700  76.680 0.2500000000
48055  5.018  7.112  76.781 0.2500000000
48858  -1.563  8.692  77.753 0.8750000000
79585  -1.819  8.320  78.650 0.8750000000
53061  3.888  13.380  76.022 0.6250000000
53070  3.959  13.467  74.979 0.5000000000
49763  -2.357  9.391  76.618 1.0000000000
94290  -2.578  9.609  76.093 1.0000000000
52322  -21.779  12.661  77.958 0.7500000000
52331  -22.079  12.973  77.146 0.7500000000
52340  3.672  12.749  74.390 0.5000000000
50665  -2.774  10.307  74.775 1.0000000000
50678  -4.065  9.739  73.912 1.0000000000
52323  -22.557  12.198  77.588 0.7500000000
52332  -22.879  12.483  76.775 0.7500000000
87759  -2.842  10.850  74.255 1.0000000000
90038  -3.777  10.316  73.485 1.0000000000
49816  -5.070  10.251  73.031 1.0000000000
51494  -23.938  11.228  76.428 0.7500000000
52352  -24.310  12.111  74.373 0.6250000000
52359  -24.207  12.176  73.365 0.3750000000
51512  -3.505  11.533  72.834 1.0000000000
51519  -4.218  11.296  72.288 1.0000000000
50703  -4.647  10.669  72.584 1.0000000000
51529  -4.605  12.021  71.715 1.0000000000
50714  -4.973  11.238  71.980 1.0000000000
51531  -6.237  11.898  71.563 1.0000000000
51540  -6.675  12.141  71.100 1.0000000000
49794  -16.355  9.744  74.351 1.0000000000
51530  -5.449  11.848  71.545 1.0000000000
51539  -6.002  12.282  71.063 1.0000000000
49819  -15.843  8.993  72.921 1.0000000000
50709  -16.780  10.222  72.767 1.0000000000
51542  -8.309  11.792  70.428 1.0000000000
48946  -14.971  7.982  71.928 1.0000000000
48947  -15.599  8.455  71.698 1.0000000000
48934  -15.975  8.969  72.190 1.0000000000
50717  -16.810  10.046  72.078 1.0000000000
52376  -8.358  12.405  69.851 1.0000000000
91829  -9.398  11.107  69.582 1.0000000000
94962  -15.270  8.080  71.275 1.0000000000
48948  -16.270  8.956  71.265 1.0000000000
49841  -17.176  9.702  70.261 1.0000000000
50730  -17.681  10.232  69.820 1.0000000000
50734  -9.748  10.654  69.023 1.0000000000
48122  -14.509  7.504  70.435 1.0000000000
48123  -15.213  7.888  70.621 1.0000000000
48961  -16.276  8.704  70.354 1.0000000000
49840  -16.784  9.095  69.833 1.0000000000
50736  -17.802  10.241  68.940 0.8750000000
49856  -9.949  9.683  68.644 1.0000000000
47354  -13.473  6.892  69.443 1.0000000000
48132  -14.312  7.242  69.587 1.0000000000
48975  -15.741  8.156  70.058 1.0000000000
48994  -16.208  8.336  68.623 1.0000000000
49849  -16.805  8.956  68.930 1.0000000000
50735  -10.220  10.508  68.208 1.0000000000
82755  -10.318  9.805  67.918 1.0000000000
49848  -10.091  8.868  68.768 1.0000000000
47364  -13.213  6.689  68.801 1.0000000000
48144  -14.936  7.471  68.924 1.0000000000
49010  -15.573  7.788  68.357 1.0000000000
49858  -16.715  8.809  67.907 1.0000000000
49857  -10.331  9.004  67.981 1.0000000000
49009  -10.713  8.350  67.810 1.0000000000
48141  -10.959  7.780  68.119 1.0000000000
87921  -13.251  6.731  68.114 1.0000000000
48160  -13.979  7.027  67.662 1.0000000000
49011  -16.158  8.337  67.209 1.0000000000
49020  -10.861  8.769  67.229 1.0000000000
48156  -11.160  8.040  67.321 1.0000000000
48158  -12.352  7.277  67.053 1.0000000000
48159  -13.147  6.977  67.312 1.0000000000
48179  -14.674  7.445  67.026 1.0000000000
82322  -15.507  7.788  67.526 1.0000000000
87107  -11.404  8.500  66.455 1.0000000000
48175  -11.721  7.755  66.782 1.0000000000
48177  -13.056  7.334  66.447 1.0000000000
84523  -13.784  7.193  66.929 1.0000000000
47981  4.045  7.254  84.962 0.5000000000
51457  5.138  11.524  78.552 0.5000000000
48013  6.371  8.215  82.167 0.3750000000
47991  4.730  7.751  84.320 0.5000000000
47982  3.113  7.522  85.202 0.3750000000
86495  2.039  7.151  85.585 0.3750000000
47984  0.687  8.038  85.440 0.6250000000
47985  -0.211  8.209  85.400 0.6250000000
50628  5.806  11.025  79.030 0.5000000000
49731  6.451  10.440  79.588 0.5000000000
48777  2.286  8.204  84.893 0.5000000000
48778  1.366  8.481  84.722 0.7500000000
48779  0.480  8.718  84.593 0.6250000000
48780  -0.435  8.934  84.605 0.6250000000
87119  4.662  11.983  78.149 0.5000000000
79889  0.597  8.242  81.176 0.8750000000
48806  0.545  8.509  82.326 0.7500000000
52305  5.116  12.182  78.697 0.6250000000
48833  0.839  8.078  80.104 0.8750000000
48834  -0.130  7.953  80.633 0.8750000000
52324  4.168  13.103  77.103 0.6250000000
52314  4.681  12.697  78.009 0.6250000000
85782  4.952  12.761  78.895 0.6250000000
49733  0.563  9.525  78.443 0.8750000000
48849  -0.126  8.448  78.498 0.8750000000
80494  -0.037  7.914  79.536 0.8750000000
79745  -1.005  7.935  80.155 0.8750000000
49734  -0.084  9.260  77.921 0.8750000000
48857  -0.688  8.855  77.796 0.8750000000
48850  -1.001  8.338  78.301 0.8750000000
53069  4.481  14.178  75.538 0.6250000000
49746  -0.502  9.632  77.436 1.0000000000
49762  -1.537  9.828  76.653 1.0000000000
52328  -17.571  12.646  76.590 1.0000000000
91489  -18.071  12.982  77.030 1.0000000000
52329  -17.944  13.327  76.387 1.0000000000
52338  -18.052  13.588  75.488 1.0000000000
53059  -21.183  13.294  77.265 0.7500000000
53076  4.637  14.154  74.554 0.6250000000
50651  -1.068  10.516  76.605 1.0000000000
50652  -1.651  10.541  76.074 1.0000000000
52337  -17.490  12.842  75.719 1.0000000000
82188  -18.438  14.043  74.964 1.0000000000
53077  4.403  13.357  74.001 0.6250000000
50664  -2.229  10.491  75.453 1.0000000000
51501  -17.123  12.100  76.009 1.0000000000
52343  -18.048  13.470  74.509 1.0000000000
52351  -18.155  13.381  73.511 1.0000000000
53091  -18.591  13.568  72.814 1.0000000000
53067  -22.488  13.380  76.501 0.7500000000
53081  -24.978  13.805  74.639 1.0000000000
52345  -24.841  12.828  74.512 1.0000000000
53086  -25.389  13.227  74.110 0.8750000000
53093  -25.537  12.950  73.404 0.8750000000
51506  -2.657  11.610  74.140 1.0000000000
86225  -2.954  11.893  73.492 1.0000000000
50686  -16.780  11.450  74.510 1.0000000000
51508  -17.116  12.222  74.980 1.0000000000
94822  -17.308  12.541  74.455 1.0000000000
53092  -19.174  14.003  72.527 1.0000000000
52333  -23.664  12.102  76.336 0.7500000000
52344  -24.385  12.384  75.090 0.8750000000
52353  -24.901  12.599  73.784 0.7500000000
50690  -3.250  11.000  73.565 1.0000000000
51513  -17.157  12.105  73.990 1.0000000000
51523  -17.344  11.538  73.032 1.0000000000
52357  -18.250  12.912  72.633 1.0000000000
52358  -18.866  13.297  72.133 1.0000000000
53102  -19.435  13.817  71.681 1.0000000000
52360  -24.707  12.520  72.845 0.7500000000
51518  -3.798  12.107  72.243 1.0000000000
50699  -16.906  10.756  73.244 1.0000000000
51524  -18.004  12.026  72.409 1.0000000000
82352  -18.599  12.485  71.830 1.0000000000
52367  -19.162  13.014  71.303 1.0000000000
52365  -5.230  12.504  71.193 1.0000000000
87604  -17.684  11.256  72.107 1.0000000000
90636  -18.525  11.598  70.611 1.0000000000
52378  -19.350  12.795  70.402 0.8750000000
52374  -6.765  12.597  70.609 1.0000000000
50718  -17.259  10.449  71.610 1.0000000000
51544  -18.082  11.062  70.738 1.0000000000
52377  -18.928  11.972  69.941 0.8750000000
52386  -7.891  12.885  69.834 1.0000000000
50724  -17.525  10.416  70.737 1.0000000000
50725  -18.008  10.709  70.159 1.0000000000
51549  -18.557  11.430  69.229 0.8750000000
88307  -9.506  12.257  69.283 1.0000000000
50737  -18.238  10.927  68.653 0.8750000000
49865  -17.355  9.597  67.426 1.0000000000
49863  -10.644  9.561  67.313 1.0000000000
49864  -16.756  8.995  66.896 0.8750000000
49021  -15.524  7.955  66.689 1.0000000000
49022  -16.180  8.502  66.364 0.8750000000
49027  -11.920  8.023  66.002 0.8750000000
48195  -12.580  7.764  65.769 1.0000000000
48197  -14.295  7.787  65.565 1.0000000000
49030  -15.546  8.178  65.898 0.8750000000
49037  -12.539  8.551  64.619 0.8750000000
48211  -12.907  7.985  65.029 0.8750000000
50605  6.413  10.771  80.885 0.5000000000
49715  6.496  9.805  81.311 0.5000000000
48822  6.365  8.955  81.682 0.3750000000
95208  6.014  8.226  82.860 0.5000000000
48783  5.461  8.190  83.525 0.5000000000
47992  3.920  8.074  84.624 0.6250000000
47993  3.159  8.321  84.625 0.7500000000
49723  6.779  9.748  80.100 0.5000000000
48831  6.809  8.997  80.533 0.5000000000
48786  2.737  8.690  84.074 0.7500000000
88332  1.995  8.659  84.138 0.7500000000
48787  1.274  8.706  83.677 0.7500000000
51456  5.716  11.763  79.238 0.5000000000
79955  1.385  8.618  80.750 0.8750000000
90125  1.256  8.505  81.589 0.8750000000
48805  1.621  8.577  82.462 0.7500000000
93449  0.928  8.595  82.995 0.7500000000
53055  4.613  13.589  77.600 0.6250000000
53052  4.734  13.362  78.578 0.6250000000
48842  0.751  8.586  79.216 0.8750000000
53740  4.573  14.095  78.141 0.6250000000
53736  4.506  14.063  79.251 0.6250000000
53749  -20.239  14.851  76.133 1.0000000000
53065  -20.669  14.084  76.679 1.0000000000
53750  -21.159  14.645  76.187 1.0000000000
50642  -0.502  10.496  77.164 1.0000000000
51486  -1.258  11.241  76.223 1.0000000000
53073  -18.725  14.418  75.642 1.0000000000
53754  -18.823  14.571  74.874 1.0000000000
53066  -21.595  13.774  76.648 1.0000000000
84110  4.800  13.995  73.615 0.6250000000
51496  -1.795  11.253  75.553 1.0000000000
53763  -19.282  14.805  74.158 1.0000000000
53085  -18.894  14.069  73.377 1.0000000000
53751  -22.102  14.309  76.121 1.0000000000
53074  -23.054  13.761  75.956 1.0000000000
53080  -24.461  13.441  75.096 1.0000000000
53082  -25.431  14.062  74.308 0.8750000000
93867  -2.343  11.807  74.603 1.0000000000
52348  -2.774  12.667  73.709 1.0000000000
53771  -19.583  14.661  73.098 1.0000000000
53075  -23.975  12.921  75.768 0.8750000000
52349  -3.232  12.377  72.936 1.0000000000
53103  -19.986  14.348  71.251 0.8750000000
52361  -25.555  12.782  72.565 0.7500000000
52363  -4.077  12.771  71.804 1.0000000000
53100  -4.393  13.429  71.493 1.0000000000
53127  -19.866  13.405  69.957 0.8750000000
53115  -20.195  14.120  70.424 0.8750000000
52369  -25.622  12.601  71.682 0.7500000000
53101  -5.008  13.248  71.034 1.0000000000
81537  -19.434  12.725  69.467 0.8750000000
81382  -6.174  13.957  70.370 1.0000000000
53112  -6.593  13.336  70.290 1.0000000000
53142  -19.946  13.367  69.047 0.8750000000
52387  -8.436  12.997  69.557 1.0000000000
51554  -18.678  11.547  68.406 0.8750000000
52402  -19.033  12.091  68.938 0.8750000000
52403  -19.513  12.737  68.561 0.8750000000
53153  -19.995  13.324  68.176 0.8750000000
91972  -8.871  12.485  69.509 1.0000000000
51555  -19.155  12.125  68.073 0.8750000000
81604  -19.611  12.738  67.717 0.8750000000
88412  -10.277  12.055  68.879 1.0000000000
51553  -10.254  11.332  68.505 1.0000000000
50741  -17.910  10.400  67.941 0.8750000000
91668  -18.364  11.109  67.969 0.8750000000
51561  -18.762  11.578  67.605 0.8750000000
51562  -19.240  12.146  67.225 0.8750000000
50749  -17.878  10.294  66.938 0.8750000000
50742  -18.334  10.981  67.264 0.8750000000
51578  -18.817  11.539  66.710 0.8750000000
50740  -10.580  10.345  67.504 1.0000000000
50750  -18.329  10.864  66.434 0.8750000000
49869  -11.439  9.234  65.831 1.0000000000
49870  -16.743  9.129  66.004 0.8750000000
49871  -17.328  9.665  66.488 0.8750000000
50761  -17.841  10.296  66.071 0.8750000000
86071  -15.443  8.386  65.145 0.8750000000
49031  -16.136  8.681  65.536 0.8750000000
49877  -16.669  9.302  65.160 0.8750000000
49036  -12.052  8.755  64.962 0.8750000000
49038  -13.286  8.377  64.369 0.8750000000
48212  -13.770  7.993  64.935 0.8750000000
49040  -15.177  8.645  64.310 0.8750000000
49041  -16.024  8.884  64.709 0.8750000000
49039  -14.190  8.411  64.296 0.8750000000
50616  6.186  11.308  79.913 0.5000000000
49704  6.078  9.657  82.586 0.6250000000
48802  5.023  8.985  83.607 0.6250000000
48784  4.510  8.566  84.057 0.7500000000
49693  5.452  9.428  83.330 0.6250000000
48803  4.005  9.122  83.728 0.7500000000
84213  3.083  8.933  83.396 0.7500000000
52298  5.381  12.482  79.722 0.6250000000
51441  5.880  11.949  80.140 0.6250000000
84972  5.296  13.039  80.701 0.7500000000
49717  1.884  9.371  80.638 0.8750000000
48804  2.612  8.913  82.552 0.7500000000
84049  2.263  8.710  83.271 0.7500000000
49724  1.722  9.868  80.067 0.8750000000
53060  4.499  14.071  76.659 0.6250000000
53730  4.641  14.241  80.476 0.7500000000
53045  4.999  13.679  81.130 0.7500000000
49725  1.176  9.612  79.335 0.8750000000
48832  1.382  8.893  79.930 0.8750000000
53746  4.670  14.921  76.004 0.7500000000
88608  4.584  14.239  77.356 0.6250000000
53741  4.143  14.725  78.719 0.7500000000
53752  4.961  14.942  75.094 0.8750000000
53737  4.295  14.903  79.878 0.7500000000
53731  4.133  14.979  81.074 0.7500000000
49745  0.058  10.055  77.719 1.0000000000
53064  -18.982  14.244  76.464 1.0000000000
53748  -19.405  14.822  75.950 1.0000000000
53757  -20.775  15.290  75.600 1.0000000000
53760  4.871  14.969  74.119 0.7500000000
89967  4.795  14.617  73.320 0.8750000000
51485  -0.786  11.133  76.740 1.0000000000
53764  -19.881  15.467  74.568 1.0000000000
54392  -20.573  15.654  74.848 1.0000000000
87212  -21.661  15.125  75.628 1.0000000000
54394  -21.990  15.649  75.022 1.0000000000
53765  -22.801  15.591  74.962 1.0000000000
54413  4.515  14.929  72.574 0.8750000000
82967  -1.502  12.037  75.870 1.0000000000
52336  -2.141  12.770  74.874 1.0000000000
53772  -20.032  15.406  73.658 1.0000000000
53758  -22.690  14.877  75.535 1.0000000000
53766  -23.419  15.107  75.172 1.0000000000
53767  -24.257  14.720  74.917 1.0000000000
53768  -25.008  14.762  74.498 1.0000000000
53087  -25.962  13.823  73.874 0.8750000000
53783  3.986  14.025  71.278 0.8750000000
51505  -2.024  12.039  75.074 1.0000000000
52341  -2.419  12.323  74.383 1.0000000000
53779  -20.266  15.191  72.717 1.0000000000
53787  -20.464  15.114  71.691 1.0000000000
53773  -25.662  14.811  74.209 1.0000000000
53791  3.592  14.039  70.426 0.8750000000
53799  3.389  13.696  69.810 0.8750000000
53084  -3.148  13.185  73.118 1.0000000000
53090  -3.477  13.598  72.653 1.0000000000
53088  -26.562  14.074  73.587 1.0000000000
52398  2.282  12.921  68.234 0.8750000000
53122  2.547  13.925  69.273 0.8750000000
52356  -3.555  12.924  72.440 1.0000000000
53785  -4.185  14.233  71.714 1.0000000000
82185  -20.449  14.748  70.848 0.8750000000
53788  -21.003  15.302  70.821 0.8750000000
53104  -26.403  12.915  72.404 0.7500000000
81214  2.603  12.270  67.661 0.7500000000
52397  2.869  12.455  68.274 0.6250000000
53134  2.746  13.265  68.786 0.6250000000
95090  -5.221  14.559  70.990 1.0000000000
53794  -5.806  14.637  70.639 1.0000000000
53128  -20.373  14.029  69.558 0.8750000000
52370  -26.501  12.637  71.524 0.7500000000
53805  -8.085  14.550  69.524 1.0000000000
52381  -25.688  12.335  70.709 0.7500000000
52382  -26.743  12.342  70.675 0.7500000000
51648  -4.476  11.815  60.263 0.1250000000
53124  -7.858  13.539  69.656 1.0000000000
53125  -8.671  13.707  69.416 1.0000000000
53143  -20.526  13.976  68.598 0.8750000000
52388  -9.162  12.988  69.350 1.0000000000
52399  -10.035  12.783  69.179 1.0000000000
52419  -19.819  12.756  66.846 0.8750000000
50747  -10.887  10.190  66.788 0.7500000000
51594  -18.739  11.333  65.873 0.8750000000
51595  -19.267  11.918  65.667 0.8750000000
52435  -19.795  12.503  65.984 0.8750000000
50760  -11.486  9.797  65.367 0.8750000000
92127  -18.275  10.770  65.749 0.8750000000
86361  -18.908  11.509  65.225 0.8750000000
49876  -11.749  9.223  65.103 0.8750000000
49889  -17.197  9.908  64.790 0.8750000000
50772  -18.171  10.815  64.477 0.8750000000
50762  -18.478  11.020  65.179 0.8750000000
49047  -12.812  8.867  63.862 0.8750000000
49888  -16.581  9.517  64.330 0.8750000000
50786  -17.151  10.095  64.028 0.8750000000
80348  -17.618  10.372  64.454 0.8750000000
49048  -13.689  8.745  63.703 0.8750000000
49049  -14.558  8.821  63.660 0.8750000000
49050  -15.256  9.021  63.610 0.8750000000
49887  -15.911  9.148  63.898 0.8750000000
50596  6.184  10.570  82.391 0.6250000000
49705  5.391  10.108  83.311 0.7500000000
49694  4.542  9.543  83.555 0.7500000000
51430  6.169  11.805  81.060 0.6250000000
51431  5.846  12.428  82.025 0.6250000000
49695  3.476  9.350  83.136 0.7500000000
51442  5.744  12.511  80.940 0.7500000000
52292  5.297  13.120  81.731 0.7500000000
48823  2.141  8.931  81.515 0.8750000000
49707  3.127  9.497  82.270 0.8750000000
53040  4.821  13.680  81.878 0.7500000000
88388  2.190  10.100  80.659 0.8750000000
54381  4.634  14.830  76.864 0.6250000000
53046  4.488  14.250  81.590 0.7500000000
54389  4.958  15.720  75.572 0.8750000000
53743  4.363  14.727  77.694 0.7500000000
53725  3.392  14.531  82.069 0.8750000000
50630  0.364  10.722  78.247 0.8750000000
50631  -0.090  10.871  77.659 1.0000000000
79965  -8.643  17.647  75.411 1.0000000000
94967  -9.656  17.539  75.900 1.0000000000
54403  4.863  15.893  74.002 0.8750000000
54378  3.819  15.463  79.330 0.7500000000
54374  3.789  15.556  80.401 0.8750000000
53732  3.163  15.512  81.429 0.8750000000
51473  -0.467  11.429  77.293 1.0000000000
55700  -6.777  17.506  74.582 1.0000000000
55701  -7.616  17.701  74.896 1.0000000000
81515  -8.265  17.496  74.375 1.0000000000
80621  -10.621  17.405  75.594 0.8750000000
54375  3.258  16.045  80.636 0.7500000000
52327  -1.389  12.829  76.308 1.0000000000
88004  -4.576  16.344  73.819 1.0000000000
55708  -6.221  17.122  73.962 1.0000000000
80707  -7.255  17.240  73.904 1.0000000000
55710  -9.842  17.283  74.250 1.0000000000
54398  -21.274  15.989  74.460 1.0000000000
54399  -22.299  16.228  74.264 1.0000000000
54400  -23.528  15.774  74.569 1.0000000000
54414  4.092  15.569  72.119 0.8750000000
53761  -2.603  13.969  74.553 1.0000000000
92055  -3.775  15.451  73.423 1.0000000000
55060  -5.666  16.712  73.286 1.0000000000
55062  -7.404  16.879  72.991 1.0000000000
55718  -9.131  16.950  73.338 1.0000000000
54418  -20.700  15.871  73.214 1.0000000000
54432  -20.806  15.638  72.436 1.0000000000
54401  -24.505  15.573  74.394 1.0000000000
54402  -25.189  15.454  74.206 1.0000000000
53784  3.587  14.932  71.037 0.8750000000
53083  -2.851  13.557  73.811 1.0000000000
54404  -3.473  14.786  73.283 1.0000000000
55072  -5.174  16.286  72.553 1.0000000000
55073  -6.690  16.663  72.350 1.0000000000
80417  -7.689  16.673  72.062 1.0000000000
55717  -8.213  16.848  72.860 1.0000000000
54411  -25.803  15.697  73.804 1.0000000000
53780  -26.978  14.888  73.562 1.0000000000
90610  3.163  14.680  70.420 0.8750000000
84773  2.358  14.412  69.694 0.8750000000
53776  -3.697  14.351  72.477 1.0000000000
54416  -4.529  15.590  72.210 1.0000000000
54417  -5.257  15.787  71.690 1.0000000000
55089  -6.785  16.398  71.406 1.0000000000
53095  -27.109  13.731  73.155 0.8750000000
53135  1.920  13.632  68.784 0.8750000000
54429  -4.737  14.950  71.491 1.0000000000
54431  -6.591  15.933  70.823 1.0000000000
54445  -6.894  15.576  70.348 1.0000000000
53797  -20.700  14.673  70.127 0.8750000000
53105  -27.293  13.078  72.314 0.8750000000
53146  1.526  13.191  68.256 0.8750000000
53136  0.980  13.641  68.585 0.8750000000
86974  -5.502  15.226  71.080 1.0000000000
53796  -7.324  15.103  69.855 1.0000000000
54462  -8.113  15.405  69.749 1.0000000000
52371  -27.449  12.732  71.432 0.7500000000
83917  1.670  12.601  67.643 0.8750000000
53147  0.632  13.065  67.983 0.8750000000
53806  -9.115  14.418  69.336 1.0000000000
53809  -20.981  14.652  69.233 0.8750000000
83134  -26.194  12.221  70.001 0.6250000000
51558  2.339  12.057  67.076 0.7500000000
81737  0.786  12.515  67.375 0.8750000000
52414  -0.084  12.628  67.436 0.8750000000
52430  -0.602  12.192  66.885 0.8750000000
51592  -3.005  12.052  65.123 0.8750000000
51605  -3.204  11.871  64.347 0.3750000000
52453  -3.516  12.341  63.004 0.2500000000
51625  -3.576  11.717  62.329 0.2500000000
52469  -3.982  12.638  61.262 0.1250000000
51634  -4.205  12.056  60.899 0.1250000000
53126  -9.586  13.616  69.279 1.0000000000
53139  -10.662  13.344  69.156 0.8750000000
53822  -21.043  14.473  68.482 0.8750000000
52392  -26.986  12.070  69.862 0.6250000000
52429  0.370  12.142  66.865 0.8750000000
52431  -1.535  12.362  66.826 0.8750000000
51575  -1.996  11.927  66.212 0.8750000000
51591  -2.363  11.583  65.512 0.8750000000
88708  -20.063  13.233  67.464 0.8750000000
53154  -20.495  13.733  67.741 0.8750000000
52494  -4.928  12.345  59.612 0.2500000000
52400  -10.957  12.624  68.773 0.8750000000
52436  -20.234  13.020  66.250 0.8750000000
52420  -20.498  13.492  66.879 0.8750000000
52506  -5.505  12.382  58.906 0.1250000000
52417  -10.945  11.960  68.085 0.8750000000
51560  -11.138  11.517  67.160 0.8750000000
52444  -20.281  12.906  65.546 0.8750000000
51559  -10.633  11.120  67.743 0.8750000000
51576  -10.862  10.841  67.102 0.8750000000
52443  -19.757  12.393  65.182 0.8750000000
50748  -11.238  10.039  66.022 0.7500000000
51593  -11.381  10.680  65.257 0.7500000000
51608  -19.255  11.887  64.838 0.8750000000
87352  -11.674  9.846  64.676 0.8750000000
51620  -18.463  11.224  63.697 0.8750000000
51607  -18.750  11.372  64.577 0.8750000000
49898  -11.912  9.843  63.969 0.8750000000
49899  -12.464  9.585  63.411 0.8750000000
50785  -16.528  9.792  63.419 0.8750000000
82006  -17.224  10.348  63.383 0.8750000000
50787  -17.746  10.605  63.821 0.8750000000
49900  -13.268  9.153  63.134 0.8750000000
93642  -14.111  8.993  63.016 0.8750000000
49901  -14.904  9.138  63.049 0.8750000000
50606  6.109  11.552  82.187 0.6250000000
82538  5.232  11.993  82.739 0.7500000000
50597  5.189  11.027  83.228 0.7500000000
49706  4.091  10.081  83.249 0.8750000000
52288  4.667  13.265  82.190 0.7500000000
51419  4.937  12.721  82.409 0.7500000000
53041  4.044  13.682  82.147 0.8750000000
50608  2.057  10.729  80.486 0.8750000000
55687  -10.068  18.032  77.301 1.0000000000
56915  -10.430  19.171  77.200 0.8750000000
54385  4.653  15.588  76.359 0.8750000000
54382  4.312  15.415  77.147 0.8750000000
50617  1.455  10.661  79.749 0.8750000000
51444  0.463  11.579  78.907 0.8750000000
55688  -10.905  18.404  77.096 0.8750000000
55046  4.919  16.574  75.150 0.8750000000
85695  3.770  15.463  78.159 0.8750000000
50618  0.829  10.599  79.024 0.8750000000
51458  -0.091  11.718  78.135 0.8750000000
55695  -9.302  17.654  76.749 1.0000000000
55056  4.549  16.456  73.512 0.8750000000
55033  3.483  16.197  79.034 1.0000000000
55027  3.536  16.034  79.909 0.8750000000
52316  -0.600  12.346  77.584 1.0000000000
52317  -1.047  12.935  77.101 1.0000000000
55696  -10.461  17.705  76.729 1.0000000000
55022  2.528  16.249  81.108 0.8750000000
53071  -1.808  13.665  76.033 1.0000000000
55711  -11.275  17.178  74.561 0.8750000000
92620  -22.263  16.589  73.109 1.0000000000
54408  -23.176  16.459  73.777 1.0000000000
54409  -24.097  16.197  73.960 1.0000000000
54425  3.740  15.508  71.662 0.8750000000
53072  -2.157  13.476  75.114 1.0000000000
53762  -2.994  14.788  74.739 1.0000000000
54396  -3.526  15.549  74.859 1.0000000000
55054  -4.534  16.495  74.537 1.0000000000
54410  -24.956  16.068  73.923 1.0000000000
54439  2.826  15.245  70.803 0.8750000000
54440  1.960  15.349  70.625 0.8750000000
55074  -8.825  16.664  72.385 1.0000000000
54434  -22.112  16.273  71.975 1.0000000000
54433  -21.248  15.700  71.815 1.0000000000
53781  -27.677  14.869  73.215 1.0000000000
53792  2.529  14.782  70.209 0.8750000000
82648  0.980  14.434  69.443 0.8750000000
55090  -7.631  16.470  71.196 1.0000000000
80795  -8.133  16.276  70.670 1.0000000000
54452  -21.689  15.758  71.186 0.8750000000
53097  -28.499  14.014  72.543 0.8750000000
53107  -28.980  13.701  72.020 0.8750000000
53802  0.049  14.561  69.398 0.8750000000
54447  -8.786  15.862  70.102 1.0000000000
54464  -9.958  15.379  69.876 0.8750000000
85875  -21.227  15.090  69.965 0.8750000000
53106  -28.160  13.267  72.188 0.8750000000
53117  -29.222  13.168  71.187 0.8750000000
53814  0.505  14.122  68.962 0.8750000000
53815  -0.391  14.231  68.823 0.8750000000
53149  -1.381  13.549  67.889 0.8750000000
52383  -27.652  12.395  70.576 0.7500000000
52384  -28.542  12.579  70.454 0.8750000000
53129  -29.429  12.815  70.323 0.8750000000
53138  -0.722  13.807  68.367 0.8750000000
53148  -0.446  13.238  67.967 0.8750000000
52415  -1.038  12.762  67.465 0.8750000000
52416  -1.874  13.046  67.294 0.8750000000
52433  -2.947  13.007  65.995 0.8750000000
54475  -10.615  14.678  69.590 0.8750000000
53819  -11.278  13.946  69.365 0.8750000000
83441  -21.445  14.836  68.679 0.8750000000
52394  -28.773  12.294  69.594 0.8750000000
52440  -2.684  12.336  65.830 0.8750000000
85057  -3.316  12.668  64.600 0.6250000000
52447  -3.418  12.503  63.857 0.5000000000
52460  -3.680  12.512  62.076 0.2500000000
53818  -10.083  14.216  69.273 0.8750000000
53823  -21.459  14.610  67.946 0.8750000000
52393  -27.885  12.096  69.738 0.6250000000
52395  -29.654  12.553  69.474 0.7500000000
52432  -2.399  12.777  66.562 0.8750000000
51633  -3.855  11.890  61.540 0.2500000000
53140  -11.845  13.298  68.901 0.8750000000
95110  -12.302  13.345  68.254 0.8750000000
52408  -28.149  12.028  68.867 0.6250000000
52409  -29.063  12.058  68.758 0.7500000000
52410  -30.052  12.296  68.628 0.6250000000
88162  -30.708  12.405  68.146 0.5000000000
52427  -31.443  12.828  68.057 0.5000000000
52480  -4.406  12.704  60.403 0.2500000000
52401  -11.710  12.720  68.204 0.8750000000
52418  -11.595  12.324  67.314 0.8750000000
53838  -21.979  14.491  66.194 0.8750000000
53161  -21.214  13.992  66.527 0.8750000000
80899  -29.299  11.924  67.920 0.6250000000
84653  -30.929  12.317  66.741 0.5000000000
95748  -4.772  13.069  59.726 0.2500000000
53166  -20.724  13.458  65.994 0.8750000000
51577  -11.162  10.946  66.343 0.7500000000
93434  -11.315  11.319  65.802 0.7500000000
52450  -20.301  12.787  64.721 0.8750000000
53173  -20.841  13.322  65.149 0.8750000000
85971  -11.389  11.703  65.309 0.7500000000
53180  -20.884  13.204  64.262 0.8750000000
50783  -11.665  10.496  64.217 0.8750000000
50784  -11.984  10.314  63.442 0.8750000000
91606  -19.035  11.731  63.305 0.7500000000
89299  -19.632  12.178  63.473 0.8750000000
49906  -12.969  9.628  62.682 0.8750000000
50800  -17.767  10.840  62.934 0.7500000000
51628  -18.557  11.462  62.760 0.7500000000
51629  -19.325  12.029  62.563 0.7500000000
49907  -13.767  9.415  62.372 0.7500000000
49909  -15.262  9.454  62.425 0.7500000000
49910  -16.118  9.833  62.523 0.7500000000
82535  -17.302  10.781  62.207 0.7500000000
50813  -18.010  11.254  61.993 0.7500000000
88711  4.237  11.472  82.921 0.8750000000
50598  3.581  10.512  82.460 0.8750000000
52289  3.831  12.895  82.415 0.8750000000
50607  2.664  10.668  81.330 0.8750000000
54386  4.251  16.155  76.709 0.8750000000
94354  3.792  15.952  77.406 0.8750000000
51433  1.756  11.524  80.337 0.8750000000
51443  1.087  11.541  79.598 0.8750000000
56916  -11.300  19.098  76.846 0.8750000000
52300  0.681  12.435  79.653 0.8750000000
56294  -12.042  18.539  76.630 0.8750000000
88148  4.566  17.368  74.676 0.8750000000
55052  4.376  17.338  73.824 0.8750000000
53042  2.882  13.486  82.345 0.8750000000
86213  2.218  14.305  82.198 1.0000000000
52306  0.134  12.327  78.869 0.8750000000
52307  -0.332  12.736  78.459 0.8750000000
53056  -0.816  13.248  77.961 1.0000000000
55699  -5.944  17.460  74.894 1.0000000000
55694  -8.020  17.724  76.041 1.0000000000
56295  -12.814  18.980  75.822 0.8750000000
55057  4.010  16.960  73.003 0.8750000000
55028  2.968  16.632  80.018 0.8750000000
55023  1.601  16.508  81.502 1.0000000000
54369  2.103  15.775  81.788 1.0000000000
53726  2.494  15.068  82.076 1.0000000000
91623  -12.064  17.376  75.885 0.8750000000
56300  -12.740  17.944  76.151 0.8750000000
55079  -23.900  16.855  72.786 1.0000000000
55063  -23.172  16.714  73.076 1.0000000000
55083  2.750  16.428  71.890 0.8750000000
55084  1.850  16.432  71.753 0.8750000000
55020  1.187  16.082  81.784 1.0000000000
53727  1.497  15.130  82.008 1.0000000000
53728  0.656  14.848  81.808 1.0000000000
53733  0.211  14.207  81.438 1.0000000000
53747  -1.713  14.114  76.912 1.0000000000
83940  -2.127  14.442  76.380 1.0000000000
90650  -10.294  16.930  73.635 0.8750000000
55078  -22.966  16.790  72.396 1.0000000000
55065  -24.531  16.507  73.420 1.0000000000
55066  -25.423  16.382  73.372 1.0000000000
54441  0.975  15.339  70.532 0.8750000000
54442  -0.040  15.449  70.455 0.8750000000
83044  0.944  16.789  81.853 1.0000000000
55021  0.411  16.514  81.894 1.0000000000
54370  0.603  15.671  81.817 1.0000000000
53729  -0.186  15.094  81.570 1.0000000000
53753  -2.437  14.392  75.503 1.0000000000
88418  -9.661  16.408  71.850 0.8750000000
89192  -10.026  16.592  72.836 0.8750000000
55719  -12.780  17.022  73.307 0.8750000000
81972  -12.249  17.225  74.136 0.8750000000
54453  -22.366  16.018  70.939 1.0000000000
54420  -26.288  16.203  73.249 1.0000000000
54421  -27.132  15.803  73.131 1.0000000000
54422  -27.872  15.619  72.738 1.0000000000
54423  -28.393  15.385  72.428 1.0000000000
54458  0.528  14.894  69.967 0.8750000000
55075  -11.029  16.272  72.352 0.8750000000
55076  -12.356  16.350  72.597 0.8750000000
54467  -21.734  15.536  70.360 1.0000000000
53789  -28.791  14.695  72.361 0.8750000000
53803  -0.886  14.784  69.192 0.8750000000
53816  -1.316  14.380  68.464 0.8750000000
53827  -1.894  14.185  67.877 0.8750000000
83157  -9.202  16.263  70.891 0.8750000000
55092  -10.659  16.017  71.318 0.8750000000
55101  -12.190  15.719  71.254 0.8750000000
53108  -29.668  13.887  71.586 0.8750000000
53798  -30.152  14.632  71.199 0.7500000000
54449  -11.025  15.493  70.642 0.8750000000
54477  -22.614  15.590  68.983 0.8750000000
53810  -21.751  15.277  69.347 0.8750000000
53130  -30.281  13.126  70.183 0.7500000000
53119  -30.732  13.879  70.608 0.7500000000
92639  -31.279  14.089  70.181 0.8750000000
53159  -2.884  13.562  66.372 0.8750000000
53164  -3.219  13.623  65.659 0.7500000000
87450  -3.444  13.162  64.097 0.5000000000
84874  -3.466  13.166  63.410 0.6250000000
53807  -11.894  14.405  69.812 0.8750000000
95659  -12.487  14.809  70.175 0.8750000000
54487  -22.739  15.416  68.074 0.8750000000
53824  -22.016  15.140  68.427 0.8750000000
86209  -26.408  15.545  64.676 0.8750000000
93459  -27.528  15.628  64.328 0.8750000000
88006  -28.064  15.792  64.749 0.8750000000
53812  -31.511  14.696  69.838 0.7500000000
53825  -32.243  14.620  69.195 0.8750000000
85719  -3.522  13.194  62.578 0.2500000000
53820  -12.419  14.096  69.275 0.8750000000
53839  -22.722  15.004  66.434 0.8750000000
54497  -22.809  15.196  67.246 0.8750000000
53832  -22.168  14.952  67.614 0.8750000000
53131  -30.998  13.443  69.908 0.6250000000
53132  -31.668  13.827  69.587 0.7500000000
53826  -32.996  15.074  68.635 0.8750000000
53197  -3.990  13.370  60.894 0.2500000000
53141  -12.704  13.934  68.605 0.8750000000
86576  -22.288  14.808  66.922 0.8750000000
54517  -26.043  15.472  63.928 0.8750000000
84415  -26.954  15.561  64.022 0.8750000000
54524  -27.116  15.630  63.286 0.8750000000
52396  -30.431  12.842  69.442 0.6250000000
53833  -32.826  14.203  68.469 0.5000000000
53834  -33.496  14.675  68.240 0.6250000000
53840  -34.021  14.804  67.750 0.6250000000
53205  -4.383  13.525  60.111 0.2500000000
53151  -12.190  13.130  67.477 0.8750000000
53168  -22.025  14.314  65.155 0.8750000000
53831  -21.692  14.489  67.095 0.8750000000
81846  -25.823  15.456  63.159 0.8750000000
92554  -26.490  15.534  63.430 0.8750000000
52439  -31.566  12.701  67.200 0.5000000000
53162  -32.313  13.154  66.836 0.5000000000
53157  -33.213  14.008  67.552 0.6250000000
85300  -11.862  12.875  66.549 0.7500000000
54534  -26.494  15.598  62.810 0.8750000000
54535  -27.105  15.748  62.683 0.8750000000
52434  -11.431  11.907  66.298 0.7500000000
88008  -21.593  13.467  62.913 0.8750000000
52456  -21.523  13.590  63.797 0.8750000000
91613  -26.568  15.796  62.073 0.8750000000
54554  -27.007  16.299  61.604 0.8750000000
53163  -33.031  13.622  66.379 0.5000000000
51606  -11.505  11.337  64.450 0.7500000000
52455  -20.939  13.071  63.333 0.8750000000
51619  -11.978  10.860  62.982 0.8750000000
52464  -20.253  12.565  62.792 0.8750000000
50796  -12.473  10.269  62.651 0.8750000000
50797  -13.176  9.963  62.077 0.7500000000
87670  -18.743  11.675  62.058 0.7500000000
52473  -20.446  12.671  61.340 0.7500000000
49917  -14.600  9.605  61.787 0.7500000000
50798  -15.589  9.910  61.746 0.7500000000
94473  -16.595  10.858  61.136 0.7500000000
50812  -17.221  11.024  61.519 0.7500000000
51654  -19.108  12.020  60.796 0.7500000000
51420  4.118  12.177  82.713 0.8750000000
85517  3.313  12.327  82.464 0.8750000000
55042  4.165  16.972  76.335 0.8750000000
51421  3.251  11.534  82.291 0.8750000000
51432  2.476  11.507  81.189 0.8750000000
52294  1.949  12.389  81.156 0.8750000000
56922  -10.602  19.868  76.042 0.8750000000
55037  3.555  16.623  77.109 0.8750000000
52295  1.082  12.850  80.725 0.8750000000
55686  -9.369  18.165  77.577 1.0000000000
55047  4.531  17.228  75.536 0.8750000000
52299  1.353  12.180  80.226 0.8750000000
56923  -11.705  19.562  75.966 0.8750000000
88204  3.333  16.337  77.998 1.0000000000
55034  3.067  16.978  78.832 1.0000000000
53043  1.980  13.607  82.150 0.8750000000
53044  1.190  14.107  81.907 1.0000000000
53053  -0.538  13.695  78.980 0.8750000000
55693  -6.953  17.787  75.468 1.0000000000
56928  -12.132  20.241  75.061 0.8750000000
85158  -24.890  16.781  72.840 1.0000000000
55697  4.019  18.003  74.280 0.8750000000
55704  3.653  17.756  73.580 0.8750000000
55666  2.399  17.427  79.612 1.0000000000
55029  2.060  17.039  80.745 1.0000000000
79503  -6.248  17.865  76.065 1.0000000000
56301  -13.394  18.319  75.279 0.8750000000
95605  -24.409  17.062  72.303 1.0000000000
55064  -23.776  16.559  73.413 1.0000000000
55080  -25.783  16.698  72.780 1.0000000000
83501  2.203  16.849  72.328 0.8750000000
55661  1.133  17.377  81.435 1.0000000000
53057  -1.277  13.709  77.450 1.0000000000
55053  -4.016  16.159  74.928 1.0000000000
91906  -13.119  17.770  74.343 0.8750000000
55712  -12.844  17.426  75.293 0.8750000000
91306  -23.686  17.050  71.949 1.0000000000
55081  -26.635  16.559  72.681 1.0000000000
54428  1.252  15.938  71.197 0.8750000000
94900  0.369  15.789  70.949 0.8750000000
54390  -2.587  15.105  76.325 1.0000000000
54391  -3.039  15.291  75.568 1.0000000000
55104  -24.582  17.144  70.819 1.0000000000
92670  -23.746  16.946  71.106 1.0000000000
54435  -22.976  16.633  71.499 1.0000000000
55082  -27.388  16.347  72.456 1.0000000000
54436  -28.112  16.083  72.050 1.0000000000
54437  -28.842  15.443  71.997 1.0000000000
55098  -0.511  16.017  71.005 0.8750000000
53735  -0.976  14.972  81.058 1.0000000000
55077  -13.100  16.655  72.471 0.8750000000
55103  -23.938  16.576  70.230 1.0000000000
54454  -23.129  16.328  70.559 1.0000000000
54438  -29.412  15.351  71.532 1.0000000000
54457  -30.364  15.362  70.566 1.0000000000
54460  -1.377  15.463  69.571 0.8750000000
53804  -1.669  15.207  68.803 0.8750000000
53817  -2.136  14.969  68.043 0.8750000000
54469  -23.297  16.024  69.606 1.0000000000
54468  -22.477  15.785  69.958 0.8750000000
55139  -26.797  16.149  66.875 0.8750000000
54502  -27.138  15.982  66.128 0.8750000000
55130  -27.379  16.463  67.551 0.8750000000
53790  -29.381  14.649  71.886 0.8750000000
53811  -30.875  14.672  70.426 0.8750000000
53828  -2.468  14.372  67.367 0.8750000000
55102  -13.155  15.858  70.797 0.8750000000
54470  -24.097  16.282  69.335 0.8750000000
54501  -26.295  15.841  66.161 0.8750000000
54509  -26.758  15.728  65.418 0.8750000000
54503  -27.846  16.100  66.121 0.8750000000
53150  -2.053  13.705  67.526 0.8750000000
53835  -2.836  14.143  66.749 0.8750000000
53171  -3.442  13.586  64.751 0.7500000000
54451  -13.136  15.184  70.160 0.8750000000
55121  -24.882  16.465  69.062 0.8750000000
54478  -23.477  15.840  68.603 0.8750000000
54508  -25.913  15.576  65.383 0.8750000000
54510  -27.568  15.853  65.456 0.8750000000
54511  -28.378  16.060  65.658 0.8750000000
55148  -29.109  16.245  65.976 1.0000000000
54473  -31.593  15.401  69.342 0.8750000000
82942  -3.343  13.885  63.034 0.3750000000
53821  -13.181  14.547  69.018 0.8750000000
54498  -23.497  15.385  66.754 0.8750000000
79941  -25.521  15.436  64.607 0.8750000000
88783  -27.214  15.661  64.765 0.8750000000
83959  -27.832  15.676  63.850 0.8750000000
54512  -29.113  16.161  65.140 0.8750000000
55155  -29.978  16.378  65.181 1.0000000000
82091  -3.671  13.271  61.725 0.2500000000
53152  -12.696  13.916  67.769 0.8750000000
53160  -12.401  13.868  66.711 0.7500000000
94669  -23.176  15.013  65.185 0.8750000000
54525  -27.751  15.830  63.032 0.8750000000
54526  -28.519  16.027  63.431 0.8750000000
54527  -29.281  16.347  63.765 1.0000000000
54519  -29.613  16.341  64.497 1.0000000000
53871  -3.882  14.065  60.512 0.2500000000
53848  -22.775  14.643  64.569 0.8750000000
53844  -22.635  14.791  65.580 0.8750000000
89044  -27.524  16.078  62.293 0.8750000000
54536  -28.324  16.218  62.752 0.8750000000
54537  -29.137  16.476  63.098 1.0000000000
93810  -29.624  16.567  63.492 1.0000000000
52442  -11.581  12.613  65.589 0.7500000000
53854  -22.630  14.372  63.739 0.8750000000
54543  -25.656  15.693  61.589 0.7500000000
54533  -25.778  15.531  62.373 0.8750000000
54545  -28.214  16.561  62.154 0.8750000000
54546  -28.783  16.621  62.536 1.0000000000
55171  -29.401  16.906  62.626 1.0000000000
89750  -33.864  14.372  66.872 0.6250000000
52448  -11.456  12.354  64.542 0.7500000000
53186  -22.225  13.844  62.481 0.8750000000
53175  -22.071  14.131  64.228 0.8750000000
54553  -26.240  16.097  61.283 0.8750000000
55170  -28.117  17.116  61.610 0.8750000000
85992  -28.793  17.079  62.105 1.0000000000
55762  -29.422  17.570  62.306 1.0000000000
82144  -11.573  11.779  63.827 0.7500000000
51626  -11.791  11.699  63.013 0.8750000000
53185  -21.622  13.407  62.047 0.7500000000
55187  -26.185  17.106  60.411 0.7500000000
55768  -26.868  17.632  60.674 0.8750000000
55769  -27.783  17.771  61.130 0.7500000000
91788  -28.644  17.863  61.700 0.7500000000
56359  -28.701  18.577  61.763 1.0000000000
51627  -12.217  11.118  62.333 0.7500000000
85994  -20.535  12.733  62.025 0.7500000000
56390  -25.635  18.134  60.056 0.6250000000
55781  -26.158  17.779  60.266 0.6250000000
56372  -26.336  18.496  60.506 0.6250000000
57019  -27.637  19.042  61.276 0.7500000000
57002  -28.325  19.084  61.679 0.7500000000
50808  -12.779  10.623  61.821 0.7500000000
50809  -13.447  10.279  61.400 0.7500000000
52482  -19.646  12.385  60.250 0.7500000000
52484  -20.991  12.984  60.847 0.7500000000
56371  -25.475  18.772  60.282 0.6250000000
57017  -25.962  19.236  60.780 0.7500000000
57000  -26.380  19.668  61.414 0.7500000000
57001  -27.279  19.580  61.625 0.7500000000
94923  -27.832  19.335  61.619 0.7500000000
50810  -14.178  10.036  61.129 0.7500000000
50811  -15.881  10.490  61.096 0.7500000000
50828  -17.062  11.259  60.744 0.7500000000
51653  -18.377  11.785  60.510 0.7500000000
52498  -19.406  12.580  59.429 0.7500000000
57643  -25.893  20.112  61.990 0.7500000000
57644  -26.728  20.060  62.097 0.7500000000
57627  -27.105  20.435  62.772 0.7500000000
50827  -16.212  11.076  60.423 0.7500000000
51651  -16.868  11.522  59.955 0.7500000000
51672  -17.415  11.876  59.417 0.6250000000
52293  2.668  12.253  82.061 0.8750000000
52290  2.924  12.765  82.380 0.8750000000
57522  -10.255  20.819  75.059 0.7500000000
55680  3.931  17.724  75.901 0.8750000000
55675  3.440  17.482  76.770 0.8750000000
55676  2.922  18.216  77.427 1.0000000000
52291  2.275  12.963  82.112 0.8750000000
53047  1.483  13.270  81.673 0.8750000000
55685  -8.457  17.832  77.238 1.0000000000
57523  -11.139  21.395  74.554 0.7500000000
55690  3.595  18.215  75.477 0.8750000000
55038  3.110  17.215  77.748 1.0000000000
55671  2.693  17.816  78.542 1.0000000000
79225  -7.349  17.782  76.663 1.0000000000
56927  -11.133  20.434  75.235 0.7500000000
56291  3.531  18.376  74.787 0.8750000000
92211  0.640  13.520  81.247 0.8750000000
53051  -0.257  13.681  80.025 1.0000000000
55698  3.317  18.339  74.167 0.8750000000
55705  2.642  18.060  73.560 0.8750000000
55667  1.526  17.760  80.302 1.0000000000
53048  -0.025  13.712  80.861 0.8750000000
55050  -5.079  17.011  74.892 1.0000000000
55692  -5.288  17.494  75.652 1.0000000000
57539  -12.404  20.900  74.111 0.7500000000
55096  -26.012  17.057  72.141 1.0000000000
55713  1.928  17.396  72.876 0.8750000000
55714  0.822  17.379  72.862 0.8750000000
55668  0.922  18.148  81.015 1.0000000000
55662  0.402  18.018  81.692 1.0000000000
53734  -0.571  14.267  80.823 1.0000000000
53738  -0.731  14.161  79.872 1.0000000000
53742  -1.078  14.446  79.235 1.0000000000
53054  -1.074  14.082  78.304 1.0000000000
94770  -13.139  17.848  73.480 0.8750000000
56307  -13.495  18.657  74.145 0.7500000000
56934  -13.034  19.882  73.604 0.7500000000
80535  -24.446  17.212  71.640 1.0000000000
55095  -25.157  17.090  72.231 1.0000000000
83218  1.005  16.472  71.832 0.8750000000
55071  -0.465  16.880  72.119 0.8750000000
55024  0.368  17.248  82.033 1.0000000000
54371  -0.092  16.036  81.824 1.0000000000
53744  -1.535  14.486  77.761 1.0000000000
56310  -13.063  18.670  73.005 0.7500000000
79902  -25.297  17.290  71.473 1.0000000000
55097  -26.809  16.908  72.016 1.0000000000
54455  -28.810  16.150  71.328 1.0000000000
54373  -0.772  15.815  81.471 1.0000000000
82727  -1.402  14.708  78.594 1.0000000000
55105  -25.487  17.305  70.627 1.0000000000
55114  -25.786  17.098  69.662 0.8750000000
87174  -25.647  16.548  68.683 0.8750000000
94323  -26.308  16.562  68.322 0.8750000000
55122  -27.169  16.785  68.428 0.8750000000
54456  -29.656  15.709  70.892 1.0000000000
54443  -1.040  15.730  70.357 0.8750000000
55109  -1.863  16.243  69.942 0.8750000000
55724  -13.461  16.811  71.969 0.8750000000
55113  -24.800  16.787  69.960 0.8750000000
55129  -26.528  16.365  67.660 0.8750000000
91378  -28.094  16.493  67.386 0.8750000000
54471  -30.020  16.110  70.168 1.0000000000
54461  -2.133  15.907  69.165 0.8750000000
55727  -13.467  16.691  71.224 0.8750000000
54491  -25.896  16.041  66.981 0.8750000000
55140  -27.626  16.242  66.785 0.8750000000
55141  -28.586  16.323  66.689 1.0000000000
54472  -30.845  15.568  69.837 1.0000000000
54474  -2.259  15.648  68.478 0.8750000000
54483  -2.571  15.751  67.868 0.8750000000
53829  -3.009  14.944  66.751 0.8750000000
53836  -3.177  14.296  66.129 0.8750000000
55112  -13.341  15.742  69.904 0.8750000000
54479  -24.226  16.104  68.618 0.8750000000
54480  -24.775  16.092  68.123 0.8750000000
54500  -25.291  15.661  66.188 0.8750000000
55142  -29.552  16.387  66.637 1.0000000000
54482  -32.086  15.643  68.749 0.8750000000
54484  -2.914  15.784  67.148 0.8750000000
53841  -3.440  14.395  65.291 0.8750000000
53846  -3.527  14.520  64.396 0.7500000000
54476  -13.424  15.066  68.637 0.8750000000
54489  -24.155  15.739  67.394 0.8750000000
54499  -24.364  15.570  66.548 0.8750000000
55150  -30.749  16.573  65.657 1.0000000000
78893  -31.437  16.838  65.345 1.0000000000
54493  -33.678  15.346  68.178 0.8750000000
53178  -3.471  13.830  63.866 0.7500000000
53189  -3.349  13.911  62.187 0.2500000000
53837  -12.914  14.616  67.323 0.8750000000
54506  -23.857  15.376  66.040 0.8750000000
54507  -24.498  15.420  65.666 0.8750000000
92942  -25.159  15.448  65.296 0.8750000000
54520  -30.491  16.556  64.821 1.0000000000
53862  -3.188  14.562  61.813 0.2500000000
53196  -3.573  13.973  61.339 0.2500000000
54486  -12.869  15.080  67.086 0.8750000000
53842  -12.056  14.171  65.695 0.7500000000
53849  -23.611  15.043  64.537 0.8750000000
53850  -24.141  15.142  63.931 0.8750000000
54516  -25.043  15.346  63.736 0.8750000000
54528  -30.108  16.627  63.976 1.0000000000
78508  -30.741  16.957  63.734 1.0000000000
89764  -31.075  16.836  64.471 1.0000000000
78925  -32.047  17.226  65.050 1.0000000000
81919  -34.527  15.121  67.116 0.8750000000
53165  -11.609  13.419  64.973 0.7500000000
53859  -23.612  14.699  62.455 0.8750000000
53860  -24.407  15.082  62.363 0.8750000000
54523  -25.059  15.294  62.773 0.8750000000
78511  -30.524  17.206  63.229 1.0000000000
78505  -31.547  17.262  64.194 1.0000000000
78861  -34.339  14.727  66.063 0.7500000000
85905  -11.474  13.095  64.128 0.7500000000
53865  -23.430  14.554  61.560 0.8750000000
53875  -24.238  15.183  60.629 0.7500000000
54542  -24.862  15.473  61.129 0.7500000000
92862  -26.035  16.478  60.714 0.7500000000
79218  -30.074  17.290  62.755 1.0000000000
84098  -30.156  17.961  62.588 1.0000000000
79346  -30.779  18.243  62.967 1.0000000000
79177  -31.769  17.768  64.015 1.0000000000
78605  -34.686  15.465  64.434 0.7500000000
52461  -11.747  12.675  62.736 0.7500000000
84586  -22.573  14.025  60.189 0.7500000000
53192  -22.239  13.768  61.575 0.7500000000
81173  -25.058  17.004  59.686 0.7500000000
81567  -25.024  17.776  59.719 0.6250000000
55186  -25.578  16.681  60.227 0.7500000000
57003  -29.097  19.025  62.058 1.0000000000
57004  -29.767  19.018  62.384 1.0000000000
56361  -30.385  18.699  62.688 1.0000000000
52471  -12.333  12.269  61.359 0.8750000000
53209  -21.370  13.503  59.590 0.7500000000
85634  -21.606  13.354  61.197 0.7500000000
57015  -24.265  19.402  60.498 0.6250000000
57645  -28.053  19.693  62.071 0.7500000000
56983  -28.762  19.453  62.156 0.7500000000
56984  -29.529  19.587  62.498 0.7500000000
51635  -12.520  11.419  61.560 0.7500000000
51636  -13.087  10.925  61.073 0.7500000000
53208  -20.672  13.299  59.296 0.7500000000
56997  -23.776  19.821  61.097 0.5000000000
56998  -24.649  19.801  61.175 0.6250000000
56999  -25.512  19.742  61.275 0.7500000000
92822  -27.427  20.042  62.236 0.7500000000
57628  -28.799  20.063  62.563 0.7500000000
50842  -14.006  10.999  60.007 0.6250000000
50825  -14.466  10.511  60.495 0.7500000000
50844  -15.551  11.232  59.789 0.7500000000
52497  -18.611  12.378  59.141 0.7500000000
57642  -25.028  20.152  61.905 0.7500000000
57626  -26.274  20.447  62.743 0.7500000000
57607  -26.694  20.848  63.488 0.7500000000
57608  -27.540  20.834  63.438 0.7500000000
83210  -27.982  20.406  62.777 0.7500000000
81061  -14.287  11.477  59.338 0.6250000000
51685  -14.626  11.830  58.819 0.6250000000
51670  -15.840  11.681  59.176 0.6250000000
51671  -16.631  11.831  59.243 0.6250000000
52514  -19.068  12.908  58.719 0.7500000000
57605  -24.931  20.835  63.436 0.6250000000
57606  -25.829  20.843  63.484 0.7500000000
58286  -26.308  21.318  64.218 0.6250000000
56290  -10.009  18.634  77.648 1.0000000000
57517  -9.730  20.372  75.629 0.8750000000
85654  -10.424  22.167  74.060 0.7500000000
55681  3.227  18.190  76.284 0.8750000000
56280  2.429  18.687  78.333 1.0000000000
56292  2.934  18.686  75.619 1.0000000000
56285  2.701  18.833  76.729 1.0000000000
55672  2.012  18.226  79.296 1.0000000000
57537  -10.465  22.539  73.489 0.7500000000
56296  2.893  18.686  74.738 1.0000000000
57538  -11.417  21.874  73.636 0.7500000000
56302  2.681  18.534  74.247 0.8750000000
55706  1.380  17.955  73.467 0.8750000000
56267  1.108  18.537  80.019 1.0000000000
56933  -12.308  21.055  73.060 0.7500000000
55707  0.244  17.997  73.353 1.0000000000
55715  -0.247  17.452  72.682 0.8750000000
55048  -3.668  16.125  75.696 1.0000000000
91792  -26.167  17.292  71.389 1.0000000000
94393  -26.891  17.178  71.354 1.0000000000
79729  -27.437  17.203  70.818 1.0000000000
55070  0.414  16.840  72.278 0.8750000000
55721  -1.285  17.156  71.954 0.8750000000
55664  -1.165  17.671  82.219 1.0000000000
55025  -1.616  16.998  81.832 1.0000000000
53745  -2.087  15.008  77.212 1.0000000000
55720  -13.365  17.476  72.567 0.7500000000
56936  -12.618  19.753  72.402 0.7500000000
80094  -27.478  16.767  71.748 1.0000000000
55107  -28.064  16.688  71.398 1.0000000000
55087  -1.585  16.652  70.962 0.8750000000
54376  -1.543  15.525  80.748 1.0000000000
54379  -1.687  15.135  79.456 1.0000000000
54383  -1.809  15.226  78.313 1.0000000000
56314  -13.561  17.548  71.532 0.7500000000
79727  -26.513  16.956  69.041 0.8750000000
79726  -27.283  17.200  69.251 0.8750000000
55108  -29.216  16.538  70.438 1.0000000000
55099  -2.278  17.041  70.130 0.8750000000
55110  -2.390  16.700  69.390 0.8750000000
55726  -13.361  17.506  70.588 0.7500000000
79573  -28.090  16.847  68.141 0.8750000000
55131  -28.806  16.705  67.741 0.8750000000
55132  -29.668  16.758  68.065 1.0000000000
55117  -30.271  16.278  69.444 1.0000000000
79693  -29.340  16.540  67.302 1.0000000000
54481  -31.016  16.162  68.896 0.8750000000
55118  -2.537  16.435  68.510 0.8750000000
55119  -12.917  16.159  68.580 0.8750000000
91930  -30.262  16.500  66.726 1.0000000000
54492  -32.818  15.983  68.214 0.8750000000
83171  -3.369  15.093  65.852 1.0000000000
54504  -3.555  15.221  64.968 1.0000000000
55127  -13.162  15.560  68.225 0.8750000000
55143  -30.890  16.639  66.520 1.0000000000
55135  -33.611  16.077  67.950 0.8750000000
53852  -3.392  14.608  63.515 0.5000000000
53856  -3.230  14.600  62.663 0.3750000000
54485  -12.770  15.544  67.392 0.8750000000
55151  -31.818  16.920  66.428 1.0000000000
81564  -34.885  15.974  67.278 0.8750000000
53870  -3.325  14.575  60.936 0.2500000000
53843  -12.554  14.794  66.336 0.7500000000
53885  -23.782  14.940  60.000 0.6250000000
89728  -35.422  17.181  66.842 1.0000000000
78888  -35.808  16.845  65.968 1.0000000000
54505  -12.108  14.832  65.467 0.7500000000
54561  -23.858  15.413  59.379 0.6250000000
78960  -32.377  17.763  64.758 1.0000000000
79044  -32.332  18.295  64.406 1.0000000000
78506  -35.114  15.482  65.664 0.8750000000
89496  -35.472  16.063  65.085 0.8750000000
53847  -11.766  14.420  64.714 0.7500000000
81979  -23.160  14.423  60.080 0.7500000000
53886  -24.237  15.388  59.970 0.6250000000
55796  -23.542  17.301  58.848 0.6250000000
78512  -31.459  18.141  63.520 1.0000000000
78660  -35.209  16.259  63.287 0.8750000000
78734  -35.880  17.021  63.343 0.8750000000
85380  -11.572  14.289  63.758 0.7500000000
53179  -11.549  13.434  63.388 0.7500000000
53897  -23.262  14.834  59.312 0.6250000000
53873  -22.880  14.179  60.988 0.7500000000
55185  -24.494  16.543  59.369 0.7500000000
57031  -23.884  18.983  59.867 0.6250000000
56986  -31.008  19.709  63.213 1.0000000000
78865  -35.147  16.506  62.322 1.0000000000
53896  -22.643  14.842  58.794 0.6250000000
53884  -22.503  14.280  59.403 0.6250000000
57630  -30.302  19.980  62.943 0.8750000000
78507  -34.494  15.863  62.385 0.5000000000
89746  -34.372  16.189  61.698 0.7500000000
89572  -34.743  16.794  61.362 0.8750000000
53191  -12.217  13.011  61.214 0.6250000000
51649  -12.847  11.713  60.733 0.7500000000
53221  -21.201  13.819  58.924 0.7500000000
57641  -24.153  20.193  61.809 0.5000000000
57629  -29.598  20.327  62.983 0.7500000000
55773  -34.622  17.402  60.674 0.8750000000
93826  -13.232  11.658  60.194 0.6250000000
53234  -20.035  14.243  58.178 0.7500000000
57624  -24.529  20.487  62.597 0.5000000000
93808  -28.118  20.801  63.397 0.7500000000
57609  -28.813  20.725  63.379 0.7500000000
57610  -29.798  20.865  63.769 0.7500000000
56375  -34.671  18.013  60.018 0.8750000000
51668  -13.618  11.651  59.644 0.6250000000
51669  -15.046  11.509  59.226 0.6250000000
51687  -16.226  12.135  58.659 0.6250000000
53232  -17.910  13.390  57.895 0.6250000000
53218  -18.702  13.441  58.197 0.7500000000
58285  -25.403  21.278  64.209 0.6250000000
58287  -27.208  21.334  64.197 0.7500000000
58288  -28.179  21.254  64.127 0.7500000000
58271  -27.768  21.792  65.047 0.7500000000
56392  -34.169  18.084  59.354 0.8750000000
52510  -14.639  12.296  58.340 0.6250000000
51686  -15.354  12.020  58.622 0.6250000000
52512  -16.494  12.621  58.191 0.6250000000
52527  -17.264  12.907  58.063 0.6250000000
58269  -25.937  21.704  65.031 0.5000000000
58270  -26.856  21.786  65.048 0.7500000000
56409  -34.523  18.509  58.922 0.8750000000
87460  -34.814  19.413  57.565 0.6250000000
57677  -35.960  20.386  57.653 1.0000000000
57674  -36.576  20.951  58.340 1.0000000000
57678  -36.616  21.014  57.307 1.0000000000
58345  -37.333  21.575  57.978 0.8750000000
57051  -34.640  19.629  56.555 0.8750000000
57682  -36.028  20.432  56.704 0.8750000000
58360  -37.414  21.396  57.094 0.7500000000
57683  -36.784  20.833  56.433 0.7500000000
57058  -34.624  19.634  55.576 0.6250000000
57059  -35.373  20.010  56.103 0.7500000000
57684  -37.627  21.092  56.343 0.7500000000
58361  -38.309  21.643  57.075 0.8750000000
58373  -38.646  21.233  56.433 0.6250000000
57691  -36.152  20.348  55.782 0.7500000000
57692  -37.005  20.546  55.660 0.6250000000
57711  -37.360  20.136  55.015 0.6250000000
57693  -37.977  20.661  55.674 0.6250000000
57712  -38.439  20.071  55.167 0.6250000000
57694  -39.111  20.667  55.862 0.6250000000
56439  -38.375  18.634  54.632 0.5000000000
57713  -39.622  19.963  55.413 0.6250000000
56914  -9.459  19.302  77.714 0.8750000000
56921  -9.713  19.873  76.615 0.8750000000
56288  -8.723  18.497  77.971 1.0000000000
56289  -9.341  18.775  77.969 1.0000000000
57530  -9.828  21.597  74.439 0.6250000000
56911  2.110  20.123  76.852 1.0000000000
56907  2.399  19.540  77.254 1.0000000000
56281  2.221  19.469  78.147 1.0000000000
56901  1.393  19.897  78.746 1.0000000000
56286  2.375  19.354  76.295 1.0000000000
56273  1.682  19.077  79.038 1.0000000000
56293  2.299  19.042  75.459 1.0000000000
56274  0.796  19.549  79.875 1.0000000000
55691  -4.755  17.359  76.195 1.0000000000
57545  -11.325  21.854  72.727 0.7500000000
56298  1.182  18.840  74.667 1.0000000000
56304  0.781  18.490  73.959 0.8750000000
55049  -4.478  16.774  75.444 1.0000000000
56935  -11.774  20.622  71.863 0.7500000000
56299  0.353  18.964  74.452 1.0000000000
56305  -0.310  18.829  73.789 1.0000000000
56268  0.449  18.926  81.174 1.0000000000
56264  -0.374  18.471  82.090 1.0000000000
56940  -12.443  19.533  71.274 0.7500000000
56306  -1.062  19.057  73.177 1.0000000000
56308  -0.677  18.270  73.042 1.0000000000
95633  -0.790  17.297  72.337 0.8750000000
56317  -13.052  18.513  70.872 0.7500000000
56313  -13.200  18.613  71.904 0.7500000000
55106  -26.434  17.406  70.609 1.0000000000
79728  -28.360  16.914  70.642 1.0000000000
55716  -1.068  17.769  72.504 0.8750000000
55030  -1.902  16.402  80.955 1.0000000000
54380  -2.295  15.770  79.035 1.0000000000
54384  -2.357  15.840  77.978 1.0000000000
54387  -2.642  15.819  77.035 1.0000000000
55115  -26.869  17.408  69.839 1.0000000000
79725  -28.026  17.169  69.030 0.8750000000
79724  -28.701  17.095  69.734 1.0000000000
55725  -2.304  17.597  70.793 0.8750000000
55729  -12.719  17.433  69.632 0.7500000000
79723  -28.999  16.984  68.746 1.0000000000
87338  -29.559  16.702  69.575 1.0000000000
56318  -2.602  18.536  69.758 1.0000000000
55728  -2.509  17.818  70.011 0.8750000000
95503  -2.512  17.359  69.547 0.8750000000
94418  -12.448  17.210  69.019 0.7500000000
79721  -30.059  16.567  67.360 1.0000000000
79722  -29.983  16.605  68.787 1.0000000000
57551  -2.220  19.865  69.850 1.0000000000
56941  -2.523  19.211  69.376 1.0000000000
87004  -2.603  18.555  69.049 0.8750000000
55123  -2.794  16.507  67.621 0.8750000000
55733  -12.183  16.951  68.396 0.7500000000
79584  -30.876  16.678  67.337 1.0000000000
55134  -31.659  16.412  68.084 0.8750000000
57555  -2.299  19.932  68.927 1.0000000000
56944  -2.589  19.068  68.408 1.0000000000
55734  -2.743  17.248  68.086 0.8750000000
55124  -3.113  16.555  66.848 0.8750000000
81416  -3.466  15.914  65.502 1.0000000000
55126  -12.477  16.231  67.807 0.8750000000
55144  -31.740  16.747  67.292 1.0000000000
93709  -32.281  16.493  67.788 1.0000000000
78884  -33.968  16.600  67.544 1.0000000000
89286  -1.691  20.556  68.484 1.0000000000
57561  -2.194  19.880  67.964 1.0000000000
88029  -2.854  17.813  67.736 0.8750000000
55737  -3.136  17.342  66.582 1.0000000000
55145  -3.401  16.760  65.091 1.0000000000
54513  -3.488  15.451  64.034 1.0000000000
54521  -3.229  15.311  63.092 0.5000000000
54530  -2.996  15.216  62.280 0.3750000000
55138  -12.036  16.169  66.938 0.8750000000
78908  -32.787  16.650  67.509 1.0000000000
78504  -32.936  17.061  66.925 1.0000000000
78685  -33.715  17.337  66.928 1.0000000000
89437  -34.877  16.938  67.306 1.0000000000
56948  -2.522  19.223  67.418 1.0000000000
56327  -2.719  18.616  66.902 1.0000000000
55740  -3.216  17.465  65.794 1.0000000000
83676  -3.529  15.954  64.747 1.0000000000
55157  -3.213  16.100  63.383 0.7500000000
55162  -2.856  15.901  62.623 0.5000000000
54540  -2.825  15.076  61.457 0.3750000000
55147  -11.795  16.154  65.950 0.8750000000
88889  -12.132  15.374  65.711 0.8750000000
78503  -32.484  17.272  66.057 1.0000000000
89721  -34.621  17.762  67.043 1.0000000000
78631  -35.558  17.837  66.648 1.0000000000
78502  -36.099  17.714  65.729 1.0000000000
57560  -1.545  20.425  67.559 1.0000000000
56947  -2.091  19.867  67.035 1.0000000000
56953  -2.423  19.213  66.593 1.0000000000
56332  -2.820  18.235  65.573 1.0000000000
55744  -3.151  17.272  64.353 0.8750000000
55748  -3.036  16.944  63.516 0.8750000000
54529  -2.482  15.690  61.902 0.3750000000
85295  -11.851  15.314  64.836 0.7500000000
54571  -23.939  16.089  59.029 0.6250000000
79085  -33.203  17.832  66.033 1.0000000000
78509  -33.227  18.455  65.598 1.0000000000
89670  -34.416  19.119  66.327 1.0000000000
89545  -35.567  18.759  66.508 1.0000000000
89436  -35.704  19.131  66.204 1.0000000000
78889  -36.155  17.522  64.600 1.0000000000
56958  -2.334  19.016  65.799 0.8750000000
53853  -11.730  15.009  64.009 0.7500000000
54570  -23.172  15.580  58.716 0.6250000000
55195  -23.341  16.543  58.635 0.6250000000
56406  -23.064  17.937  58.888 0.6250000000
56388  -23.459  18.451  59.390 0.5000000000
79175  -32.157  18.813  63.999 1.0000000000
56345  -32.824  19.498  64.872 1.0000000000
89648  -34.102  19.737  66.048 1.0000000000
56952  -1.820  19.600  66.218 0.8750000000
82651  -22.518  16.290  58.272 0.6250000000
55794  -21.830  17.525  58.340 0.5000000000
57029  -22.147  18.970  59.757 0.5000000000
57030  -23.012  19.009  59.789 0.5000000000
56973  -31.679  20.117  63.988 1.0000000000
55756  -36.156  17.648  62.961 1.0000000000
89497  -35.664  17.140  62.197 1.0000000000
53184  -11.704  13.520  62.452 0.6250000000
91258  -22.146  15.397  58.297 0.6250000000
56404  -21.265  17.996  58.527 0.6250000000
57013  -22.516  19.412  60.368 0.5000000000
56996  -22.892  19.805  61.034 0.5000000000
57622  -22.796  20.432  62.329 0.3750000000
95691  -30.249  20.480  63.384 0.8750000000
57611  -30.652  20.913  64.100 0.8750000000
55764  -35.959  17.667  62.092 1.0000000000
52470  -11.979  12.878  61.908 0.5000000000
54586  -20.850  15.635  57.755 0.6250000000
55811  -20.905  16.917  57.849 0.6250000000
57640  -23.278  20.183  61.717 0.5000000000
81290  -23.111  20.710  63.093 0.5000000000
58290  -30.234  21.431  64.794 0.7500000000
55763  -35.366  17.500  61.440 0.8750000000
53199  -12.314  13.520  60.555 0.5000000000
52481  -12.573  12.594  60.629 0.5000000000
53910  -19.615  14.869  57.752 0.6250000000
55209  -19.554  16.313  57.667 0.6250000000
57623  -23.645  20.485  62.462 0.5000000000
58284  -24.390  21.246  64.223 0.3750000000
58272  -28.710  21.846  65.257 0.7500000000
58289  -29.234  21.305  64.446 0.7500000000
94291  -35.072  18.291  60.284 0.8750000000
51667  -13.049  12.135  60.020 0.6250000000
92653  -13.987  12.019  58.755 0.6250000000
84583  -14.054  12.613  58.208 0.6250000000
53231  -17.184  13.527  57.684 0.6250000000
84191  -18.390  14.018  57.741 0.7500000000
58268  -25.050  21.644  64.988 0.5000000000
56393  -35.141  18.644  59.620 1.0000000000
57033  -35.750  19.582  59.120 1.0000000000
52524  -14.728  12.952  57.785 0.6250000000
52525  -15.808  12.956  57.833 0.6250000000
58260  -25.527  22.070  65.834 0.5000000000
89062  -25.867  22.451  66.750 0.3750000000
58912  -26.593  22.943  67.345 0.6250000000
58913  -27.443  22.915  66.972 0.6250000000
57041  -35.041  19.043  58.534 1.0000000000
58895  -26.532  23.750  68.366 0.5000000000
57673  -35.994  20.190  58.464 1.0000000000
58333  -37.317  21.639  58.917 0.8750000000
58334  -38.050  22.358  58.786 0.8750000000
59001  -38.145  21.987  57.820 0.8750000000
58346  -38.930  22.195  57.702 0.7500000000
58362  -39.421  21.908  57.192 0.7500000000
58374  -39.771  21.289  56.539 0.6250000000
59032  -33.137  22.532  54.441 0.3750000000
57060  -40.803  19.786  55.823 0.6250000000
57069  -40.098  18.896  55.275 0.7500000000
56910  -8.117  19.391  78.589 1.0000000000
56913  -8.504  19.657  77.970 1.0000000000
56279  -7.546  19.237  78.850 1.0000000000
56284  -8.826  19.111  78.336 1.0000000000
57536  -9.425  21.763  74.041 0.6250000000
56908  1.969  20.184  77.846 1.0000000000
56282  -7.076  18.435  78.357 1.0000000000
56287  -7.792  18.118  77.784 1.0000000000
57495  1.180  20.803  78.560 1.0000000000
55679  -6.185  17.909  77.747 1.0000000000
55683  -5.573  17.687  76.796 1.0000000000
55684  -6.726  17.831  77.306 1.0000000000
57544  -10.541  22.538  72.857 0.6250000000
56917  1.939  19.803  75.974 1.0000000000
85303  0.607  20.948  79.449 1.0000000000
88170  0.828  20.320  79.350 1.0000000000
55045  -4.116  16.882  76.337 1.0000000000
56918  1.097  19.961  75.632 1.0000000000
57549  -10.932  21.320  71.505 0.6250000000
56925  0.621  19.373  75.081 1.0000000000
56926  -0.284  19.619  74.637 1.0000000000
56896  0.073  19.722  80.870 1.0000000000
56269  -0.569  19.346  81.738 1.0000000000
55044  -3.539  16.455  76.503 1.0000000000
56939  -11.466  20.211  70.732 0.7500000000
56929  -1.011  19.647  73.805 1.0000000000
56265  -1.466  18.578  82.129 1.0000000000
55026  -2.303  17.093  81.174 1.0000000000
93148  -2.454  16.507  80.458 1.0000000000
54388  -3.097  15.849  76.324 1.0000000000
56316  -12.042  19.212  70.267 0.7500000000
57532  -1.402  20.360  72.512 1.0000000000
56932  -1.521  19.488  72.446 1.0000000000
56309  -1.353  18.686  72.569 1.0000000000
55031  -2.748  16.333  79.709 1.0000000000
94554  -12.087  18.073  69.433 0.7500000000
57541  -1.321  20.755  71.665 1.0000000000
56311  -1.907  19.034  71.872 1.0000000000
55722  -1.740  18.034  72.046 1.0000000000
55732  -11.758  17.788  68.868 0.7500000000
57540  -1.074  20.917  70.840 1.0000000000
56937  -2.137  19.797  70.709 1.0000000000
55723  -2.235  18.293  71.345 1.0000000000
57546  -1.006  21.023  69.949 1.0000000000
85760  -1.626  20.424  70.340 1.0000000000
56938  -2.513  19.190  70.248 1.0000000000
55125  -11.578  16.873  67.447 0.7500000000
58221  -0.271  21.453  69.554 1.0000000000
57550  -1.682  20.533  69.441 1.0000000000
58228  -0.182  21.412  68.617 1.0000000000
58222  -1.071  21.180  68.996 1.0000000000
55146  -11.222  16.875  65.719 0.8750000000
91759  -11.814  15.869  65.227 0.7500000000
57554  -0.923  20.998  68.084 1.0000000000
55743  -2.680  17.952  64.684 0.8750000000
55747  -2.381  17.701  63.776 0.8750000000
92736  -2.775  16.543  62.907 0.7500000000
55161  -2.104  16.458  62.278 0.5000000000
54539  -2.204  15.468  61.150 0.3750000000
54514  -11.653  15.641  64.101 0.7500000000
79632  -34.876  20.328  66.224 1.0000000000
78833  -36.126  18.486  65.380 1.0000000000
57559  -0.656  20.665  67.226 0.8750000000
80176  -2.186  18.627  65.029 0.8750000000
80157  -20.388  20.396  64.975 0.3750000000
57581  -20.223  20.501  66.075 0.3750000000
56974  -32.591  20.078  64.708 1.0000000000
56975  -33.666  20.238  65.701 1.0000000000
56965  -35.765  19.455  65.613 1.0000000000
56346  -36.312  18.615  64.043 1.0000000000
57569  -1.309  20.184  66.702 0.8750000000
93984  -11.603  14.801  63.299 0.7500000000
86860  -11.627  14.196  62.217 0.6250000000
57028  -21.309  18.904  59.766 0.3750000000
57638  -21.489  19.992  61.828 0.3750000000
80748  -21.025  20.458  64.122 0.3750000000
92707  -21.293  20.633  64.845 0.3750000000
57612  -31.515  20.856  64.401 1.0000000000
57613  -32.383  20.750  64.820 1.0000000000
57592  -33.027  21.414  65.350 1.0000000000
53863  -11.652  14.627  61.635 0.5000000000
56403  -20.303  18.045  58.642 0.6250000000
93067  -22.088  20.347  62.246 0.3750000000
57603  -22.530  20.791  63.733 0.3750000000
58291  -31.287  21.661  65.077 0.8750000000
58292  -32.182  21.508  65.053 1.0000000000
56352  -36.239  18.301  62.606 1.0000000000
56362  -35.852  18.236  61.545 1.0000000000
53198  -11.948  14.359  60.826 0.5000000000
55792  -19.715  17.510  58.266 0.6250000000
56402  -19.397  17.982  58.866 0.6250000000
58266  -22.799  21.171  64.734 0.3750000000
58258  -23.496  21.627  65.496 0.3750000000
58273  -29.732  22.107  65.495 0.7500000000
58274  -30.731  22.362  65.684 0.7500000000
57020  -36.089  19.129  61.181 1.0000000000
80060  -12.822  12.958  59.845 0.5000000000
52508  -13.041  13.294  59.009 0.5000000000
54584  -19.129  15.558  57.557 0.6250000000
55809  -19.161  16.949  57.917 0.6250000000
55791  -18.707  17.486  58.495 0.6250000000
58283  -23.422  21.039  63.951 0.3750000000
83932  -30.328  23.213  66.270 0.7500000000
56377  -35.513  18.569  60.628 1.0000000000
57034  -35.893  19.299  60.212 1.0000000000
52495  -13.395  12.464  59.157 0.5000000000
52509  -13.578  12.958  58.468 0.5000000000
53228  -14.497  13.804  57.564 0.6250000000
53907  -17.107  14.397  57.487 0.6250000000
54583  -18.267  15.371  57.544 0.6250000000
55208  -18.530  16.252  57.706 0.6250000000
58259  -24.798  21.955  65.719 0.3750000000
58911  -24.993  22.324  66.736 0.3750000000
58920  -28.315  23.021  66.704 0.7500000000
58914  -28.983  24.182  67.159 0.7500000000
57664  -36.375  20.122  59.982 1.0000000000
53229  -15.385  13.707  57.524 0.6250000000
53230  -16.359  13.677  57.574 0.6250000000
54582  -16.824  15.338  57.568 0.6250000000
58903  -25.639  23.094  67.818 0.3750000000
58904  -27.367  23.781  67.944 0.6250000000
58905  -28.183  23.994  67.514 0.6250000000
59540  -28.374  25.222  67.178 0.7500000000
57665  -36.787  20.945  59.893 1.0000000000
82424  -36.898  21.072  59.190 1.0000000000
58322  -37.192  21.697  59.722 0.8750000000
59519  -26.239  24.493  68.973 0.3750000000
60204  -26.882  25.467  67.705 0.6250000000
58323  -37.634  22.285  59.479 0.8750000000
59002  -39.051  22.790  58.430 0.7500000000
60325  -33.809  24.646  56.838 0.3750000000
59012  -39.407  22.595  57.720 0.7500000000
60333  -33.961  24.440  56.017 0.3750000000
59681  -33.348  23.840  55.467 0.3750000000
59682  -34.119  24.226  55.227 0.3750000000
58363  -40.239  21.851  56.850 0.7500000000
58375  -40.834  21.675  56.349 0.7500000000
60343  -34.867  24.747  54.964 0.3750000000
82512  -40.512  21.264  56.439 0.7500000000
59024  -33.555  23.546  54.737 0.3750000000
59690  -34.367  23.917  54.479 0.3750000000
57695  -40.257  20.643  56.080 0.6250000000
57696  -41.103  20.657  56.101 0.6250000000
57697  -41.655  20.404  55.732 0.6250000000
59033  -33.959  23.032  54.068 0.3750000000
59698  -34.723  23.499  53.749 0.3750000000
57714  -41.476  19.803  55.681 0.6250000000
85313  -41.209  18.889  55.491 0.7500000000
56442  -41.640  18.098  55.072 0.7500000000
57070  -41.776  19.121  55.242 0.7500000000
59043  -34.441  22.547  53.412 0.2500000000
89006  -6.026  21.110  76.178 0.8750000000
57509  -6.103  20.863  77.097 0.8750000000
87270  -6.716  20.665  76.395 0.8750000000
57510  -6.895  20.409  77.590 0.8750000000
80212  -7.707  20.250  76.934 0.8750000000
57511  -7.686  19.945  78.220 1.0000000000
56920  -8.761  19.997  76.862 0.8750000000
57516  -8.928  20.402  75.745 0.8750000000
58188  -5.409  21.327  76.634 0.8750000000
58185  -5.460  21.215  77.746 0.8750000000
57506  -6.306  20.810  78.278 0.8750000000
57507  -6.983  20.168  78.592 1.0000000000
56909  -7.503  19.649  78.720 1.0000000000
86081  -8.149  20.415  75.920 0.8750000000
80495  -9.233  20.710  74.848 0.7500000000
57503  1.590  20.848  77.407 1.0000000000
57502  -6.441  20.437  79.099 1.0000000000
56906  -7.003  19.781  79.071 1.0000000000
56278  -6.750  19.209  79.005 1.0000000000
57529  -8.756  20.869  73.930 0.6250000000
56905  -6.429  19.868  79.535 1.0000000000
56277  -5.894  19.041  79.260 1.0000000000
55678  -6.038  18.380  78.430 1.0000000000
81055  -5.402  17.689  77.760 1.0000000000
57548  -10.471  21.764  71.292 0.6250000000
57508  1.161  21.340  76.711 1.0000000000
95613  0.990  22.165  78.686 1.0000000000
93723  -4.502  17.803  78.977 1.0000000000
55677  -4.677  17.412  77.857 1.0000000000
55682  -4.649  17.421  76.996 1.0000000000
58223  -9.859  21.976  69.670 0.6250000000
58230  -9.394  21.975  68.561 0.6250000000
57512  0.667  20.729  75.746 1.0000000000
57497  0.104  21.421  79.972 1.0000000000
56902  0.218  20.469  80.270 1.0000000000
55673  -4.038  17.599  79.412 1.0000000000
81130  -4.310  17.367  78.458 1.0000000000
55040  -3.809  16.966  77.358 1.0000000000
57552  -10.177  21.256  69.798 0.6250000000
83858  -9.672  21.375  68.976 0.6250000000
57556  -9.231  21.099  68.290 0.6250000000
57513  -0.187  20.499  75.104 1.0000000000
56903  -0.816  20.929  80.675 1.0000000000
56897  -0.756  20.122  81.198 1.0000000000
55036  -3.628  16.844  78.519 1.0000000000
55043  -3.150  16.363  76.938 1.0000000000
57553  -10.703  20.739  70.287 0.6250000000
57557  -9.713  20.670  68.772 0.6250000000
92047  -8.964  21.562  67.809 0.6250000000
57518  -0.834  20.446  74.320 1.0000000000
56270  -1.706  19.429  81.730 1.0000000000
56266  -2.497  18.565  81.802 1.0000000000
88370  -2.901  17.025  80.427 1.0000000000
55032  -3.389  16.860  79.550 1.0000000000
55039  -3.027  16.404  77.708 1.0000000000
56319  -11.446  18.683  69.362 0.6250000000
56943  -11.034  19.726  69.756 0.7500000000
56945  -9.845  19.848  68.442 0.6250000000
57563  -9.297  20.337  67.992 0.6250000000
57562  -8.872  20.866  67.528 0.6250000000
58193  -0.797  21.342  73.715 1.0000000000
56930  -1.309  19.701  73.026 1.0000000000
55035  -2.912  16.326  78.736 1.0000000000
56950  -9.505  19.575  67.645 0.6250000000
56949  -9.011  20.106  67.202 0.6250000000
58196  -0.586  21.739  72.593 1.0000000000
58201  0.123  22.190  71.788 1.0000000000
56323  -10.722  18.458  68.362 0.7500000000
56955  -9.232  19.368  66.853 0.6250000000
57570  -8.698  20.685  66.726 0.6250000000
58202  -0.579  21.472  71.456 1.0000000000
81284  -11.174  17.634  67.933 0.7500000000
90931  -10.421  18.187  67.521 0.7500000000
58209  0.364  21.998  70.813 1.0000000000
55738  -10.107  18.128  66.714 0.7500000000
56330  -9.525  18.720  66.442 0.6250000000
55137  -11.313  16.854  66.525 0.7500000000
55739  -10.595  17.522  66.037 0.8750000000
59501  -17.018  23.745  69.707 0.3750000000
60182  -17.284  24.319  69.920 0.3750000000
58220  0.695  21.788  69.206 1.0000000000
55742  -10.801  17.246  65.037 0.8750000000
58247  -18.401  21.234  68.014 0.3750000000
58883  -17.381  22.760  69.919 0.3750000000
59490  -17.453  23.564  70.414 0.3750000000
57572  -18.428  20.665  66.877 0.3750000000
57564  -18.873  20.707  67.538 0.3750000000
81592  -18.513  21.455  69.495 0.3750000000
92755  -18.490  21.563  70.553 0.3750000000
58877  -17.835  22.693  70.987 0.3750000000
55156  -2.275  17.161  62.939 0.8750000000
55167  -1.664  15.991  61.504 0.5000000000
55154  -11.630  16.075  64.562 0.7500000000
55164  -11.316  16.212  62.889 0.7500000000
84315  -18.934  20.117  65.041 0.3750000000
57580  -19.455  20.255  65.575 0.3750000000
88203  -19.028  20.954  68.553 0.3750000000
58232  -19.308  21.182  69.934 0.3750000000
58224  -19.005  21.676  71.124 0.3750000000
56336  -1.388  18.701  64.571 0.8750000000
56337  -2.024  18.270  64.354 0.8750000000
79936  -1.547  17.642  63.164 0.8750000000
55753  -1.046  17.121  62.468 0.7500000000
55160  -1.107  16.512  61.806 0.7500000000
54538  -1.315  15.677  60.811 0.5000000000
54522  -11.561  15.514  63.304 0.7500000000
57601  -20.031  20.087  63.973 0.3750000000
57589  -19.541  20.135  64.746 0.3750000000
58248  -20.922  21.157  67.534 0.3750000000
58233  -20.540  21.282  69.716 0.3750000000
78510  -34.150  20.744  65.944 1.0000000000
57594  -34.641  20.838  65.623 1.0000000000
57615  -35.492  20.277  65.158 1.0000000000
56331  -1.458  19.238  65.328 0.8750000000
56342  -1.250  18.218  63.770 0.8750000000
53857  -11.550  14.922  62.530 0.6250000000
54541  -11.457  15.414  61.789 0.6250000000
54550  -11.645  15.226  60.899 0.5000000000
56994  -20.667  19.692  61.816 0.3750000000
57620  -20.769  19.953  62.477 0.3750000000
58265  -21.955  20.943  65.257 0.3750000000
58249  -21.744  21.447  67.217 0.3750000000
58242  -21.724  21.540  68.372 0.3750000000
57593  -33.858  21.258  65.688 1.0000000000
58278  -34.336  21.545  65.019 1.0000000000
56988  -36.306  19.227  63.245 1.0000000000
86883  -36.198  19.796  62.668 1.0000000000
56951  -0.908  19.805  65.921 0.8750000000
57011  -20.228  19.140  60.640 0.3750000000
56369  -19.615  18.696  60.178 0.6250000000
58257  -22.671  21.448  65.844 0.3750000000
58250  -22.551  21.698  66.929 0.3750000000
58275  -32.134  22.344  65.519 0.8750000000
58276  -32.846  22.145  65.391 0.8750000000
57005  -36.265  19.027  62.126 1.0000000000
53872  -12.240  14.213  60.102 0.5000000000
53216  -12.798  13.973  58.905 0.5000000000
56384  -19.949  18.429  59.362 0.6250000000
56383  -19.046  18.281  59.653 0.6250000000
58922  -31.269  23.554  66.204 0.8750000000
58923  -32.074  23.317  65.852 0.8750000000
57647  -36.318  20.763  61.404 1.0000000000
57656  -36.568  20.857  60.684 0.8750000000
53207  -12.588  13.752  59.605 0.5000000000
53217  -13.351  13.805  58.338 0.5000000000
90977  -13.416  14.541  58.088 0.5000000000
58910  -24.190  22.022  66.102 0.3750000000
58915  -30.080  23.978  66.728 0.8750000000
90983  -30.626  24.113  66.444 0.8750000000
52523  -13.944  13.294  57.870 0.5000000000
53905  -15.022  14.523  57.515 0.6250000000
81532  -17.583  15.843  57.648 0.6250000000
55207  -17.607  16.607  57.987 0.6250000000
58902  -24.648  22.805  67.919 0.3750000000
60217  -27.743  25.678  66.325 0.6250000000
93246  -29.040  25.123  66.827 0.7500000000
60219  -29.262  25.279  66.132 0.7500000000
58314  -36.844  21.734  60.478 0.8750000000
53906  -16.005  14.648  57.506 0.6250000000
59517  -24.807  24.311  69.217 0.3750000000
59518  -25.416  24.427  69.166 0.3750000000
60205  -27.584  25.596  67.191 0.6250000000
60294  -33.036  24.810  59.827 0.3750000000
60202  -25.082  25.168  68.426 0.5000000000
60215  -26.116  25.449  66.731 0.6250000000
60216  -26.966  25.662  66.516 0.6250000000
60308  -32.887  24.611  58.695 0.3750000000
94024  -33.456  24.919  58.320 0.3750000000
58975  -37.310  22.657  60.180 0.8750000000
86293  -27.279  23.368  60.996 0.3750000000
60318  -33.643  24.830  57.647 0.3750000000
60324  -33.057  24.215  57.052 0.3750000000
58992  -38.576  23.241  59.136 0.7500000000
60326  -34.551  25.204  56.590 0.3750000000
60851  -35.296  25.818  56.336 0.3750000000
59003  -39.521  23.002  57.920 0.7500000000
60334  -34.685  25.009  55.754 0.3750000000
59013  -39.887  22.701  57.251 0.7500000000
60335  -35.386  25.638  55.462 0.3750000000
60344  -35.577  25.354  54.647 0.3750000000
91619  -40.391  22.351  56.666 0.7500000000
60345  -36.368  25.907  54.367 0.3750000000
59691  -35.176  24.358  54.229 0.3750000000
60873  -37.242  26.467  54.128 0.3750000000
58376  -41.507  21.214  55.747 0.6250000000
59699  -35.463  23.979  53.422 0.3750000000
60354  -36.655  25.537  53.569 0.5000000000
60355  -37.510  26.194  53.301 0.5000000000
95167  -41.857  21.396  55.126 0.6250000000
57716  -42.498  20.185  54.619 0.7500000000
59700  -36.204  24.506  53.094 0.2500000000
60884  -38.392  26.872  53.019 0.5000000000
57071  -42.239  19.457  54.855 0.7500000000
59044  -35.082  23.084  52.983 0.2500000000
59709  -35.768  23.621  52.603 0.2500000000
60363  -37.034  25.024  52.845 0.2500000000
60364  -37.793  25.721  52.510 0.3750000000
57073  -42.227  18.705  54.652 0.6250000000
56446  -42.144  17.898  54.323 0.6250000000
57074  -42.775  19.528  53.997 0.8750000000
57515  -7.341  20.577  75.532 0.7500000000
58187  -4.897  21.875  76.153 0.8750000000
87019  -5.521  21.431  75.708 0.8750000000
57514  -6.319  20.895  75.261 0.7500000000
58830  -3.130  22.816  77.916 0.8750000000
58833  -3.398  22.854  77.041 0.8750000000
58834  -4.156  22.265  76.578 0.8750000000
58184  -4.634  21.599  77.095 0.8750000000
57520  -7.059  20.434  74.304 0.6250000000
57521  -8.146  20.487  74.715 0.7500000000
57504  1.075  21.627  78.023 1.0000000000
59448  -2.797  23.614  77.560 0.8750000000
58181  -3.585  21.839  78.357 0.8750000000
58182  -4.568  21.427  78.122 0.8750000000
57505  -5.643  21.098  78.939 0.8750000000
94355  -6.009  20.495  79.606 1.0000000000
57535  -8.306  20.972  73.008 0.6250000000
81578  -9.543  22.457  73.448 0.6250000000
58207  -9.623  22.805  73.383 0.6250000000
58208  -10.425  22.719  72.665 0.6250000000
58215  -10.181  22.150  71.041 0.6250000000
58183  0.853  22.134  77.084 1.0000000000
58827  -2.873  22.604  78.574 0.8750000000
58179  -4.422  21.217  79.072 0.8750000000
88155  -5.683  19.846  80.009 1.0000000000
56276  -5.266  18.928  79.634 1.0000000000
57543  -8.657  22.104  73.189 0.6250000000
58174  0.891  22.649  79.036 1.0000000000
58175  0.098  22.445  79.663 1.0000000000
58178  -3.327  21.638  79.160 0.8750000000
57500  -4.121  20.790  80.020 1.0000000000
56904  -4.940  20.161  80.305 1.0000000000
56275  -4.610  18.395  79.560 1.0000000000
58186  0.184  21.303  75.482 1.0000000000
57498  -0.897  21.779  80.214 1.0000000000
57494  -1.922  21.132  80.531 1.0000000000
57499  -2.784  21.333  79.917 1.0000000000
56899  -3.150  20.303  80.697 1.0000000000
88348  -3.997  19.326  81.145 1.0000000000
58190  -0.372  21.245  74.725 1.0000000000
87332  -3.412  18.532  81.251 1.0000000000
58839  -0.093  22.062  74.349 1.0000000000
56898  -1.891  20.279  81.164 1.0000000000
81388  -2.855  19.397  81.423 1.0000000000
55670  -3.476  17.707  80.420 1.0000000000
85323  -8.652  21.563  66.983 0.6250000000
58843  -0.145  22.262  73.463 1.0000000000
58847  0.225  22.537  72.666 1.0000000000
56954  -8.800  19.924  66.416 0.6250000000
57577  -8.589  20.522  65.949 0.6250000000
56329  -9.020  19.230  66.086 0.6250000000
56963  -8.654  19.659  64.842 0.6250000000
83891  -17.054  25.023  69.661 0.3750000000
55741  -9.858  18.212  65.904 0.6250000000
87702  -9.354  18.719  65.779 0.6250000000
56333  -8.976  19.096  65.340 0.6250000000
56338  -9.008  18.989  64.570 0.6250000000
60192  -17.354  25.037  69.689 0.3750000000
81323  0.322  21.730  70.038 1.0000000000
56334  -9.554  18.438  65.104 0.7500000000
95180  -10.181  17.847  65.334 0.7500000000
55745  -10.131  17.878  64.584 0.7500000000
58239  -17.969  21.947  69.078 0.3750000000
90554  -17.561  24.013  70.396 0.3750000000
60183  -17.862  24.431  69.939 0.3750000000
58227  0.750  21.531  68.199 1.0000000000
55746  -10.639  17.335  64.114 0.6250000000
80731  -17.765  21.795  67.841 0.3750000000
59491  -18.063  23.630  70.685 0.3750000000
84376  -19.233  23.427  70.742 0.3750000000
59502  -18.851  23.893  69.729 0.3750000000
89317  -10.989  16.867  63.746 0.7500000000
55163  -10.909  16.832  62.535 0.6250000000
57579  -18.535  20.318  65.839 0.3750000000
57578  -17.750  20.554  65.419 0.3750000000
58216  -18.506  22.298  71.323 0.3750000000
59481  -19.637  22.974  71.221 0.3750000000
58237  -0.001  21.172  67.718 0.8750000000
55759  -0.057  16.743  61.747 0.7500000000
55166  -0.436  16.128  61.147 0.6250000000
55174  -0.336  15.774  60.316 0.5000000000
55169  -11.213  16.219  61.973 0.5000000000
57600  -18.950  19.833  64.226 0.3750000000
57588  -18.267  20.152  64.834 0.3750000000
58869  -20.473  22.639  70.928 0.3750000000
56957  -0.418  19.440  65.231 0.8750000000
56962  -0.755  19.061  64.769 0.8750000000
56341  -0.121  18.383  63.476 0.8750000000
55173  0.741  15.999  60.578 0.5000000000
80900  -11.405  15.935  61.176 0.5000000000
56971  -19.386  19.732  63.498 0.3750000000
56970  -18.629  19.526  63.421 0.3750000000
58234  -21.560  21.707  69.533 0.3750000000
57614  -35.121  21.007  64.530 1.0000000000
58295  -35.374  21.201  63.324 1.0000000000
84148  -35.921  20.669  62.512 1.0000000000
57568  -0.328  20.289  66.436 0.8750000000
55752  0.435  17.429  62.304 0.7500000000
93566  0.683  16.367  61.202 0.7500000000
54560  -12.146  15.284  59.491 0.5000000000
93345  -20.038  19.386  61.453 0.3750000000
56358  -19.346  18.853  61.059 0.5000000000
58892  -23.263  22.697  68.900 0.3750000000
58243  -22.560  21.880  68.168 0.3750000000
58931  -33.078  23.832  64.802 0.8750000000
58293  -34.038  22.376  64.501 1.0000000000
94187  -36.133  20.696  61.894 1.0000000000
53881  -12.005  14.881  60.127 0.5000000000
54577  -12.903  15.809  58.248 0.5000000000
56368  -18.693  18.436  60.523 0.6250000000
58901  -23.846  22.465  67.971 0.3750000000
59569  -31.469  25.591  65.053 0.7500000000
59555  -32.499  23.976  65.361 0.8750000000
58924  -32.746  23.069  65.511 0.8750000000
58309  -36.444  21.618  61.164 0.8750000000
54567  -12.531  15.333  58.748 0.5000000000
53892  -12.906  14.550  58.562 0.5000000000
55777  -17.875  17.731  59.089 0.6250000000
56401  -18.618  17.922  59.174 0.6250000000
58893  -24.083  23.378  68.698 0.3750000000
60231  -29.445  25.473  65.176 0.6250000000
59552  -30.152  25.011  66.235 0.7500000000
59553  -31.056  24.903  65.970 0.8750000000
59554  -31.895  24.468  65.660 0.8750000000
53904  -14.341  14.546  57.566 0.5000000000
91583  -15.342  15.229  57.555 0.6250000000
54581  -15.964  15.667  57.612 0.6250000000
55790  -17.717  17.248  58.474 0.6250000000
60229  -27.813  25.363  65.268 0.5000000000
60230  -28.614  25.319  65.209 0.6250000000
60271  -31.684  25.107  61.882 0.5000000000
60272  -32.569  25.250  61.780 0.5000000000
60284  -33.679  25.263  60.860 0.5000000000
60285  -34.473  25.217  60.838 0.5000000000
56423  -1.586  17.837  55.815 0.1250000000
88648  -16.665  16.290  57.795 0.6250000000
60194  -24.964  24.754  69.193 0.3750000000
60213  -24.363  24.839  67.512 0.5000000000
60241  -26.263  24.883  64.516 0.3750000000
60228  -27.006  25.322  65.391 0.5000000000
60281  -30.990  24.432  61.151 0.5000000000
60283  -32.779  24.982  60.872 0.3750000000
60295  -34.007  25.419  60.070 0.3750000000
60813  -34.468  25.612  59.411 0.3750000000
60214  -25.190  25.178  67.014 0.3750000000
60226  -25.348  24.992  65.676 0.3750000000
60240  -25.570  24.805  64.741 0.5000000000
60227  -26.221  25.202  65.572 0.5000000000
94777  -28.018  23.494  61.098 0.5000000000
59584  -29.069  24.520  62.316 0.6250000000
60309  -33.646  25.204  59.111 0.3750000000
58991  -38.055  23.116  59.649 0.5000000000
56428  -1.173  18.760  55.533 0.1250000000
59599  -26.861  23.629  61.802 0.3750000000
92263  -27.707  23.739  61.772 0.5000000000
60319  -34.442  25.334  57.478 0.3750000000
59656  -38.145  24.019  59.325 0.3750000000
59657  -38.768  23.653  58.808 0.7500000000
59618  -26.356  23.343  60.967 0.3750000000
60836  -35.126  25.889  58.131 0.3750000000
60843  -35.222  25.862  57.227 0.3750000000
60313  -38.313  24.425  58.501 0.3750000000
59664  -39.009  23.714  58.062 0.7500000000
60852  -36.021  26.351  56.078 0.3750000000
60320  -37.687  25.496  57.924 0.3750000000
60321  -38.374  24.860  57.569 0.3750000000
59665  -39.459  23.370  57.531 0.6250000000
60329  -38.991  24.878  56.250 0.3750000000
59673  -38.932  24.243  57.135 0.5000000000
59674  -39.503  23.727  56.720 0.7500000000
58329  -24.285  21.866  58.077 0.1250000000
60853  -36.806  26.653  55.839 0.3750000000
60861  -36.163  26.190  55.209 0.3750000000
59683  -39.597  24.525  55.662 0.5000000000
60854  -37.562  26.717  55.563 0.3750000000
60862  -36.997  26.585  54.971 0.3750000000
59684  -40.301  23.759  55.348 0.5000000000
59026  -40.697  22.620  56.060 0.6250000000
60863  -37.872  26.830  54.731 0.3750000000
60864  -38.660  27.078  54.440 0.3750000000
59035  -41.550  22.167  54.865 0.5000000000
59027  -41.182  22.086  55.780 0.6250000000
60875  -39.046  27.404  53.661 0.3750000000
59036  -42.154  21.644  54.466 0.6250000000
58395  -42.672  21.073  54.195 0.7500000000
60886  -40.173  27.220  52.526 0.5000000000
57729  -43.064  20.518  53.752 0.8750000000
59710  -36.497  24.116  52.290 0.2500000000
59711  -37.299  24.588  52.064 0.2500000000
83823  -38.664  26.389  52.224 0.3750000000
60365  -39.563  26.812  52.008 0.3750000000
60887  -40.995  26.956  52.195 0.3750000000
56451  -42.635  18.486  52.530 0.5000000000
57076  -43.102  19.321  52.938 0.7500000000
59720  -36.821  23.724  51.603 0.2500000000
60373  -38.109  25.127  51.839 0.3750000000
57079  -43.335  19.187  51.932 0.5000000000
91037  -42.818  18.610  51.508 0.6250000000
59066  -37.176  23.206  51.060 0.2500000000
56453  -42.492  18.340  50.642 0.6250000000
58191  -4.897  21.776  75.256 0.8750000000
58192  -5.433  21.232  74.766 0.7500000000
58840  -3.984  22.677  75.050 0.8750000000
58837  -4.405  22.313  75.668 0.8750000000
80404  -4.737  21.661  74.387 0.7500000000
58195  -5.170  21.065  73.846 0.7500000000
57519  -6.036  20.618  74.093 0.7500000000
57527  -6.798  20.303  73.243 0.6250000000
57528  -7.789  20.314  73.492 0.6250000000
58829  -2.589  23.456  78.192 0.8750000000
59460  -3.583  23.040  74.345 0.8750000000
58841  -4.131  22.271  74.105 0.7500000000
58194  -4.377  21.534  73.443 0.7500000000
57533  -5.371  21.004  72.332 0.6250000000
89198  -6.251  20.604  72.633 0.6250000000
57534  -7.218  20.593  72.514 0.6250000000
58867  -10.081  22.658  70.724 0.6250000000
88263  0.929  22.972  77.718 1.0000000000
58832  0.856  23.843  77.640 1.0000000000
58828  0.792  23.441  78.510 1.0000000000
58825  -1.639  23.289  79.124 0.8750000000
58826  -2.343  23.196  78.723 0.8750000000
93617  -3.879  21.972  73.412 0.7500000000
58198  -3.781  21.839  72.837 0.7500000000
58199  -4.438  21.383  72.538 0.7500000000
57542  -6.446  20.968  71.925 0.6250000000
92723  -7.678  21.340  72.177 0.6250000000
88727  -8.588  22.424  73.038 0.6250000000
58857  -10.364  22.923  72.377 0.6250000000
58876  -9.602  22.641  69.398 0.6250000000
90809  0.699  22.940  76.799 1.0000000000
58823  0.408  23.215  79.176 0.8750000000
58824  -0.497  23.308  79.321 0.8750000000
58177  -2.341  22.412  79.346 0.8750000000
58203  -3.917  21.837  71.902 0.7500000000
58854  -4.264  21.990  70.990 0.7500000000
58211  -5.092  21.803  70.806 0.6250000000
58200  -5.671  21.394  71.372 0.6250000000
58205  -6.710  21.563  71.306 0.6250000000
58206  -7.606  22.016  71.743 0.6250000000
58855  -8.391  22.750  72.826 0.6250000000
58856  -9.758  23.264  73.328 0.6250000000
59471  -10.117  23.391  73.165 0.6250000000
59479  -10.455  23.329  71.884 0.6250000000
58229  -8.935  22.373  67.647 0.6250000000
88713  0.599  22.852  75.825 1.0000000000
58176  -1.186  22.586  79.733 1.0000000000
84518  -1.846  21.880  80.014 1.0000000000
86425  -5.395  22.116  70.255 0.6250000000
58864  -6.093  22.433  70.199 0.6250000000
58865  -6.942  22.976  70.708 0.5000000000
58866  -7.921  23.160  72.291 0.5000000000
59469  -8.603  23.985  73.082 0.5000000000
90673  -9.580  23.760  73.480 0.5000000000
58882  -9.272  22.825  68.462 0.5000000000
58238  -8.624  22.377  66.796 0.5000000000
84515  -8.544  21.965  66.002 0.5000000000
58838  0.468  22.796  74.955 1.0000000000
58874  -6.069  23.151  69.654 0.6250000000
59477  -7.397  23.765  71.475 0.5000000000
60158  -8.730  25.020  73.060 0.5000000000
60734  -9.497  25.269  72.727 0.5000000000
60180  -9.474  23.966  69.610 0.5000000000
59489  -9.835  23.266  70.257 0.5000000000
58875  -9.419  23.238  69.175 0.5000000000
90388  -9.028  23.150  67.825 0.5000000000
58889  -8.747  23.075  67.100 0.5000000000
59488  -6.662  23.829  70.173 0.5000000000
60165  -7.754  24.657  72.229 0.5000000000
82784  -9.154  24.906  69.251 0.5000000000
86057  -9.089  24.195  68.540 0.5000000000
59509  -8.898  23.863  67.607 0.5000000000
59521  -8.610  23.751  66.580 0.5000000000
84413  -8.517  21.832  65.020 0.5000000000
81616  0.530  22.869  73.386 1.0000000000
58846  1.098  23.237  72.862 1.0000000000
90543  -8.766  25.431  68.388 0.3750000000
60190  -8.825  24.722  68.004 0.3750000000
59533  -8.427  23.630  65.638 0.3750000000
88422  -8.569  21.181  66.238 0.6250000000
85258  -8.530  21.165  65.510 0.5000000000
84412  -8.506  21.719  64.158 0.1250000000
80981  0.707  22.741  72.077 1.0000000000
58850  1.412  23.112  71.886 1.0000000000
61261  -8.494  26.211  68.016 0.3750000000
60759  -8.503  25.363  67.445 0.3750000000
60208  -8.401  24.434  66.038 0.3750000000
84882  -8.505  21.060  64.665 0.5000000000
58851  0.907  22.519  71.355 1.0000000000
59466  2.268  23.448  71.586 1.0000000000
58859  1.714  22.798  71.052 1.0000000000
61271  -8.230  25.966  66.991 0.3750000000
60765  -8.293  25.290  66.386 0.3750000000
90255  -8.210  24.964  65.616 0.2500000000
60221  -8.240  24.394  65.076 0.2500000000
57585  -8.524  20.408  65.152 0.6250000000
84936  -8.513  20.283  64.323 0.6250000000
94611  1.198  22.355  70.696 1.0000000000
92243  1.887  22.437  70.290 1.0000000000
61276  -8.009  26.145  66.186 0.3750000000
60772  -8.018  25.584  65.551 0.2500000000
79621  -8.025  25.109  65.050 0.2500000000
60778  -7.967  24.922  64.255 0.2500000000
87099  -8.713  19.552  64.061 0.6250000000
56968  -8.593  20.131  63.478 0.5000000000
60181  -16.785  24.581  69.480 0.3750000000
60751  -16.677  25.484  69.353 0.3750000000
58858  2.696  22.610  69.717 1.0000000000
60777  -7.841  25.698  64.756 0.2500000000
92306  -9.050  18.984  63.883 0.6250000000
56344  -9.394  18.668  63.273 0.5000000000
59510  -17.068  23.089  68.747 0.3750000000
59500  -16.616  23.902  68.454 0.3750000000
58860  1.061  22.066  70.088 1.0000000000
58871  1.760  22.119  69.459 1.0000000000
58880  2.989  22.751  68.798 1.0000000000
56339  -9.523  18.478  64.191 0.6250000000
58891  -17.225  22.437  67.736 0.3750000000
58890  -16.845  23.094  67.725 0.3750000000
58219  1.548  21.871  68.559 0.8750000000
58881  2.095  21.996  67.958 0.8750000000
91891  2.628  22.494  68.030 1.0000000000
55749  -10.045  17.966  63.696 0.6250000000
56350  -9.477  18.738  62.338 0.5000000000
58255  -17.334  21.225  65.983 0.3750000000
58236  1.529  21.648  67.736 0.8750000000
55755  -10.432  17.542  62.211 0.5000000000
55760  -9.927  18.253  61.810 0.2500000000
59503  -20.029  23.523  69.668 0.3750000000
85137  0.926  21.244  67.339 0.8750000000
55168  -10.869  17.031  61.666 0.2500000000
57599  -18.014  19.808  63.957 0.5000000000
59492  -20.457  23.162  70.647 0.3750000000
57558  0.276  20.777  66.907 0.8750000000
56335  -0.513  18.711  64.187 0.8750000000
92869  -0.509  17.817  63.015 0.8750000000
55181  0.680  15.853  59.750 0.3750000000
84531  -11.178  16.553  61.226 0.5000000000
55176  -11.383  16.458  60.470 0.3750000000
56981  -18.426  19.195  62.733 0.5000000000
58879  -22.151  23.069  70.197 0.3750000000
58294  -34.767  21.847  64.000 1.0000000000
57567  0.531  20.452  66.140 0.8750000000
56961  0.026  19.130  64.593 0.8750000000
55758  1.143  16.807  61.587 0.8750000000
55172  1.650  16.305  60.882 0.7500000000
55184  -11.671  16.590  59.553 0.5000000000
56992  -18.085  18.815  62.123 0.5000000000
58884  -22.644  23.112  69.717 0.3750000000
58932  -33.674  23.341  64.072 0.8750000000
58933  -34.330  22.700  63.458 0.8750000000
58299  -35.037  22.068  62.941 0.8750000000
58300  -35.573  21.532  62.504 0.8750000000
56956  0.433  19.648  65.008 0.8750000000
55180  1.787  15.969  60.043 0.6250000000
54566  -12.073  15.957  59.155 0.3750000000
84554  -12.484  16.079  58.577 0.5000000000
56367  -17.710  18.353  60.791 0.6250000000
58885  -23.671  23.737  68.910 0.3750000000
60246  -30.905  25.829  64.304 0.7500000000
59570  -32.542  25.135  64.618 0.7500000000
82236  -33.308  24.495  63.830 0.8750000000
58936  -33.929  23.807  62.787 0.7500000000
58937  -34.634  22.813  62.552 0.7500000000
58938  -35.385  22.356  62.043 0.8750000000
58308  -36.009  21.418  61.847 0.8750000000
54568  -13.150  15.186  58.176 0.5000000000
56382  -18.075  18.096  59.894 0.6250000000
60245  -29.552  25.391  64.074 0.6250000000
59568  -30.432  25.800  65.088 0.7500000000
60247  -31.601  25.863  63.968 0.6250000000
90130  -32.978  25.370  63.465 0.7500000000
90508  -33.389  24.862  62.986 0.7500000000
59603  -33.679  24.840  62.230 0.6250000000
59604  -34.300  24.289  61.785 0.7500000000
58957  -35.540  23.102  61.384 0.7500000000
53893  -13.832  15.066  57.701 0.5000000000
86844  -14.623  15.232  57.557 0.6250000000
60201  -24.463  24.689  68.835 0.3750000000
60242  -27.092  24.989  64.370 0.5000000000
60243  -27.919  25.132  64.258 0.5000000000
60244  -28.733  25.224  64.172 0.6250000000
87378  -30.224  25.550  63.932 0.6250000000
60260  -31.535  25.527  62.830 0.6250000000
60261  -32.394  25.526  62.672 0.6250000000
60273  -33.375  25.264  61.673 0.6250000000
60274  -34.077  25.040  61.509 0.6250000000
60286  -35.256  24.786  60.741 0.5000000000
59624  -35.817  23.800  60.862 0.6250000000
90297  -36.213  23.056  61.027 0.6250000000
58958  -36.629  22.492  60.826 0.6250000000
82451  -0.474  18.257  56.108 0.1250000000
55814  0.093  17.751  56.728 0.1250000000
59550  -23.846  24.252  64.600 0.3750000000
59567  -26.345  24.526  63.503 0.3750000000
60255  -27.218  24.634  63.399 0.5000000000
60256  -28.064  24.741  63.308 0.6250000000
60257  -28.888  24.901  63.210 0.6250000000
60269  -29.922  24.715  62.184 0.7500000000
60270  -30.793  24.946  62.038 0.5000000000
60296  -34.857  25.515  60.222 0.5000000000
59641  -36.056  24.495  60.253 0.5000000000
59625  -36.632  23.484  60.436 0.3750000000
59643  -37.394  23.686  59.847 0.5000000000
56422  0.896  18.741  56.369 0.1250000000
59551  -24.669  24.494  64.442 0.3750000000
59566  -25.392  24.404  63.665 0.5000000000
87029  -27.421  24.193  62.534 0.6250000000
59583  -28.255  24.333  62.443 0.6250000000
60814  -35.145  25.786  59.663 0.3750000000
60298  -36.322  25.291  59.619 0.3750000000
60299  -37.157  24.666  59.433 0.3750000000
59581  -24.825  23.909  62.677 0.5000000000
59596  -24.276  23.631  61.893 0.5000000000
86256  -25.678  24.018  62.663 0.3750000000
59598  -25.978  23.643  61.806 0.5000000000
59582  -26.556  24.093  62.604 0.5000000000
60827  -35.735  26.193  58.705 0.3750000000
60311  -36.772  25.702  58.993 0.3750000000
57055  -0.629  19.839  55.236 0.1250000000
59616  -24.615  23.348  61.078 0.3750000000
60837  -35.803  26.328  57.864 0.3750000000
60838  -36.506  26.591  57.645 0.3750000000
58969  -23.663  22.561  59.648 0.1250000000
58954  -24.986  22.944  60.284 0.1250000000
60844  -35.920  26.443  56.977 0.3750000000
58984  -23.955  22.188  58.869 0.1250000000
60845  -36.648  26.711  56.734 0.3750000000
60846  -37.368  26.653  56.465 0.3750000000
60328  -38.429  25.418  56.660 0.3750000000
60847  -37.973  26.391  56.119 0.3750000000
58339  -23.781  21.685  57.208 0.1250000000
58354  -24.512  21.497  56.589 0.1250000000
60855  -38.248  26.740  55.248 0.3750000000
60856  -38.869  26.636  54.979 0.3750000000
59692  -40.017  25.060  54.810 0.6250000000
59694  -41.358  23.415  54.142 0.5000000000
60866  -40.183  26.460  53.969 0.3750000000
59045  -41.959  22.644  53.871 0.5000000000
60865  -39.371  27.134  54.204 0.3750000000
60876  -39.859  27.418  53.364 0.3750000000
95249  -41.778  25.842  52.986 0.5000000000
59046  -42.757  22.121  53.544 0.6250000000
60878  -41.428  26.588  52.553 0.5000000000
57743  -43.474  20.159  53.134 0.7500000000
60374  -38.931  25.710  51.588 0.3750000000
60894  -40.442  26.806  51.796 0.3750000000
60888  -41.797  26.538  51.934 0.5000000000
57077  -43.887  19.934  52.345 0.7500000000
57080  -44.169  19.751  51.470 0.8750000000
59721  -37.581  24.111  51.366 0.3750000000
59722  -38.442  24.509  51.243 0.3750000000
60895  -41.370  26.514  51.584 0.3750000000
56454  -43.494  19.028  50.852 0.7500000000
59067  -37.963  23.517  50.831 0.2500000000
85546  -43.953  19.070  50.046 0.6250000000
56477  -43.045  18.387  49.006 0.3750000000
56478  -43.779  18.558  48.499 0.3750000000
59453  -2.541  24.292  76.343 0.8750000000
85706  -2.946  23.970  75.681 0.8750000000
59456  -3.448  23.381  75.350 0.8750000000
59450  -2.367  24.236  77.172 0.8750000000
59451  -3.077  23.647  76.490 0.8750000000
59447  -2.252  24.100  77.900 0.8750000000
60133  0.488  25.140  77.484 1.0000000000
59445  -0.535  24.567  78.289 1.0000000000
59442  -1.075  23.975  78.786 0.8750000000
59443  -2.009  23.819  78.504 0.8750000000
58849  -3.292  22.542  72.325 0.7500000000
58853  -3.532  22.424  71.275 0.7500000000
58835  0.772  23.892  76.663 1.0000000000
59452  0.983  24.955  76.574 1.0000000000
86958  0.759  23.802  75.732 1.0000000000
58873  -5.285  22.518  69.659 0.6250000000
60160  -10.279  23.877  72.710 0.5000000000
58842  0.465  22.818  74.129 1.0000000000
86026  0.927  23.598  74.874 1.0000000000
59454  1.558  24.573  74.796 1.0000000000
60740  -9.884  25.420  71.566 0.5000000000
60172  -9.925  24.763  70.700 0.5000000000
59478  -10.239  23.966  71.276 0.6250000000
58898  -8.530  22.918  66.223 0.5000000000
59458  1.176  23.401  73.964 1.0000000000
59457  1.954  23.921  73.710 1.0000000000
60152  2.759  24.388  73.330 1.0000000000
60164  -7.016  25.144  71.270 0.5000000000
60739  -7.835  25.626  72.529 0.5000000000
60733  -8.715  26.092  72.856 0.5000000000
61244  -9.446  26.060  72.162 0.5000000000
60745  -9.640  25.463  70.327 0.5000000000
59462  2.071  23.689  72.600 1.0000000000
61238  -8.259  27.120  72.566 0.5000000000
85712  -9.230  26.717  71.447 0.5000000000
86233  -8.441  22.936  64.374 0.5000000000
57597  -8.512  20.932  63.794 0.3750000000
58928  -8.490  22.521  63.668 0.1250000000
59461  2.953  24.056  72.291 1.0000000000
85732  -9.138  26.765  70.116 0.3750000000
82179  -8.828  26.756  68.951 0.3750000000
59543  -8.373  23.560  64.717 0.2500000000
58280  -8.541  21.625  63.258 0.1250000000
61254  -16.517  26.942  69.600 0.3750000000
59465  2.976  23.725  71.278 1.0000000000
61713  -8.764  27.571  69.299 0.3750000000
90641  -8.233  24.144  64.266 0.2500000000
59558  -8.366  23.509  63.786 0.2500000000
57617  -8.629  20.782  62.909 0.2500000000
59474  2.527  23.008  70.676 1.0000000000
59473  3.115  23.312  70.329 1.0000000000
93241  -8.065  26.839  66.977 0.3750000000
60235  -8.174  24.336  63.554 0.2500000000
60191  -16.278  24.796  68.553 0.3750000000
85499  -16.814  26.323  69.638 0.3750000000
61270  -7.811  26.902  65.941 0.2500000000
60784  -7.921  25.090  63.278 0.2500000000
93008  -9.209  19.332  62.117 0.3750000000
56978  -8.838  19.899  62.569 0.3750000000
61275  -7.828  26.308  65.338 0.2500000000
60783  -7.727  25.784  63.861 0.2500000000
60793  -7.994  25.219  62.394 0.2500000000
56354  -9.531  18.985  61.559 0.3750000000
61282  -7.700  26.471  64.489 0.2500000000
60792  -7.704  25.871  62.914 0.2500000000
93438  1.959  21.815  67.432 0.8750000000
55766  -10.650  17.930  60.471 0.2500000000
59504  -21.256  23.370  69.871 0.3750000000
59513  -20.800  23.538  68.695 0.3750000000
55175  -10.954  17.186  60.823 0.3750000000
55767  -11.221  17.377  59.909 0.3750000000
89169  -17.743  19.153  62.586 0.5000000000
79720  -21.937  23.541  69.220 0.3750000000
58245  1.072  20.966  66.517 0.8750000000
57576  0.056  19.910  65.721 0.8750000000
56967  0.339  18.903  63.851 0.8750000000
56340  0.658  18.617  63.117 0.8750000000
56347  1.127  18.053  62.433 0.8750000000
88316  -11.679  17.287  59.182 0.3750000000
59506  -22.748  23.348  69.557 0.3750000000
79719  -21.483  23.649  67.930 0.3750000000
55757  1.993  16.926  61.252 0.8750000000
55774  2.202  16.592  59.422 0.5000000000
55192  -12.167  16.778  58.739 0.5000000000
59515  -23.458  23.939  68.902 0.3750000000
55784  1.774  16.787  58.645 0.5000000000
54578  -13.463  15.874  57.869 0.5000000000
55203  -13.715  16.635  57.720 0.5000000000
56400  -16.913  17.723  58.891 0.6250000000
59528  -23.795  24.474  68.218 0.5000000000
59527  -22.979  24.167  67.613 0.3750000000
55800  1.513  17.430  57.860 0.3750000000
54579  -14.168  15.934  57.568 0.5000000000
55205  -15.259  16.868  57.720 0.6250000000
55206  -15.810  16.382  57.725 0.6250000000
55808  -16.830  17.077  58.273 0.6250000000
59539  -23.522  24.440  66.682 0.3750000000
56412  1.334  18.100  57.018 0.2500000000
60225  -24.295  24.666  65.804 0.3750000000
57049  1.479  19.870  56.025 0.1250000000
59565  -23.815  23.972  63.633 0.3750000000
59580  -24.030  23.806  62.721 0.3750000000
57054  0.901  20.439  55.401 0.1250000000
57699  -0.326  21.455  54.423 0.1250000000
59615  -23.765  23.340  61.146 0.3750000000
58952  -23.287  22.952  60.386 0.1250000000
57701  -2.423  20.465  54.122 0.1250000000
95527  -23.238  21.726  56.727 0.1250000000
59702  -42.093  23.867  53.483 0.5000000000
60358  -42.261  25.086  52.929 0.5000000000
59703  -42.710  24.174  52.778 0.5000000000
58396  -43.270  21.340  53.393 0.7500000000
60357  -42.153  26.093  52.328 0.5000000000
59047  -43.472  22.109  52.938 0.6250000000
57730  -43.634  20.855  53.133 0.7500000000
60896  -42.211  26.151  51.441 0.5000000000
60367  -42.848  25.375  52.088 0.5000000000
59712  -43.196  24.331  52.123 0.5000000000
57745  -44.986  21.163  51.855 0.7500000000
57756  -44.737  20.445  51.857 0.8750000000
59723  -39.390  24.972  51.164 0.3750000000
59724  -40.543  25.700  51.112 0.3750000000
60376  -41.773  25.814  50.928 0.3750000000
60377  -42.593  25.751  50.919 0.5000000000
60378  -42.945  25.674  51.284 0.5000000000
57086  -44.591  19.683  50.541 0.8750000000
59075  -37.627  22.607  50.673 0.2500000000
59732  -38.895  23.793  50.769 0.2500000000
56462  -43.879  18.784  49.327 0.6250000000
56491  -42.969  18.035  48.063 0.3750000000
55884  -42.581  17.637  47.288 0.3750000000
55896  -42.397  17.376  46.545 0.2500000000
55907  -41.942  16.996  45.781 0.1250000000
60145  -1.460  25.298  75.488 1.0000000000
60146  -2.380  24.514  75.552 0.8750000000
59455  -3.032  23.874  74.646 0.8750000000
60142  -0.847  25.624  76.445 1.0000000000
85866  -1.748  24.914  76.602 1.0000000000
60136  -1.618  24.666  77.510 1.0000000000
59459  -2.728  23.885  73.666 0.8750000000
95408  -3.190  23.320  73.778 0.7500000000
60138  0.154  25.531  77.301 1.0000000000
60139  -0.714  25.348  77.220 1.0000000000
59446  -1.482  24.402  78.148 0.8750000000
58848  -2.816  23.228  72.337 0.7500000000
60137  0.707  25.573  77.064 1.0000000000
60716  0.344  26.201  75.974 1.0000000000
58852  -2.918  23.026  71.579 0.7500000000
58862  -3.832  22.449  70.367 0.7500000000
60140  0.828  25.847  76.267 1.0000000000
60718  0.875  26.266  75.421 1.0000000000
60144  1.244  25.699  75.529 1.0000000000
58872  -4.334  22.573  69.532 0.6250000000
86901  -5.006  23.156  68.912 0.6250000000
60143  1.623  25.795  74.906 1.0000000000
60148  2.323  24.994  74.306 1.0000000000
59487  -5.874  24.113  69.131 0.5000000000
58907  -8.467  22.738  65.214 0.5000000000
60170  -6.584  24.701  69.990 0.5000000000
60151  3.533  24.819  72.888 1.0000000000
60738  -6.926  26.041  71.590 0.5000000000
61243  -7.755  26.544  72.497 0.5000000000
86514  -8.612  22.327  62.674 0.1250000000
58942  -8.918  22.152  61.764 0.1250000000
61237  -7.572  27.334  72.450 0.5000000000
61700  -8.675  27.295  71.961 0.5000000000
61705  -8.926  27.460  70.792 0.5000000000
59587  -8.678  22.993  62.084 0.1250000000
58297  -8.714  21.477  62.384 0.2500000000
58305  -9.288  21.666  61.072 0.2500000000
86906  -8.583  28.198  71.513 0.5000000000
80591  -8.488  27.223  68.086 0.3750000000
59573  -8.333  23.872  63.053 0.2500000000
81971  -8.459  23.839  62.276 0.1250000000
58312  -9.791  21.766  60.342 0.1250000000
61262  -16.168  26.358  69.118 0.2500000000
59472  3.441  23.893  69.957 1.0000000000
92386  -8.529  28.019  68.228 0.3750000000
62197  -8.145  27.956  67.214 0.3750000000
61733  -7.847  27.503  66.399 0.3750000000
60252  -8.188  24.493  62.747 0.2500000000
60266  -8.263  24.618  61.964 0.1250000000
91294  -8.700  23.529  61.622 0.1250000000
57635  -8.842  20.663  62.047 0.2500000000
57651  -9.625  20.947  60.556 0.2500000000
59495  3.326  23.345  68.710 1.0000000000
59484  3.275  23.189  69.459 1.0000000000
61737  -7.673  27.589  65.664 0.2500000000
87085  -9.213  19.851  61.568 0.2500000000
57636  -9.209  20.750  61.279 0.2500000000
58887  3.113  23.134  68.061 1.0000000000
90510  -7.590  27.650  64.973 0.2500000000
61744  -7.623  27.280  64.342 0.2500000000
60800  -8.090  25.268  61.565 0.1250000000
57007  -9.554  20.126  60.747 0.2500000000
57022  -10.102  20.372  60.078 0.2500000000
61289  -7.609  26.703  63.498 0.2500000000
60799  -7.779  26.002  61.932 0.2500000000
56355  -10.070  18.536  60.909 0.2500000000
57023  -10.434  19.612  59.882 0.2500000000
58888  2.244  22.166  67.238 1.0000000000
61296  -7.600  26.538  62.582 0.2500000000
86565  -10.473  18.533  60.243 0.2500000000
56378  -10.681  18.924  59.784 0.2500000000
59512  -19.664  23.680  68.334 0.3750000000
58244  1.708  21.547  66.922 0.8750000000
55775  -10.932  18.232  59.803 0.2500000000
59525  -20.404  23.425  67.394 0.3750000000
55776  -11.455  17.962  59.240 0.2500000000
56966  0.855  19.369  63.377 0.8750000000
56977  0.974  18.975  62.643 0.8750000000
94009  1.260  18.569  62.057 0.8750000000
56353  1.661  17.844  61.529 0.8750000000
59514  -22.526  23.814  68.554 0.3750000000
79718  -21.073  23.356  66.595 0.3750000000
58253  1.093  20.741  65.817 0.8750000000
56960  0.751  19.519  64.203 0.8750000000
56363  2.231  17.476  60.583 0.7500000000
55804  -13.285  17.314  57.933 0.5000000000
55805  -13.974  17.394  57.646 0.5000000000
59538  -22.651  23.929  66.120 0.3750000000
83412  1.720  18.426  60.731 0.8750000000
93737  1.940  18.475  59.559 0.6250000000
55806  -14.699  17.461  57.695 0.5000000000
55789  -16.142  17.627  58.384 0.6250000000
56381  -16.549  18.323  59.433 0.6250000000
93833  1.965  18.630  58.580 0.6250000000
82417  -16.026  16.978  57.964 0.6250000000
79224  -23.247  24.115  65.198 0.3750000000
56410  2.058  19.135  57.210 0.2500000000
57681  0.119  21.504  56.653 0.2500000000
57680  1.170  21.517  56.133 0.2500000000
57679  1.595  21.055  56.054 0.2500000000
90272  -23.381  23.732  62.845 0.3750000000
59005  -3.035  22.428  56.331 0.1250000000
58351  -2.000  21.993  56.522 0.2500000000
58349  0.476  22.113  55.848 0.2500000000
58350  -0.475  22.430  55.680 0.1250000000
58347  0.952  22.233  55.100 0.1250000000
57685  1.148  21.460  55.161 0.1250000000
57053  1.534  20.893  55.738 0.1250000000
58364  0.572  22.713  55.071 0.1250000000
57698  0.696  22.010  54.671 0.1250000000
58983  -22.504  22.386  58.698 0.1250000000
58997  -23.253  22.008  58.121 0.1250000000
58996  -22.276  22.258  57.798 0.1250000000
59057  -43.183  23.138  52.640 0.5000000000
58404  -43.934  21.533  52.753 0.7500000000
59725  -43.386  24.898  51.459 0.5000000000
59713  -43.660  23.752  51.754 0.5000000000
58405  -44.628  21.724  52.096 0.7500000000
57744  -44.264  20.816  52.517 0.7500000000
60384  -43.134  25.238  50.668 0.5000000000
60379  -43.496  25.085  50.937 0.5000000000
59068  -44.305  23.278  51.306 0.5000000000
57757  -45.472  20.975  51.200 0.7500000000
57081  -44.980  20.188  51.229 0.8750000000
59076  -38.475  22.791  50.548 0.2500000000
59733  -39.943  24.193  50.698 0.3750000000
59734  -41.087  24.660  50.509 0.3750000000
59069  -44.947  22.871  50.867 0.5000000000
58414  -45.277  21.959  51.293 0.6250000000
59077  -39.449  22.978  50.461 0.2500000000
58425  -45.445  22.548  50.499 0.6250000000
58426  -45.770  21.875  50.484 0.7500000000
57087  -45.529  20.127  49.858 0.8750000000
57099  -44.610  19.380  49.629 0.6250000000
85493  -43.707  18.370  47.809 0.3750000000
94312  -42.865  17.674  46.848 0.2500000000
55909  -43.179  17.715  46.366 0.2500000000
55920  -41.854  16.876  44.967 0.2500000000
55292  -41.382  16.662  44.251 0.1250000000
55921  -42.463  17.221  45.141 0.2500000000
55297  -41.337  16.665  43.253 0.1250000000
55298  -41.937  16.954  42.908 0.2500000000
55307  -41.945  16.968  41.967 0.2500000000
55366  -44.154  17.192  35.828 0.2500000000
60150  -2.283  24.577  74.474 0.8750000000
60149  -1.596  25.255  74.257 0.8750000000
60717  -0.444  26.072  75.893 1.0000000000
59464  -2.527  23.788  72.814 0.8750000000
58861  -3.110  22.914  70.662 0.7500000000
59486  -3.408  23.015  69.707 0.6250000000
85895  2.206  25.958  74.469 1.0000000000
60147  3.066  25.534  73.839 1.0000000000
59498  -4.863  24.031  68.370 0.5000000000
60179  -6.080  25.202  69.129 0.5000000000
60744  -6.440  25.621  70.211 0.5000000000
61247  -6.336  26.540  70.505 0.5000000000
93726  -9.173  22.303  61.195 0.2500000000
58949  -9.441  22.439  60.706 0.1250000000
60156  3.423  24.490  71.925 1.0000000000
61242  -6.847  26.936  71.794 0.5000000000
61693  -7.717  28.185  72.579 0.5000000000
58961  -9.969  22.678  60.005 0.1250000000
61694  -8.172  28.131  72.370 0.5000000000
58962  -10.684  22.502  59.554 0.2500000000
58317  -10.346  21.794  59.835 0.2500000000
59483  3.535  23.911  69.074 1.0000000000
60277  -8.633  24.447  60.803 0.1250000000
57659  -10.051  21.157  60.052 0.2500000000
59494  3.429  23.997  68.169 1.0000000000
62189  -8.590  28.542  68.926 0.3750000000
62210  -7.770  28.240  66.211 0.3750000000
58318  -10.943  21.696  59.432 0.2500000000
62220  -7.555  28.270  65.335 0.2500000000
60806  -8.296  25.243  60.710 0.1250000000
57660  -10.568  21.013  59.670 0.2500000000
82830  2.677  22.943  67.343 1.0000000000
61755  -7.534  27.296  62.694 0.2500000000
61301  -7.966  25.827  61.129 0.1250000000
57024  -11.060  19.473  59.345 0.2500000000
88094  -11.506  20.141  59.047 0.2500000000
59524  -19.562  23.672  67.000 0.3750000000
58897  1.953  22.022  66.386 1.0000000000
81873  -7.561  26.873  61.880 0.2500000000
80397  -20.195  23.360  66.394 0.3750000000
58252  1.494  21.366  65.935 0.8750000000
57583  1.321  20.901  64.393 0.8750000000
57595  1.353  21.303  63.613 0.8750000000
56396  -11.788  18.460  58.866 0.2500000000
57574  1.227  20.806  65.188 0.8750000000
57596  1.229  20.261  63.668 0.8750000000
57616  1.097  19.898  62.798 0.8750000000
93364  0.816  20.362  61.652 0.8750000000
59537  -21.718  23.492  65.756 0.3750000000
57584  1.056  20.177  64.633 0.8750000000
56989  1.294  18.933  61.348 0.8750000000
57006  1.020  19.537  60.323 0.8750000000
56413  -12.812  17.969  58.159 0.3750000000
56415  -14.233  18.082  57.736 0.5000000000
56416  -14.889  18.039  57.836 0.5000000000
55807  -15.418  17.563  57.943 0.6250000000
56399  -16.190  18.152  58.801 0.6250000000
79577  -22.339  23.640  64.910 0.3750000000
57021  0.945  19.640  59.414 0.6250000000
57035  1.493  19.417  58.552 0.6250000000
79574  -23.212  23.899  64.196 0.3750000000
59595  -23.353  23.608  62.008 0.3750000000
57676  -0.967  21.088  57.412 0.3750000000
82644  0.471  20.928  57.190 0.2500000000
57675  1.560  20.522  56.788 0.2500000000
57042  1.979  19.657  57.030 0.3750000000
59658  -3.866  23.339  58.243 0.2500000000
58977  -3.325  22.464  58.187 0.2500000000
58337  -2.935  22.072  57.341 0.2500000000
58336  -2.103  21.483  57.502 0.2500000000
57048  1.667  20.266  56.386 0.2500000000
58951  -22.358  22.971  60.323 0.2500000000
59614  -22.871  23.298  61.145 0.3750000000
58993  -3.681  22.690  57.379 0.1250000000
58968  -22.810  22.602  59.571 0.1250000000
58982  -21.650  22.593  58.383 0.1250000000
59079  -41.546  23.803  50.024 0.3750000000
59736  -43.112  24.626  50.148 0.5000000000
59740  -44.419  23.743  49.906 0.5000000000
59727  -44.369  23.640  50.530 0.5000000000
58422  -38.969  21.908  50.279 0.2500000000
59081  -45.051  23.123  50.124 0.6250000000
57770  -45.928  21.021  50.286 0.6250000000
57783  -46.299  21.060  49.453 0.8750000000
56479  -44.562  19.070  48.848 0.6250000000
56492  -44.529  18.807  47.970 0.5000000000
79823  -44.020  18.434  47.348 0.5000000000
55922  -43.172  17.603  45.445 0.3750000000
92388  -43.008  17.536  44.363 0.2500000000
55928  -43.179  17.664  43.277 0.2500000000
88119  -42.173  17.044  44.329 0.2500000000
86631  -42.449  17.242  43.512 0.2500000000
55927  -42.608  17.316  42.585 0.2500000000
55924  -41.865  16.885  43.649 0.1250000000
55933  -42.833  17.323  41.585 0.2500000000
55313  -42.220  17.010  41.190 0.2500000000
55936  -42.759  17.126  40.703 0.2500000000
83837  -43.434  17.260  40.109 0.2500000000
55940  -43.292  16.951  39.307 0.2500000000
55948  -43.898  17.090  38.688 0.2500000000
84684  -44.436  17.410  38.083 0.2500000000
55347  -44.428  17.351  37.264 0.2500000000
55356  -44.349  17.264  36.476 0.2500000000
55966  -45.142  17.604  36.575 0.2500000000
55973  -44.890  17.321  35.820 0.2500000000
87083  -44.438  17.190  35.050 0.2500000000
60720  -0.911  25.907  75.024 1.0000000000
60724  -0.841  25.982  74.057 1.0000000000
60153  -1.696  25.213  73.176 1.0000000000
60157  -1.671  24.990  72.135 0.8750000000
59463  -2.112  24.398  72.503 0.8750000000
59467  -2.028  24.229  71.584 0.7500000000
88818  -2.002  24.177  70.806 0.7500000000
60169  -2.215  24.183  69.554 0.7500000000
60719  -0.081  26.457  75.180 1.0000000000
60154  -2.206  24.532  73.450 0.8750000000
59476  -2.451  23.545  70.983 0.7500000000
82789  -2.775  23.365  70.195 0.7500000000
59485  -2.728  23.644  69.513 0.7500000000
60175  -2.564  24.220  68.833 0.7500000000
61229  0.593  26.712  74.672 1.0000000000
59496  -3.288  23.525  68.909 0.6250000000
60722  1.436  26.492  74.661 1.0000000000
60721  2.281  26.813  74.296 1.0000000000
60177  -4.059  24.275  68.157 0.5000000000
60176  -3.346  24.201  68.363 0.5000000000
60749  -5.611  25.635  68.330 0.5000000000
60178  -5.389  24.813  68.421 0.5000000000
60726  3.827  25.620  73.143 1.0000000000
61252  -6.064  26.238  69.170 0.5000000000
58978  -11.140  23.121  59.307 0.2500000000
60730  3.886  25.289  72.400 1.0000000000
60155  3.632  25.005  71.400 1.0000000000
93578  -7.201  28.507  72.422 0.5000000000
62172  -7.940  29.031  72.584 0.5000000000
59609  -9.384  23.262  60.510 0.1250000000
83931  -8.522  29.116  71.046 0.2500000000
60289  -9.405  24.472  59.635 0.1250000000
60167  3.599  24.646  69.516 1.0000000000
58963  -11.335  22.369  59.327 0.2500000000
60173  3.586  24.711  68.654 1.0000000000
62198  -8.457  28.790  67.848 0.3750000000
81929  -8.136  29.085  66.802 0.3750000000
60288  -8.782  24.809  60.091 0.1250000000
58319  -11.615  21.630  59.201 0.2500000000
60185  3.286  24.494  67.501 1.0000000000
59508  3.055  23.749  67.404 1.0000000000
62227  -7.517  28.171  64.404 0.2500000000
58896  2.261  22.774  66.610 1.0000000000
61751  -7.556  27.691  63.559 0.2500000000
61300  -7.728  26.504  61.127 0.1250000000
61307  -8.077  26.172  60.367 0.1250000000
59520  2.602  23.577  66.717 1.0000000000
82886  1.725  21.995  65.681 0.8750000000
58916  1.516  22.264  64.468 0.8750000000
57036  -11.821  19.264  58.812 0.2500000000
58263  1.485  21.600  65.021 0.8750000000
58279  1.404  21.614  64.264 0.8750000000
56397  -12.370  18.592  58.477 0.2500000000
58296  1.157  20.976  62.697 0.8750000000
57633  1.025  20.354  62.212 0.8750000000
57037  -12.658  19.360  58.416 0.2500000000
57045  -13.829  18.712  57.959 0.3750000000
57648  0.824  19.983  61.132 0.8750000000
56414  -13.524  18.058  57.860 0.5000000000
56398  -14.606  18.610  58.048 0.3750000000
94217  -21.942  23.529  64.358 0.3750000000
57657  0.006  20.209  59.682 0.6250000000
59564  -22.428  23.648  64.031 0.3750000000
59578  -22.125  23.615  63.200 0.3750000000
59579  -22.692  23.634  62.595 0.3750000000
59594  -22.398  23.514  61.831 0.3750000000
60805  -3.332  25.224  59.914 0.6250000000
59627  -3.158  23.884  59.616 0.6250000000
60287  -3.440  24.551  59.487 0.5000000000
58960  -3.280  23.022  59.093 0.3750000000
57668  -1.695  21.051  58.104 0.2500000000
57667  -0.711  20.600  58.256 0.3750000000
57043  1.708  19.721  57.509 0.5000000000
59644  -3.678  23.891  59.016 0.3750000000
58326  -2.782  21.879  58.065 0.2500000000
59645  -4.046  24.097  58.469 0.2500000000
59659  -4.347  23.965  57.807 0.1250000000
59006  -4.013  23.036  56.662 0.1250000000
58967  -21.789  22.748  59.361 0.1250000000
58966  -21.103  22.894  58.819 0.1250000000
82351  -42.066  22.763  49.551 0.3750000000
59085  -43.142  23.192  49.387 0.5000000000
59087  -45.095  23.117  49.475 0.6250000000
59088  -45.975  22.672  49.004 0.6250000000
58423  -40.026  22.203  50.102 0.2500000000
58424  -41.107  22.613  49.820 0.2500000000
94544  -41.775  23.224  49.772 0.3750000000
59739  -43.599  24.027  49.777 0.5000000000
58433  -46.206  21.951  49.713 0.8750000000
59080  -42.532  23.887  49.767 0.5000000000
57100  -45.942  20.279  48.970 0.8750000000
57117  -45.352  19.502  48.484 0.7500000000
56502  -43.922  18.247  46.703 0.3750000000
56511  -43.868  18.050  45.894 0.5000000000
56529  -43.829  17.979  44.960 0.2500000000
56541  -43.818  18.039  43.950 0.2500000000
55934  -43.343  17.744  42.326 0.2500000000
95120  -43.597  17.787  41.470 0.2500000000
94279  -43.296  17.447  40.894 0.2500000000
55937  -43.866  17.774  40.671 0.2500000000
55941  -44.131  17.708  39.852 0.2500000000
55949  -44.423  17.634  38.948 0.2500000000
55958  -45.006  17.746  37.499 0.2500000000
55974  -45.607  17.675  35.682 0.2500000000
60163  -1.607  24.759  71.164 0.7500000000
92017  -0.099  26.642  74.363 1.0000000000
60723  -0.444  26.533  73.471 1.0000000000
60728  -1.160  25.794  72.810 1.0000000000
60732  -1.289  25.574  71.717 1.0000000000
60168  -1.724  24.563  70.160 0.7500000000
60748  -2.128  24.901  68.561 0.7500000000
85674  0.321  27.029  73.986 1.0000000000
61231  1.094  27.229  74.320 1.0000000000
60188  -4.561  24.758  67.955 0.5000000000
61684  1.649  27.840  74.136 1.0000000000
61230  2.551  27.673  74.022 1.0000000000
61251  -5.774  27.191  68.820 0.5000000000
61685  2.996  27.910  73.435 1.0000000000
81313  -5.980  27.075  69.756 0.5000000000
59647  -11.735  23.645  59.027 0.2500000000
61235  4.070  27.024  72.098 1.0000000000
62178  -6.672  28.883  71.837 0.5000000000
91529  -12.424  23.702  59.062 0.2500000000
61240  4.095  26.779  71.013 1.0000000000
92350  -7.427  29.014  72.482 0.5000000000
62660  -7.629  29.636  72.392 0.3750000000
93262  3.628  25.361  69.925 1.0000000000
62665  -8.313  29.867  71.721 0.3750000000
60741  3.535  25.478  69.142 1.0000000000
91312  -8.471  29.990  69.421 0.2500000000
58979  -11.956  22.329  59.170 0.2500000000
83471  -11.693  22.909  59.259 0.2500000000
60184  3.501  24.813  67.945 1.0000000000
62685  -8.400  29.717  67.643 0.2500000000
84410  -7.434  28.976  64.896 0.2500000000
57669  -11.922  20.872  58.971 0.2500000000
59531  2.171  23.447  66.044 1.0000000000
59532  1.880  23.348  65.205 0.8750000000
82492  -12.265  20.099  58.704 0.2500000000
58906  1.930  22.668  65.852 1.0000000000
86818  1.490  22.890  64.027 0.8750000000
62235  -7.514  28.437  63.623 0.2500000000
58926  1.342  22.152  63.771 0.8750000000
58927  1.116  22.015  62.987 0.8750000000
57038  -13.441  19.364  58.274 0.2500000000
57025  -14.673  19.794  58.930 0.2500000000
79578  -20.659  23.353  65.482 0.3750000000
58301  0.615  21.005  61.876 0.8750000000
57634  0.248  20.759  61.209 0.8750000000
57039  -14.235  19.281  58.328 0.2500000000
57040  -15.076  19.072  58.588 0.3750000000
57649  0.092  20.432  60.464 0.7500000000
59548  -21.482  23.429  64.766 0.3750000000
59547  -20.707  23.526  64.449 0.3750000000
59562  -20.623  23.716  63.620 0.3750000000
59563  -21.513  23.558  63.893 0.3750000000
59577  -21.242  23.648  63.022 0.3750000000
57658  -0.884  20.589  59.194 0.3750000000
57666  0.151  20.089  58.862 0.5000000000
85162  -21.825  23.581  62.418 0.3750000000
58316  -2.264  21.646  59.226 0.5000000000
58324  -1.678  21.035  58.806 0.3750000000
91085  -21.553  23.487  61.722 0.3750000000
58976  -2.817  22.136  58.771 0.2500000000
60809  -3.609  25.136  59.344 0.6250000000
60300  -3.824  24.642  58.900 0.5000000000
81068  -21.905  23.304  61.069 0.1250000000
59613  -21.355  23.132  60.236 0.1250000000
60301  -4.219  24.724  58.242 0.3750000000
91228  -4.164  23.350  57.413 0.1250000000
59634  -20.849  23.143  59.480 0.1250000000
58432  -42.533  22.189  49.161 0.3750000000
59096  -43.705  22.621  48.852 0.5000000000
58431  -41.520  21.799  49.353 0.3750000000
92990  -46.502  21.899  49.036 0.8750000000
57796  -46.613  21.224  48.562 0.8750000000
57118  -46.231  20.206  48.175 0.7500000000
56503  -44.733  18.737  47.078 0.6250000000
56512  -44.561  18.470  45.490 0.5000000000
56545  -43.902  18.133  43.002 0.2500000000
56552  -44.042  18.229  42.117 0.2500000000
56569  -44.898  18.303  38.878 0.2500000000
88483  -45.320  18.260  37.764 0.2500000000
83718  -45.608  18.837  37.622 0.2500000000
56579  -45.577  18.314  37.033 0.2500000000
56586  -45.866  18.133  36.206 0.2500000000
56595  -46.214  18.168  35.471 0.3750000000
60747  -1.578  25.384  68.817 0.6250000000
60755  -2.044  25.554  68.000 0.6250000000
61257  -1.724  26.507  67.727 0.6250000000
61721  -2.260  26.899  67.081 0.5000000000
60727  -0.774  26.396  72.377 1.0000000000
60737  -1.286  25.356  70.683 0.8750000000
87393  -2.406  26.112  67.451 0.5000000000
84140  -0.066  27.243  73.061 1.0000000000
60731  -0.978  26.202  71.274 1.0000000000
60174  -1.872  24.703  69.222 0.7500000000
82612  -2.888  25.519  67.584 0.5000000000
61258  -3.078  26.248  67.006 0.5000000000
61267  -2.910  27.077  66.589 0.5000000000
61236  -0.487  27.047  71.916 1.0000000000
61241  -0.702  26.881  70.848 0.8750000000
60186  -2.735  24.855  68.158 0.6250000000
61268  -3.632  26.789  66.567 0.5000000000
61234  0.725  27.645  73.753 1.0000000000
61688  0.580  27.907  73.158 1.0000000000
61692  0.154  27.857  72.463 1.0000000000
61698  -0.223  27.778  71.504 1.0000000000
61703  -0.493  27.652  70.487 0.8750000000
60189  -5.057  25.270  67.888 0.5000000000
60757  -4.348  25.484  67.459 0.5000000000
60764  -3.898  26.109  66.963 0.5000000000
61687  1.263  28.257  73.554 1.0000000000
60758  -5.113  25.897  67.601 0.5000000000
61259  -4.553  26.134  67.140 0.5000000000
61269  -4.352  26.672  66.704 0.5000000000
61686  2.121  28.351  73.709 1.0000000000
62168  1.680  28.896  73.106 1.0000000000
61691  0.876  28.562  72.904 1.0000000000
61697  0.454  28.732  72.135 1.0000000000
86768  -0.040  28.757  71.200 0.8750000000
61712  -5.907  27.981  69.723 0.5000000000
61722  -5.583  27.301  67.841 0.5000000000
61260  -5.147  26.698  67.222 0.5000000000
61689  3.515  28.023  72.566 1.0000000000
61690  2.457  28.820  72.955 1.0000000000
62170  1.842  29.768  72.421 1.0000000000
62658  1.500  30.737  72.044 1.0000000000
62176  0.719  29.959  71.878 1.0000000000
62659  -7.071  29.737  72.143 0.3750000000
87348  -6.265  28.217  70.949 0.5000000000
62181  -6.103  28.944  70.439 0.3750000000
62187  -5.628  28.058  68.501 0.5000000000
87947  -12.885  24.222  59.076 0.2500000000
61695  3.953  27.877  71.451 1.0000000000
62169  2.247  29.640  72.231 1.0000000000
62664  -6.462  29.827  71.233 0.5000000000
61248  3.394  26.357  68.743 1.0000000000
61701  3.786  27.629  70.329 1.0000000000
61696  3.051  28.794  71.933 1.0000000000
62670  -8.505  30.087  70.671 0.3750000000
63108  -8.070  30.533  71.860 0.3750000000
59649  -12.974  23.262  59.314 0.2500000000
59648  -12.236  23.041  59.208 0.2500000000
61255  3.376  26.304  67.764 1.0000000000
60746  3.526  25.504  68.225 1.0000000000
58980  -12.602  22.366  59.246 0.2500000000
58964  -13.291  22.350  59.506 0.2500000000
60753  3.330  25.372  67.317 1.0000000000
84568  -7.666  29.049  65.778 0.2500000000
58327  -12.275  21.608  59.068 0.2500000000
58328  -12.980  21.584  59.132 0.2500000000
57670  -12.644  20.839  58.843 0.2500000000
60754  2.894  25.566  66.404 1.0000000000
88976  2.449  24.118  66.206 1.0000000000
89282  2.142  24.163  65.580 1.0000000000
84409  -7.440  28.978  64.088 0.2500000000
57671  -13.414  20.772  58.969 0.3750000000
57672  -13.837  19.983  58.686 0.2500000000
57662  -14.269  20.645  59.368 0.2500000000
94703  -13.062  20.096  58.551 0.2500000000
88644  1.173  22.841  63.340 0.8750000000
58939  0.575  21.954  62.138 0.7500000000
93844  0.007  22.238  61.720 0.7500000000
58303  -0.747  21.803  60.957 0.7500000000
58940  -0.553  22.461  61.354 0.7500000000
58310  -0.476  21.127  60.762 0.7500000000
57650  -0.759  20.783  60.000 0.7500000000
58941  -1.244  22.283  60.749 0.7500000000
58311  -1.178  21.521  60.372 0.7500000000
60804  -2.851  25.342  60.598 0.7500000000
58947  -1.929  22.076  60.062 0.6250000000
58315  -1.529  21.219  59.593 0.6250000000
60276  -3.019  24.572  60.073 0.6250000000
59607  -2.715  23.984  60.122 0.6250000000
59626  -2.735  23.311  59.844 0.6250000000
58948  -2.303  22.858  60.141 0.5000000000
58959  -2.604  22.483  59.526 0.3750000000
60314  -4.630  24.684  57.431 0.2500000000
59666  -4.583  23.782  56.853 0.2500000000
60817  -3.902  25.493  58.812 0.6250000000
88392  -4.293  23.373  56.113 0.2500000000
93704  -44.302  22.516  48.456 0.5000000000
59097  -44.946  22.878  48.768 0.6250000000
58444  -45.788  22.557  48.187 0.6250000000
58445  -46.491  22.133  48.388 0.6250000000
92251  -46.758  20.981  47.844 0.7500000000
57140  -45.567  19.270  46.868 0.6250000000
95156  -45.034  18.856  46.594 0.6250000000
56556  -44.463  18.334  40.415 0.2500000000
56559  -44.675  18.291  39.559 0.2500000000
56560  -45.143  18.987  39.229 0.3750000000
56570  -45.353  18.814  38.378 0.2500000000
57205  -45.821  19.730  37.866 0.2500000000
57224  -45.990  18.761  36.495 0.3750000000
56587  -46.293  18.816  35.901 0.3750000000
57225  -46.223  19.379  36.314 0.3750000000
57232  -46.434  19.799  35.708 0.3750000000
56601  -46.707  18.301  34.307 0.2500000000
56596  -46.600  18.904  35.133 0.3750000000
89328  -47.401  18.897  33.069 0.2500000000
57253  -47.494  19.138  32.411 0.2500000000
60742  -1.075  26.032  69.306 0.7500000000
61250  -1.362  26.201  68.465 0.7500000000
60736  -0.985  26.033  70.242 0.8750000000
61711  -1.141  27.149  68.258 0.7500000000
61720  -1.518  27.487  67.576 0.7500000000
61246  -0.764  26.774  69.876 0.8750000000
90871  -0.647  27.526  69.646 0.7500000000
61728  -1.913  27.838  66.936 0.6250000000
61729  -2.608  27.961  66.413 0.5000000000
61710  -0.712  28.098  69.018 0.7500000000
61719  -1.074  28.080  68.168 0.7500000000
62195  -1.382  28.745  67.632 0.6250000000
61730  -3.470  27.547  66.225 0.5000000000
61731  -4.148  27.341  66.250 0.5000000000
82583  -5.289  27.961  66.628 0.3750000000
61732  -4.836  27.309  66.607 0.5000000000
87165  -0.421  28.569  70.133 0.7500000000
62180  -0.480  29.786  69.827 0.7500000000
62196  -5.550  28.033  67.456 0.5000000000
84608  -5.367  27.428  67.100 0.5000000000
62177  0.167  30.022  70.881 0.8750000000
62674  -5.593  28.869  67.984 0.3750000000
85755  -13.275  24.791  59.211 0.2500000000
62657  2.007  30.920  72.013 1.0000000000
62663  0.856  31.661  71.744 1.0000000000
62669  -6.101  29.827  69.907 0.3750000000
60291  -13.487  24.019  59.503 0.2500000000
62174  3.517  28.772  70.883 1.0000000000
62175  2.684  29.796  71.484 1.0000000000
63107  -7.572  30.835  71.680 0.3750000000
61718  3.146  27.052  67.419 1.0000000000
61717  3.226  27.166  68.268 1.0000000000
61708  3.439  27.370  69.232 1.0000000000
63113  -8.355  31.075  71.083 0.3750000000
59630  -13.699  23.109  59.732 0.2500000000
63117  -8.440  30.481  68.563 0.2500000000
94112  2.961  27.062  66.776 1.0000000000
82292  -8.273  29.980  66.896 0.3750000000
61256  3.170  26.345  66.911 1.0000000000
60206  2.503  24.843  65.949 1.0000000000
88736  1.814  24.227  64.859 0.8750000000
60232  1.487  24.325  64.140 0.8750000000
59556  1.325  23.605  63.705 0.8750000000
59557  0.868  23.567  63.044 0.8750000000
58934  0.072  22.872  61.957 0.7500000000
83918  -2.226  25.032  61.146 0.6250000000
59586  -1.494  23.551  61.074 0.7500000000
92577  -1.146  22.931  61.075 0.7500000000
60275  -2.488  24.475  60.584 0.7500000000
59606  -2.219  23.622  60.510 0.7500000000
59605  -1.745  22.891  60.612 0.7500000000
87837  -3.302  25.971  60.240 0.6250000000
87588  -3.575  25.781  59.570 0.6250000000
83065  -4.686  23.895  55.875 0.2500000000
83132  -45.500  22.307  47.386 0.5000000000
58456  -46.465  22.235  47.699 0.7500000000
58454  -43.627  21.903  48.167 0.5000000000
58443  -44.774  22.446  48.041 0.5000000000
57797  -46.774  21.704  47.834 0.7500000000
57811  -46.905  21.360  47.137 0.7500000000
57141  -46.310  19.784  46.422 0.6250000000
57855  -42.110  21.067  43.447 0.1250000000
57131  -46.430  20.177  47.287 0.7500000000
57151  -46.227  19.581  45.557 0.6250000000
57150  -45.364  18.919  45.083 0.6250000000
56530  -44.534  18.474  44.541 0.6250000000
56555  -44.263  18.300  41.275 0.2500000000
57193  -44.930  19.054  41.052 0.3750000000
56557  -45.006  18.996  40.053 0.3750000000
57197  -45.640  19.995  38.821 0.2500000000
57876  -46.258  20.887  38.001 0.5000000000
57886  -46.291  20.588  37.180 0.3750000000
57217  -46.289  20.237  36.434 0.3750000000
87389  -46.622  19.964  34.983 0.3750000000
57240  -46.889  19.394  34.401 0.2500000000
57924  -46.679  19.976  33.568 0.3750000000
81619  -47.076  19.579  32.958 0.3750000000
57930  -46.134  20.325  32.689 0.3750000000
57931  -46.918  19.817  32.094 0.2500000000
62207  -3.313  28.346  65.912 0.5000000000
62217  -3.864  28.651  65.538 0.5000000000
62205  -1.923  28.814  66.797 0.6250000000
61736  -4.010  28.024  65.813 0.5000000000
62218  -4.531  28.705  65.594 0.5000000000
62186  -0.889  29.321  68.693 0.7500000000
82381  -5.509  28.706  66.916 0.3750000000
62209  -5.176  28.599  66.118 0.3750000000
62668  0.013  31.696  70.791 0.8750000000
63116  -6.214  30.698  69.506 0.3750000000
83088  -6.055  30.918  68.400 0.3750000000
63104  1.991  32.188  71.797 0.8750000000
82408  -6.937  31.533  71.075 0.3750000000
63569  -6.349  31.570  69.339 0.3750000000
61702  3.407  28.573  69.659 1.0000000000
62179  3.061  29.744  70.454 1.0000000000
62662  2.417  30.981  71.295 1.0000000000
86881  -7.980  31.337  71.405 0.3750000000
63564  -7.050  32.388  70.804 0.3750000000
60279  -13.762  24.914  59.889 0.2500000000
61709  3.210  28.242  68.690 1.0000000000
94989  3.228  28.751  69.134 1.0000000000
90007  -8.460  31.638  70.332 0.2500000000
63566  -8.175  32.074  70.846 0.2500000000
59631  -14.087  23.819  60.059 0.2500000000
61726  2.836  27.689  67.219 1.0000000000
63571  -8.491  31.519  69.296 0.2500000000
63122  -8.362  30.597  67.446 0.3750000000
61727  2.481  27.531  66.531 0.8750000000
61265  2.659  26.603  66.132 1.0000000000
60770  2.370  25.697  65.654 1.0000000000
62694  -7.981  29.887  66.148 0.3750000000
60207  2.079  24.942  65.255 1.0000000000
60220  1.685  24.987  64.603 0.8750000000
60233  0.976  24.422  63.431 0.7500000000
60249  0.409  24.190  62.793 0.7500000000
59571  0.323  23.511  62.469 0.7500000000
59572  -0.176  23.591  62.077 0.7500000000
60263  -0.593  24.133  62.040 0.6250000000
59585  -0.719  23.394  61.586 0.7500000000
60798  -2.493  25.938  61.350 0.6250000000
94760  -1.667  24.764  61.499 0.6250000000
60264  -1.250  24.167  61.558 0.6250000000
87737  -2.975  26.169  60.810 0.6250000000
61304  -3.199  26.741  60.488 0.6250000000
61305  -3.501  26.551  59.783 0.6250000000
60818  -4.372  25.534  57.967 0.3750000000
60322  -4.941  24.630  56.492 0.3750000000
61311  -3.758  26.268  59.172 0.5000000000
58465  -46.521  22.192  46.997 0.7500000000
58466  -46.801  21.903  47.264 0.7500000000
57132  -46.830  20.659  46.647 0.6250000000
57856  -43.192  21.247  43.650 0.2500000000
57164  -45.289  18.983  44.193 0.6250000000
56542  -44.532  18.550  43.629 0.6250000000
56546  -44.590  18.651  42.764 0.6250000000
57183  -45.210  19.280  42.549 0.6250000000
56553  -44.677  18.804  41.928 0.5000000000
87940  -45.399  19.668  39.659 0.3750000000
57874  -46.174  21.087  38.760 0.5000000000
87930  -46.817  21.933  37.309 0.3750000000
57887  -46.399  21.361  36.611 0.3750000000
57896  -46.273  20.829  35.919 0.3750000000
88016  -46.278  21.637  36.160 0.3750000000
58571  -46.113  21.136  35.474 0.3750000000
57904  -46.188  20.788  34.817 0.3750000000
57913  -46.375  20.401  34.211 0.3750000000
57923  -45.673  20.581  33.514 0.3750000000
62206  -2.551  28.961  66.173 0.6250000000
62216  -3.222  29.216  65.566 0.5000000000
83719  -4.032  29.253  65.223 0.5000000000
62691  -2.086  29.908  66.793 0.6250000000
62219  -5.150  29.174  65.652 0.3750000000
62702  -4.771  29.496  65.169 0.3750000000
78520  -1.208  30.366  68.362 0.7500000000
62683  -1.633  29.832  67.458 0.7500000000
62693  -5.456  29.350  66.315 0.3750000000
63139  -5.408  29.973  65.562 0.3750000000
78968  -0.622  31.427  69.566 0.7500000000
62684  -5.601  29.574  67.342 0.3750000000
63128  -5.602  30.233  66.692 0.3750000000
62667  0.581  33.011  71.344 0.8750000000
62666  2.627  30.831  70.286 1.0000000000
63109  1.755  32.919  71.268 0.8750000000
63986  -6.956  32.991  70.460 0.2500000000
63567  -6.636  32.240  70.283 0.3750000000
81806  3.065  27.747  67.853 1.0000000000
63987  -7.376  32.781  70.644 0.2500000000
63988  -7.762  32.649  70.712 0.2500000000
62202  2.414  28.214  67.051 0.8750000000
63989  -8.104  32.934  70.433 0.2500000000
63568  -8.471  32.387  70.054 0.2500000000
63570  -8.438  31.425  68.134 0.2500000000
61266  2.019  27.343  65.790 0.8750000000
61274  2.018  26.499  65.364 1.0000000000
63130  -8.245  30.657  66.563 0.3750000000
61279  1.373  26.402  64.710 0.8750000000
60775  1.431  25.600  64.491 0.6250000000
60780  1.270  25.089  64.001 0.7500000000
60781  0.634  25.284  63.544 0.6250000000
60234  0.367  24.826  63.058 0.6250000000
60789  -0.798  25.556  62.615 0.6250000000
60791  -1.965  26.258  62.032 0.6250000000
60790  -1.422  25.679  62.215 0.6250000000
60251  -1.092  24.934  62.003 0.6250000000
61299  -2.793  26.826  61.224 0.6250000000
60797  -1.829  25.432  61.715 0.6250000000
61764  -3.364  27.340  59.997 0.6250000000
62265  -3.359  27.969  59.472 0.6250000000
60830  -4.813  25.607  57.039 0.3750000000
60840  -5.110  25.362  56.143 0.3750000000
61316  -4.044  26.335  58.490 0.3750000000
61317  -4.422  26.382  57.686 0.3750000000
61324  -4.706  26.485  57.019 0.3750000000
58464  -45.668  22.164  46.517 0.5000000000
58472  -46.776  22.230  46.245 0.5000000000
80557  -47.343  22.010  45.904 0.7500000000
57819  -47.184  21.439  46.318 0.6250000000
92214  -47.042  21.930  46.638 0.7500000000
57142  -46.923  20.531  45.957 0.6250000000
57152  -46.879  20.390  45.116 0.6250000000
57835  -44.550  21.462  45.013 0.3750000000
58479  -45.601  22.122  44.777 0.3750000000
57834  -43.534  20.896  44.510 0.2500000000
58478  -44.513  21.694  44.076 0.2500000000
84780  -46.134  19.512  44.697 0.6250000000
91102  -46.743  20.214  44.395 0.6250000000
57166  -46.834  20.524  43.748 0.6250000000
57181  -46.009  19.823  43.101 0.6250000000
57180  -45.246  19.121  43.359 0.6250000000
57184  -45.766  20.013  42.271 0.6250000000
57190  -45.171  19.410  41.842 0.5000000000
57191  -45.484  19.986  41.383 0.6250000000
57194  -45.401  19.848  40.443 0.5000000000
57871  -45.843  20.823  40.805 0.6250000000
58526  -46.410  21.724  40.212 0.6250000000
86469  -45.814  20.725  39.696 0.5000000000
58533  -46.743  21.788  39.144 0.5000000000
59836  -46.850  23.988  38.557 0.3750000000
57877  -46.964  21.892  38.168 0.6250000000
59190  -47.109  23.294  37.965 0.3750000000
58555  -46.625  22.232  36.801 0.3750000000
90990  -46.162  22.193  36.349 0.3750000000
95757  -45.396  22.000  36.114 0.3750000000
58584  -45.699  21.169  35.019 0.3750000000
57912  -45.297  20.910  34.302 0.3750000000
62692  -2.573  29.727  66.030 0.6250000000
63127  -2.297  30.626  66.401 0.6250000000
62700  -2.866  30.146  65.546 0.6250000000
63138  -3.435  30.646  64.903 0.6250000000
62709  -4.177  29.956  64.822 0.3750000000
78845  -0.999  31.844  68.981 0.7500000000
78522  -1.321  32.303  68.398 0.7500000000
78896  -0.608  33.184  69.809 0.7500000000
78521  -1.506  31.055  68.003 0.7500000000
63581  -5.761  31.686  66.407 0.3750000000
88927  -5.618  30.909  66.043 0.3750000000
63115  1.499  33.029  70.093 0.8750000000
79031  0.285  34.046  70.040 0.7500000000
63111  -0.070  33.380  70.638 0.8750000000
63129  -5.829  31.184  67.248 0.3750000000
62680  2.366  29.981  68.327 0.8750000000
62673  1.782  31.405  68.846 0.8750000000
63110  0.829  33.654  71.050 0.8750000000
63992  -6.437  32.808  68.965 0.2500000000
63574  -6.308  31.959  68.315 0.3750000000
62194  2.070  29.102  67.361 0.8750000000
62672  2.352  31.117  69.446 0.8750000000
86380  -6.443  32.324  69.363 0.3750000000
62193  2.804  28.635  67.873 0.8750000000
62185  3.017  29.483  69.150 1.0000000000
64427  -7.961  33.588  70.272 0.2500000000
83008  -8.297  33.408  69.819 0.2500000000
63993  -8.457  32.284  67.797 0.2500000000
62203  1.750  28.252  66.487 0.8750000000
61735  1.177  27.876  65.567 0.8750000000
61741  1.582  27.110  65.167 0.8750000000
63575  -8.339  31.416  67.130 0.2500000000
61280  0.574  26.618  64.284 0.6250000000
61286  0.192  26.036  63.698 0.6250000000
61287  -0.639  26.267  63.226 0.6250000000
61294  -1.735  26.806  62.488 0.6250000000
61293  -1.322  26.239  62.615 0.6250000000
93560  -2.407  26.564  61.654 0.6250000000
61763  -3.116  27.506  60.767 0.6250000000
62255  -3.214  28.086  60.295 0.6250000000
62744  -3.089  28.697  59.098 0.5000000000
61771  -3.699  27.107  59.096 0.6250000000
62273  -3.547  28.027  58.476 0.5000000000
62754  -3.090  28.930  58.227 0.5000000000
61779  -4.048  27.154  58.146 0.3750000000
87552  -3.970  27.831  57.645 0.3750000000
61788  -4.364  27.786  56.963 0.3750000000
90414  -47.060  22.305  45.610 0.6250000000
57826  -47.367  21.427  45.516 0.6250000000
57818  -44.412  21.419  45.980 0.3750000000
58471  -45.894  22.191  45.619 0.5000000000
58473  -47.447  22.066  45.179 0.6250000000
58480  -46.793  22.343  44.996 0.5000000000
58481  -47.306  22.237  44.310 0.7500000000
57836  -47.343  21.317  44.575 0.6250000000
58504  -46.746  22.560  43.671 0.6250000000
57860  -47.119  21.758  43.080 0.6250000000
57857  -47.279  21.565  43.697 0.6250000000
57859  -46.740  20.838  42.859 0.6250000000
57867  -46.730  21.679  42.354 0.6250000000
57866  -46.219  20.811  41.828 0.6250000000
58520  -46.378  21.733  41.311 0.6250000000
84605  -46.812  22.622  40.692 0.6250000000
58527  -47.059  22.689  39.557 0.6250000000
59183  -47.184  23.616  38.865 0.5000000000
58534  -47.230  22.747  38.458 0.6250000000
78897  -3.027  31.751  65.169 0.6250000000
89704  -1.512  32.492  68.003 0.7500000000
78892  -2.550  31.152  65.808 0.6250000000
63147  -4.361  30.703  64.457 0.3750000000
89637  -1.036  32.991  68.718 0.7500000000
79163  -1.789  31.267  67.426 0.7500000000
89710  -1.965  31.750  66.962 0.7500000000
92454  -5.025  30.866  64.425 0.3750000000
78992  -0.032  32.886  68.429 0.7500000000
80767  -0.804  32.924  69.035 0.7500000000
93638  -1.761  30.479  67.403 0.7500000000
63588  -5.580  31.617  65.430 0.3750000000
63597  -5.283  31.488  64.514 0.3750000000
79143  0.873  32.514  68.768 0.8750000000
62682  0.747  30.849  67.410 0.7500000000
62681  1.559  30.464  67.852 0.8750000000
62689  1.274  29.401  66.919 0.8750000000
63990  -6.617  33.028  69.819 0.2500000000
64426  -7.663  33.775  70.163 0.2500000000
64926  -7.997  34.249  69.994 0.2500000000
63994  -8.589  33.320  68.670 0.2500000000
62204  1.007  28.690  66.213 0.8750000000
63583  -8.296  31.415  66.245 0.3750000000
61742  0.950  27.261  64.796 0.7500000000
61281  -0.240  26.767  63.908 0.6250000000
61750  -1.236  27.554  63.391 0.6250000000
61288  -1.270  26.880  63.012 0.6250000000
61758  -2.806  27.602  61.400 0.6250000000
87010  -2.611  28.113  61.859 0.6250000000
62254  -2.981  28.328  61.087 0.6250000000
62264  -3.024  28.728  60.437 0.6250000000
94738  -3.137  28.567  59.853 0.6250000000
62743  -2.596  29.419  58.805 0.5000000000
62285  -3.563  28.529  57.700 0.2500000000
62763  -3.229  29.154  57.626 0.3750000000
61789  -4.393  27.137  57.361 0.3750000000
62297  -4.307  28.427  56.649 0.3750000000
87918  -5.109  27.894  55.356 0.1250000000
90374  -2.477  32.464  65.895 0.7500000000
87370  -3.613  32.044  64.321 0.3750000000
78530  -0.984  33.162  67.932 0.7500000000
78782  -0.579  33.180  67.930 0.7500000000
78823  -1.252  33.117  67.804 0.7500000000
93464  -1.337  33.019  68.231 0.7500000000
78810  -1.636  32.519  67.576 0.7500000000
89774  0.001  32.741  67.254 0.7500000000
63606  -4.295  32.129  63.885 0.3750000000
78523  -0.064  32.615  69.305 0.7500000000
64024  -4.683  32.774  63.709 0.3750000000
80753  -0.015  32.354  67.247 0.7500000000
80143  0.266  32.678  67.983 0.7500000000
64031  0.735  32.663  62.010 0.5000000000
63137  0.066  30.947  66.687 0.7500000000
62690  0.532  29.598  66.432 0.7500000000
64033  -0.921  32.307  63.018 0.5000000000
63624  -1.062  31.719  62.302 0.5000000000
63615  -1.489  31.587  63.149 0.6250000000
91474  -0.307  31.692  61.621 0.5000000000
62214  0.460  28.696  65.661 0.8750000000
62224  0.405  27.999  64.978 0.6250000000
61743  0.122  27.354  64.447 0.6250000000
63625  -1.156  31.170  61.416 0.5000000000
62225  -0.324  28.099  64.471 0.6250000000
61749  -0.605  27.501  63.953 0.6250000000
92823  -1.901  30.647  61.691 0.5000000000
88401  -2.203  27.956  62.447 0.6250000000
62247  -2.654  28.806  61.655 0.6250000000
63190  -2.134  29.893  59.463 0.5000000000
63199  -1.886  30.066  58.536 0.5000000000
63207  -1.813  30.543  57.839 0.5000000000
62753  -2.578  29.692  57.889 0.5000000000
62764  -3.766  28.965  57.052 0.3750000000
62771  -3.249  29.686  57.201 0.2500000000
86476  -4.279  29.032  56.424 0.2500000000
62781  -4.652  29.501  55.816 0.1250000000
62310  -4.692  28.574  55.946 0.3750000000
62311  -5.088  28.764  55.155 0.1250000000
62782  -5.110  29.609  54.899 0.1250000000
62322  -5.366  28.076  54.462 0.1250000000
78529  -1.299  33.807  68.094 0.7500000000
92391  -1.334  34.054  68.050 0.7500000000
64012  -3.022  32.623  64.980 0.5000000000
78533  -1.750  33.385  67.086 0.7500000000
92877  -2.335  33.019  66.082 0.7500000000
64449  -2.694  33.370  65.230 0.5000000000
79214  -0.215  32.853  66.963 0.7500000000
64461  -4.319  33.405  63.531 0.3750000000
64023  -4.144  32.802  63.607 0.3750000000
64469  0.672  33.461  62.679 0.5000000000
64020  -0.610  32.792  63.788 0.6250000000
64470  -0.112  32.906  62.864 0.5000000000
90129  1.023  33.376  61.829 0.5000000000
64021  -1.138  32.115  63.931 0.6250000000
63156  -1.794  30.696  63.213 0.6250000000
62698  -0.130  29.598  65.769 0.7500000000
63163  -1.686  31.032  62.364 0.5000000000
63633  0.191  31.383  60.715 0.5000000000
62215  -0.198  28.736  65.079 0.6250000000
63164  -2.049  30.241  62.302 0.6250000000
62232  -1.017  28.315  63.852 0.6250000000
63170  -1.835  30.590  60.879 0.5000000000
62226  -1.173  29.169  64.119 0.6250000000
63634  -0.811  30.790  60.340 0.5000000000
63642  -0.715  30.545  59.542 0.5000000000
62240  -1.706  28.273  63.066 0.6250000000
62241  -2.264  28.758  62.386 0.6250000000
62722  -2.407  29.484  61.895 0.6250000000
63171  -2.300  30.068  61.390 0.5000000000
63179  -1.555  30.350  59.947 0.5000000000
62728  -2.717  29.274  60.982 0.5000000000
63180  -2.318  29.940  60.454 0.5000000000
63189  -1.233  30.283  59.098 0.5000000000
63208  -2.703  30.322  57.348 0.5000000000
63216  -4.296  30.412  56.071 0.1250000000
62772  -3.960  29.678  56.569 0.2500000000
90060  -2.921  30.788  57.048 0.3750000000
63658  -2.405  31.031  57.259 0.3750000000
78989  0.145  34.054  68.058 0.6250000000
78883  -0.554  33.996  69.272 0.7500000000
64932  -0.858  34.517  69.225 0.5000000000
78757  -1.356  34.436  67.916 0.6250000000
78528  -0.437  33.026  67.289 0.6250000000
64940  -1.674  33.936  67.017 0.6250000000
64440  -2.167  33.529  66.213 0.5000000000
64941  -2.385  34.119  65.470 0.5000000000
64948  -3.126  33.788  64.404 0.3750000000
64450  -3.272  33.157  64.426 0.3750000000
64022  -3.707  32.635  64.006 0.3750000000
64459  0.103  33.533  63.742 0.6250000000
80829  0.810  34.147  63.344 0.5000000000
78525  -0.284  32.309  66.618 0.7500000000
63605  -1.437  31.358  64.046 0.6250000000
78531  -1.200  31.265  64.978 0.7500000000
64040  1.121  32.454  61.215 0.5000000000
64049  0.983  31.857  60.757 0.5000000000
64048  1.162  32.295  60.367 0.5000000000
63632  0.898  31.552  59.998 0.5000000000
62707  -0.823  29.533  64.983 0.6250000000
92024  -0.690  28.761  64.499 0.6250000000
95123  -1.899  30.081  62.894 0.6250000000
64057  0.666  31.447  59.060 0.5000000000
62233  -1.456  28.896  63.491 0.6250000000
62716  -2.031  29.577  62.640 0.6250000000
63641  0.167  30.859  59.588 0.5000000000
62234  -1.760  29.055  62.966 0.6250000000
63188  -0.410  30.575  58.915 0.5000000000
63197  -0.401  30.779  58.382 0.5000000000
63656  -0.841  30.933  57.909 0.5000000000
63657  -1.524  31.337  57.406 0.5000000000
63664  -2.294  31.831  56.934 0.3750000000
63215  -3.457  30.478  56.740 0.3750000000
63665  -3.116  31.364  56.708 0.3750000000
63666  -3.930  31.210  56.177 0.1250000000
86219  -4.602  31.168  55.544 0.1250000000
63678  -5.099  31.125  54.840 0.1250000000
91634  0.343  34.153  68.768 0.6250000000
95114  0.472  34.509  69.090 0.5000000000
65446  -0.281  35.144  69.519 0.5000000000
65452  -1.044  35.242  68.451 0.5000000000
89987  -2.162  35.121  65.098 0.5000000000
90248  -2.943  34.551  64.215 0.5000000000
64958  -3.611  34.896  63.291 0.5000000000
64439  0.357  34.252  65.454 0.6250000000
64938  0.631  34.874  65.922 0.6250000000
65458  -1.456  35.412  66.577 0.5000000000
65459  -1.794  34.575  66.349 0.5000000000
94252  -3.593  34.123  63.736 0.5000000000
64959  -4.036  34.104  63.431 0.5000000000
64939  0.259  34.265  66.942 0.6250000000
64947  0.806  34.753  64.828 0.6250000000
65464  1.181  35.471  65.116 0.5000000000
65484  -4.044  35.202  62.901 0.5000000000
78958  -0.020  33.656  66.403 0.6250000000
90229  -0.347  33.133  64.526 0.6250000000
64458  0.592  34.219  64.309 0.6250000000
64957  0.996  34.893  63.995 0.6250000000
64956  1.031  34.652  63.051 0.5000000000
86147  -4.406  34.376  63.590 0.3750000000
79103  -0.431  32.607  65.933 0.6250000000
91800  0.902  33.995  62.602 0.5000000000
64966  0.956  34.376  62.213 0.5000000000
79029  -0.661  32.591  64.747 0.6250000000
64973  0.867  34.132  61.298 0.5000000000
78527  -0.995  31.981  64.903 0.7500000000
80373  -0.300  31.417  66.394 0.7500000000
64483  1.144  33.175  60.804 0.5000000000
78526  -0.549  30.468  65.747 0.7500000000
64488  1.003  33.076  59.807 0.5000000000
79132  -1.514  30.565  64.189 0.6250000000
62699  -1.146  30.463  65.034 0.7500000000
62708  -1.359  29.877  64.387 0.6250000000
88327  0.990  32.205  59.464 0.5000000000
62715  -1.669  29.744  63.479 0.6250000000
64065  0.211  31.589  58.216 0.5000000000
63655  -0.209  31.097  58.099 0.5000000000
64073  -0.558  31.726  57.552 0.5000000000
64529  -3.798  33.886  54.770 0.3750000000
64521  -3.752  33.293  55.275 0.2500000000
64098  -3.683  32.542  55.794 0.2500000000
64087  -2.979  32.261  56.376 0.2500000000
65036  -3.348  34.469  54.469 0.3750000000
64099  -4.408  32.622  55.169 0.2500000000
63676  -3.631  31.873  56.177 0.1250000000
65037  -4.261  34.164  54.207 0.2500000000
64530  -4.540  33.360  54.563 0.1250000000
64105  -5.026  32.592  54.500 0.1250000000
64935  0.496  34.799  67.494 0.6250000000
65450  0.703  35.367  68.229 0.6250000000
65444  0.853  36.039  68.342 0.5000000000
65959  -0.251  36.851  67.856 0.5000000000
65960  -0.964  36.281  67.396 0.5000000000
65965  1.561  37.036  66.810 0.5000000000
65967  -1.174  36.488  65.962 0.5000000000
65465  -1.611  35.897  65.272 0.5000000000
89306  1.542  36.327  64.946 0.5000000000
65471  1.161  35.419  63.515 0.5000000000
93281  -4.982  34.371  64.039 0.3750000000
65481  1.071  35.358  62.610 0.5000000000
83945  0.858  35.063  61.715 0.5000000000
78956  -0.557  32.076  65.824 0.7500000000
78524  -0.672  31.293  65.748 0.7500000000
64980  0.647  34.177  60.192 0.5000000000
64497  0.794  32.945  59.007 0.5000000000
64064  0.633  32.312  58.561 0.5000000000
84354  0.068  32.572  57.657 0.5000000000
64074  -0.627  32.754  56.952 0.5000000000
64075  -1.389  32.174  56.964 0.3750000000
65035  -2.396  34.658  54.640 0.3750000000
65022  -2.042  34.257  55.153 0.3750000000
64086  -2.143  32.652  56.530 0.3750000000
65023  -2.913  33.941  55.128 0.3750000000
64097  -2.817  33.162  55.884 0.3750000000
65049  -3.832  34.872  53.865 0.2500000000
64531  -5.152  33.131  54.052 0.1250000000
64538  -4.969  33.735  53.827 0.1250000000
64106  -5.374  32.584  53.788 0.1250000000
66548  0.801  37.662  67.369 0.5000000000
66549  0.196  37.700  67.215 0.5000000000
65966  -0.615  37.288  66.735 0.5000000000
65472  -2.743  35.400  63.829 0.5000000000
65482  -3.188  35.737  62.944 0.5000000000
66554  1.484  37.812  66.322 0.5000000000
66556  -0.811  37.451  65.513 0.5000000000
65972  -1.384  36.654  64.830 0.5000000000
65973  -2.020  36.004  64.350 0.5000000000
65980  -2.444  36.239  63.451 0.5000000000
65989  -3.520  36.121  62.214 0.3750000000
65483  -3.790  35.560  62.583 0.5000000000
87271  1.652  37.207  64.727 0.5000000000
65480  1.239  36.000  63.188 0.5000000000
65987  1.165  36.360  62.609 0.5000000000
65491  0.935  36.008  61.917 0.5000000000
90674  0.643  35.722  61.272 0.5000000000
82807  0.548  35.004  60.866 0.5000000000
65512  0.212  35.131  60.137 0.5000000000
64991  0.153  34.836  59.386 0.5000000000
88334  0.514  33.862  59.066 0.5000000000
64498  0.402  33.325  58.248 0.5000000000
64504  0.008  33.488  57.413 0.5000000000
95401  -0.175  33.069  57.146 0.3750000000
65541  -1.859  35.389  54.238 0.2500000000
64085  -1.349  32.881  56.561 0.3750000000
65547  -2.464  35.781  53.644 0.3750000000
64513  -1.791  33.365  56.091 0.3750000000
64520  -2.169  33.771  55.569 0.3750000000
65542  -2.847  35.120  54.052 0.3750000000
65548  -3.360  35.518  53.448 0.1250000000
65050  -4.673  34.443  53.495 0.1250000000
65549  -4.291  35.162  53.156 0.1250000000
65051  -5.276  33.965  53.091 0.1250000000
64111  -5.544  32.614  53.012 0.1250000000
65065  -5.390  34.134  52.267 0.1250000000
67117  0.659  38.343  66.585 0.5000000000
66555  -0.126  38.202  66.282 0.5000000000
67125  0.544  39.184  65.263 0.5000000000
66562  -0.344  38.546  65.205 0.5000000000
67124  1.144  39.146  65.107 0.5000000000
66561  1.621  38.039  65.345 0.5000000000
66563  -1.084  37.542  64.470 0.5000000000
65979  -1.743  36.817  63.927 0.5000000000
65988  -2.773  36.485  62.641 0.5000000000
67123  1.457  38.819  64.824 0.5000000000
87558  1.634  38.125  64.391 0.5000000000
65492  -4.081  36.027  61.913 0.3750000000
66575  1.533  37.963  63.351 0.5000000000
65997  1.122  36.999  62.044 0.5000000000
66583  1.439  38.014  62.390 0.5000000000
68191  1.917  41.088  61.836 0.5000000000
68193  2.124  41.284  61.089 0.5000000000
67671  2.109  40.592  61.430 0.5000000000
67158  1.691  39.483  60.765 0.5000000000
66584  1.215  37.818  61.561 0.5000000000
66007  0.729  36.697  61.253 0.5000000000
67147  1.431  38.644  61.106 0.5000000000
66597  0.804  37.622  60.826 0.5000000000
65501  0.233  35.939  60.544 0.5000000000
68633  1.904  42.046  61.071 0.5000000000
66610  0.826  38.319  60.222 0.5000000000
66598  0.312  37.381  60.256 0.5000000000
66021  -0.115  36.625  59.978 0.5000000000
67672  2.063  40.278  60.501 0.5000000000
67170  1.292  39.273  59.839 0.5000000000
65513  -0.201  35.729  59.674 0.5000000000
66611  -0.105  37.468  59.611 0.5000000000
66035  -0.655  36.486  59.057 0.5000000000
65520  -0.358  35.431  58.800 0.5000000000
94387  0.253  33.980  58.425 0.5000000000
65525  -0.316  35.080  57.815 0.5000000000
92558  0.029  34.559  58.558 0.5000000000
64999  0.017  34.116  57.894 0.5000000000
64511  -0.338  33.526  56.764 0.3750000000
65546  -1.878  36.094  53.810 0.2500000000
66090  -1.309  36.235  54.291 0.3750000000
65537  -1.129  35.446  54.832 0.3750000000
64519  -1.277  34.146  55.588 0.3750000000
64512  -0.942  33.466  56.320 0.3750000000
65034  -1.569  34.785  54.919 0.3750000000
65556  -4.630  35.375  52.406 0.1250000000
65064  -4.986  34.681  52.724 0.1250000000
67658  -0.051  39.306  64.550 0.5000000000
66567  -0.760  38.400  64.119 0.5000000000
66568  -1.435  37.622  63.594 0.5000000000
65998  -3.038  36.754  61.896 0.5000000000
67660  1.053  40.055  63.784 0.5000000000
88268  1.304  39.500  64.251 0.5000000000
66576  -1.712  37.769  62.821 0.5000000000
66577  -2.385  37.245  62.368 0.5000000000
66000  -4.257  36.443  61.062 0.3750000000
67663  1.235  40.415  62.980 0.5000000000
67130  1.576  39.033  63.906 0.5000000000
67666  1.550  40.810  62.353 0.5000000000
67138  1.602  39.136  62.929 0.5000000000
68194  1.480  41.444  61.494 0.5000000000
67665  1.946  40.646  61.963 0.5000000000
67662  1.629  40.106  62.443 0.5000000000
67157  1.857  39.793  61.626 0.5000000000
67146  1.641  38.948  61.985 0.5000000000
68635  2.073  42.600  60.588 0.5000000000
68198  2.278  41.785  60.296 0.5000000000
86815  2.255  40.864  60.188 0.5000000000
67680  1.776  40.064  59.557 0.5000000000
67180  0.747  39.344  58.996 0.5000000000
67171  0.250  38.441  59.307 0.5000000000
68197  2.242  41.674  58.990 0.5000000000
83120  2.150  40.824  59.351 0.5000000000
89155  1.315  40.091  58.681 0.5000000000
65005  -0.167  34.352  56.970 0.3750000000
65536  -0.640  35.441  55.560 0.3750000000
65021  -0.667  34.672  55.691 0.3750000000
86635  -0.980  34.850  55.238 0.3750000000
66107  -1.712  36.717  53.622 0.2500000000
66124  -1.980  37.066  52.908 0.2500000000
66108  -2.205  36.435  53.286 0.1250000000
66125  -2.495  36.792  52.582 0.1250000000
66109  -2.922  36.158  53.029 0.1250000000
67131  -0.500  39.084  63.813 0.5000000000
67661  0.247  39.711  63.896 0.5000000000
67139  -0.549  39.286  63.221 0.5000000000
67132  -1.084  38.418  63.327 0.5000000000
65999  -3.738  36.415  61.451 0.3750000000
67664  0.384  40.098  63.210 0.5000000000
67657  0.817  39.616  64.501 0.5000000000
67140  -1.293  38.616  62.618 0.5000000000
66586  -2.598  37.488  61.628 0.5000000000
66587  -3.241  37.023  61.177 0.5000000000
67149  -1.475  38.851  61.876 0.5000000000
66599  -2.789  37.736  60.896 0.5000000000
66600  -3.376  37.250  60.460 0.3750000000
81188  -4.731  36.642  60.759 0.3750000000
67667  0.482  40.498  62.398 0.5000000000
67674  -1.004  39.916  60.889 0.5000000000
67160  -2.416  38.511  60.614 0.5000000000
68192  1.167  41.160  62.005 0.5000000000
94772  0.728  41.207  61.570 0.5000000000
67673  -0.016  40.889  60.920 0.5000000000
68199  -0.702  41.184  60.177 0.5000000000
67681  -1.380  40.170  60.181 0.5000000000
68636  -0.798  41.962  59.765 0.5000000000
69062  1.438  43.199  60.331 0.5000000000
94596  0.719  42.329  60.619 0.5000000000
69061  2.281  43.149  59.977 0.5000000000
68634  2.382  42.439  59.925 0.5000000000
84576  1.720  40.770  58.459 0.5000000000
91774  -0.370  35.195  56.917 0.3750000000
65530  -0.415  34.925  56.243 0.3750000000
66009  -3.827  36.652  60.715 0.3750000000
67148  -0.600  39.546  62.486 0.5000000000
66010  -4.457  36.611  60.255 0.3750000000
67668  -0.744  39.737  61.671 0.5000000000
67159  -1.694  39.080  61.110 0.5000000000
67173  -3.284  38.252  59.416 0.3750000000
66614  -4.313  37.174  59.135 0.3750000000
66024  -4.841  36.780  59.560 0.3750000000
67172  -2.700  38.763  59.855 0.5000000000
67182  -3.033  38.931  59.193 0.3750000000
66629  -4.447  37.816  58.614 0.3750000000
67682  -2.403  39.609  59.506 0.5000000000
67183  -3.710  38.612  58.712 0.3750000000
68206  -1.783  41.065  59.296 0.5000000000
68200  -1.817  40.425  59.564 0.5000000000
67688  -3.179  39.510  58.798 0.5000000000
67689  -4.021  39.433  58.355 0.3750000000
68642  -1.905  41.814  59.124 0.5000000000
86058  -2.649  41.030  58.733 0.5000000000
94180  -3.345  41.143  58.448 0.5000000000
69063  0.145  42.878  60.156 0.5000000000
66011  -5.118  36.764  60.208 0.3750000000
66615  -5.098  37.155  58.873 0.3750000000
67184  -4.646  38.627  58.291 0.3750000000
68208  -3.462  40.349  58.482 0.3750000000
86702  -4.474  40.202  58.236 0.3750000000
67690  -4.958  39.459  58.194 0.3750000000
69072  -0.913  42.885  59.614 0.5000000000
68643  -2.800  41.756  58.662 0.5000000000
68209  -4.104  40.991  58.217 0.5000000000
68210  -5.060  40.885  58.121 0.3750000000
68211  -6.097  40.590  58.170 0.3750000000
69075  -4.074  42.441  58.689 0.5000000000
90175  -6.409  42.040  58.578 0.3750000000
69071  0.591  43.703  59.911 0.5000000000
69487  -5.548  43.034  59.250 0.3750000000
64032  -0.193  32.249  62.191 0.5000000000
64041  0.626  31.984  61.417 0.5000000000
49769  -16.220  9.808  76.330 1.0000000000
49781  -15.811  9.144  75.834 1.0000000000
48904  -15.238  8.424  74.522 1.0000000000
92301  -7.190  11.417  73.938 1.0000000000
49802  -5.949  10.632  73.709 1.0000000000
48992  -10.468  8.303  68.499 1.0000000000
48130  -10.802  7.706  68.992 1.0000000000
49749  -4.744  9.249  78.235 1.0000000000
48845  -4.079  9.189  78.777 1.0000000000
48872  -4.487  9.056  76.557 1.0000000000
92303  -5.047  9.183  76.903 1.0000000000
49787  -4.409  9.427  74.692 1.0000000000
94514  -4.588  9.635  74.118 1.0000000000
48885  -5.113  9.246  76.234 1.0000000000
49777  -5.324  9.501  75.571 1.0000000000
48884  -4.584  9.210  75.620 1.0000000000
81119  -13.060  7.181  70.896 1.0000000000
51543  -9.033  11.124  70.197 1.0000000000
47352  -11.962  6.829  68.994 1.0000000000
46398  2.995  4.909  85.081 0.3750000000
47208  1.471  6.334  86.055 0.3750000000
47978  1.008  7.168  85.961 0.5000000000
48037  5.973  7.781  79.229 0.2500000000
95288  -2.304  8.449  79.184 0.8750000000
79580  -1.904  8.343  79.711 0.8750000000
90702  -2.895  8.572  78.233 1.0000000000
49748  -1.770  9.198  77.113 1.0000000000
49764  -3.023  9.338  76.135 1.0000000000
48871  -3.786  9.085  76.149 1.0000000000
49774  -2.776  9.764  75.525 1.0000000000
49786  -3.502  9.616  74.787 1.0000000000
50672  -16.732  11.439  75.444 1.0000000000
49800  -4.773  9.865  73.663 1.0000000000
50685  -16.665  10.678  74.044 1.0000000000
51520  -5.785  11.463  72.062 1.0000000000
51532  -7.064  11.910  71.509 1.0000000000
48918  -15.521  8.671  73.571 1.0000000000
52375  -7.667  12.472  70.273 1.0000000000
48111  -14.704  7.738  71.228 1.0000000000
79455  -13.695  7.172  70.258 1.0000000000
47353  -12.669  6.742  69.279 1.0000000000
47363  -12.578  6.717  68.548 1.0000000000
48157  -11.656  7.363  67.686 1.0000000000
49743  4.707  9.927  78.001 0.5000000000
94197  2.696  6.850  85.584 0.3750000000
47979  0.120  7.298  85.876 0.5000000000
48830  6.842  8.288  80.264 0.2500000000
48789  -0.829  9.297  83.764 0.8750000000
48788  0.206  8.961  83.557 0.6250000000
48856  4.761  8.397  77.511 0.2500000000
48825  -1.666  8.934  81.859 0.8750000000
48056  4.903  7.167  75.959 0.2500000000
49747  -1.115  9.316  77.242 1.0000000000
49773  -2.165  9.931  76.061 1.0000000000
88415  4.177  12.734  73.552 0.5000000000
51497  -2.353  11.200  74.825 1.0000000000
50677  -3.346  10.218  74.075 1.0000000000
50691  -3.912  10.735  72.880 1.0000000000
50692  -4.384  10.204  73.225 1.0000000000
49805  -16.115  9.314  73.520 1.0000000000
49806  -16.589  10.018  73.440 1.0000000000
53111  -5.839  13.068  70.680 1.0000000000
82860  -16.445  9.477  71.876 1.0000000000
49820  -16.369  9.580  72.681 1.0000000000
49831  -16.867  9.770  71.194 1.0000000000
51548  -8.992  11.791  69.650 1.0000000000
48960  -15.737  8.379  70.877 1.0000000000
85360  -16.688  9.237  70.582 1.0000000000
50731  -18.147  10.774  69.469 0.8750000000
51552  -9.718  11.532  69.154 1.0000000000
48133  -15.101  7.662  69.804 1.0000000000
48976  -16.271  8.508  69.493 1.0000000000
49850  -17.294  9.612  69.364 0.8750000000
48143  -14.032  6.954  68.644 1.0000000000
48993  -15.683  7.929  69.205 1.0000000000
92307  -16.048  8.197  67.915 1.0000000000
49859  -17.346  9.577  68.412 1.0000000000
48161  -14.831  7.324  68.012 1.0000000000
47374  -12.470  6.891  67.814 1.0000000000
49868  -11.072  9.365  66.588 1.0000000000
48176  -12.265  7.597  66.385 1.0000000000
48198  -14.866  7.749  66.152 1.0000000000
48178  -14.026  7.449  66.270 1.0000000000
49028  -12.254  8.261  65.305 1.0000000000
48196  -13.413  7.655  65.639 1.0000000000
47983  1.467  7.851  85.388 0.5000000000
48824  -0.296  8.359  81.750 0.7500000000
49761  -0.885  9.932  76.964 1.0000000000
52342  -17.547  12.937  74.859 1.0000000000
53079  -18.646  14.023  74.227 1.0000000000
52350  -17.569  12.855  74.065 1.0000000000
53068  -23.277  12.919  76.291 0.7500000000
94566  -2.672  12.135  73.926 1.0000000000
52339  -24.080  11.806  75.719 0.8750000000
95345  -16.915  11.340  73.768 1.0000000000
51514  -17.672  12.509  73.256 1.0000000000
50710  -17.194  10.716  72.393 1.0000000000
51535  -18.246  11.619  71.453 1.0000000000
52366  -18.865  12.204  70.934 1.0000000000
53114  -19.676  13.580  70.829 0.8750000000
52364  -4.647  12.764  71.405 1.0000000000
51534  -17.711  10.928  71.419 1.0000000000
53113  -7.256  13.103  70.027 1.0000000000
51545  -18.404  11.230  70.023 0.8750000000
93312  -14.987  7.993  65.526 0.8750000000
85800  -11.774  8.632  65.583 0.8750000000
49029  -14.653  8.168  64.947 0.8750000000
48801  5.857  8.824  82.852 0.6250000000
48785  3.596  8.728  84.114 0.6250000000
53769  4.830  13.908  72.804 0.7500000000
53759  -23.666  14.154  75.439 1.0000000000
53078  -2.447  13.141  74.385 1.0000000000
53778  -19.778  14.565  72.128 1.0000000000
53094  -26.278  13.233  73.186 0.8750000000
53099  -3.822  13.556  72.029 1.0000000000
53786  -4.781  14.054  71.182 1.0000000000
86553  -5.429  13.899  70.748 1.0000000000
53123  -7.049  14.062  69.893 1.0000000000
51579  -19.330  12.095  66.428 0.8750000000
94429  -19.059  11.703  66.167 0.8750000000
49878  -17.277  9.779  65.613 0.8750000000
50771  -17.839  10.422  65.185 0.8750000000
49886  -12.113  9.196  64.327 0.8750000000
53049  4.857  13.321  79.811 0.6250000000
54395  5.053  15.802  74.726 0.8750000000
53755  -19.249  15.048  75.152 1.0000000000
53756  -19.952  15.293  75.410 1.0000000000
54393  -21.232  15.626  75.121 1.0000000000
88943  4.671  15.487  73.376 0.8750000000
52326  -0.945  12.003  76.688 1.0000000000
53775  4.454  13.985  72.030 0.8750000000
52335  -1.791  12.818  75.516 1.0000000000
54424  4.116  14.875  71.725 0.8750000000
53774  -26.306  14.868  73.867 1.0000000000
53800  3.043  14.242  69.795 0.8750000000
53777  -4.131  14.919  72.045 1.0000000000
53795  -6.520  14.803  70.220 1.0000000000
54444  -6.189  15.369  70.682 1.0000000000
49902  -15.690  9.361  63.136 0.8750000000
49716  2.609  9.823  81.365 0.8750000000
55041  4.735  16.415  75.975 0.8750000000
55702  -9.265  17.521  74.844 1.0000000000
55051  4.849  16.646  74.298 0.8750000000
55067  4.254  15.991  72.762 0.8750000000
54405  -4.329  15.985  73.108 1.0000000000
55059  -4.961  16.457  73.344 1.0000000000
55055  -5.265  16.806  74.091 1.0000000000
54397  -3.974  15.908  74.085 1.0000000000
55061  -6.520  16.862  73.189 1.0000000000
55709  -8.160  17.117  73.552 1.0000000000
95632  -8.887  17.329  74.000 1.0000000000
54406  -20.562  15.935  74.064 1.0000000000
54407  -21.324  16.295  73.623 1.0000000000
80924  -3.417  15.169  74.043 1.0000000000
53770  -3.072  14.382  73.937 1.0000000000
86507  -5.963  16.614  72.638 1.0000000000
54419  -21.368  16.169  72.716 1.0000000000
54426  3.185  15.741  71.427 0.8750000000
88474  -3.265  13.977  73.215 1.0000000000
54415  -3.920  15.233  72.707 1.0000000000
55088  -5.931  16.352  71.927 1.0000000000
54412  -26.546  15.563  73.553 1.0000000000
54430  -5.994  15.911  71.208 1.0000000000
55091  -8.478  16.515  71.452 1.0000000000
53096  -27.931  13.895  72.851 0.8750000000
53813  1.253  14.032  69.030 0.8750000000
53801  1.814  14.228  69.350 0.8750000000
54446  -7.712  15.810  70.164 1.0000000000
55100  -7.260  16.145  70.712 1.0000000000
53137  0.083  13.704  68.456 0.8750000000
54463  -8.906  15.200  69.550 1.0000000000
53116  -28.350  12.901  71.331 0.8750000000
84604  -9.666  14.869  69.407 1.0000000000
52441  -3.167  12.867  65.343 0.7500000000
83015  -3.361  11.832  63.652 0.3750000000
53144  -20.871  14.222  68.007 0.8750000000
52407  -27.221  12.090  68.982 0.6250000000
53155  -21.015  14.117  67.356 0.8750000000
52449  -19.730  12.282  64.351 0.8750000000
51621  -19.160  11.765  64.031 0.8750000000
50799  -16.917  10.352  62.720 0.7500000000
49908  -14.533  9.282  62.507 0.7500000000
55703  -11.639  17.820  76.514 0.8750000000
53062  -1.438  13.449  76.750 1.0000000000
55068  3.610  16.257  72.174 0.8750000000
90867  -11.455  16.685  73.366 0.8750000000
54427  2.332  15.887  71.247 0.8750000000
53793  1.620  14.764  69.975 0.8750000000
53782  -28.265  14.797  72.786 1.0000000000
54459  -0.477  15.116  69.842 0.8750000000
54448  -9.841  15.872  70.499 0.8750000000
53118  -30.048  13.487  70.977 0.8750000000
54465  -11.362  14.966  70.156 0.8750000000
53158  -2.466  13.562  67.027 0.8750000000
52411  -31.083  12.972  68.955 0.6250000000
52426  -30.823  12.321  67.432 0.5000000000
53167  -21.379  13.880  65.631 0.8750000000
86630  -20.305  12.658  63.814 0.8750000000
53174  -21.459  13.733  64.714 0.8750000000
51638  -18.552  11.698  61.354 0.7500000000
52463  -19.920  12.409  61.906 0.7500000000
51639  -19.234  12.030  61.629 0.7500000000
49916  -13.817  9.779  61.706 0.7500000000
80415  -16.536  10.453  61.847 0.7500000000
51637  -17.801  11.465  61.086 0.7500000000
52301  0.032  13.059  79.335 0.8750000000
56931  -13.107  19.537  74.728 0.8750000000
55058  3.036  17.130  72.762 0.8750000000
55069  1.363  16.866  72.342 0.8750000000
55093  -11.944  16.050  71.920 0.8750000000
55094  -12.980  16.232  71.819 0.8750000000
54450  -12.388  15.232  70.614 0.8750000000
54488  -23.434  15.589  67.681 0.8750000000
53145  -32.032  13.556  68.756 0.5000000000
53808  -12.920  14.648  69.713 0.8750000000
91033  -23.245  15.180  65.888 0.8750000000
53156  -32.259  13.391  67.819 0.5000000000
80503  -11.888  13.408  65.907 0.7500000000
52465  -21.008  13.027  62.456 0.8750000000
55177  -26.642  16.724  60.955 0.8750000000
51618  -11.710  11.060  63.633 0.7500000000
52472  -19.803  12.321  61.077 0.7500000000
52483  -20.343  12.663  60.539 0.7500000000
80710  -15.004  10.053  61.023 0.7500000000
51674  -18.912  12.135  59.945 0.7500000000
53050  0.382  13.237  80.292 0.8750000000
55689  4.142  17.933  75.078 0.8750000000
55085  0.168  16.317  71.569 0.8750000000
54372  -0.601  16.784  82.059 1.0000000000
85896  -2.636  15.168  67.436 0.8750000000
54466  -13.329  15.124  69.440 0.8750000000
87300  -23.992  15.884  68.065 0.8750000000
53830  -13.172  14.570  68.203 0.8750000000
54518  -28.732  16.022  64.216 0.8750000000
55149  -29.948  16.370  65.941 1.0000000000
82613  -23.803  15.245  65.317 0.8750000000
54494  -34.278  15.615  67.723 0.8750000000
90999  -23.393  14.746  63.616 0.8750000000
54544  -27.654  16.556  61.770 0.8750000000
55165  -29.973  16.809  63.225 1.0000000000
53858  -22.802  14.323  62.945 0.8750000000
54532  -24.990  15.348  61.948 0.8750000000
54552  -25.450  15.996  60.747 0.7500000000
53864  -22.866  14.225  62.006 0.8750000000
53181  -22.151  13.951  63.354 0.8750000000
55178  -27.360  16.995  61.255 0.8750000000
56360  -29.434  18.394  62.213 1.0000000000
52454  -11.564  12.505  63.591 0.7500000000
52462  -12.057  12.006  62.137 0.7500000000
52474  -21.038  13.020  61.651 0.7500000000
55780  -25.628  17.426  60.012 0.7500000000
56373  -27.292  18.463  60.903 0.7500000000
56374  -28.089  18.489  61.319 0.7500000000
91572  -25.047  18.394  59.897 0.6250000000
57018  -26.839  19.129  61.003 0.7500000000
50824  -13.749  10.593  60.712 0.7500000000
52499  -20.174  12.788  59.727 0.7500000000
52500  -20.890  13.022  60.028 0.7500000000
57016  -25.113  19.340  60.617 0.6250000000
50826  -15.296  10.687  60.421 0.7500000000
51652  -17.632  11.610  60.227 0.7500000000
51673  -18.168  11.941  59.646 0.7500000000
50845  -16.225  11.464  59.707 0.7500000000
52496  -17.922  12.183  58.991 0.6250000000
51688  -17.164  12.321  58.680 0.6250000000
56303  1.854  18.510  74.064 0.8750000000
53739  -1.192  14.679  80.279 1.0000000000
55086  -0.776  16.555  71.553 0.8750000000
55663  -0.283  17.664  82.141 1.0000000000
95158  -1.288  16.328  81.454 1.0000000000
55128  -25.666  16.240  67.824 0.8750000000
54490  -25.001  15.865  67.191 0.8750000000
55730  -13.377  16.559  70.307 0.7500000000
54495  -3.243  15.815  66.369 1.0000000000
55120  -13.325  15.602  69.069 0.8750000000
89103  -13.257  15.065  67.793 0.8750000000
54515  -24.531  15.305  64.707 0.8750000000
54496  -12.428  15.470  66.545 0.8750000000
53855  -24.259  15.063  63.136 0.8750000000
78501  -34.987  15.481  66.594 0.8750000000
53866  -24.164  14.997  61.547 0.8750000000
78514  -30.678  17.708  63.060 1.0000000000
79062  -31.121  17.472  63.574 1.0000000000
53172  -11.542  13.738  64.189 0.7500000000
53874  -23.621  14.699  60.797 0.7500000000
53201  -22.157  13.712  60.695 0.7500000000
53210  -22.018  13.753  59.880 0.7500000000
54563  -24.952  16.285  60.001 0.7500000000
55779  -24.349  17.361  59.276 0.7500000000
56389  -24.343  18.274  59.565 0.7500000000
56985  -30.332  19.354  62.736 1.0000000000
53883  -21.818  13.909  59.236 0.6250000000
53200  -21.520  13.362  60.362 0.7500000000
57032  -24.710  18.908  60.044 0.6250000000
53220  -20.401  13.698  58.677 0.7500000000
52515  -19.894  13.097  58.996 0.7500000000
51650  -13.425  11.225  60.384 0.6250000000
50843  -14.734  11.042  59.851 0.6250000000
53219  -19.552  13.561  58.449 0.7500000000
57625  -25.413  20.461  62.695 0.6250000000
52513  -18.107  12.749  58.474 0.7500000000
94542  2.596  19.000  77.589 1.0000000000
56297  2.141  18.811  74.750 1.0000000000
90435  -1.936  17.501  71.495 0.8750000000
54377  -2.206  15.856  80.082 1.0000000000
55731  -2.659  17.293  68.894 0.8750000000
55111  -13.053  16.499  69.299 0.7500000000
78717  -35.388  16.292  66.581 1.0000000000
94858  -35.564  16.147  65.842 1.0000000000
89613  -35.834  16.708  64.570 1.0000000000
89749  -35.083  16.053  64.109 0.8750000000
54562  -24.429  15.860  59.609 0.6250000000
55778  -23.771  17.876  59.157 0.7500000000
55196  -23.978  16.755  58.954 0.7500000000
79025  -31.260  18.743  63.232 1.0000000000
79205  -33.087  18.994  65.234 1.0000000000
78513  -34.463  15.481  63.267 0.7500000000
54551  -24.710  15.671  60.338 0.7500000000
56351  -30.961  19.180  63.031 1.0000000000
56987  -31.776  19.404  63.731 1.0000000000
57014  -23.396  19.436  60.409 0.5000000000
57631  -30.911  20.335  63.562 0.8750000000
78625  -33.920  15.290  62.347 0.5000000000
78919  -33.878  16.784  60.545 0.8750000000
53895  -21.829  14.460  58.668 0.6250000000
53912  -21.320  15.030  58.070 0.6250000000
53894  -20.904  14.332  58.372 0.7500000000
56376  -35.182  17.962  60.772 0.8750000000
53911  -20.479  14.928  57.900 0.6250000000
57604  -24.004  20.798  63.287 0.3750000000
55772  -33.856  17.462  59.895 0.8750000000
53233  -19.177  14.141  57.980 0.7500000000
56408  -33.652  18.350  58.524 0.6250000000
94755  -34.628  18.308  59.492 0.8750000000
52511  -15.266  12.508  58.135 0.6250000000
58261  -26.525  22.238  66.104 0.6250000000
58262  -27.508  22.273  65.941 0.6250000000
56420  -34.282  18.859  58.026 0.6250000000
57047  -35.474  19.723  58.071 1.0000000000
57052  -35.365  19.940  57.108 0.8750000000
57050  -33.746  19.275  56.074 0.5000000000
57710  -36.373  20.122  54.996 0.6250000000
57068  -38.918  19.277  54.955 0.5000000000
56924  1.551  19.276  75.320 1.0000000000
55665  -2.102  17.739  81.982 1.0000000000
55116  -27.789  17.286  69.874 1.0000000000
56320  -12.507  18.279  69.986 0.7500000000
56315  -2.506  18.439  70.556 1.0000000000
84872  -2.639  17.940  69.285 0.8750000000
55133  -30.571  16.616  68.101 1.0000000000
56321  -2.782  18.070  68.456 0.8750000000
55735  -2.943  17.244  67.328 0.8750000000
55136  -3.352  16.656  66.040 1.0000000000
56324  -2.766  18.469  67.676 1.0000000000
56325  -2.890  17.938  67.101 1.0000000000
55152  -3.399  16.427  64.173 1.0000000000
56328  -2.970  18.079  66.369 1.0000000000
81868  -2.694  18.672  66.241 1.0000000000
95683  -3.112  17.544  65.090 1.0000000000
89523  -34.471  18.438  66.652 1.0000000000
55795  -22.624  17.243  58.476 0.6250000000
56387  -22.618  18.506  59.243 0.5000000000
92009  -36.238  17.800  64.026 1.0000000000
81696  -11.563  14.197  62.935 0.6250000000
56405  -22.207  18.003  58.702 0.5000000000
55194  -21.758  16.852  58.041 0.6250000000
57012  -21.651  19.319  60.364 0.3750000000
91533  -21.852  16.108  57.991 0.6250000000
54569  -21.495  15.683  57.931 0.6250000000
86832  -21.274  17.386  58.133 0.6250000000
55793  -20.594  17.495  58.162 0.6250000000
56385  -20.853  18.499  59.176 0.6250000000
56995  -21.989  19.731  61.029 0.5000000000
57639  -22.413  20.128  61.670 0.3750000000
85091  -22.279  20.562  62.898 0.3750000000
53190  -11.905  13.731  61.549 0.5000000000
55211  -21.228  16.276  57.802 0.6250000000
54585  -20.017  15.614  57.663 0.6250000000
55210  -20.440  16.316  57.694 0.6250000000
55810  -20.067  16.951  57.854 0.6250000000
58267  -23.669  21.378  64.680 0.3750000000
53908  -17.984  14.598  57.527 0.6250000000
53909  -18.772  14.762  57.610 0.7500000000
88279  -24.254  21.676  65.148 0.3750000000
94216  -28.287  22.322  65.865 0.7500000000
87371  -36.404  20.431  59.146 1.0000000000
59529  -27.004  24.617  68.463 0.5000000000
56283  -8.116  18.820  78.472 1.0000000000
56912  1.531  20.559  76.342 1.0000000000
57496  0.831  21.738  79.161 1.0000000000
56919  0.287  19.978  75.302 1.0000000000
90137  -1.329  19.228  72.797 1.0000000000
55669  -2.825  17.784  81.265 1.0000000000
58197  -1.099  21.114  72.207 1.0000000000
57531  -1.167  21.031  72.906 1.0000000000
84835  -1.677  19.965  71.859 1.0000000000
57547  -1.686  20.314  71.156 1.0000000000
58210  -0.359  21.439  70.451 1.0000000000
95432  -1.997  19.675  71.369 1.0000000000
56312  -2.342  19.091  71.058 1.0000000000
55736  -10.784  17.504  67.043 0.7500000000
89318  -11.452  16.498  65.132 0.7500000000
55159  -11.405  16.264  63.750 0.7500000000
78775  -35.253  19.597  66.562 1.0000000000
57590  -21.129  20.731  65.641 0.3750000000
57573  -19.256  20.401  66.678 0.3750000000
56964  -33.337  20.822  65.546 1.0000000000
56976  -36.055  19.574  64.399 1.0000000000
56370  -20.487  18.837  59.894 0.3750000000
91964  -20.936  19.178  60.330 0.3750000000
56386  -21.745  18.512  59.156 0.5000000000
79938  -21.000  19.520  61.053 0.3750000000
57621  -21.524  20.309  62.677 0.3750000000
57602  -21.680  20.541  63.483 0.3750000000
85077  -20.852  20.221  63.278 0.3750000000
57591  -21.890  20.741  64.343 0.3750000000
88399  -31.544  22.618  65.815 0.8750000000
57655  -36.364  19.986  60.878 1.0000000000
57646  -36.261  19.971  61.800 1.0000000000
87274  -18.358  16.915  58.089 0.6250000000
58921  -29.280  23.062  66.405 0.7500000000
94306  -17.564  15.116  57.517 0.6250000000
95026  -24.233  22.288  67.100 0.3750000000
59541  -29.534  24.511  66.730 0.8750000000
91437  -25.823  23.858  68.860 0.3750000000
59530  -27.759  24.940  67.969 0.6250000000
60196  -26.456  25.126  68.596 0.3750000000
60195  -25.732  25.090  69.014 0.3750000000
60203  -25.926  25.399  67.965 0.6250000000
57715  -41.985  19.915  55.390 0.7500000000
55674  -5.101  18.046  78.699 1.0000000000
80003  0.700  21.529  76.100 1.0000000000
56942  -10.303  20.237  69.283 0.6250000000
58189  0.203  22.003  75.178 1.0000000000
57524  -1.212  20.425  73.418 1.0000000000
56946  -10.473  19.296  68.901 0.6250000000
56322  -10.062  19.095  68.069 0.6250000000
93606  -10.234  18.646  67.795 0.6250000000
56326  -9.822  18.798  67.294 0.6250000000
58231  -17.946  21.947  70.380 0.3750000000
55153  -11.195  16.723  64.388 0.7500000000
81918  -18.210  21.893  71.052 0.3750000000
55158  -11.044  16.690  63.235 0.7500000000
57565  -19.521  20.706  67.687 0.3750000000
90223  -20.232  20.921  67.854 0.3750000000
58240  -19.881  20.947  68.709 0.3750000000
58218  -20.621  22.185  70.781 0.3750000000
58868  -19.897  22.662  71.268 0.3750000000
54531  -11.434  15.661  62.504 0.6250000000
56972  -20.050  19.874  63.040 0.3750000000
57582  -20.993  20.930  66.571 0.3750000000
57566  -20.168  20.679  67.037 0.3750000000
58241  -20.834  21.189  68.596 0.3750000000
93950  -11.548  15.822  60.656 0.5000000000
81540  -19.982  19.608  62.266 0.3750000000
58256  -21.831  21.210  66.189 0.3750000000
58277  -33.578  21.929  65.179 1.0000000000
57632  -35.870  20.260  63.703 1.0000000000
58251  -23.452  21.950  66.728 0.3750000000
53882  -12.429  14.559  59.330 0.5000000000
53227  -13.858  14.135  57.749 0.5000000000
58894  -24.959  23.743  68.862 0.3750000000
60218  -28.519  25.510  66.215 0.6250000000
58886  -24.417  24.028  69.157 0.3750000000
59507  -24.497  24.279  69.129 0.3750000000
60310  -34.249  25.445  58.439 0.3750000000
59025  -40.158  23.206  56.398 0.7500000000
60353  -35.859  24.955  53.861 0.3750000000
60874  -38.140  27.024  53.890 0.3750000000
56448  -42.591  18.587  53.718 0.6250000000
58831  -3.837  22.048  77.520 0.8750000000
58836  -3.798  22.895  76.042 0.8750000000
58180  1.003  22.505  78.259 1.0000000000
57501  -5.257  20.681  79.756 0.8750000000
56272  -4.822  19.337  80.443 1.0000000000
56900  -4.338  20.003  80.707 1.0000000000
85908  0.543  22.082  75.997 1.0000000000
56271  -4.139  18.501  80.529 1.0000000000
56959  -8.682  19.781  65.634 0.6250000000
82323  -17.505  22.403  68.646 0.3750000000
58900  -17.272  21.810  66.886 0.3750000000
58246  -17.804  21.093  66.986 0.3750000000
59480  -18.683  22.977  71.269 0.3750000000
55750  -10.567  17.323  63.196 0.7500000000
57571  -17.944  20.672  66.237 0.3750000000
58226  -21.141  21.941  70.344 0.3750000000
59493  -21.530  23.063  70.463 0.3750000000
56982  -19.263  19.502  62.829 0.3750000000
58878  -21.967  22.556  70.111 0.3750000000
58235  -22.388  22.250  69.286 0.3750000000
54559  -11.746  15.724  60.047 0.5000000000
56993  -19.076  19.111  62.002 0.5000000000
56357  -18.420  18.608  61.396 0.5000000000
92665  -23.163  22.109  67.800 0.3750000000
58925  -33.370  22.795  65.010 1.0000000000
55193  -12.947  16.541  58.140 0.5000000000
54580  -15.089  16.015  57.623 0.6250000000
60282  -31.861  24.706  60.990 0.5000000000
60826  -35.069  26.002  59.009 0.3750000000
60346  -39.463  25.991  54.811 0.3750000000
59034  -40.860  23.002  54.988 0.6250000000
60885  -39.342  27.272  52.792 0.3750000000
60877  -40.655  27.059  52.962 0.5000000000
93877  -4.449  22.143  74.882 0.8750000000
57526  -5.694  20.648  73.205 0.6250000000
57525  -4.917  21.004  73.075 0.6250000000
94156  -7.548  20.363  72.907 0.6250000000
58845  -3.499  22.549  73.392 0.7500000000
59441  0.009  23.924  78.816 1.0000000000
59444  0.509  24.527  78.095 1.0000000000
58204  -4.741  21.505  71.615 0.6250000000
59449  0.860  24.799  77.373 1.0000000000
58212  -5.936  21.851  70.700 0.6250000000
58213  -6.777  22.195  70.905 0.6250000000
58214  -7.457  22.524  71.552 0.6250000000
59470  -9.059  23.343  73.458 0.6250000000
58863  -4.661  22.172  70.202 0.6250000000
60159  -9.596  24.440  73.227 0.5000000000
59499  -9.183  23.540  68.485 0.5000000000
60166  -10.186  24.658  72.177 0.5000000000
60171  -7.011  24.374  70.926 0.5000000000
60198  -8.609  24.573  66.985 0.3750000000
58917  -8.489  22.347  64.496 0.2500000000
60750  -9.155  25.975  69.379 0.3750000000
56343  -8.893  19.396  63.321 0.5000000000
56349  -9.122  19.207  62.717 0.5000000000
83631  2.355  22.243  68.764 1.0000000000
55754  -9.943  18.067  62.756 0.6250000000
55761  -10.459  17.750  61.291 0.3750000000
56348  0.449  18.026  62.937 0.8750000000
59505  -22.121  23.241  70.023 0.3750000000
55751  1.358  17.394  61.785 0.8750000000
55765  2.330  16.586  60.369 0.7500000000
58945  -34.733  23.332  61.894 0.6250000000
58946  -36.065  22.335  61.390 0.8750000000
59516  -24.121  24.260  69.036 0.3750000000
60259  -30.631  25.481  63.139 0.7500000000
60248  -32.273  25.722  63.556 0.7500000000
60262  -33.153  25.365  62.526 0.6250000000
59623  -35.003  23.951  61.264 0.6250000000
55204  -14.467  16.724  57.615 0.5000000000
60258  -29.695  25.138  63.103 0.6250000000
93814  -34.631  24.709  61.247 0.6250000000
56427  0.152  19.303  55.798 0.1250000000
60297  -35.606  25.378  60.047 0.5000000000
59642  -36.684  24.276  59.868 0.3750000000
93923  -24.537  24.101  63.397 0.5000000000
60815  -35.701  25.918  59.407 0.3750000000
60816  -36.192  26.043  59.104 0.3750000000
59597  -25.117  23.646  61.837 0.5000000000
60828  -36.365  26.315  58.485 0.3750000000
60829  -37.047  26.150  58.278 0.3750000000
60312  -37.527  25.078  58.773 0.3750000000
57061  -1.373  20.404  54.604 0.1250000000
57056  -1.853  19.259  54.929 0.1250000000
58953  -24.139  22.967  60.362 0.1250000000
83373  -23.238  22.316  58.975 0.1250000000
60839  -37.199  26.458  57.388 0.3750000000
60327  -37.832  26.006  57.039 0.3750000000
60336  -38.525  25.974  55.754 0.3750000000
59693  -40.690  24.575  54.297 0.5000000000
60356  -41.053  25.986  53.365 0.5000000000
83879  -42.529  23.152  53.273 0.6250000000
59701  -41.552  24.792  53.562 0.5000000000
60375  -39.761  26.093  51.515 0.3750000000
58844  -2.942  23.165  73.050 0.7500000000
60135  -0.916  24.899  77.804 1.0000000000
60134  -0.144  25.137  77.772 1.0000000000
85539  1.089  24.838  75.687 1.0000000000
61239  -8.881  26.579  72.331 0.5000000000
86039  -9.562  26.086  70.852 0.5000000000
86584  -8.504  23.183  62.925 0.1250000000
57575  0.790  20.229  65.425 0.8750000000
55786  -12.105  17.766  58.669 0.3750000000
84050  2.362  17.268  59.714 0.6250000000
55787  -12.644  17.281  58.302 0.3750000000
56395  2.079  17.770  58.598 0.6250000000
59526  -22.073  23.729  67.041 0.3750000000
56411  1.932  18.471  57.493 0.3750000000
56421  1.900  19.236  56.770 0.2500000000
57686  0.187  20.942  54.815 0.1250000000
57700  -1.301  21.361  54.080 0.1250000000
55908  -42.638  17.355  45.868 0.2500000000
60141  0.108  25.938  76.721 1.0000000000
59468  -2.448  23.672  71.961 0.7500000000
86978  -3.990  23.043  69.003 0.6250000000
61699  -6.880  27.910  72.049 0.5000000000
58304  -8.960  21.333  61.706 0.2500000000
60162  3.311  24.140  70.905 1.0000000000
86315  -8.711  28.329  70.203 0.3750000000
95709  -8.332  24.735  61.299 0.1250000000
56364  -9.685  19.351  60.880 0.2500000000
92311  -9.942  19.682  60.360 0.2500000000
56365  -10.162  19.083  60.317 0.2500000000
56379  -11.266  18.711  59.281 0.2500000000
56394  1.967  18.979  57.761 0.6250000000
80474  -22.962  23.721  63.390 0.3750000000
58335  -0.927  21.676  56.591 0.2500000000
59004  -1.666  22.543  55.699 0.1250000000
58348  0.963  22.123  55.461 0.1250000000
90100  1.207  21.584  55.575 0.1250000000
95654  0.589  22.662  54.756 0.1250000000
59058  -44.031  22.552  52.181 0.5000000000
59726  -43.829  24.276  50.998 0.5000000000
59735  -42.313  24.938  50.358 0.3750000000
59059  -44.721  22.475  51.581 0.6250000000
59078  -40.500  23.345  50.289 0.2500000000
59737  -43.741  24.473  50.410 0.5000000000
57769  -45.391  20.353  50.664 0.7500000000
91104  -45.216  19.625  49.171 0.8750000000
55365  -43.321  17.098  35.412 0.1250000000
59497  -4.060  23.618  68.510 0.6250000000
59588  -9.038  22.925  61.266 0.1250000000
59608  -8.911  23.735  61.005 0.1250000000
60161  3.540  24.738  70.410 1.0000000000
62173  -8.287  29.054  72.154 0.5000000000
62675  -8.504  29.437  68.610 0.2500000000
88070  -10.792  20.241  59.501 0.2500000000
57661  -11.236  20.919  59.301 0.2500000000
85718  1.118  19.552  62.024 0.8750000000
85810  0.772  20.143  57.898 0.6250000000
59082  -45.680  22.633  49.833 0.6250000000
57130  -45.498  19.380  47.663 0.5000000000
79571  -43.870  17.255  39.368 0.2500000000
55950  -44.944  17.945  38.265 0.2500000000
82980  -45.318  17.401  35.169 0.2500000000
59475  -2.291  23.888  70.188 0.7500000000
60187  -3.616  24.932  67.825 0.5000000000
61233  3.367  26.717  73.573 1.0000000000
60725  4.032  26.221  72.721 1.0000000000
60729  3.934  25.971  71.742 1.0000000000
61704  -6.276  27.431  70.769 0.5000000000
60735  3.722  25.684  70.726 1.0000000000
60278  -9.160  24.079  60.323 0.1250000000
62182  -8.540  29.225  69.761 0.2500000000
60197  2.925  24.525  66.751 1.0000000000
86116  1.705  22.459  65.138 0.8750000000
91992  1.670  22.907  64.630 0.8750000000
57044  -13.079  18.695  58.106 0.2500000000
58325  -2.325  21.472  58.431 0.2500000000
59086  -44.238  23.390  49.369 0.6250000000
83053  -44.557  18.540  46.316 0.5000000000
60743  -1.338  25.279  69.697 0.8750000000
82782  -5.607  26.478  68.112 0.5000000000
61232  3.758  27.218  72.963 1.0000000000
63101  -7.424  30.140  72.103 0.3750000000
63102  -7.762  30.131  72.143 0.3750000000
61245  3.643  26.371  69.862 1.0000000000
79977  -8.480  30.811  69.886 0.2500000000
59542  1.623  23.554  64.416 0.8750000000
58302  -0.083  21.619  61.443 0.7500000000
56513  -45.366  19.009  46.061 0.6250000000
62171  1.259  29.491  72.507 1.0000000000
63106  -6.966  30.511  71.663 0.3750000000
62188  -5.791  28.926  69.151 0.3750000000
63112  -6.462  30.702  70.755 0.3750000000
88470  0.701  22.799  62.642 0.8750000000
57216  -45.970  19.371  37.011 0.3750000000
94375  -46.442  18.228  34.956 0.2500000000
61249  -0.866  26.894  69.023 0.7500000000
62208  -4.657  27.949  66.083 0.5000000000
63121  -5.753  30.361  67.646 0.3750000000
92607  -5.817  29.879  68.540 0.3750000000
63100  1.631  31.885  71.968 0.8750000000
63565  -7.546  31.988  71.021 0.2500000000
60265  -1.906  24.265  61.075 0.7500000000
58455  -44.185  21.761  47.436 0.5000000000
57905  -46.373  20.516  35.353 0.3750000000
63105  1.318  32.786  71.577 0.8750000000
87474  -6.487  31.388  70.281 0.3750000000
63103  2.319  31.957  71.185 0.8750000000
63991  -8.533  32.393  68.954 0.2500000000
60771  1.843  25.694  65.003 1.0000000000
60250  -0.241  24.738  62.550 0.6250000000
85520  -0.037  24.036  62.368 0.6250000000
59196  -47.030  22.859  37.319 0.3750000000
63148  -4.962  30.205  64.730 0.3750000000
87140  -5.387  30.814  65.040 0.3750000000
60776  0.916  25.837  64.117 0.6250000000
60782  -0.084  25.448  63.114 0.6250000000
87601  -4.755  27.072  56.603 0.3750000000
57165  -46.092  19.598  43.900 0.6250000000
58542  -47.159  22.684  37.742 0.3750000000
82355  -46.789  23.426  37.741 0.3750000000
58570  -45.701  21.613  35.683 0.3750000000
63114  2.220  32.052  70.476 0.8750000000
64428  -6.603  33.769  69.177 0.2500000000
82720  -0.829  26.984  63.523 0.6250000000
61295  -2.318  27.198  61.997 0.6250000000
94207  -3.990  28.324  57.211 0.3750000000
58505  -47.125  22.231  43.514 0.6250000000
58518  -46.760  22.558  41.776 0.6250000000
79023  -2.223  32.113  66.402 0.7500000000
63595  -3.913  31.381  64.328 0.5000000000
63596  -4.701  31.398  64.146 0.3750000000
64004  -5.489  32.397  64.854 0.3750000000
61754  -1.761  27.445  62.745 0.6250000000
62735  -2.772  29.244  59.887 0.5000000000
78532  -1.961  32.791  66.897 0.7500000000
64013  -5.056  32.122  64.017 0.3750000000
63198  -1.045  30.526  58.425 0.5000000000
62791  -5.336  29.720  54.081 0.1250000000
78830  -1.012  34.176  69.025 0.6250000000
63677  -4.243  31.907  55.681 0.1250000000
63224  -4.864  30.375  55.321 0.1250000000
64931  -0.263  35.378  69.043 0.5000000000
64460  -3.786  33.364  63.744 0.5000000000
63649  0.142  30.908  58.657 0.5000000000
63685  -4.837  31.887  55.008 0.1250000000
65955  0.461  35.956  68.794 0.5000000000
66546  0.380  37.084  67.943 0.5000000000
65457  0.982  35.554  66.582 0.5000000000
64448  0.007  33.682  64.949 0.6250000000
65463  1.264  35.644  64.273 0.5000000000
65449  1.247  36.269  67.318 0.5000000000
66544  0.971  36.649  68.112 0.5000000000
65958  1.230  36.753  67.637 0.5000000000
65971  1.680  37.175  65.726 0.5000000000
65456  1.492  36.339  66.037 0.5000000000
65978  1.444  36.320  63.969 0.5000000000
79071  -0.312  33.109  65.618 0.6250000000
64960  -5.027  35.196  63.899 0.3750000000
64539  -5.363  33.244  53.414 0.1250000000
67116  1.140  38.201  66.595 0.5000000000
66547  1.228  37.374  67.377 0.5000000000
67118  1.324  38.549  65.734 0.5000000000
89232  1.584  37.260  63.937 0.5000000000
65986  1.393  36.807  63.274 0.5000000000
90746  1.329  37.202  62.696 0.5000000000
66008  0.367  36.838  60.570 0.5000000000
64546  -5.493  33.368  52.640 0.1250000000
67120  0.387  38.781  65.919 0.5000000000
67119  0.998  38.914  65.992 0.5000000000
66569  -2.118  37.027  63.128 0.5000000000
65012  -0.549  34.157  56.189 0.3750000000
67659  1.377  39.811  63.371 0.5000000000
66585  -1.993  38.029  62.111 0.5000000000
67150  -2.194  38.268  61.367 0.5000000000
66612  -3.020  37.980  60.157 0.3750000000
66022  -3.870  36.820  60.104 0.3750000000
79375  0.079  40.610  61.545 0.5000000000
67675  -2.002  39.336  60.350 0.5000000000
95226  0.747  41.706  61.026 0.5000000000
66628  -3.814  37.824  59.031 0.3750000000
68207  -2.559  40.302  58.978 0.5000000000
66630  -5.325  37.821  58.385 0.3750000000
87230  -5.292  40.145  58.180 0.3750000000
68644  -4.633  41.699  58.313 0.5000000000
87157  -5.714  41.664  58.285 0.3750000000
69076  -5.072  42.429  58.626 0.3750000000
82233  -5.863  42.384  58.685 0.3750000000
47228  -3.989  6.608  82.171 0.3750000000
47230  -5.465  6.979  81.557 0.3750000000
47231  -6.322  7.168  81.301 0.3750000000
46413  -3.322  6.202  81.901 0.3750000000
47229  -4.658  6.795  81.880 0.3750000000
48030  -8.042  7.382  80.900 0.5000000000
48031  -8.914  7.308  80.784 0.5000000000
48019  -9.432  7.470  81.505 0.5000000000
47245  -8.434  7.149  80.114 0.5000000000
47246  -9.281  6.959  80.077 0.5000000000
92010  -9.772  7.095  80.728 0.5000000000
48032  -10.597  6.765  80.716 0.5000000000
45530  -0.701  4.407  80.953 0.1250000000
45525  -1.204  4.943  81.450 0.1250000000
80255  -2.137  5.598  81.961 0.3750000000
48029  -7.177  7.355  81.083 0.3750000000
46412  -2.626  5.769  81.580 0.3750000000
48020  -10.325  7.232  81.469 0.5000000000
47232  -11.152  6.883  81.429 0.5000000000
48021  -11.858  6.989  82.162 0.5000000000
48008  -13.288  7.856  83.094 0.5000000000
85965  -13.924  8.525  83.355 0.5000000000
48010  -15.286  7.760  82.654 0.5000000000
84768  -1.640  5.300  81.904 0.3750000000
46410  -2.619  6.114  82.481 0.3750000000
47225  -3.493  6.682  82.953 0.3750000000
86847  -1.894  5.402  81.222 0.3750000000
48016  -6.865  7.454  82.012 0.3750000000
91148  -11.552  7.706  82.746 0.5000000000
48007  -12.310  7.625  82.842 0.5000000000
85043  -10.952  7.391  82.194 0.5000000000
48818  -14.757  8.781  83.039 0.5000000000
50640  4.154  10.606  77.646 0.3750000000
51510  3.409  12.145  73.649 0.3750000000
85180  3.779  11.771  71.640 0.3750000000
87500  3.558  11.600  70.986 0.6250000000
53109  3.875  13.169  70.904 0.7500000000
52373  3.692  12.423  70.562 0.7500000000
45522  -1.082  5.076  82.243 0.2500000000
46407  -2.185  6.262  83.231 0.3750000000
47224  -2.789  6.523  83.403 0.3750000000
46409  -1.737  5.704  82.608 0.3750000000
48014  -5.308  7.156  82.542 0.5000000000
49712  -15.867  10.232  81.948 0.6250000000
49703  -15.996  9.322  82.239 0.6250000000
95749  -24.145  11.685  75.157 0.6250000000
51472  3.673  11.303  77.325 0.3750000000
95771  3.398  11.834  77.045 0.3750000000
85778  2.932  11.986  75.787 0.3750000000
51503  2.955  12.078  74.858 0.3750000000
52347  4.244  12.446  72.793 0.3750000000
52362  4.340  12.547  71.788 0.5000000000
53098  4.301  13.140  71.598 0.6250000000
52372  4.011  12.430  71.283 0.6250000000
53110  3.648  13.191  70.142 0.7500000000
53121  3.119  13.580  69.313 0.7500000000
47219  -2.330  6.575  84.239 0.3750000000
47220  -3.278  6.860  84.147 0.3750000000
47221  -4.012  7.021  83.739 0.3750000000
47226  -4.491  7.023  82.954 0.3750000000
48015  -6.080  7.322  82.266 0.5000000000
48017  -7.659  7.588  81.741 0.5000000000
95499  -11.937  8.047  83.068 0.5000000000
48816  -12.356  8.473  83.397 0.5000000000
49702  -15.349  9.625  82.536 0.6250000000
50612  -15.974  11.158  80.941 0.7500000000
53089  4.672  13.149  72.245 0.7500000000
47218  -1.415  6.417  84.751 0.3750000000
47214  -2.069  6.849  85.118 0.3750000000
47995  -4.714  7.358  83.983 0.5000000000
47999  -5.210  7.296  83.329 0.5000000000
90179  -2.163  9.717  83.688 0.5000000000
48001  -6.577  7.513  82.850 0.6250000000
48790  -1.678  9.429  84.196 0.5000000000
49696  -2.378  9.909  82.934 0.6250000000
48005  -10.008  7.731  82.347 0.5000000000
48006  -10.840  8.036  82.840 0.5000000000
48817  -13.151  8.892  83.620 0.5000000000
49701  -13.839  9.399  83.427 0.6250000000
80897  -16.351  10.665  81.298 0.7500000000
80074  -16.265  11.107  80.353 0.7500000000
50622  -15.974  10.934  79.727 0.7500000000
93337  -19.393  13.771  76.988 0.8750000000
83023  -19.762  14.293  76.595 0.8750000000
51571  2.059  11.641  66.440 0.6250000000
51572  0.958  11.642  66.354 0.6250000000
51587  1.616  11.132  65.791 0.6250000000
49885  -0.975  9.733  63.900 0.3750000000
50756  1.034  10.589  65.245 0.5000000000
50767  0.500  10.080  64.687 0.5000000000
49884  0.046  9.613  64.007 0.5000000000
50766  1.440  10.108  64.739 0.5000000000
47215  -2.765  6.930  84.835 0.5000000000
47994  -3.928  7.299  84.427 0.5000000000
48000  -5.866  7.404  83.119 0.5000000000
47986  -1.672  7.503  85.395 0.5000000000
48782  -2.951  8.319  85.071 0.5000000000
48791  -2.546  9.239  84.572 0.5000000000
48781  -2.013  8.544  85.137 0.5000000000
49682  -2.908  9.789  83.794 0.6250000000
48002  -7.297  7.681  82.561 0.6250000000
48003  -8.101  7.858  82.291 0.5000000000
48004  -9.003  7.829  82.235 0.5000000000
48826  -2.349  9.216  81.511 0.7500000000
50603  -15.665  10.987  81.482 0.7500000000
80908  -15.538  11.138  80.513 0.7500000000
50636  -16.524  10.872  78.837 0.7500000000
50623  -16.762  11.105  79.797 0.7500000000
51481  -18.273  12.183  78.226 0.8750000000
51480  -17.525  11.843  77.887 0.8750000000
52318  -17.835  12.438  77.393 0.8750000000
52330  -18.664  13.504  76.970 0.8750000000
83451  -24.119  12.133  72.747 0.5000000000
50780  -1.857  10.040  63.738 0.2500000000
91742  -2.154  9.946  62.995 0.2500000000
49897  -1.995  9.596  62.132 0.1250000000
49914  -2.188  9.428  61.141 0.1250000000
49921  -2.461  9.166  60.312 0.1250000000
50757  -0.053  10.595  65.255 0.6250000000
50768  -0.534  10.121  64.635 0.5000000000
49895  -0.360  9.343  63.166 0.2500000000
51588  0.470  11.134  65.784 0.6250000000
47988  -3.249  7.405  84.863 0.5000000000
91232  -3.626  8.030  84.891 0.5000000000
48792  -3.442  9.000  84.717 0.5000000000
47997  -6.226  7.891  83.422 0.6250000000
49697  -3.155  10.149  82.870 0.6250000000
49708  -2.745  9.774  82.148 0.6250000000
48815  -11.553  8.397  83.192 0.5000000000
48812  -8.543  8.266  82.802 0.6250000000
48813  -9.406  8.336  82.825 0.5000000000
48814  -10.187  8.405  82.923 0.5000000000
48799  -11.767  9.147  83.605 0.5000000000
48797  -9.848  9.047  83.210 0.5000000000
50594  -14.546  10.006  82.965 0.6250000000
50595  -15.061  10.767  82.163 0.6250000000
50611  -15.054  11.297  81.255 0.7500000000
50635  -15.622  10.309  78.860 0.7500000000
48873  -13.942  8.523  76.211 0.8750000000
48862  -14.217  8.883  77.052 0.8750000000
48863  -15.038  9.133  77.193 0.8750000000
84467  -13.991  8.127  74.991 0.8750000000
51537  -24.093  11.842  71.580 0.3750000000
52368  -24.800  12.436  71.979 0.5000000000
50806  -2.662  9.917  61.669 0.2500000000
51573  -0.095  11.651  66.343 0.7500000000
50758  -1.062  10.655  65.228 0.6250000000
47989  -4.273  8.167  84.637 0.6250000000
86431  -5.028  8.359  84.340 0.7500000000
47996  -5.510  7.679  83.748 0.7500000000
49683  -4.048  9.728  83.968 0.7500000000
48810  -6.973  7.948  83.164 0.6250000000
48811  -7.745  8.088  82.950 0.6250000000
48800  -12.426  9.274  83.697 0.5000000000
48796  -8.944  8.981  83.197 0.5000000000
48798  -10.839  8.950  83.268 0.5000000000
49689  -10.376  9.719  83.331 0.6250000000
49690  -11.273  9.765  83.476 0.5000000000
92535  -14.249  10.842  82.584 0.7500000000
50602  -14.287  11.429  81.911 0.7500000000
50634  -14.974  10.646  79.647 0.7500000000
79609  -14.556  11.265  80.425 0.7500000000
79426  -13.039  9.585  77.258 0.7500000000
92169  -13.655  9.335  77.637 0.7500000000
49753  -13.869  9.680  78.551 0.7500000000
49767  -13.381  9.033  76.827 0.8750000000
49754  -14.452  9.269  77.937 0.7500000000
49755  -15.402  9.590  77.935 0.7500000000
48886  -12.810  8.669  75.176 0.8750000000
48887  -13.607  8.375  75.412 0.8750000000
48901  -12.594  8.481  74.367 0.8750000000
48902  -13.480  8.173  74.630 0.8750000000
52380  -24.825  12.252  71.160 0.5000000000
50770  -2.333  10.628  64.291 0.5000000000
51574  -1.077  11.738  66.317 0.7500000000
51589  -0.576  11.150  65.795 0.6250000000
50769  -1.484  10.303  64.521 0.5000000000
48793  -5.794  8.748  83.936 0.7500000000
48794  -6.669  8.677  83.560 0.6250000000
49698  -3.945  10.363  82.693 0.7500000000
49709  -3.407  10.093  82.002 0.7500000000
95599  -7.376  8.571  83.329 0.6250000000
48827  -3.039  9.578  81.308 0.8750000000
48795  -8.087  8.820  83.227 0.6250000000
49687  -8.468  9.609  83.360 0.6250000000
49692  -12.870  9.884  83.558 0.5000000000
49688  -9.421  9.701  83.335 0.6250000000
49691  -12.038  9.835  83.634 0.6250000000
50593  -13.666  10.410  83.143 0.6250000000
50581  -10.863  10.347  83.276 0.7500000000
50610  -14.111  11.660  81.225 0.7500000000
49737  -13.399  10.428  78.961 0.7500000000
49728  -13.794  11.139  79.739 0.7500000000
49752  -13.073  10.070  77.965 0.7500000000
49738  -14.164  10.298  79.279 0.7500000000
94078  -14.388  10.856  79.733 0.7500000000
49766  -12.585  9.584  76.585 0.8750000000
49792  -12.070  9.099  74.836 0.8750000000
49780  -12.310  9.323  75.674 0.8750000000
85445  -24.652  12.209  70.249 0.6250000000
50759  -1.966  10.879  65.084 0.6250000000
50781  -2.566  10.464  63.448 0.2500000000
51590  -1.531  11.287  65.722 0.7500000000
49684  -5.049  9.444  84.031 0.7500000000
49686  -7.415  9.406  83.475 0.6250000000
50579  -8.991  10.296  83.402 0.6250000000
50580  -9.964  10.315  83.311 0.6250000000
50583  -12.269  10.432  83.368 0.6250000000
50582  -11.647  10.414  83.346 0.6250000000
81498  -12.854  10.823  83.044 0.6250000000
51418  -12.816  11.582  82.418 0.7500000000
51440  -13.362  12.062  81.119 0.7500000000
51429  -13.496  11.801  81.811 0.7500000000
80792  -12.341  12.178  80.105 0.7500000000
51451  -13.068  11.840  80.186 0.7500000000
80923  -13.800  11.656  80.577 0.7500000000
51464  -11.612  12.125  78.415 0.7500000000
51465  -12.292  11.748  78.807 0.7500000000
50656  -11.456  10.916  76.432 0.7500000000
50644  -11.765  11.278  77.151 0.7500000000
50645  -12.367  10.731  77.580 0.7500000000
50633  -12.673  10.939  78.434 0.7500000000
49779  -11.843  10.083  76.099 0.8750000000
82653  -12.626  10.103  77.230 0.7500000000
49791  -11.389  9.556  74.499 0.8750000000
48931  -11.391  8.398  72.569 0.8750000000
52391  -25.361  12.378  69.675 0.6250000000
48108  -11.603  7.513  71.184 0.8750000000
48097  -11.853  7.748  72.042 0.8750000000
51604  -2.706  11.306  64.760 0.6250000000
51616  -3.015  11.133  63.862 0.3750000000
88607  -4.723  10.195  83.314 0.7500000000
49685  -6.410  9.539  83.670 0.7500000000
50578  -7.984  10.240  83.375 0.6250000000
50591  -11.302  10.945  82.992 0.7500000000
95712  -11.616  11.478  82.604 0.6250000000
50592  -12.091  11.089  82.884 0.7500000000
50590  -10.483  10.942  83.128 0.7500000000
51417  -12.142  11.831  82.265 0.7500000000
79837  -11.155  12.371  81.324 0.7500000000
51427  -11.990  12.195  81.525 0.7500000000
51428  -12.752  12.067  81.704 0.7500000000
52297  -10.763  12.686  80.399 0.7500000000
51438  -11.690  12.423  80.473 0.7500000000
51439  -12.561  12.227  80.901 0.7500000000
51478  -10.623  12.341  77.274 0.7500000000
51463  -10.909  12.451  78.123 0.7500000000
51449  -11.825  12.344  79.366 0.7500000000
51450  -12.508  11.922  79.542 0.7500000000
51490  -10.289  12.124  76.469 0.7500000000
51491  -11.125  11.760  76.756 0.7500000000
51479  -11.376  11.940  77.565 0.7500000000
50669  -10.406  10.959  75.351 0.8750000000
50655  -10.752  11.367  76.049 0.7500000000
50670  -11.173  10.555  75.687 0.7500000000
50684  -10.938  10.253  74.916 0.8750000000
49790  -10.736  9.974  74.170 0.8750000000
82615  -11.609  9.800  75.287 0.8750000000
48930  -10.805  9.092  72.689 0.8750000000
49803  -10.623  9.663  73.374 0.8750000000
49804  -11.171  9.404  73.853 0.8750000000
79848  -10.811  8.633  72.091 0.8750000000
48107  -10.874  7.818  70.826 0.8750000000
49699  -5.545  9.838  83.660 0.7500000000
49710  -4.047  10.373  81.766 0.7500000000
50577  -6.979  10.236  83.293 0.6250000000
50588  -8.554  10.957  83.089 0.7500000000
50589  -9.550  10.942  83.222 0.7500000000
51425  -9.544  11.889  82.154 0.7500000000
51415  -10.064  11.500  82.755 0.7500000000
51436  -9.467  12.569  80.777 0.7500000000
51437  -10.300  12.508  81.085 0.7500000000
87972  -9.772  12.289  81.530 0.7500000000
52308  -9.609  12.981  78.834 0.7500000000
52303  -10.211  12.953  79.594 0.7500000000
52296  -10.004  12.818  80.324 0.7500000000
51477  -9.642  12.584  77.110 0.7500000000
51462  -10.038  12.740  77.989 0.7500000000
50668  -9.573  11.418  75.015 0.8750000000
51500  -9.905  11.772  75.745 0.7500000000
49818  -9.936  10.179  73.094 0.8750000000
50698  -10.072  10.407  73.802 0.8750000000
95693  -10.301  9.633  72.713 0.8750000000
48959  -10.301  8.323  70.384 0.8750000000
52424  -27.519  12.016  68.096 0.5000000000
51567  -27.812  11.793  67.256 0.3750000000
52425  -28.424  11.921  68.016 0.3750000000
50584  -4.739  10.633  82.326 0.7500000000
92249  -5.298  10.457  83.015 0.7500000000
49719  -4.147  10.097  80.842 0.8750000000
49700  -6.045  10.375  83.211 0.7500000000
49718  -3.616  9.948  81.253 0.8750000000
50587  -7.524  10.880  82.840 0.7500000000
86122  -8.618  11.388  82.663 0.7500000000
51424  -8.717  11.698  82.136 0.7500000000
51414  -9.182  11.423  82.790 0.7500000000
51447  -8.243  12.617  79.618 0.7500000000
80692  -8.980  12.174  81.418 0.7500000000
51475  -7.236  11.693  77.156 0.8750000000
80398  -7.918  12.369  77.595 0.7500000000
52302  -8.760  12.854  78.960 0.7500000000
51448  -9.243  12.919  79.800 0.7500000000
51487  -7.648  11.857  76.271 0.8750000000
51476  -8.649  12.534  76.958 0.7500000000
50667  -7.776  11.742  74.925 0.8750000000
51499  -8.982  12.033  75.545 0.8750000000
51489  -9.324  12.331  76.277 0.7500000000
50682  -9.291  11.168  74.159 0.8750000000
83342  -9.236  10.578  72.927 0.8750000000
51584  -28.121  11.612  66.427 0.3750000000
51568  -28.691  11.809  67.198 0.3750000000
49711  -4.615  10.509  81.410 0.7500000000
50601  -8.064  11.417  82.389 0.7500000000
50600  -7.153  11.416  81.955 0.7500000000
50609  -6.227  11.185  80.368 0.7500000000
51422  -6.968  11.670  80.885 0.7500000000
51423  -7.965  11.933  81.379 0.7500000000
51459  -6.633  11.436  78.764 0.7500000000
51445  -6.880  11.691  79.722 0.7500000000
51434  -7.640  12.200  80.275 0.7500000000
51435  -8.555  12.470  80.545 0.7500000000
50643  -6.578  10.681  77.029 0.8750000000
51474  -6.582  11.165  77.908 0.7500000000
82070  -7.221  11.931  78.934 0.7500000000
94976  -6.630  10.824  75.377 0.8750000000
93142  -29.439  11.930  67.184 0.3750000000
51601  -28.403  11.452  65.601 0.3750000000
51585  -29.085  11.766  66.364 0.3750000000
92594  -28.652  11.251  64.832 0.2500000000
51602  -29.191  11.604  65.437 0.3750000000
50585  -5.629  10.823  82.388 0.7500000000
50599  -5.264  10.809  81.520 0.7500000000
50586  -6.539  10.906  82.579 0.7500000000
94327  -5.614  10.677  79.946 0.7500000000
93557  -5.641  10.858  80.777 0.7500000000
86005  -6.159  11.193  81.521 0.7500000000
49736  -5.435  9.942  78.575 0.8750000000
50620  -6.149  11.050  79.412 0.7500000000
48861  -5.553  9.558  76.764 0.8750000000
83240  -6.083  10.241  77.838 0.8750000000
49778  -6.016  10.126  75.640 0.8750000000
50666  -6.213  10.546  74.854 0.8750000000
51586  -29.747  11.928  65.948 0.3750000000
51603  -29.908  11.916  65.240 0.3750000000
51613  -28.826  11.112  64.062 0.2500000000
51614  -29.376  11.506  64.625 0.3750000000
51623  -29.605  11.470  63.715 0.2500000000
50805  -28.091  10.914  62.813 0.1250000000
49726  -4.249  9.751  79.747 0.8750000000
49720  -4.952  10.395  80.531 0.7500000000
49735  -4.717  9.652  78.968 0.8750000000
49727  -5.085  10.167  79.482 0.7500000000
51615  -30.082  11.882  64.446 0.3750000000
51624  -30.302  11.886  63.793 0.2500000000
51622  -28.846  11.080  63.224 0.1250000000
89180  -31.492  12.558  66.341 0.3750000000
52438  -30.565  12.224  65.952 0.3750000000
52446  -31.260  12.452  65.586 0.3750000000
52445  -30.642  12.233  65.056 0.3750000000
53169  -32.171  12.834  65.710 0.3750000000
52452  -31.436  12.511  64.869 0.3750000000
52451  -30.793  12.206  64.265 0.3750000000
53170  -32.981  13.393  65.348 0.3750000000
52459  -31.499  12.576  63.987 0.3750000000
52457  -30.211  11.775  63.116 0.2500000000
52468  -31.418  12.673  63.085 0.3750000000
53187  -31.188  12.814  62.232 0.3750000000
53845  -33.556  14.038  65.947 0.5000000000
53176  -32.241  12.927  64.645 0.3750000000
53177  -32.958  13.485  64.392 0.3750000000
53182  -32.230  13.162  63.587 0.3750000000
53851  -33.624  14.026  65.103 0.6250000000
53188  -31.894  13.269  62.593 0.3750000000
53195  -31.614  13.440  61.732 0.3750000000
53867  -31.355  13.730  60.892 0.3750000000
89427  -34.145  14.823  64.858 0.5000000000
78711  -33.956  14.801  63.751 0.5000000000
89698  -33.534  14.096  64.125 0.3750000000
78801  -33.315  14.173  63.232 0.3750000000
95500  -32.941  13.690  63.621 0.3750000000
89696  -32.940  14.307  62.425 0.3750000000
53183  -32.617  13.710  62.899 0.3750000000
53868  -32.105  14.061  61.287 0.3750000000
53861  -32.322  13.826  62.085 0.3750000000
53878  -31.864  14.453  60.442 0.3750000000
53877  -31.088  14.055  60.128 0.3750000000
53889  -30.785  14.458  59.519 0.2500000000
54564  -30.503  14.875  59.033 0.1250000000
63140  -8.021  30.720  65.634 0.2500000000
53869  -32.645  14.373  61.732 0.3750000000
54555  -31.391  14.623  59.848 0.3750000000
81639  -30.971  16.154  58.973 0.1250000000
55199  -31.407  16.856  58.843 0.1250000000
56425  -32.810  18.537  56.952 0.3750000000
55188  -30.514  15.525  58.751 0.1250000000
57046  -34.010  19.237  57.064 0.3750000000
65476  -11.800  36.007  63.719 0.2500000000
65475  -11.094  35.730  63.847 0.2500000000
65474  -10.448  35.475  64.308 0.2500000000
64951  -9.801  35.107  64.781 0.2500000000
64950  -9.291  34.202  64.389 0.2500000000
64453  -8.846  33.464  64.603 0.2500000000
91553  -8.207  31.488  65.544 0.2500000000
84951  -8.976  34.113  65.238 0.2500000000
93740  -33.173  15.165  61.270 0.3750000000
78806  -32.412  15.113  60.299 0.3750000000
56391  -33.478  17.876  59.206 0.3750000000
54556  -31.850  14.963  59.909 0.2500000000
81670  -31.662  16.218  59.545 0.2500000000
55782  -32.218  16.912  59.544 0.1250000000
55783  -32.902  17.454  59.417 0.3750000000
95742  -31.208  15.307  59.453 0.1250000000
55799  -32.157  17.879  57.978 0.2500000000
56418  -32.835  18.309  57.860 0.3750000000
56419  -33.480  18.734  57.544 0.3750000000
65982  -12.007  36.755  64.371 0.2500000000
84037  -11.557  36.170  64.196 0.2500000000
92109  -9.384  34.724  65.206 0.2500000000
89697  -33.710  15.577  61.586 0.3750000000
55179  -32.054  15.577  59.916 0.2500000000
55770  -32.486  16.205  59.974 0.3750000000
89594  -33.180  16.147  60.375 0.3750000000
55771  -33.110  16.795  59.974 0.3750000000
81306  -43.212  18.601  49.912 0.5000000000
55858  -42.256  17.920  48.744 0.3750000000
90735  -46.875  22.387  42.741 0.5000000000
59154  -46.764  23.378  42.193 0.5000000000
59160  -46.969  23.506  41.132 0.5000000000
45518  -0.082  5.194  83.612 0.3750000000
94557  0.054  4.250  82.066 0.1250000000
44658  -0.090  3.994  81.366 0.1250000000
45524  -0.544  4.561  81.773 0.1250000000
44667  -0.263  3.738  80.534 0.1250000000
45521  -0.291  4.682  82.691 0.1250000000
45520  0.326  4.438  83.389 0.2500000000
86084  -1.106  8.314  85.314 0.5000000000
46408  -0.900  5.457  83.094 0.3750000000
47213  -1.165  6.791  85.406 0.3750000000
45517  0.800  4.854  84.194 0.3750000000
48819  -15.660  8.607  82.529 0.6250000000
51454  -18.368  11.335  79.412 0.7500000000
52319  -18.591  12.761  77.621 0.8750000000
51467  -18.764  11.818  78.976 0.8750000000
50624  -17.640  11.103  79.794 0.7500000000
48915  -11.285  9.001  73.277 0.8750000000
51466  -17.150  11.272  78.360 0.7500000000
83538  -16.715  10.843  77.905 0.8750000000
85072  -5.570  9.854  74.927 0.8750000000
51484  3.029  11.417  76.572 0.3750000000
52334  3.350  12.710  75.409 0.5000000000
87243  -1.220  9.018  84.681 0.5000000000
53063  -18.415  13.893  76.236 0.8750000000
52346  4.704  13.132  73.015 0.3750000000
53120  3.409  13.193  69.566 0.6250000000
52428  1.387  12.137  66.930 0.6250000000
88035  -30.087  12.044  67.688 0.3750000000
52437  -30.087  12.073  66.757 0.3750000000
78858  -33.810  16.184  60.999 0.6250000000
59172  -47.110  23.619  40.025 0.5000000000
50680  -7.042  11.321  74.692 0.8750000000
49750  -5.410  9.490  77.584 0.8750000000
90253  -5.622  9.653  76.132 0.8750000000
89592  -33.674  14.772  62.779 0.3750000000
89734  -33.229  14.896  61.868 0.5000000000
56407  -32.814  17.954  58.679 0.3750000000
48018  -8.524  7.598  81.561 0.5000000000
52355  4.215  12.231  71.997 0.3750000000
51527  4.009  12.037  71.410 0.5000000000
51538  3.683  11.870  70.927 0.6250000000
52385  3.490  12.534  69.741 0.7500000000
82800  -1.503  6.146  83.619 0.3750000000
52354  4.543  12.676  72.294 0.3750000000
50613  -16.827  10.865  80.513 0.7500000000
46402  -0.428  6.196  85.274 0.3750000000
46406  -0.649  5.927  84.102 0.3750000000
52320  -19.588  13.037  77.675 0.8750000000
49883  1.207  9.551  64.100 0.2500000000
47987  -2.519  7.525  85.195 0.5000000000
51452  -17.188  11.236  79.170 0.7500000000
51453  -17.862  11.554  78.883 0.8750000000
49896  -1.354  9.524  62.964 0.2500000000
49905  -1.171  9.208  62.108 0.2500000000
50794  -2.761  10.299  62.508 0.2500000000
49739  -14.701  9.842  78.769 0.7500000000
88391  -13.046  8.801  76.030 0.8750000000
91346  -13.568  11.250  82.526 0.7500000000
50621  -12.970  11.331  79.277 0.7500000000
50657  -12.120  10.479  76.825 0.7500000000
50632  -11.998  11.455  77.978 0.7500000000
52310  -11.195  12.588  78.835 0.7500000000
48945  -11.124  8.043  71.698 0.8750000000
51416  -10.947  11.500  82.657 0.7500000000
87866  -11.439  11.970  82.126 0.7500000000
51426  -10.496  12.082  82.028 0.7500000000
52304  -11.047  12.738  79.548 0.7500000000
52309  -10.522  12.846  78.811 0.7500000000
50683  -10.189  10.686  74.570 0.8750000000
83317  -10.356  9.240  72.099 0.8750000000
48944  -10.444  8.597  71.344 0.8750000000
51566  -26.869  11.912  67.307 0.3750000000
51446  -7.554  12.216  79.439 0.7500000000
50654  -7.076  11.300  76.421 0.8750000000
91426  -7.912  12.242  76.810 0.7500000000
79359  -7.926  12.458  78.652 0.7500000000
51461  -8.906  12.789  77.975 0.7500000000
51488  -8.405  12.239  76.202 0.8750000000
50681  -8.070  11.583  74.160 0.8750000000
51507  -8.614  11.761  74.851 0.8750000000
51498  -8.073  11.969  75.522 0.8750000000
50697  -9.465  10.678  73.495 0.8750000000
88543  -6.082  10.723  78.615 0.7500000000
49765  -6.094  10.075  76.495 0.8750000000
50653  -6.635  10.714  76.089 0.8750000000
51460  -7.188  11.887  78.146 0.7500000000
87191  -7.252  11.448  75.589 0.8750000000
50619  -5.642  10.531  79.191 0.8750000000
49751  -5.987  9.953  77.165 0.8750000000
52458  -30.843  12.176  63.482 0.3750000000
52467  -30.744  12.232  62.692 0.3750000000
89593  -32.669  14.765  61.036 0.3750000000
80112  -32.108  17.484  58.801 0.2500000000
64443  -8.469  32.754  65.594 0.2500000000
89703  -32.673  15.669  60.232 0.3750000000
78720  -33.080  15.509  60.750 0.3750000000
59139  -46.707  22.815  43.021 0.5000000000
59811  -46.811  24.344  41.471 0.3750000000
46405  0.165  5.653  84.599 0.3750000000
46396  -0.227  6.673  85.724 0.3750000000
47210  -0.769  7.423  85.612 0.3750000000
51455  -19.126  11.287  79.457 0.7500000000
52311  -19.199  12.385  78.405 0.8750000000
49713  -16.561  9.563  81.732 0.6250000000
50604  -17.152  10.141  81.161 0.7500000000
50626  -19.293  10.462  79.734 0.6250000000
49714  -17.188  9.243  81.420 0.6250000000
50614  -17.909  10.371  80.494 0.6250000000
49721  -17.787  9.387  81.024 0.6250000000
91868  -17.798  7.878  81.184 0.1250000000
48837  -18.200  8.522  80.954 0.3750000000
49722  -18.629  9.319  80.547 0.5000000000
50627  -20.190  10.881  79.388 0.3750000000
88767  -20.784  11.675  78.909 0.3750000000
50637  -21.355  10.721  78.976 0.3750000000
48025  -15.697  6.949  82.209 0.5000000000
93023  -16.613  7.897  81.999 0.5000000000
48828  -16.912  8.549  81.749 0.5000000000
47250  -14.662  5.686  81.209 0.1250000000
47237  -16.174  6.254  81.909 0.2500000000
47238  -16.883  6.682  81.501 0.2500000000
48027  -17.154  7.645  81.613 0.2500000000
48829  -17.513  8.520  81.350 0.2500000000
48033  -17.600  7.162  81.078 0.1250000000
50615  -18.718  10.138  80.126 0.5000000000
45513  2.294  4.706  84.927 0.2500000000
45514  1.608  5.018  84.764 0.2500000000
48011  -16.045  7.782  82.280 0.5000000000
48024  -14.850  6.895  82.478 0.3750000000
47235  -14.324  6.121  82.103 0.2500000000
47236  -15.342  6.070  82.119 0.2500000000
48820  -16.340  8.587  82.146 0.5000000000
46419  -13.039  5.547  80.532 0.2500000000
51468  -19.728  11.813  79.030 0.6250000000
52312  -20.265  12.381  78.496 0.6250000000
46400  1.866  5.443  85.472 0.2500000000
80044  -3.137  5.922  81.020 0.2500000000
46417  -3.552  6.031  80.302 0.1250000000
46431  -3.196  5.693  79.482 0.1250000000
83958  -12.948  5.930  81.321 0.2500000000
47234  -13.356  6.255  82.003 0.3750000000
46433  -11.218  5.969  79.317 0.2500000000
47265  -11.627  5.891  80.084 0.2500000000
79318  -10.298  6.235  77.685 0.2500000000
90647  -11.997  5.611  79.419 0.2500000000
93980  -12.301  5.594  80.114 0.2500000000
46401  0.941  5.567  85.235 0.2500000000
48009  -14.382  7.771  82.962 0.3750000000
47240  -3.943  6.373  81.213 0.2500000000
48022  -12.854  6.938  82.446 0.3750000000
48023  -13.854  6.934  82.558 0.3750000000
46418  -4.208  6.352  80.371 0.1250000000
47241  -4.786  6.594  80.905 0.1250000000
46432  -4.058  6.112  79.503 0.1250000000
47247  -11.371  6.395  80.724 0.2500000000
88504  -11.810  6.523  81.370 0.3750000000
46446  -4.330  5.990  78.566 0.1250000000
47264  -10.871  6.281  80.041 0.2500000000
46451  -10.791  6.156  78.535 0.2500000000
47263  -10.431  6.374  79.302 0.2500000000
47279  -9.958  6.512  78.533 0.2500000000
90728  -7.203  5.535  75.760 0.1250000000
92298  0.235  5.900  85.377 0.2500000000
46395  0.372  6.108  85.767 0.2500000000
47257  -4.786  6.551  79.968 0.1250000000
47242  -5.619  6.874  80.445 0.1250000000
47258  -5.350  6.753  79.553 0.1250000000
47259  -6.056  7.039  79.499 0.1250000000
89012  -7.922  7.038  79.314 0.1250000000
47275  -5.567  6.703  78.832 0.1250000000
47276  -6.417  6.866  78.643 0.1250000000
47260  -6.973  7.114  79.389 0.1250000000
46468  -5.350  6.112  77.511 0.1250000000
46449  -6.788  6.500  77.775 0.1250000000
91393  -7.657  6.538  77.861 0.1250000000
47278  -8.363  6.722  78.410 0.2500000000
47262  -9.639  6.703  79.339 0.2500000000
92424  -6.083  6.216  77.390 0.1250000000
46470  -7.476  6.234  77.206 0.1250000000
80128  -9.221  6.738  78.659 0.2500000000
46487  -5.730  5.835  76.693 0.1250000000
46489  -7.334  5.894  76.484 0.1250000000
46471  -8.294  6.363  77.482 0.1250000000
80412  -8.907  6.177  76.948 0.1250000000
46507  -5.742  5.291  75.733 0.1250000000
79412  -8.109  6.057  76.747 0.1250000000
46490  -8.659  5.974  76.311 0.1250000000
46508  -6.527  5.339  75.543 0.1250000000
47243  -6.613  7.126  80.324 0.2500000000
47244  -7.536  7.187  80.191 0.2500000000
63134  -20.039  30.823  68.088 0.1250000000
62697  -20.393  30.280  67.012 0.1250000000
62688  -19.247  30.513  68.599 0.1250000000
62696  -19.549  29.732  67.409 0.1250000000
82464  -19.894  29.603  66.330 0.1250000000
62687  -18.882  29.596  68.280 0.2500000000
62213  -19.253  29.022  66.249 0.1250000000
62212  -18.645  28.759  67.312 0.2500000000
62705  -19.833  29.138  65.322 0.1250000000
61725  -17.872  27.945  68.360 0.2500000000
62223  -19.190  28.365  65.402 0.1250000000
62200  -17.637  28.514  69.306 0.2500000000
61739  -18.367  27.608  66.778 0.2500000000
62222  -18.802  28.298  66.195 0.2500000000
85441  -17.316  26.988  69.271 0.2500000000
61264  -17.959  26.912  68.004 0.2500000000
61740  -18.721  27.635  65.576 0.2500000000
61747  -18.591  26.983  64.816 0.2500000000
61263  -17.516  26.212  69.104 0.2500000000
95205  -18.224  26.717  66.800 0.2500000000
85170  -18.420  26.887  65.800 0.2500000000
61278  -18.348  26.217  65.042 0.2500000000
60774  -18.396  25.390  65.400 0.2500000000
60752  -17.096  25.620  69.639 0.2500000000
60762  -17.826  25.562  69.039 0.2500000000
60768  -18.144  26.003  67.630 0.2500000000
60769  -18.401  25.299  66.550 0.2500000000
61273  -18.351  26.091  66.152 0.2500000000
82988  -18.571  24.760  65.816 0.2500000000
60211  -18.925  24.218  65.769 0.2500000000
60193  -18.249  24.906  68.800 0.2500000000
60763  -18.302  25.257  67.780 0.2500000000
60200  -18.673  24.623  66.976 0.2500000000
59523  -19.083  24.020  66.631 0.2500000000
59511  -18.854  24.192  68.178 0.2500000000
58909  -16.765  22.053  66.033 0.2500000000
58264  -17.042  21.001  64.988 0.2500000000
57587  -17.508  20.409  64.440 0.3750000000
56969  -17.817  19.478  63.184 0.3750000000
62679  -18.655  31.302  69.120 0.1250000000
63144  -21.101  30.653  66.541 0.1250000000
62706  -20.533  29.881  65.895 0.1250000000
62678  -18.246  30.331  69.247 0.1250000000
81768  -17.058  30.494  69.639 0.1250000000
62192  -17.508  29.414  69.639 0.1250000000
63152  -21.246  30.202  65.438 0.1250000000
62677  -16.641  29.322  69.963 0.1250000000
62201  -18.238  29.052  68.719 0.1250000000
62713  -20.647  29.535  64.864 0.1250000000
62183  -16.139  28.939  70.127 0.1250000000
61707  -16.268  28.264  70.001 0.1250000000
62191  -17.058  28.536  69.894 0.1250000000
61724  -17.207  27.762  69.606 0.2500000000
61715  -16.306  27.704  69.807 0.1250000000
84503  -16.694  27.185  69.698 0.2500000000
62230  -19.555  28.323  64.555 0.1250000000
61748  -19.042  27.676  64.701 0.1250000000
60767  -15.866  24.953  67.613 0.1250000000
60761  -15.902  25.537  68.386 0.1250000000
61285  -18.576  26.350  64.085 0.2500000000
60779  -18.572  25.534  64.370 0.2500000000
60223  -18.809  24.724  64.811 0.2500000000
59536  -19.587  23.650  65.826 0.2500000000
87121  -16.150  24.294  67.388 0.1250000000
60212  -19.469  24.101  64.909 0.2500000000
79291  -20.052  23.643  64.940 0.2500000000
59522  -16.455  23.462  67.056 0.1250000000
58899  -16.789  22.591  66.862 0.1250000000
58254  -16.780  21.636  65.352 0.1250000000
57619  -17.187  20.190  63.437 0.3750000000
57586  -16.831  20.963  64.026 0.2500000000
56980  -17.229  19.626  62.663 0.3750000000
56356  -17.691  18.648  61.550 0.3750000000
95062  -17.460  18.212  60.196 0.5000000000
63120  -17.839  31.435  69.285 0.1250000000
88912  -17.173  31.422  69.295 0.1250000000
63136  -21.437  31.721  67.012 0.1250000000
63119  -16.455  30.960  69.349 0.1250000000
63592  -22.043  31.929  66.501 0.1250000000
63145  -21.757  30.955  66.041 0.1250000000
63118  -15.788  30.498  69.054 0.1250000000
87040  -16.155  29.905  69.792 0.1250000000
63146  -22.362  31.297  65.546 0.1250000000
63602  -23.093  31.614  65.014 0.1250000000
63153  -21.920  30.527  65.030 0.1250000000
62686  -15.431  29.971  68.398 0.1250000000
62714  -21.386  29.842  64.325 0.1250000000
62231  -20.173  28.842  64.314 0.1250000000
62211  -15.145  28.697  67.070 0.1250000000
62676  -15.651  29.637  69.285 0.1250000000
85026  -15.034  29.050  66.140 0.1250000000
83261  -15.281  28.237  67.802 0.1250000000
62190  -15.646  28.751  69.436 0.1250000000
61253  -15.893  27.266  69.213 0.1250000000
83477  -20.765  29.230  64.044 0.1250000000
93742  -19.314  27.699  63.977 0.1250000000
62221  -14.903  28.580  65.270 0.1250000000
80782  -15.014  28.076  66.169 0.1250000000
61734  -15.179  27.939  67.136 0.1250000000
90637  -15.423  27.394  68.021 0.1250000000
95005  -15.702  26.808  68.609 0.1250000000
61753  -18.880  27.107  63.939 0.1250000000
61738  -14.868  27.729  65.122 0.1250000000
82183  -15.032  27.085  65.824 0.1250000000
61272  -15.330  26.329  66.462 0.1250000000
60766  -15.603  25.548  67.100 0.1250000000
61746  -14.934  26.836  64.914 0.1250000000
61277  -15.161  26.322  65.543 0.1250000000
60773  -15.409  25.469  65.822 0.1250000000
60199  -15.750  24.758  66.595 0.1250000000
61284  -14.997  25.905  64.851 0.1250000000
60210  -15.942  23.912  66.286 0.1250000000
60238  -18.971  25.021  63.747 0.2500000000
60786  -14.752  25.412  63.951 0.1250000000
87237  -15.168  24.964  64.874 0.1250000000
60209  -15.549  24.478  65.604 0.1250000000
59546  -20.001  23.879  64.198 0.2500000000
60237  -15.093  24.416  64.196 0.1250000000
60222  -15.381  24.209  64.874 0.1250000000
59534  -15.716  23.663  65.328 0.1250000000
59535  -16.248  22.966  65.940 0.1250000000
59544  -15.460  23.575  64.404 0.1250000000
59545  -15.908  22.943  64.932 0.1250000000
58908  -16.357  22.276  65.222 0.1250000000
93291  -15.415  23.218  63.707 0.1250000000
58918  -15.713  22.810  64.158 0.1250000000
91539  -16.075  22.381  64.556 0.1250000000
58919  -16.462  21.698  64.542 0.2500000000
58282  -16.288  21.505  63.724 0.2500000000
56991  -17.283  19.096  61.999 0.3750000000
56979  -16.753  19.756  62.098 0.3750000000
57010  -17.059  18.783  61.184 0.3750000000
89223  -17.260  18.041  59.669 0.5000000000
63573  -18.410  32.246  69.005 0.1250000000
63125  -19.325  31.699  68.807 0.1250000000
63126  -19.972  32.023  68.439 0.1250000000
63132  -15.890  31.168  67.438 0.1250000000
63124  -16.802  31.714  68.911 0.1250000000
63593  -22.587  32.371  66.044 0.1250000000
63155  -23.159  30.970  64.230 0.1250000000
63162  -22.625  30.454  63.661 0.1250000000
63141  -15.527  30.371  66.742 0.1250000000
63123  -16.012  31.251  68.587 0.1250000000
64019  -24.161  33.070  64.819 0.1250000000
63594  -23.193  32.502  65.545 0.1250000000
63154  -22.573  30.802  64.629 0.1250000000
63161  -22.056  30.312  64.202 0.1250000000
89349  -15.246  29.703  66.141 0.1250000000
62695  -15.269  29.669  67.209 0.1250000000
63131  -15.545  30.568  67.937 0.1250000000
64029  -24.523  32.595  64.134 0.1250000000
63603  -23.723  32.302  64.936 0.1250000000
63612  -23.799  31.530  64.183 0.1250000000
62721  -21.878  29.886  63.488 0.1250000000
64030  -24.915  32.555  63.613 0.1250000000
63613  -24.552  31.865  63.711 0.1250000000
62720  -21.187  29.225  63.308 0.1250000000
62239  -20.436  28.649  63.453 0.1250000000
61292  -19.361  27.362  63.134 0.1250000000
62228  -14.828  28.221  64.448 0.1250000000
61298  -19.330  26.647  62.401 0.1250000000
61283  -14.662  26.509  64.074 0.1250000000
61745  -14.732  27.434  64.236 0.1250000000
60795  -19.153  25.929  62.657 0.1250000000
61291  -18.956  26.522  63.248 0.1250000000
60796  -19.373  25.414  62.054 0.1250000000
60788  -19.196  25.231  62.875 0.1250000000
60794  -14.407  25.413  62.147 0.1250000000
60785  -14.565  25.352  62.995 0.1250000000
59591  -19.711  24.340  61.707 0.1250000000
60254  -19.503  24.755  62.255 0.1250000000
59561  -19.923  24.114  63.366 0.2500000000
60253  -14.718  24.608  62.557 0.1250000000
85429  -20.792  23.676  62.157 0.1250000000
82560  -14.621  23.889  61.384 0.1250000000
59559  -14.991  24.011  62.945 0.1250000000
60236  -14.871  24.594  63.388 0.1250000000
59589  -14.824  23.203  61.550 0.1250000000
59560  -15.158  23.834  63.609 0.1250000000
58281  -15.823  21.770  63.042 0.2500000000
59590  -15.087  23.047  62.225 0.1250000000
58929  -15.562  22.611  63.404 0.2500000000
58930  -15.959  22.129  63.915 0.1250000000
57598  -16.452  20.975  63.174 0.2500000000
58298  -16.010  21.068  62.346 0.3750000000
56990  -16.608  19.520  61.432 0.3750000000
56366  -16.893  18.457  60.316 0.3750000000
63579  -19.076  33.127  68.697 0.1250000000
63135  -20.745  31.509  67.714 0.1250000000
63572  -17.645  32.123  69.081 0.1250000000
63586  -21.592  32.888  67.274 0.1250000000
63577  -17.279  32.211  68.030 0.1250000000
63587  -22.093  32.847  66.817 0.1250000000
64018  -23.488  33.228  65.531 0.1250000000
63168  -23.429  30.837  63.502 0.1250000000
93603  -23.026  30.417  62.915 0.1250000000
95397  -24.818  33.596  63.805 0.1250000000
64467  -24.638  33.256  64.119 0.1250000000
63620  -24.079  31.227  63.361 0.1250000000
63169  -23.785  30.663  62.581 0.1250000000
62727  -22.391  29.923  62.718 0.1250000000
64475  -25.570  33.309  62.702 0.1250000000
64038  -25.393  32.541  63.026 0.1250000000
63614  -25.110  31.943  63.218 0.1250000000
63622  -25.498  31.773  62.614 0.1250000000
84919  -21.750  29.463  62.791 0.1250000000
64476  -26.215  33.046  62.106 0.1250000000
64039  -25.942  32.456  62.429 0.1250000000
64046  -26.599  32.440  61.864 0.1250000000
62726  -21.971  29.331  62.108 0.1250000000
62246  -21.378  28.926  62.401 0.1250000000
62245  -20.707  28.531  62.635 0.1250000000
87769  -26.774  34.015  61.285 0.1250000000
82011  -19.729  27.352  62.127 0.1250000000
61768  -20.067  27.452  61.227 0.1250000000
84736  -14.423  27.214  63.377 0.1250000000
61309  -19.614  26.147  60.583 0.1250000000
60803  -19.470  25.629  61.168 0.1250000000
94073  -14.352  25.844  62.670 0.1250000000
60808  -19.533  25.456  60.199 0.1250000000
60268  -19.501  24.843  61.461 0.1250000000
60267  -14.557  24.551  61.716 0.1250000000
59611  -19.662  24.205  60.995 0.1250000000
59592  -20.059  23.849  61.467 0.1250000000
86877  -14.264  22.907  60.222 0.1250000000
58965  -13.942  22.252  59.881 0.1250000000
59610  -14.493  23.470  60.772 0.1250000000
58950  -14.399  22.196  60.319 0.1250000000
58943  -14.745  22.573  60.904 0.1250000000
58944  -15.157  22.511  61.759 0.2500000000
58935  -15.384  22.499  62.589 0.2500000000
58321  -14.428  21.492  60.007 0.1250000000
85068  -14.765  21.852  60.612 0.1250000000
58306  -15.184  21.856  61.234 0.2500000000
57652  -14.871  20.825  59.964 0.1250000000
58313  -15.135  21.201  60.647 0.1250000000
58307  -15.598  21.155  61.509 0.2500000000
81707  -15.538  21.811  62.073 0.2500000000
57653  -15.439  20.472  60.337 0.3750000000
57008  -15.795  19.748  60.073 0.3750000000
88898  -16.173  20.367  61.693 0.2500000000
57026  -15.476  19.457  59.292 0.3750000000
57654  -16.040  20.029  60.849 0.3750000000
55788  -15.466  18.281  58.334 0.5000000000
56380  -15.860  18.747  59.001 0.3750000000
57009  -16.433  19.240  60.627 0.3750000000
57027  -16.181  18.991  59.795 0.5000000000
63580  -20.100  33.036  68.242 0.1250000000
63585  -20.891  32.956  67.761 0.1250000000
64001  -20.123  34.115  67.838 0.1250000000
64003  -21.593  33.703  67.093 0.1250000000
64010  -22.217  33.533  66.679 0.1250000000
63142  -16.027  30.904  66.280 0.1250000000
64457  -24.244  33.863  64.750 0.1250000000
62704  -15.099  29.323  65.244 0.1250000000
63150  -15.554  30.134  65.568 0.1250000000
63167  -23.085  30.108  62.151 0.1250000000
92427  -14.938  28.810  64.643 0.1250000000
87800  -25.318  34.173  62.569 0.1250000000
63629  -25.273  31.121  61.922 0.1250000000
79393  -22.561  29.657  61.895 0.1250000000
62733  -22.251  29.218  61.306 0.1250000000
61752  -14.653  27.957  63.617 0.1250000000
63630  -26.885  31.794  61.487 0.1250000000
62253  -21.518  28.773  61.577 0.1250000000
61762  -20.313  28.009  61.945 0.1250000000
62262  -21.692  28.659  60.580 0.1250000000
62261  -20.775  28.191  61.110 0.1250000000
61297  -14.148  27.122  62.526 0.1250000000
61769  -20.434  27.579  60.543 0.1250000000
88712  -14.179  26.321  62.296 0.1250000000
61777  -20.551  27.341  59.838 0.1250000000
61310  -19.953  26.854  60.396 0.1250000000
82253  -14.338  25.212  61.332 0.1250000000
84126  -14.325  24.485  60.779 0.1250000000
63578  -18.268  32.810  68.628 0.1250000000
63995  -19.580  33.858  68.226 0.1250000000
64002  -20.885  33.945  67.392 0.1250000000
64437  -21.188  34.165  67.031 0.1250000000
63584  -18.133  32.740  67.432 0.1250000000
64438  -21.614  34.194  66.804 0.1250000000
63133  -16.519  31.668  67.004 0.1250000000
64447  -23.014  34.091  66.029 0.1250000000
64456  -23.583  34.202  65.444 0.1250000000
63176  -24.442  30.653  61.809 0.1250000000
63175  -23.705  30.248  61.695 0.1250000000
62711  -15.424  29.705  64.742 0.1250000000
64474  -24.956  34.037  63.419 0.1250000000
62734  -23.121  29.699  61.230 0.1250000000
62236  -14.924  28.586  63.934 0.1250000000
64480  -26.014  33.814  61.888 0.1250000000
63178  -26.382  31.315  61.222 0.1250000000
79221  -24.999  30.616  61.112 0.1250000000
63184  -24.137  30.080  60.862 0.1250000000
61761  -14.035  27.723  61.972 0.1250000000
62739  -22.607  29.182  60.476 0.1250000000
62263  -22.277  28.737  59.713 0.1250000000
60807  -14.066  25.577  60.668 0.1250000000
61778  -21.205  27.765  59.452 0.1250000000
62272  -22.895  28.894  59.328 0.1250000000
55801  0.539  17.184  57.408 0.1250000000
64000  -19.637  33.930  67.784 0.1250000000
64446  -22.167  34.415  66.414 0.1250000000
63143  -16.680  31.341  65.826 0.1250000000
62712  -15.948  30.251  64.667 0.1250000000
64972  -25.389  34.791  61.948 0.1250000000
64965  -24.305  34.996  64.048 0.1250000000
62229  -15.135  29.192  64.337 0.1250000000
62243  -14.774  28.348  63.109 0.1250000000
64978  -26.185  34.644  61.299 0.1250000000
61302  -13.922  27.004  61.702 0.1250000000
62750  -23.473  29.205  59.467 0.1250000000
86955  -20.209  34.054  67.487 0.1250000000
63591  -18.127  32.340  66.069 0.1250000000
63590  -17.295  32.093  66.566 0.1250000000
85704  -16.178  30.701  65.367 0.1250000000
85776  -15.631  29.685  63.922 0.1250000000
64971  -24.637  35.153  62.951 0.1250000000
65479  -23.829  36.129  63.949 0.1250000000
62237  -15.159  28.977  63.514 0.1250000000
62249  -14.436  28.268  62.282 0.1250000000
60801  -13.824  26.704  60.708 0.1250000000
93397  -13.698  25.963  60.026 0.1250000000
93370  -13.287  25.742  59.267 0.1250000000
60306  -12.766  25.111  58.668 0.1250000000
60305  -12.235  24.362  58.740 0.1250000000
60304  -11.439  24.512  58.645 0.1250000000
59646  -10.916  23.916  59.068 0.1250000000
62718  -15.659  29.298  63.077 0.1250000000
86172  -25.663  35.594  61.325 0.1250000000
59629  -10.420  23.340  59.498 0.1250000000
52321  -20.768  12.881  77.919 0.6250000000
59602  -30.133  24.208  61.317 0.5000000000
57663  -15.120  20.208  59.599 0.2500000000
59576  -20.482  23.855  62.913 0.2500000000
58320  -13.687  21.496  59.486 0.1250000000
79596  -10.075  6.619  80.059 0.2500000000
94458  -2.498  5.609  80.866 0.1250000000
47261  -8.826  6.972  79.312 0.2500000000
53058  -20.210  13.558  77.194 0.6250000000
50625  -18.487  10.843  79.848 0.6250000000
48026  -16.417  7.156  81.886 0.3750000000
47249  -13.691  5.785  81.326 0.2500000000
46420  -13.879  5.473  80.589 0.2500000000
46445  -3.574  5.671  78.738 0.1250000000
47248  -12.214  6.014  80.831 0.2500000000
47233  -12.503  6.406  81.718 0.2500000000
47274  -4.832  6.439  79.102 0.1250000000
46447  -5.075  6.267  78.297 0.1250000000
46450  -9.254  6.475  77.804 0.2500000000
46472  -9.656  6.186  77.099 0.1250000000
47277  -7.355  6.864  78.528 0.1250000000
46448  -5.881  6.416  78.074 0.1250000000
46506  -4.953  5.336  76.240 0.1250000000
46469  -6.660  6.093  76.943 0.1250000000
46488  -6.539  5.670  76.199 0.1250000000
60224  -19.424  24.450  64.011 0.2500000000
57618  -16.620  20.332  62.574 0.3750000000
84693  -15.223  27.202  66.877 0.1250000000
61723  -15.531  28.101  68.731 0.1250000000
62238  -19.794  28.134  63.685 0.1250000000
60760  -15.524  26.404  67.843 0.1250000000
60787  -18.845  25.737  63.469 0.1250000000
64011  -22.838  33.356  66.136 0.1250000000
61757  -20.029  27.991  62.813 0.1250000000
61303  -19.589  26.612  61.387 0.1250000000
81275  -19.363  26.058  61.926 0.1250000000
61290  -14.375  26.266  63.143 0.1250000000
86047  -19.931  24.156  62.412 0.1250000000
59574  -14.868  23.784  62.197 0.1250000000
59575  -15.198  23.273  62.963 0.1250000000
87787  -24.519  34.061  64.193 0.1250000000
63621  -24.735  31.282  62.789 0.1250000000
63623  -26.112  31.632  61.916 0.1250000000
62252  -20.942  28.463  61.931 0.1250000000
81184  -19.731  26.087  59.829 0.1250000000
60280  -19.501  24.792  60.612 0.1250000000
57637  -15.671  20.664  61.004 0.2500000000
61756  -14.313  27.815  62.777 0.1250000000
61770  -20.983  28.026  60.194 0.1250000000
60802  -14.126  26.057  61.468 0.1250000000
61785  -20.770  27.131  59.025 0.1250000000
62749  -22.921  29.128  59.840 0.1250000000
62740  -23.429  29.489  60.269 0.1250000000
62271  -21.575  28.315  59.799 0.1250000000
65500  -26.415  35.399  60.859 0.1250000000
61760  -13.959  27.548  61.137 0.1250000000
49729  -19.321  9.555  79.992 0.2500000000
52390  -24.446  12.405  69.314 0.3750000000
52404  -23.826  12.143  68.784 0.3750000000
92796  -24.425  12.481  68.534 0.3750000000
80382  -25.130  12.574  68.797 0.3750000000
48128  0.144  8.050  69.403 0.3750000000
85239  3.200  11.518  70.558 0.5000000000
50721  2.679  10.962  70.094 0.3750000000
87163  -25.689  12.437  68.267 0.3750000000
52406  -26.157  12.302  69.108 0.3750000000
51547  3.305  11.823  69.899 0.3750000000
50728  2.741  10.662  69.217 0.3750000000
49838  2.121  10.130  69.796 0.3750000000
48972  0.729  8.831  69.823 0.2500000000
51565  -25.746  12.243  67.360 0.2500000000
51551  2.997  11.085  68.894 0.3750000000
50727  2.822  11.166  69.674 0.3750000000
93506  2.665  10.535  69.331 0.3750000000
82655  3.335  10.223  68.169 0.3750000000
49847  3.088  9.917  68.383 0.3750000000
48970  2.758  9.889  68.810 0.3750000000
48990  2.563  8.878  68.438 0.3750000000
48991  1.267  8.481  68.950 0.3750000000
49855  3.537  9.643  67.806 0.3750000000
48989  3.249  9.403  68.063 0.3750000000
48988  3.631  9.153  67.619 0.3750000000
52423  -26.558  12.212  68.177 0.3750000000
81398  3.221  11.962  69.235 0.3750000000
51582  -26.265  11.770  66.523 0.2500000000
52412  3.085  11.801  68.448 0.3750000000
53133  3.202  12.743  68.999 0.5000000000
50746  2.749  11.057  65.964 0.5000000000
51570  2.999  11.482  66.778 0.5000000000
95791  2.850  11.893  67.242 0.3750000000
52413  3.091  11.668  67.575 0.3750000000
50754  3.323  10.394  65.624 0.3750000000
51583  -27.206  11.599  66.477 0.2500000000
51599  -26.562  11.376  65.684 0.1250000000
52466  -30.056  11.928  62.323 0.2500000000
52477  -30.551  12.423  62.007 0.2500000000
53194  -30.734  13.060  61.404 0.2500000000
53204  -30.574  13.481  60.538 0.2500000000
56435  -34.246  18.491  54.335 0.2500000000
57057  -33.921  19.152  55.115 0.2500000000
57064  -34.849  19.360  54.723 0.3750000000
55830  -34.151  17.445  53.924 0.2500000000
56436  -35.350  18.716  54.184 0.5000000000
56437  -36.362  18.844  54.212 0.5000000000
55840  -35.575  17.070  53.927 0.3750000000
56445  -36.069  17.820  54.055 0.5000000000
82243  -36.339  16.748  54.058 0.5000000000
55841  -37.101  17.276  54.219 0.5000000000
86579  -35.810  15.432  53.943 0.1250000000
87700  -36.504  15.790  54.074 0.5000000000
89256  -37.259  16.280  54.231 0.3750000000
53958  -38.405  14.374  51.367 0.1250000000
54623  -39.449  14.968  52.286 0.2500000000
89300  -40.678  16.681  51.186 0.2500000000
57067  -37.840  19.446  54.709 0.5000000000
56438  -37.366  18.786  54.374 0.5000000000
88141  -39.265  18.503  54.931 0.5000000000
55833  -37.974  17.826  54.397 0.5000000000
55842  -38.074  16.770  54.379 0.5000000000
55835  -39.770  17.252  54.778 0.5000000000
56440  -39.941  17.878  55.080 0.6250000000
55836  -41.061  17.401  54.799 0.3750000000
53941  -36.248  13.952  53.848 0.1250000000
54612  -36.588  14.772  54.047 0.1250000000
88847  -37.416  15.303  54.217 0.3750000000
55236  -38.201  15.779  54.346 0.3750000000
55231  -39.684  16.671  54.537 0.3750000000
55837  -41.610  17.487  54.508 0.3750000000
53942  -37.009  14.021  53.976 0.1250000000
54613  -37.578  14.470  54.086 0.2500000000
53943  -37.651  13.857  53.697 0.2500000000
84504  -39.042  15.403  54.214 0.3750000000
54615  -39.522  15.256  53.651 0.3750000000
55239  -40.625  16.373  53.733 0.3750000000
55846  -41.228  16.713  53.226 0.3750000000
94450  -42.326  17.934  53.427 0.3750000000
79874  -36.835  13.097  52.706 0.1250000000
53276  -37.596  13.474  52.964 0.1250000000
54618  -38.804  14.322  53.318 0.2500000000
88911  -39.746  15.191  52.950 0.2500000000
55244  -40.052  15.648  52.205 0.2500000000
55849  -41.109  16.777  52.058 0.2500000000
55847  -41.631  17.128  52.672 0.3750000000
53283  -36.734  13.085  51.723 0.1250000000
53284  -37.425  13.414  52.076 0.2500000000
55245  -40.527  16.280  51.817 0.2500000000
55852  -41.149  17.217  51.022 0.2500000000
56450  -42.221  18.058  51.647 0.3750000000
55853  -41.734  17.798  50.885 0.2500000000
57065  -35.478  19.944  55.183 0.5000000000
57066  -36.807  19.548  54.546 0.5000000000
56441  -40.815  17.957  55.284 0.6250000000
88933  -42.108  17.673  52.620 0.3750000000
56461  -42.374  18.220  49.611 0.3750000000
80523  -35.822  19.531  54.511 0.5000000000
52405  -24.892  12.554  67.964 0.2500000000
50720  2.955  11.308  70.310 0.5000000000
91817  3.139  11.325  70.858 0.5000000000
48971  1.835  9.342  69.302 0.3750000000
51581  -25.319  11.913  66.477 0.2500000000
50733  2.840  10.436  68.837 0.3750000000
86187  -25.799  11.571  65.950 0.1250000000
51569  3.522  10.867  67.090 0.3750000000
51557  3.401  10.909  67.883 0.3750000000
51600  -27.538  11.357  65.672 0.2500000000
55831  -35.010  17.771  53.922 0.3750000000
55235  -35.657  16.249  53.916 0.5000000000
55832  -36.958  18.137  54.249 0.5000000000
55241  -40.158  15.687  53.310 0.3750000000
83805  -39.037  17.857  54.733 0.5000000000
55834  -38.928  17.112  54.598 0.5000000000
55843  -40.444  16.845  54.440 0.3750000000
88659  -38.295  14.928  54.198 0.3750000000
55237  -39.024  16.239  54.476 0.3750000000
55238  -39.896  15.989  54.152 0.3750000000
55844  -41.159  16.974  54.104 0.3750000000
53266  -36.827  13.445  53.510 0.1250000000
53949  -38.306  13.907  53.135 0.2500000000
53944  -38.311  14.302  53.833 0.2500000000
54614  -38.921  14.748  53.822 0.2500000000
54619  -39.296  14.712  53.117 0.2500000000
55242  -40.670  16.189  52.754 0.3750000000
55845  -41.817  17.322  53.641 0.3750000000
55850  -41.666  17.429  51.798 0.3750000000
90948  6.571  3.170  82.025 0.1250000000
80490  6.071  3.196  82.911 0.1250000000
45516  4.704  3.658  84.348 0.1250000000
86654  6.897  3.490  81.401 0.1250000000
45529  7.027  4.221  81.106 0.1250000000
44644  3.197  2.704  84.668 0.1250000000
44637  3.005  3.481  84.981 0.1250000000
44673  6.573  3.175  79.464 0.1250000000
83922  6.336  3.958  79.487 0.1250000000
44646  1.542  3.094  84.393 0.1250000000
44674  5.917  3.486  78.800 0.1250000000
45559  5.491  4.793  77.753 0.1250000000
44647  0.948  3.738  83.702 0.1250000000
44688  5.463  3.432  76.991 0.1250000000
84876  5.570  4.338  76.301 0.1250000000
45588  5.436  4.445  75.263 0.1250000000
45607  4.976  4.476  74.383 0.1250000000
45589  5.219  5.274  74.893 0.1250000000
44702  5.285  3.666  74.628 0.1250000000
45608  4.353  4.420  74.025 0.1250000000
44710  4.638  3.715  73.836 0.1250000000
45630  4.020  4.052  73.672 0.1250000000
44717  4.085  3.450  73.396 0.1250000000
88311  7.077  4.925  81.747 0.1250000000
45515  6.167  4.246  83.036 0.1250000000
46403  5.351  4.481  83.751 0.1250000000
45538  6.772  4.464  80.194 0.1250000000
45523  6.793  3.990  82.134 0.1250000000
45548  5.638  4.462  78.759 0.1250000000
46504  5.546  5.201  75.825 0.1250000000
46505  5.329  6.091  75.401 0.1250000000
46521  4.824  5.907  74.682 0.1250000000
86483  4.556  5.112  74.357 0.1250000000
45609  3.931  4.724  74.062 0.1250000000
46522  4.218  5.602  74.390 0.1250000000
45631  3.674  4.218  73.646 0.1250000000
46546  3.466  4.621  73.790 0.1250000000
46535  3.124  5.153  73.925 0.1250000000
43840  4.036  2.887  73.255 0.1250000000
44718  3.711  3.736  73.382 0.1250000000
45651  3.345  4.022  73.304 0.1250000000
46547  2.947  4.623  73.347 0.1250000000
42939  3.911  2.432  73.222 0.1250000000
44727  3.783  3.289  73.210 0.1250000000
44728  3.523  3.440  73.096 0.1250000000
45652  2.779  4.113  72.824 0.1250000000
46536  2.392  5.361  73.402 0.1250000000
43841  3.680  2.893  73.039 0.1250000000
43850  3.319  3.094  72.770 0.1250000000
44729  3.131  3.576  72.849 0.1250000000
45675  2.630  3.674  72.443 0.1250000000
45653  2.177  4.836  72.687 0.1250000000
44745  2.792  3.206  72.397 0.1250000000
45676  1.917  4.179  72.085 0.1250000000
46404  4.454  4.611  84.325 0.1250000000
45511  3.405  4.137  85.023 0.1250000000
46415  7.025  5.127  80.850 0.1250000000
44638  2.272  3.679  84.846 0.1250000000
45539  6.045  4.789  79.488 0.1250000000
46429  6.484  5.363  80.061 0.1250000000
45512  2.861  4.357  85.080 0.1250000000
44639  1.532  4.122  84.527 0.1250000000
46465  5.412  5.657  77.372 0.1250000000
46444  5.372  5.431  78.489 0.1250000000
80727  5.510  5.863  76.388 0.1250000000
46534  3.681  5.270  74.234 0.1250000000
42932  3.898  1.709  73.331 0.1250000000
42940  3.600  2.247  73.038 0.1250000000
43842  3.373  2.613  72.814 0.1250000000
46557  1.057  5.172  71.983 0.1250000000
44746  2.088  3.421  71.949 0.1250000000
44747  1.359  3.731  71.540 0.1250000000
92418  6.962  5.608  82.298 0.1250000000
46397  3.633  4.736  84.727 0.1250000000
47239  6.871  6.008  80.640 0.1250000000
46411  7.181  5.797  81.514 0.1250000000
46430  5.766  5.538  79.349 0.1250000000
81834  5.170  6.335  78.019 0.1250000000
47297  5.094  6.765  75.463 0.1250000000
47296  5.242  6.584  76.119 0.1250000000
47310  4.463  6.273  74.639 0.1250000000
47311  3.879  6.167  74.550 0.1250000000
47319  3.338  5.726  74.333 0.1250000000
47320  2.622  5.931  74.091 0.1250000000
46548  1.449  5.675  72.833 0.1250000000
42941  3.010  1.883  72.692 0.1250000000
43851  2.879  2.611  72.431 0.1250000000
45677  0.795  4.403  71.405 0.1250000000
42946  2.111  1.849  71.935 0.1250000000
43853  1.476  2.269  71.451 0.1250000000
43863  1.239  3.004  71.299 0.1250000000
46568  0.095  5.266  71.199 0.1250000000
44766  0.528  3.716  70.911 0.1250000000
45693  -0.197  4.557  70.579 0.1250000000
90109  6.115  5.437  83.094 0.1250000000
47227  7.119  6.417  82.063 0.1250000000
88163  6.729  6.787  80.509 0.1250000000
47256  5.520  6.312  78.965 0.1250000000
47304  4.882  6.580  74.946 0.1250000000
46549  0.570  6.136  72.224 0.1250000000
41966  2.260  0.956  72.394 0.1250000000
93874  6.656  6.178  82.584 0.1250000000
81841  7.096  6.649  81.272 0.1250000000
47255  6.170  6.358  79.849 0.1250000000
49759  4.452  9.096  77.416 0.1250000000
48868  4.297  8.325  76.718 0.1250000000
47289  5.262  6.444  77.015 0.1250000000
48057  4.381  7.739  75.910 0.1250000000
48065  4.708  7.128  75.300 0.1250000000
48066  4.108  7.425  75.250 0.1250000000
47305  4.366  6.814  74.843 0.1250000000
48076  3.645  7.036  74.853 0.1250000000
48839  -19.374  8.695  80.209 0.1250000000
48846  -20.052  8.159  79.712 0.1250000000
47321  1.683  6.283  73.592 0.1250000000
46558  0.231  5.866  71.608 0.1250000000
48028  6.904  7.482  80.840 0.1250000000
48036  6.463  7.484  79.972 0.1250000000
49760  3.807  8.997  76.707 0.1250000000
48869  3.901  8.341  76.222 0.1250000000
50641  3.371  10.546  76.990 0.2500000000
49744  3.908  9.803  77.216 0.2500000000
48881  3.342  8.846  76.138 0.1250000000
48067  3.260  7.778  75.288 0.1250000000
49730  -20.054  9.777  79.625 0.2500000000
49771  3.158  9.772  76.505 0.1250000000
48882  2.868  8.631  75.656 0.1250000000
47312  3.051  6.506  74.602 0.1250000000
48847  -20.644  8.827  79.480 0.1250000000
49772  2.644  9.559  75.884 0.1250000000
48898  2.350  8.420  75.157 0.1250000000
48077  2.721  7.467  74.849 0.1250000000
48087  2.002  7.077  74.287 0.1250000000
48853  -21.530  8.673  78.967 0.1250000000
48095  1.027  7.388  73.578 0.1250000000
48914  1.252  8.067  74.040 0.1250000000
47327  0.774  6.677  72.930 0.1250000000
49740  -21.013  9.760  79.282 0.1250000000
50662  2.571  10.312  75.990 0.1250000000
49741  -22.086  9.548  78.646 0.1250000000
48899  1.787  8.219  74.584 0.1250000000
48854  -22.206  8.588  78.391 0.1250000000
48876  -22.488  8.443  77.204 0.1250000000
48864  -22.350  8.268  77.950 0.1250000000
88534  0.730  8.499  73.330 0.1250000000
47328  0.147  6.957  72.279 0.1250000000
47334  -0.070  6.628  71.639 0.1250000000
50650  2.834  10.617  76.382 0.2500000000
51495  2.582  11.208  75.634 0.2500000000
50663  2.110  10.495  75.269 0.1250000000
87262  1.691  10.136  74.750 0.1250000000
49785  1.607  9.275  74.705 0.1250000000
49742  -22.692  9.875  78.048 0.2500000000
51504  2.520  11.448  74.469 0.2500000000
48928  1.118  9.182  73.881 0.1250000000
49757  -22.835  8.958  77.876 0.1250000000
48096  0.272  7.807  72.655 0.1250000000
46559  -0.402  6.242  70.935 0.1250000000
83432  -0.789  6.359  70.134 0.1250000000
46569  -0.610  5.575  70.376 0.1250000000
88274  -1.043  5.986  69.525 0.1250000000
86432  -1.205  5.407  68.774 0.1250000000
45709  -1.181  4.489  69.098 0.1250000000
45723  -1.235  4.677  68.091 0.1250000000
44801  -1.023  3.858  67.506 0.1250000000
44814  -0.387  3.056  67.071 0.1250000000
45737  -0.755  4.797  67.224 0.1250000000
50660  -23.562  10.013  76.773 0.5000000000
49758  -23.192  9.868  77.435 0.5000000000
49770  -23.567  9.997  76.308 0.3750000000
50675  1.940  10.906  74.160 0.2500000000
50676  1.447  10.226  73.933 0.1250000000
50673  -22.897  10.314  75.338 0.2500000000
48865  -23.196  9.268  76.945 0.1250000000
93957  0.888  9.395  72.957 0.1250000000
48929  0.434  8.944  72.472 0.1250000000
48106  -0.179  7.566  71.612 0.1250000000
90217  -0.419  7.033  71.055 0.1250000000
46583  -0.963  5.584  67.832 0.1250000000
81963  -0.197  3.987  66.750 0.1250000000
45751  0.073  4.801  66.704 0.1250000000
46600  0.904  5.221  66.499 0.1250000000
50661  -23.893  10.503  76.344 0.5000000000
50674  -23.862  10.557  75.764 0.3750000000
51511  2.763  11.493  73.317 0.2500000000
50689  2.169  10.899  73.036 0.2500000000
50702  1.504  10.186  72.779 0.3750000000
48943  0.053  8.522  71.754 0.1250000000
50688  -23.419  11.024  75.056 0.2500000000
51517  3.058  11.435  72.230 0.2500000000
50701  2.468  10.899  71.963 0.2500000000
49814  0.966  9.742  72.117 0.1250000000
49815  0.510  9.265  71.667 0.1250000000
79558  -0.211  8.264  71.032 0.1250000000
48118  -0.397  7.644  70.685 0.1250000000
48117  -0.104  8.283  70.263 0.1250000000
47342  -0.636  6.981  70.354 0.1250000000
47351  -0.779  6.798  69.549 0.1250000000
46591  -0.099  5.646  67.084 0.1250000000
46599  1.634  5.628  66.215 0.2500000000
51502  -24.087  11.034  75.682 0.5000000000
87151  -23.920  10.955  75.435 0.2500000000
51516  3.668  11.911  72.535 0.2500000000
51528  3.260  11.370  71.333 0.3750000000
50713  1.812  10.376  71.619 0.2500000000
49828  1.169  9.819  71.094 0.2500000000
48957  0.336  9.032  70.827 0.1250000000
50722  2.010  10.456  70.668 0.2500000000
48956  1.268  9.578  70.209 0.2500000000
48129  -0.442  7.542  69.858 0.1250000000
48140  -0.379  7.273  69.001 0.1250000000
46575  -0.852  6.375  68.608 0.1250000000
47361  -0.069  6.923  68.145 0.1250000000
47373  -0.441  6.243  67.755 0.1250000000
47372  0.384  6.480  67.383 0.1250000000
47371  1.436  6.701  67.082 0.2500000000
47383  0.940  6.029  66.729 0.2500000000
48174  2.493  6.972  66.739 0.2500000000
47382  1.914  6.256  66.344 0.2500000000
51509  -23.868  11.414  74.862 0.3750000000
48139  0.538  7.679  68.564 0.2500000000
48138  1.776  7.965  68.213 0.2500000000
48154  2.156  7.430  67.513 0.2500000000
48155  0.974  7.226  67.774 0.2500000000
48153  3.117  7.735  67.200 0.2500000000
48173  3.311  7.433  66.312 0.2500000000
48193  3.839  8.045  65.916 0.2500000000
48209  3.743  7.997  65.172 0.2500000000
48194  3.366  7.239  65.282 0.2500000000
49034  3.606  8.400  64.746 0.2500000000
51515  -23.734  11.608  73.698 0.2500000000
49008  2.852  8.212  67.847 0.2500000000
50753  3.803  10.153  66.100 0.2500000000
49867  4.069  9.434  66.407 0.2500000000
48152  3.723  8.231  66.795 0.2500000000
49026  3.960  8.780  65.525 0.2500000000
49019  4.060  8.680  66.404 0.2500000000
49881  3.508  9.126  64.730 0.2500000000
49875  2.200  9.784  64.473 0.2500000000
49874  3.111  9.868  64.862 0.2500000000
49035  3.157  8.443  63.935 0.2500000000
50739  3.703  10.161  67.490 0.2500000000
92459  3.257  8.882  67.875 0.2500000000
49862  3.926  9.538  67.281 0.2500000000
49007  3.511  8.540  67.467 0.2500000000
49006  4.004  8.908  67.099 0.2500000000
50755  2.274  10.465  65.201 0.3750000000
59640  -32.126  24.257  59.087 0.2500000000
59654  -31.389  23.832  58.475 0.2500000000
59655  -32.192  24.070  58.147 0.2500000000
59662  -31.452  23.694  57.592 0.2500000000
60317  -32.915  24.418  57.837 0.2500000000
59669  -30.660  23.343  57.045 0.2500000000
59663  -32.296  23.875  57.304 0.2500000000
59670  -31.583  23.536  56.743 0.2500000000
59671  -32.424  23.742  56.476 0.2500000000
59672  -33.218  24.009  56.258 0.2500000000
59679  -31.793  23.354  55.970 0.2500000000
59680  -32.586  23.569  55.716 0.2500000000
59600  -28.494  23.892  61.670 0.3750000000
59622  -31.174  24.078  60.301 0.3750000000
59620  -29.508  23.615  60.698 0.2500000000
59621  -30.342  23.801  60.510 0.2500000000
60293  -32.035  24.427  60.067 0.2500000000
59638  -30.512  23.630  59.663 0.2500000000
59653  -30.645  23.601  58.795 0.2500000000
59661  -30.681  23.560  57.949 0.2500000000
59022  -31.303  22.640  55.618 0.2500000000
82533  -32.081  22.922  55.365 0.2500000000
59023  -32.815  23.241  55.069 0.2500000000
59031  -31.698  22.056  54.945 0.2500000000
90522  -32.418  22.524  54.873 0.2500000000
95238  -41.843  18.006  50.112 0.2500000000
55871  -41.524  17.443  48.608 0.2500000000
55872  -42.086  17.520  47.944 0.2500000000
58442  -42.834  21.838  48.636 0.3750000000
57781  -40.973  20.833  48.974 0.2500000000
57782  -41.981  21.336  48.786 0.2500000000
57795  -42.515  21.208  48.137 0.3750000000
83661  -42.191  20.614  47.584 0.3750000000
58463  -44.642  21.773  46.813 0.2500000000
57809  -43.045  21.135  47.463 0.3750000000
80037  -42.374  20.405  46.711 0.3750000000
57810  -43.608  21.113  46.742 0.3750000000
57817  -43.185  20.659  45.969 0.2500000000
57825  -43.652  20.861  45.325 0.2500000000
57824  -42.859  20.441  45.164 0.2500000000
66627  -0.623  37.591  58.704 0.3750000000
90517  -0.682  35.927  58.223 0.3750000000
81879  -0.643  35.911  57.355 0.3750000000
83207  -46.179  22.442  44.204 0.3750000000
59820  -47.001  24.288  40.561 0.3750000000
59830  -46.864  24.415  39.582 0.3750000000
66045  -1.029  36.728  58.013 0.3750000000
66060  -0.940  36.746  56.797 0.2500000000
84248  -0.541  35.766  56.423 0.2500000000
67687  0.288  39.520  58.171 0.3750000000
67181  -0.260  38.638  58.444 0.3750000000
67193  -0.611  38.920  57.663 0.2500000000
66643  -1.039  37.841  57.630 0.3750000000
66644  -1.094  38.490  57.045 0.2500000000
67696  0.825  40.349  57.814 0.3750000000
67697  -0.227  39.738  57.438 0.3750000000
67196  -0.866  39.164  57.050 0.2500000000
66653  -1.215  37.777  56.461 0.2500000000
66658  -0.961  37.026  55.974 0.2500000000
87989  -0.889  36.772  55.384 0.2500000000
66074  -0.708  36.323  55.836 0.2500000000
69074  -3.055  42.492  58.797 0.3750000000
68648  2.380  42.727  59.195 0.3750000000
68216  1.513  41.270  57.737 0.3750000000
68217  0.129  40.500  57.116 0.2500000000
68220  -0.261  40.801  56.414 0.3750000000
67699  -0.766  39.840  56.628 0.2500000000
67197  -1.215  38.763  56.344 0.2500000000
67700  -1.244  39.434  55.864 0.1250000000
93378  -1.306  38.146  55.916 0.2500000000
67200  -1.354  38.554  55.364 0.1250000000
66659  -1.152  37.547  55.479 0.2500000000
87815  -1.021  36.906  54.757 0.1250000000
85385  -0.130  44.004  59.620 0.3750000000
88655  -1.283  43.429  59.421 0.3750000000
69484  -2.157  43.458  59.272 0.3750000000
69485  -3.402  43.184  59.131 0.3750000000
69472  -3.700  43.826  59.553 0.3750000000
94169  0.368  44.764  59.372 0.3750000000
69471  1.833  43.854  59.710 0.3750000000
69482  1.215  44.581  59.333 0.3750000000
69486  -4.456  43.110  59.121 0.3750000000
69070  2.252  43.557  59.221 0.3750000000
69489  1.868  44.173  57.600 0.3750000000
69908  -6.312  44.004  60.508 0.3750000000
68649  2.080  42.297  58.149 0.3750000000
69081  1.987  43.119  57.695 0.3750000000
68652  1.505  42.209  57.148 0.3750000000
68219  0.699  41.311  56.847 0.2500000000
68653  0.779  42.276  56.308 0.3750000000
91569  0.139  41.554  56.182 0.2500000000
68222  -0.556  41.249  55.740 0.2500000000
84488  -0.989  40.311  55.840 0.2500000000
66665  -1.283  37.747  54.593 0.1250000000
80705  -1.333  37.119  54.024 0.1250000000
69483  -0.697  44.414  59.513 0.3750000000
69913  -1.603  44.554  59.620 0.3750000000
69914  -2.737  43.927  59.476 0.3750000000
69905  -2.605  44.740  59.903 0.3750000000
70384  -3.206  45.213  60.516 0.3750000000
69911  1.532  44.862  58.261 0.3750000000
69920  1.363  44.865  57.252 0.3750000000
69083  1.423  43.253  56.719 0.3750000000
69084  0.559  43.299  55.758 0.2500000000
68655  -0.027  42.169  55.675 0.2500000000
68223  -1.202  40.841  55.139 0.1250000000
67702  -1.393  39.693  54.990 0.1250000000
67206  -1.520  38.660  54.340 0.1250000000
66670  -1.493  37.890  53.738 0.1250000000
82729  -1.685  38.041  52.891 0.1250000000
85745  -1.666  37.386  53.298 0.1250000000
66686  -1.878  37.644  52.622 0.1250000000
66687  -2.114  37.550  52.061 0.1250000000
69904  -1.116  45.531  59.892 0.3750000000
70383  -1.861  45.817  60.352 0.3750000000
81853  -0.584  45.230  59.610 0.3750000000
70376  -2.467  45.911  60.980 0.3750000000
69903  -0.541  45.694  59.548 0.3750000000
80910  0.797  45.086  58.729 0.3750000000
69916  0.999  45.172  57.739 0.3750000000
69492  1.154  44.284  56.521 0.3750000000
69087  -0.414  42.773  55.154 0.1250000000
68656  -0.845  41.823  55.152 0.1250000000
69088  -1.255  42.409  54.683 0.1250000000
68658  -1.432  41.449  54.522 0.1250000000
68225  -1.542  40.509  54.303 0.1250000000
68661  -1.860  41.120  53.790 0.1250000000
67705  -1.658  39.548  53.920 0.1250000000
68228  -1.854  40.283  53.442 0.1250000000
67707  -1.840  39.482  52.979 0.1250000000
67209  -1.668  38.684  53.382 0.1250000000
68229  -2.244  40.773  52.989 0.1250000000
68231  -1.995  40.138  52.681 0.1250000000
67710  -1.770  39.589  51.944 0.1250000000
67215  -1.750  38.754  52.429 0.1250000000
66702  -1.845  38.231  51.902 0.1250000000
67711  -2.149  40.493  52.028 0.1250000000
67226  -1.606  38.855  51.514 0.1250000000
67728  -1.558  40.211  51.155 0.1250000000
67727  -1.248  39.406  50.884 0.1250000000
68259  -1.250  40.590  50.411 0.1250000000
70839  -0.253  47.193  60.789 0.3750000000
70840  -1.240  46.414  61.089 0.3750000000
70388  -0.354  45.676  58.785 0.3750000000
69917  0.204  45.440  57.941 0.3750000000
69921  0.653  45.043  56.649 0.2500000000
91031  0.468  44.310  55.846 0.1250000000
86922  -0.359  43.692  55.243 0.1250000000
68659  -1.887  41.892  54.091 0.1250000000
68662  -2.385  41.466  53.450 0.1250000000
68665  -2.684  41.196  52.444 0.1250000000
68243  -2.237  41.016  51.242 0.1250000000
78534  -1.218  47.505  59.410 0.2500000000
78537  -1.631  49.356  59.094 0.1250000000
70846  -1.818  46.787  58.380 0.1250000000
71299  -0.456  48.714  60.198 0.2500000000
79057  -1.054  50.221  59.920 0.2500000000
71295  -0.268  49.352  60.680 0.2500000000
70389  -0.846  46.285  59.273 0.3750000000
70382  -0.868  46.386  60.184 0.3750000000
71296  0.009  48.170  61.361 0.3750000000
70393  -1.303  46.132  58.059 0.2500000000
70392  -0.900  45.570  57.486 0.1250000000
69922  -0.473  45.192  56.614 0.1250000000
69926  -1.066  44.740  55.966 0.1250000000
69493  -0.241  44.620  55.821 0.1250000000
69495  -1.230  44.106  55.440 0.1250000000
94582  -0.817  43.051  54.902 0.1250000000
69089  -1.446  43.255  54.828 0.1250000000
69091  -2.036  42.588  54.333 0.1250000000
69096  -2.554  42.116  53.801 0.1250000000
68666  -3.467  41.642  52.578 0.1250000000
68671  -3.196  41.475  51.775 0.1250000000
68689  -3.025  41.494  50.851 0.1250000000
68260  -1.985  41.168  50.247 0.1250000000
84393  -1.035  40.804  49.759 0.1250000000
70843  -2.518  47.451  58.357 0.1250000000
78535  -2.824  48.611  58.338 0.1250000000
70396  -2.030  45.624  57.012 0.1250000000
69923  -1.535  45.123  56.483 0.1250000000
69924  -2.550  45.053  56.360 0.1250000000
69928  -3.092  44.447  55.801 0.1250000000
69496  -2.427  43.750  55.208 0.1250000000
91028  -2.380  43.099  54.605 0.1250000000
82109  -2.892  42.676  54.175 0.1250000000
69097  -3.383  42.249  53.619 0.1250000000
69098  -4.376  42.329  53.400 0.1250000000
68664  -3.725  41.908  53.122 0.1250000000
68667  -4.268  41.911  52.714 0.1250000000
69102  -4.974  42.194  52.834 0.1250000000
68672  -3.986  41.724  51.414 0.1250000000
70848  -3.631  47.649  57.843 0.1250000000
70847  -2.890  46.983  57.764 0.1250000000
70394  -2.632  46.239  57.373 0.1250000000
70850  -3.656  46.777  57.128 0.1250000000
70397  -3.475  45.925  56.818 0.1250000000
88386  -4.387  45.433  55.801 0.1250000000
70401  -4.767  46.044  55.676 0.1250000000
88872  -2.927  45.560  56.788 0.1250000000
69925  -3.581  45.277  56.227 0.1250000000
70402  -5.138  45.996  54.940 0.1250000000
69929  -4.107  44.682  55.549 0.1250000000
69930  -4.953  45.130  55.135 0.1250000000
69927  -1.997  44.501  55.875 0.1250000000
94468  -5.392  45.236  54.337 0.1250000000
69497  -3.656  43.889  55.173 0.1250000000
69498  -4.582  44.187  54.862 0.1250000000
69932  -5.232  44.449  54.351 0.1250000000
69500  -3.246  43.242  54.643 0.1250000000
69092  -3.850  42.774  54.084 0.1250000000
69099  -5.299  42.750  53.263 0.1250000000
69100  -5.842  43.134  52.774 0.1250000000
69103  -5.527  42.520  52.446 0.1250000000
69104  -6.086  42.902  52.006 0.1250000000
69508  -6.336  43.441  51.550 0.1250000000
69953  -6.418  44.138  51.064 0.1250000000
86206  -3.968  41.709  52.134 0.1250000000
68668  -4.830  41.975  52.067 0.1250000000
83291  -5.631  42.396  51.593 0.1250000000
69107  -6.179  42.800  51.156 0.1250000000
69106  -5.673  42.382  50.678 0.1250000000
68673  -4.887  42.002  51.080 0.1250000000
68704  -2.984  41.502  49.927 0.1250000000
71310  -4.862  47.708  56.946 0.1250000000
79148  -4.591  47.819  57.776 0.1250000000
90737  -4.116  48.682  58.151 0.1250000000
91092  -4.184  47.429  57.299 0.1250000000
78536  -4.493  49.064  58.674 0.1250000000
70851  -4.346  47.080  56.629 0.1250000000
70398  -4.199  46.137  56.370 0.1250000000
90370  -5.396  45.943  54.172 0.1250000000
91179  -5.547  45.931  53.516 0.1250000000
70404  -5.630  45.311  53.643 0.1250000000
70406  -5.746  45.505  52.944 0.1250000000
70408  -5.706  45.775  52.043 0.1250000000
69501  -4.232  43.415  54.535 0.1250000000
69935  -5.622  44.582  53.721 0.1250000000
69936  -5.873  44.727  53.085 0.1250000000
69502  -5.008  43.658  54.243 0.1250000000
69504  -5.485  43.868  53.755 0.1250000000
92508  -5.937  43.901  53.133 0.1250000000
70409  -6.009  44.901  52.352 0.1250000000
69094  -5.296  43.277  53.737 0.1250000000
91074  -5.614  43.361  53.340 0.1250000000
69939  -6.112  44.243  52.594 0.1250000000
70415  -6.175  45.024  51.412 0.1250000000
69093  -4.783  42.936  53.967 0.1250000000
69506  -6.160  43.601  52.347 0.1250000000
69944  -6.289  44.210  51.914 0.1250000000
69513  -6.426  43.357  50.696 0.1250000000
68691  -4.915  42.007  50.144 0.1250000000
69116  -6.180  42.794  50.250 0.1250000000
68690  -3.984  41.739  50.510 0.1250000000
68705  -4.044  41.701  49.583 0.1250000000
78540  -5.226  47.656  56.391 0.1250000000
70852  -4.810  47.380  56.248 0.1250000000
78538  -5.011  48.200  58.296 0.1250000000
78539  -5.454  47.700  57.717 0.1250000000
78544  -5.841  47.582  56.874 0.1250000000
70855  -4.608  46.733  56.100 0.1250000000
94140  -5.283  48.455  58.690 0.1250000000
70858  -5.010  46.704  54.687 0.1250000000
70860  -5.250  46.545  53.848 0.1250000000
88922  -5.372  46.549  52.062 0.1250000000
70867  -5.828  45.861  51.116 0.1250000000
87423  -6.335  44.793  50.541 0.1250000000
69963  -6.507  44.054  50.239 0.1250000000
92513  -6.540  44.034  49.542 0.1250000000
69522  -6.452  43.391  49.817 0.1250000000
70856  -4.803  46.937  55.543 0.1250000000
71319  -4.811  47.302  54.381 0.1250000000
71323  -4.999  47.119  53.417 0.1250000000
70862  -5.450  46.383  52.908 0.1250000000
70866  -5.487  46.374  51.461 0.1250000000
70874  -5.453  46.511  50.769 0.1250000000
85579  -6.094  45.418  50.692 0.1250000000
70875  -5.853  45.964  50.364 0.1250000000
70422  -6.148  45.361  50.049 0.1250000000
88970  -6.397  44.681  49.782 0.1250000000
92690  -5.032  47.722  55.880 0.1250000000
78551  -5.278  48.183  55.487 0.1250000000
71314  -4.850  47.563  55.235 0.1250000000
71743  -4.211  48.406  54.397 0.1250000000
71318  -4.515  47.779  53.953 0.1250000000
71748  -3.581  48.620  53.915 0.1250000000
71749  -4.047  48.171  53.426 0.1250000000
71322  -4.536  47.647  52.932 0.1250000000
71326  -5.048  47.104  52.454 0.1250000000
72077  -2.838  48.939  53.409 0.1250000000
71753  -4.024  48.137  52.422 0.1250000000
71325  -4.564  47.670  51.999 0.1250000000
71752  -3.386  48.516  52.902 0.1250000000
93028  -4.583  47.709  51.411 0.1250000000
71331  -4.996  47.102  51.406 0.1250000000
71330  -4.607  47.765  50.833 0.1250000000
71334  -5.100  47.190  50.388 0.1250000000
70882  -5.564  46.568  49.969 0.1250000000
70883  -5.927  45.932  49.635 0.1250000000
68706  -5.006  41.904  49.208 0.1250000000
69115  -5.677  42.351  49.742 0.1250000000
69124  -6.205  42.796  49.313 0.1250000000
78557  -4.681  48.126  54.897 0.1250000000
90074  -4.501  48.745  54.902 0.1250000000
79021  -3.993  48.973  54.859 0.1250000000
78553  -4.119  49.586  55.743 0.1250000000
89708  -3.574  50.160  56.451 0.1250000000
78836  -3.459  50.557  57.092 0.1250000000
78570  -3.229  49.035  54.279 0.1250000000
78564  -3.392  49.507  55.081 0.1250000000
78809  -2.988  50.216  57.261 0.1250000000
72076  -2.587  49.481  54.048 0.1250000000
78966  -2.613  50.084  55.279 0.1250000000
72083  -2.047  49.370  52.985 0.1250000000
71754  -3.379  48.590  51.947 0.1250000000
72084  -2.667  48.951  52.455 0.1250000000
71755  -4.139  48.180  51.447 0.1250000000
72088  -2.790  49.175  51.607 0.1250000000
69135  -6.174  42.790  48.406 0.1250000000
79102  -4.256  50.432  55.981 0.1250000000
89650  -2.911  50.925  57.977 0.1250000000
79144  -3.353  51.214  57.588 0.1250000000
72386  -1.435  49.941  52.452 0.1250000000
72087  -2.050  49.494  52.081 0.1250000000
72392  -2.278  49.835  51.329 0.1250000000
72091  -3.114  49.553  50.847 0.1250000000
72089  -3.530  48.802  51.087 0.1250000000
72092  -3.838  49.156  50.324 0.1250000000
71756  -4.198  48.430  50.548 0.1250000000
71757  -4.700  47.906  49.886 0.1250000000
72094  -4.253  49.598  49.636 0.1250000000
71758  -4.379  48.755  49.763 0.1250000000
71759  -4.717  48.386  49.235 0.1250000000
71336  -5.271  47.196  49.513 0.1250000000
88405  -5.690  46.484  49.166 0.1250000000
69969  -6.470  44.522  49.021 0.1250000000
69531  -6.462  43.571  48.875 0.1250000000
69539  -6.277  43.420  47.888 0.1250000000
72380  -1.649  50.106  53.625 0.1250000000
72729  -1.025  51.133  53.644 0.1250000000
72734  -1.095  50.493  51.813 0.1250000000
72394  -1.697  50.487  51.186 0.1250000000
72395  -2.653  50.428  50.568 0.1250000000
72396  -3.626  50.014  50.153 0.1250000000
88984  -5.055  47.797  49.019 0.1250000000
70891  -6.019  45.833  48.962 0.1250000000
70447  -6.043  45.465  47.743 0.1250000000
69978  -6.409  44.288  48.207 0.1250000000
69545  -6.120  44.139  47.352 0.1250000000
72730  -0.917  50.634  52.607 0.1250000000
72733  -0.464  51.072  51.854 0.1250000000
72737  -0.999  51.085  51.150 0.1250000000
72398  -3.381  50.743  49.944 0.1250000000
88631  -5.268  47.782  48.193 0.1250000000
88563  -5.427  47.075  48.641 0.1250000000
70435  -5.834  46.167  48.270 0.1250000000
70436  -6.262  45.220  48.452 0.1250000000
82160  -0.411  51.432  52.688 0.1250000000
73113  -0.278  51.730  51.138 0.1250000000
72095  -4.636  49.133  48.958 0.1250000000
72399  -4.139  50.552  49.444 0.1250000000
81466  5.436  7.097  78.641 0.1250000000
59601  -29.286  24.033  61.504 0.3750000000
80017  -41.853  17.262  47.162 0.2500000000
66075  -0.833  36.173  55.059 0.2500000000
69073  -2.089  42.576  59.092 0.3750000000
88086  -3.681  41.729  58.461 0.3750000000
50712  2.652  10.973  71.031 0.2500000000
50745  3.495  10.735  66.351 0.2500000000
44665  6.923  3.351  80.387 0.1250000000
44642  5.535  3.634  83.659 0.1250000000
44636  3.798  3.469  84.800 0.1250000000
86894  5.547  3.873  77.960 0.1250000000
84884  5.591  4.299  77.169 0.1250000000
82469  5.630  5.039  76.783 0.1250000000
45519  6.716  4.835  82.488 0.1250000000
45510  4.044  4.071  84.820 0.1250000000
43852  2.164  2.749  71.911 0.1250000000
93162  3.666  8.051  75.755 0.1250000000
85482  -19.917  8.977  79.831 0.1250000000
49784  2.094  9.416  75.352 0.1250000000
49873  3.742  9.686  65.507 0.2500000000
50744  3.903  10.182  66.780 0.2500000000
59639  -31.307  23.927  59.393 0.2500000000
95293  0.811  40.826  57.349 0.3750000000
69480  2.216  43.718  58.413 0.3750000000
69912  0.061  45.248  59.239 0.3750000000
69473  -4.730  43.711  59.668 0.3750000000
69481  2.062  44.299  58.864 0.3750000000
68663  -3.013  41.729  53.182 0.1250000000
78545  -6.445  47.506  57.700 0.1250000000
78955  -3.394  49.943  56.166 0.1250000000
46434  -12.767  5.333  79.653 0.1250000000
46435  -13.563  5.165  79.879 0.1250000000
92078  -11.085  5.992  77.892 0.1250000000
46474  -11.686  5.738  77.495 0.1250000000
50687  -22.856  10.383  74.367 0.1250000000
49807  -22.935  9.362  73.858 0.1250000000
48920  -23.256  9.163  72.910 0.1250000000
48935  -22.963  8.376  72.503 0.1250000000
48949  -23.173  8.225  71.627 0.1250000000
50700  -23.258  11.045  73.971 0.1250000000
49808  -23.284  10.158  73.279 0.1250000000
93698  -23.524  10.354  72.699 0.1250000000
48936  -23.445  9.023  71.997 0.1250000000
48950  -23.659  8.827  71.170 0.1250000000
81493  -23.562  10.859  73.060 0.1250000000
49821  -23.535  9.871  72.347 0.1250000000
50711  -23.597  10.639  72.378 0.1250000000
51525  -23.792  11.522  72.726 0.1250000000
81108  -23.624  9.616  71.551 0.1250000000
95423  -23.596  10.261  71.871 0.1250000000
51536  -23.684  11.065  71.912 0.1250000000
49832  -23.801  9.434  70.790 0.1250000000
85528  -24.035  9.202  69.827 0.1250000000
51526  -24.128  11.990  72.246 0.2500000000
51546  -23.552  11.039  71.235 0.1250000000
50726  -23.716  10.111  70.629 0.1250000000
48962  -23.817  8.568  70.353 0.1250000000
51550  -23.458  11.070  70.435 0.1250000000
49851  -24.002  9.611  69.063 0.1250000000
50732  -23.776  10.192  69.823 0.1250000000
52379  -24.005  11.712  70.791 0.1250000000
91218  -23.366  11.092  69.687 0.1250000000
52389  -23.724  11.807  69.800 0.2500000000
51556  -23.352  11.454  68.979 0.1250000000
52421  -24.057  12.292  67.884 0.2500000000
52422  -24.604  12.242  67.127 0.2500000000
56417  -32.322  18.133  57.307 0.1250000000
55823  -31.930  17.749  55.386 0.1250000000
55827  -32.132  17.452  54.817 0.1250000000
56424  -32.228  18.186  56.588 0.2500000000
56430  -32.398  18.340  55.855 0.1250000000
55228  -32.925  16.548  54.016 0.1250000000
55230  -34.132  16.507  53.794 0.1250000000
55234  -34.898  15.748  53.824 0.1250000000
56426  -32.987  18.762  56.230 0.1250000000
93307  -32.595  18.475  56.387 0.1250000000
55824  -32.658  18.086  54.979 0.1250000000
55829  -33.404  17.859  54.358 0.1250000000
55839  -34.894  16.787  53.832 0.2500000000
84793  -33.384  18.950  56.751 0.2500000000
56431  -33.157  18.740  55.510 0.1250000000
56434  -33.423  18.537  54.828 0.1250000000
87634  -33.443  17.029  53.960 0.1250000000
46452  -11.664  5.781  78.516 0.1250000000
55229  -33.533  16.339  53.831 0.1250000000
49795  -22.543  9.583  74.857 0.1250000000
46453  -12.502  5.416  78.825 0.1250000000
50719  -23.584  10.211  71.336 0.1250000000
55828  -32.735  17.315  54.392 0.1250000000
43910  2.458  2.541  65.993 0.1250000000
43920  3.229  1.998  65.309 0.1250000000
81203  3.117  1.653  64.693 0.1250000000
44829  2.933  3.053  65.284 0.1250000000
43919  3.074  2.414  64.354 0.1250000000
90854  2.683  4.789  64.974 0.1250000000
45761  2.878  3.988  65.046 0.1250000000
45769  2.872  3.584  63.833 0.1250000000
45776  2.637  4.253  63.928 0.1250000000
44828  3.195  3.328  64.374 0.1250000000
46606  2.379  5.705  65.438 0.1250000000
48210  3.350  7.550  64.411 0.1250000000
47390  2.863  6.283  64.909 0.1250000000
87030  3.098  6.732  64.518 0.1250000000
46615  2.616  5.000  64.090 0.1250000000
86471  2.935  6.646  63.898 0.1250000000
46627  2.339  4.932  63.679 0.1250000000
47416  2.187  5.706  63.253 0.1250000000
46628  1.895  5.016  63.288 0.1250000000
47425  2.522  6.523  63.291 0.1250000000
49044  2.564  8.072  63.161 0.1250000000
48221  1.772  7.368  62.293 0.1250000000
48217  2.909  7.420  63.523 0.1250000000
87508  1.728  5.663  62.882 0.1250000000
92352  2.106  9.313  63.893 0.1250000000
49892  2.439  8.797  63.514 0.1250000000
49053  2.087  7.866  62.649 0.1250000000
49893  1.608  9.000  63.369 0.1250000000
49045  1.950  8.428  62.888 0.1250000000
49054  1.589  8.102  62.237 0.1250000000
49894  0.641  9.153  63.287 0.1250000000
49046  1.177  8.657  62.630 0.1250000000
49055  0.988  8.355  61.770 0.1250000000
49904  0.252  8.851  62.319 0.1250000000
51617  -3.338  11.440  63.087 0.1250000000
50795  -3.316  10.972  62.427 0.1250000000
82833  -3.606  11.240  61.755 0.1250000000
50807  -3.276  10.504  61.566 0.1250000000
50822  -3.477  10.291  60.678 0.1250000000
51647  -3.915  11.165  60.855 0.1250000000
50823  -3.929  10.418  60.065 0.1250000000
53206  -5.237  13.051  59.152 0.1250000000
53879  -3.532  14.666  60.040 0.1250000000
53880  -4.222  14.203  59.686 0.1250000000
53890  -3.786  14.863  59.075 0.1250000000
54558  -2.985  15.179  59.502 0.1250000000
54557  -2.398  15.594  58.925 0.1250000000
79429  -3.115  15.334  58.756 0.1250000000
54549  -2.761  15.119  60.484 0.1250000000
54547  -1.287  15.600  60.019 0.2500000000
55183  -1.456  15.774  59.172 0.1250000000
55190  -0.551  16.178  58.518 0.1250000000
54548  -1.990  15.476  60.467 0.2500000000
55189  1.471  16.148  59.166 0.2500000000
55182  -0.420  15.823  59.464 0.2500000000
92985  0.453  16.024  59.006 0.2500000000
58956  -26.851  23.090  60.157 0.2500000000
59619  -28.688  23.503  60.887 0.2500000000
63996  -5.772  32.498  66.081 0.2500000000
63582  -6.099  32.218  67.162 0.2500000000
57794  -41.540  20.550  48.173 0.2500000000
58502  -43.884  21.891  43.227 0.1250000000
58503  -44.937  22.295  43.622 0.1250000000
92695  -45.859  22.755  43.728 0.1250000000
58514  -43.506  22.966  43.324 0.1250000000
58515  -44.338  22.474  43.299 0.1250000000
82603  -5.216  32.973  64.211 0.2500000000
59152  -45.274  23.758  43.191 0.1250000000
58517  -46.136  23.084  43.340 0.1250000000
59138  -44.085  23.948  43.329 0.1250000000
58516  -45.123  22.869  43.469 0.1250000000
59781  -44.698  24.951  43.223 0.1250000000
59779  -42.504  25.154  43.498 0.1250000000
59780  -43.603  25.067  43.462 0.1250000000
60444  -42.550  25.585  42.786 0.1250000000
59153  -46.318  23.723  42.826 0.1250000000
59800  -45.832  24.870  42.755 0.1250000000
60938  -43.764  25.613  43.120 0.1250000000
60436  -45.020  25.499  42.847 0.1250000000
60447  -46.021  25.499  41.607 0.1250000000
60960  -44.068  25.632  42.403 0.1250000000
64462  -4.804  33.568  63.865 0.2500000000
60438  -46.379  25.079  41.900 0.1250000000
60453  -46.628  24.960  40.768 0.2500000000
59819  -45.263  25.075  40.435 0.1250000000
60462  -46.541  24.849  39.908 0.2500000000
59818  -43.436  24.296  40.813 0.1250000000
59828  -45.925  24.718  39.272 0.2500000000
59181  -44.411  24.024  39.843 0.1250000000
59182  -45.505  23.973  38.839 0.2500000000
57247  -47.230  19.050  33.702 0.2500000000
59835  -46.469  24.170  38.542 0.2500000000
82741  -44.450  23.113  38.834 0.2500000000
57938  -46.100  20.439  31.610 0.2500000000
57937  -45.250  20.801  32.069 0.2500000000
57944  -46.202  20.794  30.530 0.2500000000
58622  -45.424  21.131  31.063 0.2500000000
58628  -45.058  21.996  30.721 0.1250000000
59262  -45.588  22.597  30.057 0.1250000000
59189  -45.719  23.384  37.973 0.2500000000
59195  -46.467  22.768  37.003 0.2500000000
94128  -46.255  23.149  37.371 0.2500000000
59206  -45.694  22.350  36.579 0.1250000000
57929  -44.984  20.712  32.941 0.2500000000
92881  -4.645  35.566  63.190 0.2500000000
65473  -5.458  36.083  63.673 0.2500000000
61330  -5.022  26.199  56.312 0.2500000000
58583  -44.680  21.241  35.043 0.2500000000
57922  -44.640  20.878  33.694 0.2500000000
58606  -44.129  21.134  33.253 0.2500000000
58615  -44.417  21.235  32.444 0.2500000000
94641  -43.526  21.706  32.780 0.2500000000
58621  -44.701  21.499  31.574 0.1250000000
58614  -43.985  21.914  31.935 0.1250000000
59251  -44.402  22.339  31.220 0.1250000000
59261  -44.931  22.865  30.518 0.1250000000
65485  -4.486  36.114  62.309 0.2500000000
65990  -5.188  36.466  62.878 0.2500000000
83685  -4.729  27.791  56.202 0.2500000000
66001  -4.589  36.496  61.443 0.2500000000
80406  -5.221  36.783  61.974 0.2500000000
66012  -5.270  36.944  61.007 0.2500000000
65991  -5.862  37.264  62.673 0.2500000000
67691  -5.875  39.584  58.211 0.2500000000
66580  -7.519  38.421  62.569 0.2500000000
90609  -5.877  37.354  60.860 0.2500000000
80040  -6.503  37.738  60.947 0.2500000000
66588  -6.951  38.071  61.692 0.2500000000
92213  -5.550  37.095  60.349 0.2500000000
91083  -5.778  37.368  58.787 0.2500000000
66601  -5.581  37.063  59.564 0.2500000000
66002  -6.005  37.467  61.679 0.2500000000
66616  -6.316  37.661  59.300 0.2500000000
66631  -6.166  37.962  58.461 0.2500000000
67186  -6.475  38.847  58.430 0.2500000000
67174  -6.880  38.310  58.904 0.2500000000
67187  -7.355  39.060  58.763 0.2500000000
67692  -6.791  39.755  58.375 0.2500000000
68212  -7.150  40.624  58.431 0.2500000000
67693  -7.705  39.929  58.694 0.2500000000
66603  -7.335  38.140  60.872 0.2500000000
66602  -6.074  37.478  60.218 0.2500000000
95660  -7.006  38.206  59.570 0.2500000000
67161  -7.593  38.322  60.127 0.2500000000
67175  -7.648  38.611  59.422 0.2500000000
67683  -8.342  39.325  59.291 0.2500000000
68213  -7.970  40.715  58.839 0.2500000000
91021  -8.397  40.138  59.089 0.2500000000
68646  -8.167  41.522  59.312 0.2500000000
66589  -8.009  38.435  61.545 0.2500000000
67162  -8.583  38.711  60.056 0.2500000000
67684  -9.062  40.002  59.614 0.2500000000
87555  -6.699  41.392  58.405 0.2500000000
69065  -7.875  42.407  59.547 0.2500000000
68201  -8.747  40.744  59.466 0.2500000000
68637  -9.252  41.476  59.982 0.2500000000
66590  -8.912  38.646  60.963 0.2500000000
66604  -8.107  38.409  60.678 0.2500000000
67163  -9.587  39.030  60.639 0.2500000000
67176  -9.267  39.356  59.985 0.2500000000
68202  -9.765  40.807  60.203 0.2500000000
69078  -7.189  42.005  58.925 0.2500000000
80956  -8.799  42.180  59.970 0.2500000000
67676  -10.041  39.746  60.728 0.2500000000
69077  -6.469  42.604  59.028 0.2500000000
69064  -7.135  42.702  59.369 0.2500000000
69907  -4.884  44.222  60.180 0.2500000000
85512  -5.463  44.441  60.648 0.2500000000
69474  -5.588  43.732  60.018 0.2500000000
69906  -3.989  44.442  60.026 0.2500000000
70377  -3.633  45.651  61.351 0.2500000000
93172  -4.502  45.313  61.359 0.2500000000
70836  -2.308  46.409  61.917 0.2500000000
70837  -3.662  46.139  62.280 0.2500000000
70830  -3.186  46.725  62.680 0.2500000000
70831  -4.535  46.198  62.841 0.2500000000
83628  -0.730  47.130  61.877 0.2500000000
71278  -1.624  47.980  62.458 0.2500000000
70829  -1.752  47.226  62.503 0.2500000000
71279  -2.817  47.355  62.694 0.2500000000
50782  -3.052  10.827  63.105 0.1250000000
79217  0.355  8.438  61.467 0.1250000000
59617  -25.465  23.346  61.003 0.1250000000
57911  -44.207  21.069  34.363 0.2500000000
59829  -46.567  24.585  39.188 0.2500000000
90209  -4.784  13.653  59.351 0.1250000000
59801  -46.499  24.342  42.261 0.1250000000
87985  2.044  4.792  65.767 0.1250000000
47381  2.749  6.641  65.809 0.1250000000
49882  2.852  9.296  64.149 0.1250000000
57808  -41.536  20.108  47.360 0.2500000000
57823  -41.897  20.087  45.098 0.1250000000
45749  2.241  3.886  65.705 0.1250000000
45760  2.948  4.240  64.351 0.1250000000
82239  2.735  5.291  64.565 0.1250000000
47402  2.817  5.944  64.216 0.1250000000
47415  2.563  5.773  63.725 0.1250000000
48220  2.366  7.269  62.877 0.1250000000
49915  -2.956  9.772  60.923 0.1250000000
53215  -5.708  12.990  58.565 0.1250000000
88354  -2.181  15.474  59.765 0.1250000000
59151  -44.429  23.076  43.375 0.1250000000
60952  -43.521  25.664  43.030 0.1250000000
60437  -45.746  25.444  42.331 0.1250000000
60954  -45.149  25.642  42.354 0.1250000000
60446  -45.246  25.526  41.525 0.1250000000
60452  -46.162  25.302  40.622 0.2500000000
60461  -46.259  25.006  39.770 0.2500000000
94174  -44.087  24.852  40.812 0.1250000000
58629  -45.910  21.815  30.020 0.1250000000
57921  -43.912  21.127  33.872 0.2500000000
59250  -43.750  22.719  31.584 0.1250000000
59242  -43.392  22.354  32.167 0.1250000000
68645  -7.458  41.263  58.698 0.2500000000
70385  -4.467  44.926  60.715 0.2500000000
47252  -16.505  6.041  81.191 0.1250000000
51563  -23.517  11.688  68.036 0.1250000000
93149  -26.267  11.113  64.938 0.1250000000
52476  -29.852  12.426  61.510 0.1250000000
53193  -30.045  13.028  60.899 0.1250000000
79379  -29.828  22.833  56.928 0.1250000000
58359  -29.169  21.978  55.977 0.1250000000
59020  -29.785  22.368  56.227 0.1250000000
59021  -30.503  22.447  55.873 0.1250000000
83506  -29.807  21.834  55.444 0.1250000000
58381  -29.335  21.278  54.741 0.1250000000
58372  -30.782  21.907  55.212 0.1250000000
58384  -32.405  21.830  54.454 0.1250000000
58382  -30.232  21.347  54.657 0.1250000000
84391  -31.796  21.420  54.360 0.1250000000
58385  -33.015  21.558  53.946 0.1250000000
59042  -33.770  22.033  53.789 0.1250000000
57708  -29.756  20.924  54.009 0.1250000000
57709  -30.639  20.892  53.942 0.1250000000
58383  -31.479  20.926  53.862 0.1250000000
58392  -32.262  21.132  53.895 0.1250000000
57728  -32.807  20.884  53.363 0.1250000000
58393  -33.502  21.283  53.339 0.1250000000
57725  -30.168  20.655  53.260 0.1250000000
57726  -31.051  20.602  53.202 0.1250000000
57727  -31.989  20.605  53.140 0.1250000000
57741  -33.310  20.717  52.212 0.1250000000
57740  -32.688  20.624  52.642 0.1250000000
57738  -30.561  20.614  52.422 0.1250000000
57739  -31.418  20.525  52.370 0.1250000000
92949  -32.115  20.507  52.323 0.1250000000
59009  -29.046  22.317  56.691 0.1250000000
95283  -27.637  21.562  56.020 0.1250000000
58358  -28.388  21.796  56.168 0.1250000000
58344  -28.297  22.147  56.912 0.1250000000
58371  -28.464  21.167  54.775 0.1250000000
79522  -28.043  21.398  55.463 0.1250000000
83824  -28.874  21.553  55.437 0.1250000000
95614  -33.245  20.817  52.892 0.1250000000
58401  -33.810  21.098  52.652 0.1250000000
58394  -34.212  21.687  53.113 0.1250000000
58402  -34.466  21.509  52.292 0.1250000000
58403  -35.156  21.944  51.874 0.1250000000
57751  -31.002  20.778  51.419 0.1250000000
82189  -31.828  20.547  51.600 0.1250000000
57752  -32.639  20.533  51.709 0.1250000000
57742  -34.003  20.963  51.850 0.1250000000
58988  -28.645  22.803  58.229 0.1250000000
58974  -28.979  23.129  59.133 0.1250000000
59652  -29.902  23.358  59.029 0.1250000000
59000  -29.154  22.745  57.500 0.1250000000
93885  -30.126  23.395  58.335 0.1250000000
58357  -27.637  21.793  56.653 0.1250000000
94492  -28.712  22.421  57.145 0.1250000000
59064  -35.911  22.395  51.400 0.1250000000
59055  -35.474  22.717  52.227 0.1250000000
57753  -33.452  20.643  51.352 0.1250000000
57754  -34.219  20.819  51.018 0.1250000000
57761  -31.618  20.721  50.748 0.1250000000
57762  -32.875  20.451  50.788 0.1250000000
57763  -33.671  20.484  50.543 0.1250000000
57755  -34.965  21.074  50.693 0.1250000000
57083  -32.206  20.450  50.188 0.1250000000
57084  -33.098  20.234  50.063 0.1250000000
57764  -34.470  20.546  50.256 0.1250000000
57091  -32.566  19.899  49.554 0.1250000000
57092  -33.435  19.782  49.537 0.1250000000
59636  -28.849  23.264  60.077 0.1250000000
59637  -29.690  23.402  59.870 0.1250000000
85814  -28.252  23.056  59.552 0.1250000000
81242  -26.189  21.587  56.946 0.1250000000
80813  -26.332  21.851  57.640 0.1250000000
58987  -27.191  22.478  58.630 0.1250000000
80617  -28.051  22.824  58.832 0.1250000000
58342  -26.960  21.772  57.142 0.1250000000
58343  -27.683  22.114  57.355 0.1250000000
58999  -28.381  22.448  57.528 0.1250000000
83650  -26.866  21.522  56.298 0.1250000000
59056  -36.117  23.266  51.852 0.1250000000
59065  -36.537  22.966  51.338 0.1250000000
58411  -34.701  21.331  51.459 0.1250000000
58412  -35.429  21.640  51.094 0.1250000000
84677  -36.085  21.829  50.813 0.1250000000
57765  -35.260  20.712  50.127 0.1250000000
57085  -33.901  20.190  49.946 0.1250000000
92891  -34.395  20.201  49.869 0.1250000000
62242  -7.528  28.301  62.742 0.1250000000
61759  -7.505  27.729  61.865 0.1250000000
58973  -27.440  22.871  59.440 0.1250000000
59635  -27.918  23.199  60.301 0.1250000000
58332  -26.401  22.171  58.338 0.1250000000
58972  -26.394  22.583  59.248 0.1250000000
58413  -36.751  22.330  50.848 0.1250000000
58420  -36.633  21.482  50.448 0.1250000000
95004  -35.784  20.769  50.037 0.1250000000
58419  -35.777  21.223  50.408 0.1250000000
57775  -34.895  20.230  49.784 0.1250000000
57093  -34.344  19.784  49.510 0.1250000000
56457  -32.932  19.247  49.069 0.1250000000
56458  -33.825  19.149  49.070 0.1250000000
56456  -32.063  19.360  49.029 0.1250000000
62710  -7.454  29.537  64.475 0.1250000000
86667  -7.443  29.683  63.816 0.1250000000
62723  -7.521  29.249  62.470 0.1250000000
85836  -7.500  29.081  63.301 0.1250000000
62248  -7.511  28.686  61.647 0.1250000000
83717  -7.499  28.004  61.121 0.1250000000
61772  -7.813  27.491  59.743 0.1250000000
90694  -8.037  26.812  59.816 0.1250000000
58955  -25.880  23.033  60.151 0.1250000000
58986  -25.658  22.172  58.646 0.1250000000
57767  -37.366  20.992  50.145 0.1250000000
58421  -37.444  21.789  50.477 0.1250000000
86569  -38.138  22.053  50.476 0.1250000000
57766  -36.428  20.730  50.006 0.1250000000
57768  -38.177  21.359  50.218 0.1250000000
57778  -37.262  20.236  49.726 0.1250000000
57779  -38.234  20.522  49.744 0.1250000000
57094  -35.267  19.643  49.365 0.1250000000
56459  -34.752  19.052  48.968 0.1250000000
56472  -33.302  18.515  48.647 0.1250000000
56473  -34.193  18.473  48.538 0.1250000000
63157  -7.510  30.177  64.369 0.1250000000
62703  -7.600  29.851  65.187 0.1250000000
62717  -7.458  29.844  63.050 0.1250000000
90146  -7.493  29.974  62.357 0.1250000000
62729  -7.515  29.641  61.709 0.1250000000
62256  -7.515  28.630  60.581 0.1250000000
62266  -7.631  28.281  59.782 0.1250000000
62274  -7.815  28.877  59.193 0.1250000000
62267  -8.014  28.083  59.072 0.1250000000
87103  -8.617  27.985  58.342 0.1250000000
59688  -4.455  23.968  55.073 0.1250000000
90781  -38.848  21.089  49.939 0.1250000000
58430  -39.621  21.270  49.812 0.1250000000
57097  -37.899  19.775  49.265 0.1250000000
57095  -36.193  19.539  49.286 0.1250000000
57096  -37.062  19.589  49.273 0.1250000000
57111  -35.728  18.943  48.839 0.1250000000
55864  -31.065  18.046  48.099 0.1250000000
55867  -33.646  17.907  48.154 0.1250000000
56486  -30.169  18.175  47.945 0.1250000000
55877  -31.529  17.501  47.584 0.1250000000
55865  -31.933  17.950  48.210 0.1250000000
64425  -7.091  33.772  70.070 0.1250000000
64430  -6.381  34.008  68.034 0.1250000000
64433  -6.318  34.280  66.935 0.1250000000
63997  -6.269  33.194  67.010 0.1250000000
87540  -7.643  30.916  64.233 0.1250000000
63589  -7.944  31.231  64.929 0.1250000000
63165  -7.480  30.445  63.600 0.1250000000
94750  -5.649  32.946  65.555 0.1250000000
63172  -7.545  30.558  61.808 0.1250000000
88525  -7.478  30.603  62.752 0.1250000000
83546  -7.538  30.129  60.921 0.1250000000
86278  -7.597  28.964  59.844 0.1250000000
62745  -7.716  29.604  59.474 0.1250000000
62755  -8.039  29.600  58.656 0.1250000000
62275  -8.253  28.810  58.451 0.1250000000
62756  -8.507  29.581  57.856 0.1250000000
62299  -10.537  29.072  56.640 0.1250000000
60330  -5.035  24.670  55.406 0.1250000000
80317  -40.067  20.687  49.315 0.1250000000
84541  -40.550  21.502  49.591 0.1250000000
81143  -39.208  20.565  49.483 0.1250000000
80638  -36.126  18.425  48.156 0.1250000000
57113  -37.604  19.286  48.782 0.1250000000
55879  -33.162  17.422  47.683 0.1250000000
55868  -34.446  17.916  47.961 0.1250000000
55878  -32.347  17.454  47.690 0.1250000000
64924  -7.169  34.494  69.600 0.1250000000
64434  -8.430  32.881  66.433 0.1250000000
64431  -8.502  33.090  67.436 0.1250000000
64928  -6.805  34.905  68.948 0.1250000000
63998  -8.355  32.190  66.798 0.1250000000
64933  -6.457  34.854  68.003 0.1250000000
63598  -7.992  31.645  64.248 0.1250000000
64005  -5.901  33.425  66.093 0.1250000000
64442  -5.965  34.262  65.844 0.1250000000
63607  -7.649  31.348  63.367 0.1250000000
64025  -8.149  32.146  63.628 0.1250000000
64441  -5.580  33.454  65.140 0.1250000000
63616  -7.628  31.370  62.338 0.1250000000
87651  -7.585  30.837  61.102 0.1250000000
63626  -7.675  31.392  61.479 0.1250000000
64042  -7.879  32.083  61.876 0.1250000000
63191  -7.653  30.367  59.943 0.1250000000
63181  -7.616  30.774  60.553 0.1250000000
63635  -7.727  31.371  60.742 0.1250000000
63650  -7.893  30.992  59.395 0.1250000000
63201  -8.347  30.395  58.128 0.1250000000
62765  -9.159  29.645  57.242 0.1250000000
62774  -10.316  29.994  56.426 0.1250000000
57780  -39.635  20.063  48.961 0.1250000000
57807  -40.862  19.904  47.837 0.1250000000
56476  -37.816  18.880  48.047 0.1250000000
57114  -38.347  19.416  48.607 0.1250000000
57137  -39.636  19.214  46.957 0.1250000000
57128  -40.235  19.550  47.416 0.1250000000
56475  -36.957  18.462  47.756 0.1250000000
56501  -38.966  18.878  46.655 0.1250000000
55269  -33.521  17.036  47.104 0.1250000000
92143  -34.570  17.531  47.442 0.1250000000
56509  -37.868  18.424  45.657 0.1250000000
55267  -32.000  17.115  47.136 0.1250000000
55268  -32.722  16.996  47.126 0.1250000000
80755  -35.010  17.394  46.974 0.1250000000
56508  -37.034  18.096  45.565 0.1250000000
55275  -32.194  16.844  46.387 0.1250000000
64930  -8.010  35.205  69.628 0.1250000000
64429  -8.299  34.414  69.418 0.1250000000
65442  -7.434  35.751  68.992 0.1250000000
65443  -7.899  35.729  69.276 0.1250000000
64444  -8.776  34.053  66.054 0.1250000000
64435  -8.652  33.862  66.960 0.1250000000
93690  -6.794  35.503  68.402 0.1250000000
86956  -8.676  33.417  65.372 0.1250000000
81952  -6.498  35.390  67.504 0.1250000000
64026  -8.624  32.847  63.977 0.1250000000
64452  -8.534  32.789  64.812 0.1250000000
64463  -8.856  33.223  63.421 0.1250000000
64035  -8.452  32.704  63.126 0.1250000000
64477  -8.824  33.243  61.850 0.1250000000
81348  -8.321  32.665  61.421 0.1250000000
64043  -8.349  32.686  62.286 0.1250000000
64451  -5.249  33.925  64.486 0.1250000000
64942  -5.637  34.324  65.114 0.1250000000
64051  -8.362  32.586  60.572 0.1250000000
64050  -7.918  32.040  61.043 0.1250000000
63644  -8.109  31.688  59.466 0.1250000000
63200  -7.926  30.374  59.008 0.1250000000
63651  -8.326  31.264  58.613 0.1250000000
63209  -8.787  30.277  57.459 0.1250000000
63217  -9.878  30.599  56.645 0.1250000000
63219  -11.230  30.459  56.142 0.1250000000
57115  -39.186  19.595  48.446 0.1250000000
57126  -38.724  19.179  47.911 0.1250000000
57127  -39.487  19.384  47.729 0.1250000000
56488  -36.295  18.057  47.461 0.1250000000
56489  -37.642  18.480  47.167 0.1250000000
56490  -38.423  18.798  47.284 0.1250000000
55256  -39.830  16.434  49.683 0.1250000000
55881  -35.709  17.686  47.186 0.1250000000
56498  -36.892  18.123  46.986 0.1250000000
56510  -38.777  18.771  45.709 0.1250000000
55883  -41.213  17.093  47.823 0.1250000000
55272  -41.150  16.857  46.930 0.1250000000
55274  -31.449  16.916  45.885 0.1250000000
55880  -34.267  17.156  47.003 0.1250000000
56500  -38.201  18.565  46.483 0.1250000000
93257  -30.791  17.033  46.047 0.1250000000
55895  -41.709  17.037  46.503 0.1250000000
86863  -41.107  16.660  41.855 0.1250000000
55311  -40.676  16.602  41.096 0.1250000000
81825  -8.480  35.929  68.433 0.1250000000
64934  -8.364  35.288  68.995 0.1250000000
87279  -8.716  34.953  67.896 0.1250000000
65957  -8.144  36.470  68.376 0.1250000000
64937  -9.005  34.812  66.932 0.1250000000
65954  -7.842  36.228  68.765 0.1250000000
65447  -7.112  36.264  68.181 0.1250000000
65453  -6.599  36.115  67.049 0.1250000000
64471  -8.863  33.244  62.720 0.1250000000
64472  -9.384  33.796  62.340 0.1250000000
64464  -9.335  33.834  63.346 0.1250000000
64936  -6.278  35.158  66.434 0.1250000000
64484  -8.800  33.224  60.959 0.1250000000
64943  -5.976  35.074  65.486 0.1250000000
64489  -8.827  33.145  60.081 0.1250000000
64949  -5.463  34.944  64.627 0.1250000000
64058  -9.023  32.838  59.273 0.1250000000
80982  -8.581  32.157  58.896 0.1250000000
63659  -8.969  31.182  57.540 0.1250000000
63668  -10.251  31.180  56.720 0.1250000000
64088  -10.851  31.785  57.040 0.1250000000
63667  -9.587  31.039  56.935 0.1250000000
63218  -10.513  30.727  56.427 0.1250000000
63679  -11.926  31.033  56.025 0.1250000000
57116  -40.096  19.776  48.277 0.1250000000
57793  -40.761  20.221  48.437 0.1250000000
81251  -41.274  17.552  50.150 0.1250000000
93945  -39.053  19.075  47.320 0.1250000000
55248  -40.544  16.965  50.186 0.1250000000
55857  -41.028  17.294  49.311 0.1250000000
55893  -35.659  17.508  46.316 0.1250000000
55894  -36.605  17.848  46.262 0.1250000000
55257  -40.415  16.862  49.079 0.1250000000
55870  -40.920  17.102  48.579 0.1250000000
55282  -32.797  16.870  45.703 0.1250000000
55892  -34.549  17.199  46.157 0.1250000000
55281  -32.079  16.913  45.603 0.1250000000
55903  -33.276  17.259  45.147 0.1250000000
55312  -41.527  16.770  41.166 0.1250000000
55318  -41.168  16.695  40.357 0.1250000000
92908  -8.912  35.592  67.638 0.1250000000
65963  -8.436  37.031  67.483 0.1250000000
65962  -7.777  36.882  67.919 0.1250000000
66558  -7.849  37.926  66.073 0.1250000000
82584  -9.902  34.417  62.869 0.1250000000
65460  -6.357  35.979  66.004 0.1250000000
64478  -9.370  33.751  61.420 0.1250000000
64485  -9.401  33.698  60.523 0.1250000000
95732  -9.916  34.122  60.992 0.1250000000
65466  -6.004  35.896  65.067 0.1250000000
64490  -9.550  33.510  59.669 0.1250000000
94707  -5.639  35.759  64.318 0.1250000000
64067  -9.250  32.492  58.471 0.1250000000
64499  -9.827  33.070  58.910 0.1250000000
64066  -8.849  31.893  58.161 0.1250000000
64068  -10.089  32.700  58.193 0.1250000000
64505  -11.156  32.849  58.036 0.1250000000
64076  -9.511  32.065  57.796 0.1250000000
63660  -9.893  31.583  57.252 0.1250000000
63669  -11.225  31.262  56.454 0.1250000000
63670  -12.447  31.524  56.380 0.1250000000
63680  -12.970  31.157  55.870 0.1250000000
57129  -40.890  19.728  47.154 0.1250000000
57139  -41.361  19.854  46.592 0.1250000000
57138  -40.442  19.472  46.474 0.1250000000
86096  -39.599  19.093  46.088 0.1250000000
57148  -40.241  19.393  45.321 0.1250000000
55939  -42.656  16.899  39.931 0.1250000000
55324  -41.788  16.772  39.715 0.1250000000
83733  -42.465  16.819  39.120 0.1250000000
83282  -9.750  35.454  65.809 0.1250000000
64968  -10.520  34.774  62.588 0.1250000000
66557  -7.245  37.556  66.123 0.1250000000
64967  -10.070  34.330  61.885 0.1250000000
66564  -6.782  37.861  64.992 0.1250000000
65968  -6.830  36.808  66.569 0.1250000000
65974  -6.542  36.840  65.533 0.1250000000
64981  -10.314  34.107  60.157 0.1250000000
88649  -6.195  36.710  64.432 0.1250000000
64491  -10.440  33.698  59.271 0.1250000000
64500  -10.737  33.247  58.628 0.1250000000
83307  -11.629  32.433  57.457 0.1250000000
64089  -12.022  31.953  56.900 0.1250000000
91966  -13.066  32.108  56.780 0.1250000000
93146  -42.403  20.262  45.823 0.1250000000
57149  -41.131  19.712  45.720 0.1250000000
55336  -43.171  16.905  38.503 0.1250000000
55335  -42.215  16.907  38.259 0.1250000000
55346  -42.950  17.034  37.641 0.1250000000
55373  -43.426  17.024  34.539 0.1250000000
55381  -43.151  16.874  33.624 0.1250000000
65455  -9.157  36.634  67.142 0.1250000000
65462  -9.805  36.467  66.354 0.1250000000
65461  -9.398  35.754  66.922 0.1250000000
65964  -9.196  37.226  66.770 0.1250000000
65467  -10.424  36.036  65.407 0.1250000000
66552  -8.466  37.606  66.644 0.1250000000
64962  -10.456  35.091  63.352 0.1250000000
64975  -11.075  34.773  61.997 0.1250000000
64974  -10.706  34.458  61.097 0.1250000000
64982  -11.468  34.436  60.386 0.1250000000
65981  -5.975  36.963  63.499 0.1250000000
80516  -6.459  37.620  64.101 0.1250000000
64992  -11.348  34.110  59.542 0.1250000000
65000  -12.575  33.941  58.919 0.1250000000
92375  -11.321  33.729  58.958 0.1250000000
64501  -11.862  33.409  58.440 0.1250000000
64506  -12.479  33.030  57.897 0.1250000000
57816  -41.822  20.007  46.018 0.1250000000
55957  -43.827  17.083  37.896 0.1250000000
83346  -43.706  17.129  37.066 0.1250000000
55354  -42.752  17.117  36.737 0.1250000000
55980  -44.248  17.170  34.059 0.1250000000
55987  -43.956  17.131  33.317 0.1250000000
55995  -44.075  17.162  32.652 0.1250000000
55411  -44.406  16.990  29.996 0.1250000000
55410  -43.878  16.207  29.532 0.1250000000
83449  -44.544  16.663  29.120 0.1250000000
65969  -9.822  37.331  66.201 0.1250000000
65975  -10.343  36.830  65.887 0.1250000000
66560  -9.658  38.004  65.780 0.1250000000
65970  -10.352  37.496  65.842 0.1250000000
65468  -11.211  36.312  64.734 0.1250000000
66559  -8.595  38.031  65.874 0.1250000000
66553  -9.141  37.664  66.270 0.1250000000
67121  -7.853  38.439  65.228 0.1250000000
65486  -11.266  35.394  62.915 0.1250000000
65493  -12.167  35.378  62.182 0.1250000000
84232  -7.362  38.133  65.442 0.1250000000
64976  -11.755  34.773  61.267 0.1250000000
67126  -7.612  38.697  64.486 0.1250000000
67133  -8.306  38.953  64.064 0.1250000000
66570  -6.926  38.370  64.174 0.1250000000
64993  -12.534  34.353  59.775 0.1250000000
85846  -6.580  37.935  62.564 0.1250000000
66579  -6.954  38.315  63.312 0.1250000000
64502  -13.044  33.572  58.255 0.1250000000
55981  -45.366  17.350  34.333 0.1250000000
55988  -44.955  17.278  33.332 0.1250000000
55997  -45.902  17.449  32.118 0.1250000000
55996  -44.968  17.343  32.405 0.1250000000
55397  -44.113  17.120  31.829 0.1250000000
55403  -44.209  17.065  30.948 0.1250000000
56006  -46.013  17.514  31.235 0.1250000000
91789  -46.550  17.514  29.694 0.1250000000
56017  -46.141  17.507  30.273 0.1250000000
55412  -44.964  17.193  29.413 0.1250000000
66566  -10.671  38.016  65.432 0.1250000000
67129  -10.341  38.606  64.568 0.1250000000
66572  -11.316  38.145  64.878 0.1250000000
83882  -9.768  38.410  65.154 0.1250000000
67128  -9.119  38.722  64.571 0.1250000000
67122  -8.840  38.439  65.208 0.1250000000
67127  -8.234  38.743  64.681 0.1250000000
65488  -12.985  36.124  62.896 0.1250000000
65502  -12.763  35.068  61.390 0.1250000000
65494  -13.514  35.721  61.941 0.1250000000
67141  -8.509  38.789  63.007 0.1250000000
65503  -13.813  35.026  60.936 0.1250000000
66571  -7.569  38.699  63.668 0.1250000000
64984  -13.620  34.669  60.015 0.1250000000
64983  -12.635  34.673  60.632 0.1250000000
94555  -8.257  38.593  62.251 0.1250000000
64507  -13.763  33.426  57.652 0.1250000000
55975  -46.067  17.703  34.889 0.1250000000
83286  -46.215  17.612  34.158 0.1250000000
83331  -45.751  17.407  32.858 0.1250000000
55999  -47.352  17.954  32.135 0.1250000000
56018  -47.012  17.634  30.944 0.1250000000
56007  -46.831  17.659  31.808 0.1250000000
66573  -12.232  37.839  64.632 0.1250000000
65983  -12.799  37.198  64.175 0.1250000000
65992  -12.598  36.458  63.710 0.1250000000
67135  -11.443  38.561  64.257 0.1250000000
66003  -13.920  36.445  62.772 0.1250000000
67134  -9.374  38.999  63.802 0.1250000000
65495  -14.286  35.826  61.343 0.1250000000
91743  -9.516  39.034  62.962 0.1250000000
65514  -14.399  34.933  59.412 0.1250000000
65521  -14.376  34.879  58.685 0.1250000000
64994  -13.711  34.440  59.181 0.1250000000
65006  -14.133  34.177  57.493 0.1250000000
65001  -13.868  34.170  58.280 0.1250000000
55990  -46.598  17.814  33.643 0.1250000000
56606  -47.088  18.317  33.372 0.1250000000
55998  -46.709  17.705  32.789 0.1250000000
91029  -47.723  18.578  31.792 0.1250000000
56613  -47.420  18.406  32.648 0.1250000000
56008  -47.538  17.963  31.429 0.1250000000
66574  -13.182  37.875  64.190 0.1250000000
66581  -14.007  37.966  63.597 0.1250000000
67137  -13.190  38.661  63.744 0.1250000000
65994  -14.455  37.203  62.897 0.1250000000
67136  -12.407  38.551  64.057 0.1250000000
67143  -11.558  39.081  63.385 0.1250000000
67151  -9.061  38.745  62.034 0.1250000000
81028  -14.161  34.910  57.922 0.1250000000
65526  -13.690  35.049  57.129 0.1250000000
66591  -14.604  38.177  62.755 0.1250000000
66004  -14.487  36.464  62.063 0.1250000000
94414  -12.470  38.971  63.574 0.1250000000
66013  -14.669  36.566  61.157 0.1250000000
67153  -10.996  39.523  62.399 0.1250000000
67152  -9.857  39.043  61.546 0.1250000000
67154  -14.190  39.250  62.530 0.1250000000
67155  -14.734  38.385  61.699 0.1250000000
67670  -13.346  40.166  62.247 0.1250000000
67166  -14.456  38.514  60.623 0.1250000000
66592  -14.907  37.355  61.967 0.1250000000
67144  -12.720  39.501  63.113 0.1250000000
66605  -14.757  37.473  60.914 0.1250000000
66025  -14.694  36.523  60.152 0.1250000000
67677  -11.094  40.354  61.534 0.1250000000
66619  -14.257  37.584  59.758 0.1250000000
65504  -14.558  35.691  60.560 0.1250000000
67164  -10.441  39.614  61.456 0.1250000000
65515  -14.688  35.628  59.658 0.1250000000
66037  -14.463  36.370  59.079 0.1250000000
65522  -14.589  35.453  58.990 0.1250000000
66036  -13.604  36.640  58.216 0.1250000000
65527  -14.272  35.646  58.394 0.1250000000
66047  -13.438  35.917  57.536 0.1250000000
66061  -12.847  35.823  56.776 0.1250000000
58605  -43.377  21.431  33.612 0.1250000000
67678  -12.529  40.794  61.937 0.1250000000
66632  -13.773  37.338  58.782 0.1250000000
68195  -11.862  41.229  61.544 0.1250000000
67685  -9.660  40.047  60.240 0.1250000000
92466  -12.772  36.897  57.559 0.1250000000
67165  -14.229  39.418  61.384 0.1250000000
80063  -14.034  39.450  60.362 0.1250000000
67679  -13.585  40.223  61.212 0.1250000000
67177  -13.978  38.656  59.792 0.1250000000
66618  -13.497  38.265  59.009 0.1250000000
86933  -10.921  41.398  61.083 0.1250000000
68204  -11.998  41.760  61.368 0.1250000000
66646  -12.933  37.735  58.070 0.1250000000
68203  -10.482  40.593  60.918 0.1250000000
68639  -11.473  41.861  61.097 0.1250000000
66645  -12.134  37.616  57.147 0.1250000000
68638  -10.355  41.653  60.645 0.1250000000
93358  -13.671  40.152  60.314 0.1250000000
82094  -13.465  39.376  59.424 0.1250000000
67189  -12.855  38.849  58.411 0.1250000000
68196  -13.253  40.952  61.045 0.1250000000
90512  -12.278  38.520  57.507 0.1250000000
83224  -11.594  38.432  56.635 0.1250000000
69067  -10.997  42.143  60.985 0.1250000000
69066  -9.862  42.156  60.461 0.1250000000
67695  -12.957  39.839  58.741 0.1250000000
67686  -13.469  40.471  59.790 0.1250000000
67188  -12.405  39.421  57.821 0.1250000000
68205  -13.101  41.438  60.610 0.1250000000
91057  -11.951  39.136  57.094 0.1250000000
67701  -11.558  39.369  56.465 0.1250000000
68640  -12.578  41.954  60.789 0.1250000000
69477  -8.396  42.900  60.170 0.1250000000
69478  -9.390  42.782  60.485 0.1250000000
69058  -10.538  42.695  60.871 0.1250000000
67694  -12.557  40.275  58.117 0.1250000000
68215  -13.170  40.795  59.088 0.1250000000
68641  -13.072  41.654  59.393 0.1250000000
69475  -6.538  43.276  59.751 0.1250000000
69069  -12.863  42.224  60.106 0.1250000000
69079  -13.025  42.365  58.980 0.1250000000
69466  -7.978  43.614  60.506 0.1250000000
87937  -12.967  42.776  59.692 0.1250000000
69068  -12.129  42.122  61.089 0.1250000000
69059  -11.836  42.474  61.267 0.1250000000
68218  -12.337  40.663  57.589 0.1250000000
67698  -12.032  39.980  57.184 0.1250000000
68221  -12.064  40.776  56.899 0.1250000000
69909  -7.137  43.706  60.391 0.1250000000
69488  -12.957  43.219  58.788 0.1250000000
68224  -11.713  40.245  56.297 0.1250000000
69899  -8.545  43.962  60.896 0.1250000000
69060  -12.838  42.674  60.824 0.1250000000
69467  -8.935  43.445  60.647 0.1250000000
69469  -12.883  42.880  61.964 0.1250000000
69057  -10.008  43.348  60.936 0.1250000000
69468  -11.326  43.044  61.528 0.1250000000
68214  -12.732  41.060  58.289 0.1250000000
69897  -6.147  44.669  61.227 0.1250000000
68647  -12.798  41.818  58.197 0.1250000000
68650  -12.440  41.302  57.471 0.1250000000
69898  -7.059  44.358  60.986 0.1250000000
84658  -7.877  44.191  60.995 0.1250000000
69086  -12.559  42.915  56.963 0.1250000000
69900  -9.366  43.947  61.179 0.1250000000
69901  -10.566  43.781  61.880 0.1250000000
69894  -11.476  44.203  62.703 0.1250000000
69464  -12.294  43.423  62.550 0.1250000000
69470  -13.727  43.482  61.543 0.1250000000
69910  -13.861  44.396  60.576 0.1250000000
68654  -12.226  41.496  56.643 0.1250000000
83512  -11.918  40.966  56.187 0.1250000000
70380  -6.808  44.830  61.913 0.1250000000
69891  -7.680  44.599  61.656 0.1250000000
70373  -8.229  44.724  61.984 0.1250000000
70387  -14.019  45.634  60.538 0.1250000000
70391  -13.207  45.213  59.532 0.1250000000
69918  -12.119  44.675  57.558 0.1250000000
85060  -11.867  44.483  56.513 0.1250000000
69892  -8.579  44.396  61.499 0.1250000000
70374  -8.909  44.717  62.044 0.1250000000
69888  -9.714  44.810  62.504 0.1250000000
69919  -12.618  44.006  58.147 0.1250000000
69490  -12.417  43.816  57.170 0.1250000000
79324  -11.782  43.945  55.681 0.1250000000
69893  -9.540  44.354  61.876 0.1250000000
69889  -10.759  44.892  63.018 0.1250000000
69896  -13.512  44.548  62.636 0.1250000000
69902  -14.168  44.460  61.758 0.1250000000
83992  -12.994  44.186  59.235 0.1250000000
69494  -12.223  43.525  56.329 0.1250000000
69095  -11.903  42.750  54.971 0.1250000000
70378  -5.238  45.108  61.467 0.1250000000
70372  -5.380  45.526  62.532 0.1250000000
70824  -6.281  46.210  63.258 0.1250000000
84946  -7.278  45.827  63.204 0.1250000000
70841  -13.121  47.156  59.097 0.1250000000
70845  -11.865  47.195  58.111 0.1250000000
70849  -11.523  46.310  57.523 0.1250000000
70379  -5.981  45.063  62.088 0.1250000000
70365  -6.411  45.441  62.778 0.1250000000
70366  -7.598  45.101  62.474 0.1250000000
70825  -8.193  45.699  63.129 0.1250000000
70833  -11.209  46.860  62.078 0.1250000000
71294  -11.766  47.507  61.184 0.1250000000
70838  -13.255  47.302  59.868 0.1250000000
85894  -12.589  46.872  58.677 0.1250000000
87885  -11.910  45.552  57.972 0.1250000000
70854  -11.423  45.992  56.677 0.1250000000
70827  -9.558  46.142  63.038 0.1250000000
93942  -13.245  46.304  61.518 0.1250000000
70386  -13.263  46.296  59.463 0.1250000000
69915  -12.411  44.888  58.551 0.1250000000
70395  -11.695  45.395  57.061 0.1250000000
70368  -9.170  45.164  62.698 0.1250000000
70370  -11.341  45.835  62.694 0.1250000000
70375  -12.838  45.604  62.334 0.1250000000
69931  -11.427  44.740  55.626 0.1250000000
70400  -11.468  45.371  56.222 0.1250000000
69890  -12.197  44.833  62.963 0.1250000000
69499  -11.671  43.526  54.969 0.1250000000
70832  -5.530  45.885  63.107 0.1250000000
91480  -6.972  46.683  63.046 0.1250000000
71284  -8.638  46.754  62.756 0.1250000000
71285  -9.292  46.898  62.551 0.1250000000
70399  -11.217  46.100  55.964 0.1250000000
71286  -9.862  47.011  62.347 0.1250000000
71293  -10.599  47.551  61.635 0.1250000000
71300  -12.480  47.939  59.094 0.1250000000
71306  -12.215  47.681  58.451 0.1250000000
71297  -11.265  48.323  60.451 0.1250000000
71728  -11.936  48.943  59.345 0.1250000000
70822  -4.029  46.951  63.085 0.1250000000
91914  -11.208  45.467  55.520 0.1250000000
71712  -3.779  48.234  62.354 0.1250000000
71281  -4.869  47.747  62.648 0.1250000000
83874  -11.409  44.242  55.056 0.1250000000
71289  -6.073  47.923  62.228 0.1250000000
69933  -10.986  44.978  54.763 0.1250000000
71722  -0.563  49.684  60.717 0.1250000000
78549  -4.287  48.794  61.531 0.1250000000
71716  -5.527  48.621  61.287 0.1250000000
71718  -7.518  48.417  61.339 0.1250000000
78555  -3.510  49.580  60.634 0.1250000000
71719  -8.417  48.500  61.135 0.1250000000
71725  -8.717  49.105  60.008 0.1250000000
93522  -6.244  48.747  60.816 0.1250000000
71724  -7.873  48.834  60.337 0.1250000000
78895  -5.806  48.958  60.093 0.1250000000
70823  -5.224  46.608  63.134 0.1250000000
71292  -8.954  47.831  61.945 0.1250000000
70844  -11.251  47.105  57.647 0.1250000000
70853  -11.065  46.663  56.770 0.1250000000
71282  -6.115  47.135  62.959 0.1250000000
81705  -9.705  47.780  61.719 0.1250000000
70857  -10.804  46.729  55.733 0.1250000000
71290  -7.071  47.618  62.357 0.1250000000
71291  -8.122  47.747  62.162 0.1250000000
71305  -11.386  48.160  57.878 0.1250000000
70403  -10.928  46.090  55.032 0.1250000000
70405  -10.627  45.679  54.101 0.1250000000
71717  -6.582  48.419  61.426 0.1250000000
78805  -1.852  51.046  59.557 0.1250000000
78554  -2.390  50.146  60.505 0.1250000000
78548  -4.446  49.425  60.090 0.1250000000
93809  -8.123  49.009  59.716 0.1250000000
71723  -6.897  48.768  60.452 0.1250000000
71721  -10.228  48.495  60.713 0.1250000000
71727  -10.809  49.189  59.642 0.1250000000
71734  -11.242  49.630  58.373 0.1250000000
71740  -11.219  49.156  57.586 0.1250000000
71309  -10.684  47.412  57.403 0.1250000000
71735  -11.933  48.690  58.166 0.1250000000
71720  -9.284  48.565  60.912 0.1250000000
71313  -10.405  47.131  56.453 0.1250000000
71726  -9.755  49.183  59.856 0.1250000000
71317  -10.276  47.269  55.400 0.1250000000
91234  -10.281  49.521  58.848 0.1250000000
71321  -10.307  47.517  54.510 0.1250000000
70859  -10.599  46.919  54.843 0.1250000000
94132  -10.613  46.483  54.322 0.1250000000
71733  -9.366  49.327  58.946 0.1250000000
71739  -10.208  49.442  57.965 0.1250000000
71304  -10.595  48.670  57.551 0.1250000000
92648  -10.378  47.800  53.865 0.1250000000
71312  -9.760  47.502  57.207 0.1250000000
84185  -10.520  47.181  53.949 0.1250000000
71316  -9.559  47.490  55.959 0.1250000000
71320  -9.804  47.743  54.866 0.1250000000
71747  -10.066  48.097  54.106 0.1250000000
71751  -10.285  48.324  53.398 0.1250000000
71746  -9.404  48.313  54.292 0.1250000000
53950  -38.862  14.326  52.434 0.1250000000
54626  -39.460  15.389  51.342 0.1250000000
55247  -40.047  16.166  50.927 0.1250000000
64944  -9.236  34.793  66.018 0.1250000000
64961  -9.830  34.691  63.812 0.1250000000
65454  -8.751  36.366  67.776 0.1250000000
66551  -7.877  37.465  66.999 0.1250000000
66550  -7.457  37.144  67.069 0.1250000000
59054  -34.843  22.186  52.689 0.1250000000
55319  -42.030  16.858  40.519 0.1250000000
61306  -7.730  26.982  60.417 0.1250000000
82844  -7.548  27.287  61.123 0.1250000000
84661  -6.385  32.966  68.065 0.1250000000
64925  -7.695  34.484  69.817 0.1250000000
64432  -8.656  34.188  68.280 0.1250000000
64006  -8.354  32.112  65.926 0.1250000000
63149  -7.705  30.578  64.870 0.1250000000
65487  -12.158  35.829  63.094 0.1250000000
89126  -9.012  33.491  63.940 0.1250000000
64014  -8.292  32.024  65.043 0.1250000000
51612  -27.877  11.131  64.916 0.1250000000
56460  -41.682  17.764  49.399 0.1250000000
58990  -29.975  23.220  57.660 0.1250000000
59010  -30.361  22.822  56.471 0.1250000000
59011  -31.013  23.081  56.266 0.1250000000
71287  -0.235  48.819  61.478 0.1250000000
57939  -46.891  20.021  31.104 0.1250000000
70371  -4.517  45.630  62.046 0.1250000000
71714  -1.767  49.088  61.723 0.1250000000
71711  -2.781  48.143  62.424 0.1250000000
94237  -31.107  21.368  54.523 0.1250000000
79372  -32.223  20.562  50.984 0.1250000000
58989  -29.458  23.140  58.310 0.1250000000
80000  -27.828  22.465  58.067 0.1250000000
58998  -27.057  22.124  57.861 0.1250000000
58971  -25.371  22.532  59.439 0.1250000000
57776  -35.750  20.257  49.746 0.1250000000
56471  -32.421  18.580  48.647 0.1250000000
91537  -7.503  29.307  61.031 0.1250000000
61765  -7.566  27.759  60.441 0.1250000000
57777  -36.535  20.050  49.638 0.1250000000
55866  -32.795  17.908  48.230 0.1250000000
62736  -7.548  29.492  60.291 0.1250000000
56474  -35.157  18.379  48.278 0.1250000000
55876  -30.657  17.588  47.395 0.1250000000
57098  -38.776  19.936  49.118 0.1250000000
57112  -36.812  18.942  48.643 0.1250000000
56487  -35.701  18.040  47.758 0.1250000000
85578  -8.328  32.277  64.335 0.1250000000
64034  -7.937  32.087  62.764 0.1250000000
63636  -8.006  31.909  60.255 0.1250000000
62773  -9.642  30.034  56.758 0.1250000000
63210  -9.300  30.484  57.035 0.1250000000
62775  -11.135  29.568  56.235 0.1250000000
57792  -40.317  20.267  48.826 0.1250000000
55869  -35.114  17.809  47.610 0.1250000000
56499  -37.401  18.236  46.364 0.1250000000
55276  -33.126  16.817  46.457 0.1250000000
65448  -8.025  35.916  69.059 0.1250000000
79990  -8.452  32.412  59.744 0.1250000000
62783  -11.756  29.920  55.908 0.1250000000
55277  -33.834  16.966  46.518 0.1250000000
63226  -12.186  30.506  55.802 0.1250000000
55283  -33.641  16.972  45.827 0.1250000000
55904  -34.173  17.345  45.233 0.1250000000
55323  -40.855  16.677  39.442 0.1250000000
64077  -10.456  32.266  57.598 0.1250000000
79966  -41.372  16.779  38.111 0.1250000000
94906  -43.377  16.855  32.889 0.1250000000
66578  -6.448  37.793  63.398 0.1250000000
56005  -44.991  17.419  31.526 0.1250000000
56016  -45.075  17.466  30.646 0.1250000000
56028  -45.223  17.412  29.922 0.1250000000
65976  -10.895  36.967  65.513 0.1250000000
55989  -45.996  17.474  33.538 0.1250000000
56029  -45.863  17.403  29.335 0.1250000000
65977  -11.468  37.388  65.012 0.1250000000
65993  -13.592  36.980  63.657 0.1250000000
84713  -10.432  39.001  63.614 0.1250000000
81471  -14.334  35.081  60.115 0.1250000000
67142  -10.218  39.185  62.600 0.1250000000
67669  -11.752  40.086  62.233 0.1250000000
69479  -13.178  43.445  60.060 0.1250000000
69082  -12.769  42.602  57.965 0.1250000000
69465  -13.699  43.520  62.708 0.1250000000
68651  -12.587  42.056  57.238 0.1250000000
69491  -12.683  43.301  57.777 0.1250000000
69085  -12.348  42.236  56.379 0.1250000000
68657  -12.006  41.635  55.726 0.1250000000
70367  -8.496  45.051  62.470 0.1250000000
85686  -13.864  45.509  61.664 0.1250000000
70390  -12.381  45.830  58.800 0.1250000000
70369  -10.050  45.515  63.077 0.1250000000
91590  -12.345  42.865  56.160 0.1250000000
71283  -7.811  46.692  62.902 0.1250000000
70842  -13.635  46.592  59.884 0.1250000000
91444  -11.961  46.371  58.252 0.1250000000
70826  -8.909  45.734  63.108 0.1250000000
70834  -12.214  46.613  61.846 0.1250000000
70835  -12.890  47.160  60.880 0.1250000000
70381  -13.709  46.456  60.677 0.1250000000
71298  -12.417  48.022  60.137 0.1250000000
47362  -11.977  6.917  68.315 1.0000000000
52526  -16.631  13.104  57.842 0.6250000000
55882  -36.262  17.779  46.862 0.1250000000
55885  -43.312  18.008  47.200 0.2500000000
58217  -19.891  22.138  71.214 0.3750000000
58225  -20.112  21.596  70.660 0.3750000000
58331  -25.823  21.940  58.031 0.1250000000
58353  -23.651  21.570  56.332 0.1250000000
58386  -42.102  20.770  55.186 0.6250000000
58870  -21.337  22.741  70.537 0.3750000000
59482  -20.857  22.941  70.757 0.3750000000
59549  -22.832  23.808  64.539 0.3750000000
60239  -19.469  24.635  63.102 0.1250000000
60337  -39.059  25.606  55.482 0.3750000000
60366  -42.408  26.081  51.749 0.5000000000
60420  -43.330  25.479  43.247 0.1250000000
60421  -44.081  25.503  43.159 0.1250000000
60756  -3.556  25.636  67.340 0.5000000000
60951  -43.140  25.658  42.776 0.1250000000
60953  -44.265  25.659  42.904 0.1250000000
61706  -15.994  28.444  70.028 0.1250000000
61714  -15.860  28.018  69.587 0.1250000000
61716  -16.601  27.917  69.881 0.1250000000
62184  -16.510  28.543  70.041 0.1250000000
62199  -15.340  29.043  68.275 0.1250000000
62661  -8.027  29.735  72.305 0.3750000000
62671  -15.872  29.170  69.939 0.1250000000
62701  -3.536  29.812  65.176 0.5000000000
63177  -25.744  30.988  61.258 0.1250000000
63576  -16.429  31.690  68.073 0.1250000000
63604  -24.207  32.236  64.380 0.1250000000
63643  -7.778  31.199  60.047 0.1250000000
63999  -18.965  33.495  68.190 0.1250000000
64423  -7.338  33.329  70.388 0.2500000000
64424  -7.690  33.215  70.458 0.2500000000
64468  -25.080  33.206  63.454 0.1250000000
64927  0.008  35.150  69.675 0.5000000000
64929  -7.615  35.207  69.497 0.1250000000
64946  -22.633  34.869  65.871 0.1250000000
64955  -23.824  34.857  64.855 0.1250000000
65445  0.369  35.116  69.461 0.5000000000
65451  -0.541  35.971  68.570 0.5000000000
65953  0.144  35.257  69.566 0.5000000000
65956  0.124  36.175  68.850 0.5000000000
65961  -7.138  36.747  67.441 0.1250000000
66023  -4.219  36.808  59.683 0.3750000000
66545  0.692  36.831  68.113 0.5000000000
66565  -7.249  38.420  64.877 0.1250000000
66613  -3.638  37.390  59.670 0.3750000000
66617  -6.744  37.988  60.215 0.2500000000
67145  -13.931  38.836  63.327 0.1250000000
67185  -5.592  38.699  58.213 0.3750000000
69080  2.276  43.094  58.543 0.3750000000
69476  -7.518  43.105  59.910 0.2500000000
69895  -12.822  43.971  63.109 0.1250000000
70425  -6.240  45.278  49.314 0.1250000000
70828  -10.388  46.501  62.552 0.1250000000
71280  -3.664  47.584  62.742 0.1250000000
71288  -0.591  47.940  62.204 0.2500000000
71713  -0.771  49.282  61.369 0.1250000000
71715  -3.123  49.020  61.646 0.1250000000
71729  -0.710  49.999  60.385 0.2500000000
72072  -1.256  50.127  60.585 0.1250000000
72391  -1.638  50.017  51.760 0.1250000000
78543  -2.601  50.140  60.050 0.1250000000
83652  -33.948  17.454  47.593 0.1250000000
85498  -17.737  13.941  57.583 0.6250000000
85631  -47.161  17.629  30.056 0.1250000000
86830  -10.352  44.420  62.373 0.1250000000
86874  -40.431  17.381  54.903 0.3750000000
87139  -15.834  12.430  58.264 0.6250000000
89337  -0.824  48.576  62.006 0.1250000000
89701  -1.032  50.341  60.130 0.1250000000
91143  -7.714  27.031  65.115 0.2500000000
91652  -20.286  22.917  71.036 0.3750000000
91716  -8.544  24.153  61.500 0.1250000000
92861  -8.570  33.375  66.054 0.1250000000
92894  -19.253  22.456  71.425 0.3750000000
92958  -7.500  43.986  60.692 0.1250000000
93483  1.626  10.014  70.450 0.2500000000
94289  -2.425  27.412  66.733 0.5000000000
95275  -13.760  12.478  58.591 0.6250000000
95415  -17.467  10.827  71.878 1.0000000000
95482  5.552  5.030  79.069 0.1250000000
95622  -8.315  30.438  71.455 0.3750000000
