#!ascii label  , from subject sub-v2s16x51292_ses-1 vox2ras=TkReg
2970
46425  14.171  7.281  83.768 0.6250000000
46432  13.594  6.974  83.145 0.5000000000
46417  16.596  6.743  84.796 0.5000000000
46418  15.681  6.861  84.623 0.5000000000
94558  16.948  5.786  83.565 0.5000000000
46423  17.235  6.198  84.115 0.5000000000
45494  16.165  6.206  84.107 0.5000000000
45493  17.766  5.675  83.418 0.5000000000
45498  17.244  5.359  82.870 0.5000000000
46424  15.086  6.658  84.151 0.5000000000
93917  13.586  7.713  83.272 0.6250000000
45499  16.300  5.622  83.281 0.5000000000
47315  13.244  7.684  82.661 0.6250000000
47326  13.308  7.755  80.797 0.7500000000
47299  19.287  7.529  85.586 0.7500000000
48206  17.821  8.036  86.237 0.7500000000
47304  17.131  7.531  85.403 0.7500000000
47305  15.948  7.461  85.002 0.6250000000
47301  20.809  7.779  85.072 0.7500000000
47302  19.964  7.355  85.170 0.7500000000
47303  18.411  7.307  85.482 0.7500000000
47310  19.714  6.739  84.519 0.7500000000
46415  18.779  6.596  84.670 0.6250000000
46416  17.726  6.689  84.809 0.6250000000
47306  14.858  7.770  84.368 0.6250000000
46420  20.322  6.412  83.769 0.6250000000
46421  19.283  6.072  83.723 0.6250000000
46422  18.232  6.148  83.981 0.6250000000
45496  19.244  5.393  82.844 0.5000000000
45492  18.576  5.639  83.317 0.5000000000
47314  13.992  8.186  83.526 0.6250000000
48226  13.680  8.230  82.653 0.6250000000
47321  13.510  7.959  81.837 0.6250000000
47331  14.405  7.570  80.171 0.6250000000
47325  14.136  7.852  81.049 0.6250000000
92074  13.669  7.466  79.780 0.6250000000
46446  12.725  7.581  79.943 0.7500000000
47316  12.839  7.592  81.866 0.7500000000
82146  13.244  7.206  79.026 0.6250000000
46441  12.102  7.680  80.982 0.7500000000
48205  18.801  7.925  86.107 0.7500000000
48210  17.049  8.543  85.830 0.7500000000
91524  19.195  8.526  85.963 0.7500000000
92255  18.324  8.600  86.178 0.7500000000
49159  16.994  9.671  85.715 0.8750000000
49162  16.410  9.265  84.946 0.7500000000
48211  16.247  8.346  85.152 0.6250000000
48212  15.529  8.310  84.661 0.6250000000
48208  20.709  8.380  85.273 0.7500000000
48220  15.340  9.500  83.468 0.6250000000
48217  15.026  8.847  84.143 0.6250000000
46419  21.282  6.755  83.764 0.7500000000
84264  15.848  9.783  82.534 0.6250000000
82101  15.115  9.246  82.542 0.6250000000
48221  14.610  8.849  83.472 0.6250000000
48224  16.104  9.335  81.745 0.6250000000
47319  15.259  8.759  81.748 0.6250000000
48225  14.416  8.682  82.555 0.6250000000
81583  19.982  5.288  82.167 0.5000000000
48229  16.478  8.488  80.956 0.6250000000
95443  15.534  8.121  81.095 0.6250000000
47320  14.445  8.255  81.649 0.6250000000
47324  15.079  7.755  80.693 0.6250000000
84095  14.999  6.728  78.514 0.6250000000
47330  15.495  7.402  79.728 0.6250000000
46445  14.577  7.133  79.143 0.6250000000
45547  14.124  6.089  77.675 0.5000000000
45538  13.130  6.522  78.201 0.6250000000
90029  14.078  5.415  76.876 0.5000000000
83568  13.052  5.863  77.417 0.5000000000
45558  12.863  5.289  76.674 0.5000000000
44597  11.913  5.183  76.496 0.5000000000
50100  22.872  10.367  83.557 0.7500000000
50101  22.096  10.806  83.910 0.7500000000
49168  23.474  9.948  83.069 0.7500000000
49164  22.313  9.800  84.145 0.7500000000
50097  21.406  10.187  84.562 0.7500000000
50094  19.459  10.161  85.494 0.8750000000
51025  18.927  11.056  85.409 0.8750000000
50099  16.743  10.842  85.382 0.7500000000
95780  23.680  10.446  82.478 0.7500000000
48214  22.855  8.532  83.610 0.8750000000
47300  21.568  8.363  84.731 0.8750000000
49160  21.767  9.230  84.562 0.7500000000
49156  19.991  9.070  85.568 0.8750000000
49157  18.895  9.350  85.811 0.8750000000
49158  17.917  9.494  85.894 0.7500000000
47312  23.053  7.247  82.884 0.8750000000
47307  22.591  7.791  83.627 0.7500000000
47308  21.677  7.589  84.275 0.7500000000
49173  16.583  10.405  82.236 0.8750000000
49169  16.076  10.207  83.256 0.8750000000
85735  22.382  6.610  82.887 0.7500000000
48228  16.973  9.117  81.036 0.7500000000
46435  22.374  5.883  81.806 0.6250000000
96837  21.406  5.883  82.657 0.6250000000
93904  20.941  6.066  83.152 0.6250000000
92139  17.354  8.738  80.511 0.7500000000
45516  21.829  5.605  81.329 0.6250000000
45503  21.558  5.590  82.076 0.6250000000
45495  20.797  5.568  82.459 0.5000000000
47328  17.483  7.971  78.956 0.7500000000
97044  20.498  5.242  80.774 0.6250000000
45504  20.780  5.347  81.473 0.6250000000
93710  16.974  7.433  78.583 0.6250000000
47329  16.594  7.548  79.381 0.6250000000
47323  16.179  7.759  80.374 0.6250000000
82781  21.099  5.598  80.459 0.6250000000
45505  19.922  5.035  81.153 0.5000000000
46463  16.377  6.567  77.549 0.6250000000
46455  15.919  6.986  78.586 0.6250000000
45518  19.229  4.456  81.178 0.3750000000
45546  15.793  5.992  77.057 0.5000000000
46464  15.208  6.361  77.877 0.6250000000
44621  15.152  4.549  75.397 0.5000000000
44608  14.634  4.937  76.096 0.5000000000
44622  14.139  4.312  75.552 0.5000000000
44609  13.565  4.816  76.137 0.5000000000
43791  13.601  3.730  75.021 0.5000000000
42953  13.359  3.181  73.511 0.5000000000
50108  23.541  11.367  82.233 0.7500000000
50102  16.399  11.213  84.893 0.7500000000
50107  23.932  10.465  81.872 0.7500000000
49167  23.897  9.512  82.331 0.6250000000
48213  23.514  8.990  83.070 0.8750000000
50106  16.669  10.988  83.165 1.0000000000
50103  16.317  10.656  84.079 0.7500000000
49171  24.218  9.543  81.546 0.6250000000
48218  23.847  8.517  82.394 0.7500000000
48219  23.364  8.137  83.031 0.7500000000
50109  16.982  10.628  81.327 0.8750000000
46426  23.735  6.929  82.027 0.7500000000
92251  17.877  9.601  79.724 0.8750000000
49172  16.932  9.843  81.379 0.7500000000
91828  23.308  6.260  81.524 0.8750000000
91667  17.914  8.529  79.257 0.7500000000
48237  17.943  8.616  78.423 0.7500000000
81964  22.225  5.815  80.560 0.6250000000
47344  17.626  7.659  77.104 0.8750000000
46470  17.382  7.083  76.563 0.5000000000
46462  17.180  6.890  77.164 0.6250000000
93445  21.791  5.909  79.705 0.6250000000
46480  16.800  6.076  75.916 0.5000000000
45571  15.614  5.179  75.847 0.6250000000
45556  16.133  5.725  76.288 0.5000000000
43790  14.645  3.876  74.905 0.6250000000
43800  14.025  3.451  74.271 0.5000000000
50110  24.116  10.459  81.077 0.6250000000
51040  23.739  11.317  81.367 0.7500000000
50113  24.112  10.387  80.142 0.7500000000
49170  24.564  8.614  81.166 0.6250000000
50112  17.132  10.704  80.473 1.0000000000
48227  25.093  7.700  80.823 0.7500000000
48222  24.583  7.854  81.384 0.7500000000
91721  24.198  8.027  81.892 0.7500000000
50118  17.794  10.177  79.219 1.0000000000
47322  25.542  6.835  80.330 0.7500000000
47317  25.068  7.056  81.042 0.7500000000
47318  24.336  7.384  81.576 0.7500000000
48251  17.674  8.458  76.552 1.0000000000
91835  17.933  9.305  77.929 1.0000000000
92743  23.726  5.988  80.965 0.7500000000
48252  17.456  9.000  76.089 1.0000000000
47370  17.499  7.650  75.184 1.0000000000
47356  17.583  7.691  76.137 0.7500000000
46486  17.388  6.778  74.893 1.0000000000
46479  17.339  6.802  75.790 0.8750000000
45581  17.217  6.173  74.572 0.6250000000
44620  16.105  4.927  75.078 0.6250000000
45537  21.600  5.643  78.847 0.6250000000
44638  16.498  4.843  74.093 0.6250000000
44639  15.619  4.269  74.623 0.6250000000
44584  21.414  5.371  78.025 0.6250000000
93259  15.889  4.099  73.878 0.6250000000
43814  14.489  3.240  73.445 0.6250000000
42188  14.405  2.314  71.914 0.5000000000
42964  13.889  2.790  72.765 0.5000000000
42189  13.140  2.309  72.146 0.5000000000
42203  13.520  1.642  71.323 0.5000000000
41344  12.377  1.077  70.839 0.5000000000
50117  23.477  10.834  78.695 0.6250000000
51046  23.592  10.977  79.562 0.6250000000
89720  23.822  10.228  78.495 0.6250000000
50116  23.967  10.294  79.237 0.6250000000
49175  24.445  9.562  80.732 0.6250000000
50119  17.160  10.776  78.719 0.8750000000
93780  23.585  9.927  77.373 0.6250000000
88342  24.279  9.612  78.844 0.6250000000
49177  24.840  8.744  79.360 0.5000000000
50129  16.916  10.533  77.848 0.8750000000
50128  17.787  10.076  78.326 1.0000000000
92274  23.847  9.181  77.393 0.5000000000
93311  24.519  8.787  78.261 0.5000000000
48236  25.284  7.810  78.952 0.5000000000
48230  25.355  7.732  79.973 0.6250000000
46439  25.206  6.358  80.386 0.7500000000
49198  16.961  9.564  76.090 1.0000000000
49186  17.507  9.914  77.545 1.0000000000
46444  25.851  6.072  79.724 0.7500000000
46440  24.509  5.959  80.473 0.7500000000
45514  25.255  5.831  80.002 0.7500000000
97645  24.358  5.692  79.747 0.6250000000
81603  23.366  5.846  80.367 0.6250000000
45525  22.817  5.851  79.183 0.6250000000
46492  17.332  6.669  74.147 1.0000000000
86073  17.083  5.898  73.077 0.8750000000
93910  22.161  5.521  78.326 0.6250000000
86385  16.884  5.165  73.173 0.7500000000
44654  16.367  4.352  73.233 0.5000000000
43813  15.562  3.581  73.220 0.5000000000
98356  14.034  1.432  70.881 0.5000000000
48258  23.619  8.525  75.865 0.5000000000
49195  23.381  9.583  76.759 0.6250000000
50142  23.216  10.398  76.962 0.6250000000
50130  15.779  10.731  77.526 0.8750000000
48250  23.667  8.754  76.643 0.5000000000
49187  16.654  10.143  76.913 1.0000000000
47355  24.176  7.953  76.512 0.5000000000
47343  24.276  8.269  77.342 0.5000000000
49210  16.248  9.478  75.481 0.8750000000
47369  24.153  7.927  75.637 0.5000000000
47342  25.007  7.237  77.397 0.5000000000
48243  24.974  7.802  78.069 0.5000000000
47336  25.760  6.791  78.535 0.5000000000
85522  26.088  6.156  79.109 0.7500000000
49219  16.416  9.087  74.915 1.0000000000
47354  24.844  7.287  76.416 0.3750000000
46461  25.896  6.379  77.960 0.5000000000
46454  26.101  6.054  78.470 0.5000000000
45535  25.951  5.894  78.958 0.5000000000
82206  25.306  5.708  79.346 0.6250000000
47381  16.661  8.139  73.969 1.0000000000
47388  17.150  7.373  73.787 1.0000000000
44583  24.038  5.503  78.622 0.6250000000
47389  16.414  7.597  73.325 1.0000000000
46493  17.126  6.563  73.408 1.0000000000
45536  22.890  5.448  78.219 0.6250000000
45601  16.876  5.549  72.472 0.7500000000
44592  22.180  5.325  77.502 0.6250000000
44665  16.602  4.669  72.418 0.5000000000
43837  16.205  3.941  71.959 0.6250000000
43826  16.177  3.947  72.633 0.5000000000
43838  15.657  3.224  71.502 0.5000000000
42976  15.208  2.799  71.960 0.5000000000
42986  15.174  2.384  71.218 0.5000000000
42214  14.950  1.825  70.400 0.5000000000
42202  14.498  1.750  71.055 0.5000000000
42215  14.278  1.398  70.390 0.5000000000
41361  13.566  1.024  69.629 0.3750000000
42216  13.446  1.209  70.506 0.5000000000
41383  12.090  0.437  68.801 0.3750000000
41402  12.394  0.622  68.214 0.3750000000
51052  15.387  11.619  78.887 0.8750000000
50144  15.281  10.368  76.757 0.8750000000
90898  14.517  10.799  77.364 0.8750000000
48280  25.586  8.733  73.535 0.3750000000
47386  25.057  8.398  73.328 0.3750000000
47387  24.522  8.234  73.572 0.3750000000
84556  23.508  8.454  74.189 0.3750000000
47379  24.107  8.104  74.732 0.3750000000
48268  23.595  8.483  75.058 0.3750000000
49199  15.926  9.931  76.125 0.8750000000
48279  26.284  9.234  73.717 0.2500000000
47377  25.303  8.188  74.152 0.2500000000
47378  24.606  8.047  74.446 0.2500000000
91829  15.342  9.678  75.605 0.8750000000
48267  26.150  8.443  74.373 0.2500000000
93617  25.289  7.773  74.961 0.2500000000
47368  24.880  7.589  75.487 0.3750000000
49220  15.350  9.259  74.947 0.8750000000
48266  26.877  8.734  74.590 0.2500000000
86205  26.018  7.735  75.083 0.2500000000
47367  25.838  7.156  75.780 0.3750000000
47353  25.676  6.791  76.479 0.5000000000
46469  25.637  6.493  77.187 0.5000000000
46460  26.029  5.968  77.682 0.5000000000
45542  25.823  5.860  78.160 0.5000000000
45544  25.151  5.604  78.423 0.5000000000
48272  16.012  8.732  74.340 1.0000000000
46478  26.470  6.339  76.613 0.5000000000
96359  26.265  6.066  77.106 0.5000000000
93665  25.602  5.674  77.443 0.5000000000
45543  25.089  5.360  77.647 0.5000000000
96163  24.377  5.248  77.849 0.3750000000
45554  25.897  5.536  76.877 0.5000000000
45555  25.234  4.950  77.063 0.5000000000
44603  24.317  4.843  77.098 0.3750000000
44591  23.416  5.154  77.528 0.5000000000
47395  16.222  7.082  72.715 1.0000000000
46498  16.763  6.427  72.637 0.8750000000
44605  22.645  5.159  76.693 0.6250000000
95661  16.644  5.228  71.906 0.8750000000
43850  16.019  4.062  71.225 0.7500000000
96123  15.518  2.812  70.996 0.5000000000
42997  15.326  2.522  70.472 0.6250000000
43008  15.128  2.037  69.559 0.6250000000
86403  14.668  1.564  68.995 0.5000000000
41382  13.755  1.064  68.790 0.3750000000
42244  13.298  1.152  68.040 0.5000000000
42257  12.647  1.299  67.368 0.3750000000
41418  11.746  0.423  67.578 0.3750000000
50172  27.120  10.468  73.756 0.2500000000
50173  26.732  10.617  73.148 0.2500000000
49238  26.163  9.892  72.849 0.3750000000
50145  13.982  10.410  76.639 0.8750000000
50131  13.956  11.207  77.871 0.8750000000
49229  27.313  9.910  74.174 0.2500000000
49230  26.770  9.908  73.589 0.2500000000
90223  27.628  10.080  74.887 0.2500000000
49211  14.348  9.579  75.444 0.8750000000
91380  27.998  9.894  75.707 0.2500000000
49216  27.473  9.250  74.896 0.2500000000
49217  26.977  9.390  74.119 0.2500000000
50157  13.472  9.946  75.938 0.8750000000
49207  28.587  9.623  76.558 0.2500000000
47376  26.871  7.755  75.485 0.3750000000
47366  26.678  6.900  76.132 0.3750000000
48273  14.753  8.682  74.283 1.0000000000
49221  13.995  9.137  74.810 0.8750000000
48256  28.687  8.531  76.789 0.6250000000
48257  28.068  7.837  76.557 0.5000000000
87952  27.561  7.438  76.349 0.5000000000
47365  27.437  6.671  76.671 0.5000000000
48284  15.522  8.124  73.619 1.0000000000
47352  29.842  7.550  76.983 0.7500000000
47364  29.035  7.341  77.076 0.3750000000
85048  28.196  6.771  77.048 0.5000000000
96528  27.109  5.940  76.848 0.6250000000
45567  26.826  5.144  76.280 0.6250000000
45568  26.186  4.894  76.353 0.6250000000
44602  25.436  4.718  76.441 0.6250000000
97470  24.733  4.631  76.542 0.3750000000
44604  23.472  4.937  76.735 0.5000000000
97845  15.625  7.519  72.982 1.0000000000
47390  14.614  7.623  73.059 1.0000000000
88305  28.952  6.202  77.142 0.5000000000
46477  27.951  5.928  76.857 0.6250000000
94819  27.375  5.454  76.276 0.6250000000
44615  25.603  4.534  75.718 0.6250000000
44616  24.744  4.535  75.825 0.6250000000
83235  23.903  4.659  76.171 0.3750000000
46499  16.108  6.611  72.172 1.0000000000
47396  15.079  7.007  72.286 1.0000000000
94621  25.750  4.543  75.017 0.6250000000
44634  24.889  4.564  74.928 0.5000000000
85289  15.854  5.770  71.329 0.8750000000
45612  15.061  5.894  71.023 0.8750000000
46507  14.377  6.406  71.465 0.8750000000
44635  23.827  4.729  75.079 0.3750000000
83658  23.154  4.970  75.574 0.5000000000
44617  23.093  5.015  76.172 0.5000000000
44686  16.097  4.773  71.069 0.7500000000
45621  15.597  5.263  70.792 0.7500000000
45622  14.521  5.446  70.348 0.8750000000
45631  13.882  5.163  69.621 0.8750000000
45623  13.057  5.742  69.979 0.7500000000
82168  23.112  4.698  74.079 0.2500000000
43851  15.620  3.432  70.630 0.6250000000
44687  15.683  4.448  70.558 0.7500000000
44693  15.260  4.038  69.842 0.7500000000
44694  14.386  4.444  69.274 0.7500000000
88325  13.228  5.060  69.063 0.6250000000
44701  13.376  4.586  68.615 0.6250000000
43862  14.885  3.537  69.208 0.6250000000
43875  14.471  2.949  68.585 0.6250000000
43876  13.509  3.836  68.068 0.6250000000
43889  12.852  3.313  67.496 0.6250000000
89923  12.334  4.329  67.694 0.6250000000
43861  15.292  3.033  69.811 0.6250000000
42242  14.867  2.036  68.756 0.6250000000
43888  13.825  2.627  67.887 0.6250000000
43019  14.414  2.101  68.245 0.6250000000
43030  13.080  2.188  67.236 0.5000000000
43031  11.989  3.021  66.901 0.5000000000
42243  14.277  1.613  68.459 0.6250000000
42256  13.804  1.766  67.841 0.6250000000
42267  11.867  1.681  66.620 0.5000000000
42258  11.271  0.356  66.738 0.2500000000
51091  27.130  11.327  73.796 0.2500000000
50146  12.783  10.454  76.427 0.7500000000
51083  27.512  11.506  74.897 0.2500000000
50165  27.450  10.668  74.440 0.2500000000
50158  12.417  10.069  75.605 0.8750000000
50154  27.848  10.763  75.385 0.1250000000
49212  13.129  9.527  75.223 0.8750000000
49222  12.901  9.140  74.638 0.8750000000
50153  28.498  10.736  76.413 0.2500000000
48274  13.376  8.654  74.245 0.8750000000
48286  12.682  8.322  73.570 0.8750000000
50141  29.103  10.285  77.148 0.6250000000
49194  29.272  9.303  77.124 0.6250000000
48300  12.179  8.049  72.774 0.7500000000
47398  11.906  7.772  71.803 0.7500000000
47405  11.710  7.835  70.945 0.7500000000
90492  29.729  9.942  77.344 0.7500000000
49193  30.138  9.137  77.152 0.7500000000
48249  29.558  8.309  77.036 0.7500000000
48299  13.328  7.761  73.041 0.8750000000
47397  12.740  7.394  72.355 0.7500000000
81865  12.407  7.072  71.699 0.7500000000
47404  11.885  7.225  71.007 0.7500000000
47351  30.408  7.446  76.627 0.6250000000
47375  30.480  6.806  76.162 0.6250000000
47363  29.822  6.742  76.933 0.6250000000
46476  28.646  5.847  76.100 0.5000000000
45566  27.886  5.391  75.771 0.5000000000
92644  27.207  4.819  75.462 0.6250000000
85916  13.862  7.300  72.567 0.8750000000
47403  13.477  6.850  71.979 0.7500000000
46508  12.754  6.555  71.114 0.7500000000
46513  11.773  6.812  70.252 0.7500000000
46484  29.633  6.214  76.240 0.6250000000
46485  29.220  6.034  74.991 0.6250000000
85559  27.795  4.992  74.913 0.5000000000
44632  26.446  4.676  74.810 0.6250000000
46512  13.733  5.970  70.724 0.8750000000
95567  12.457  6.238  70.345 0.8750000000
46522  11.770  6.435  69.515 0.8750000000
44633  25.652  4.814  74.335 0.3750000000
94874  25.285  4.658  74.596 0.5000000000
82456  24.027  4.661  74.161 0.3750000000
45633  11.560  6.462  68.565 0.8750000000
85310  24.808  4.800  74.013 0.6250000000
45632  12.431  5.727  69.229 0.7500000000
45642  12.083  5.531  68.560 0.7500000000
44663  23.624  4.740  72.603 0.2500000000
44651  23.358  4.667  73.343 0.3750000000
44702  12.268  4.923  68.117 0.6250000000
43890  11.681  4.214  67.154 0.6250000000
90851  11.417  2.743  66.336 0.3750000000
43040  11.159  1.920  65.874 0.3750000000
42268  11.041  0.677  65.945 0.1250000000
41442  10.777  -0.553  64.984 0.1250000000
51971  27.143  12.280  74.448 0.1250000000
51075  28.068  11.599  75.903 0.1250000000
50159  11.906  10.400  75.159 0.7500000000
51066  29.498  11.708  77.065 0.3750000000
49213  12.119  9.616  74.681 0.8750000000
49233  11.728  9.426  73.739 0.8750000000
50139  30.556  10.922  76.679 0.5000000000
50140  29.763  10.845  77.238 0.6250000000
48287  11.825  8.723  73.277 0.8750000000
48301  11.684  8.625  72.363 0.8750000000
91950  11.561  9.272  72.013 0.7500000000
50152  30.413  10.056  77.138 0.7500000000
49192  30.696  8.825  76.782 0.6250000000
48255  30.819  8.236  76.356 0.6250000000
48311  11.680  8.522  71.387 0.7500000000
47362  30.889  7.562  76.019 0.6250000000
47419  11.588  7.844  69.383 0.7500000000
47411  11.548  7.552  70.155 0.7500000000
83180  31.167  7.205  74.236 0.6250000000
88372  31.122  7.268  75.322 0.6250000000
47374  30.358  6.514  74.971 0.6250000000
45591  27.134  5.037  74.338 0.5000000000
46529  11.250  7.022  68.801 0.7500000000
46490  29.743  6.073  73.877 0.6250000000
93439  28.415  5.597  73.233 0.5000000000
92753  27.961  5.305  74.019 0.5000000000
96187  27.359  5.328  73.693 0.5000000000
45643  11.477  6.183  68.062 0.7500000000
44649  25.355  5.119  73.470 0.5000000000
96058  24.040  4.770  73.450 0.6250000000
45649  11.500  6.147  67.402 0.7500000000
45655  11.357  5.702  66.666 0.6250000000
44710  11.495  5.256  67.455 0.6250000000
44721  11.043  4.951  66.626 0.3750000000
44722  10.724  4.597  65.940 0.3750000000
43899  11.040  3.859  66.416 0.5000000000
43911  10.386  3.743  64.759 0.1250000000
91908  10.464  3.120  65.135 0.1250000000
92114  10.906  3.012  65.746 0.3750000000
43049  10.648  2.189  65.230 0.1250000000
42269  10.911  1.225  65.380 0.2500000000
42282  11.014  1.845  63.753 0.1250000000
42276  10.741  1.272  64.832 0.1250000000
41443  10.727  0.236  65.255 0.1250000000
90260  27.820  12.934  76.008 0.2500000000
51964  27.627  12.305  75.457 0.1250000000
51957  29.253  12.427  77.016 0.5000000000
51958  28.370  12.391  76.392 0.1250000000
51064  30.202  12.323  76.667 0.5000000000
50168  11.702  10.118  74.251 0.7500000000
90972  11.698  10.699  73.891 0.7500000000
51102  11.842  10.764  73.038 0.7500000000
51955  30.523  12.549  76.059 0.5000000000
50176  11.518  10.013  73.382 0.8750000000
50185  11.624  10.065  72.441 0.8750000000
94435  11.804  9.834  71.724 0.8750000000
82435  30.892  11.943  75.513 0.6250000000
50151  30.901  10.024  76.299 0.7500000000
49205  31.012  9.084  76.189 0.6250000000
49263  11.806  8.824  70.753 0.7500000000
51090  31.155  11.834  73.814 0.6250000000
51089  31.295  11.110  73.808 0.7500000000
50163  31.331  10.560  74.427 0.7500000000
49215  31.323  9.614  75.206 0.7500000000
48264  31.268  8.301  75.451 0.6250000000
48316  12.103  8.700  70.121 0.7500000000
52857  30.869  13.280  72.802 0.7500000000
95156  31.014  12.620  73.509 0.7500000000
51096  31.653  11.205  72.994 0.7500000000
50171  31.679  10.491  73.416 0.8750000000
49227  31.644  9.685  73.930 0.7500000000
49228  31.662  8.683  74.355 0.6250000000
46489  30.526  6.642  73.622 0.6250000000
46528  11.981  7.267  68.172 0.8750000000
47418  12.305  8.143  68.962 0.8750000000
51988  31.049  13.042  71.787 0.7500000000
51979  31.210  12.552  72.486 0.7500000000
51106  31.654  11.151  71.999 0.7500000000
50179  31.856  10.430  72.444 0.7500000000
91786  31.983  9.818  73.065 0.7500000000
48278  31.769  7.925  73.715 0.7500000000
47385  31.166  7.320  73.145 0.6250000000
91141  30.081  6.174  73.009 0.6250000000
45590  29.269  5.844  72.898 0.6250000000
45598  27.565  5.496  72.972 0.5000000000
45599  26.812  5.323  73.385 0.5000000000
44648  26.225  5.102  73.909 0.5000000000
46549  12.307  6.565  66.983 0.6250000000
52868  30.679  13.986  72.005 0.7500000000
85361  31.331  12.032  71.680 0.7500000000
49244  31.753  10.019  71.709 0.7500000000
91596  31.907  8.774  72.233 0.6250000000
47394  31.323  7.292  72.130 0.8750000000
46496  30.643  6.663  72.605 0.6250000000
45597  28.357  5.762  72.327 0.3750000000
85421  26.670  5.464  72.400 0.6250000000
45600  25.989  5.285  72.933 0.3750000000
44650  24.482  5.049  73.040 0.5000000000
45653  13.135  6.265  66.124 0.5000000000
45654  11.815  6.192  66.492 0.5000000000
52879  30.505  13.661  70.982 0.6250000000
88964  30.679  12.618  70.895 0.7500000000
87132  31.410  8.110  70.723 0.5000000000
47402  31.255  7.330  71.143 0.6250000000
46503  30.704  6.637  71.663 0.5000000000
45596  29.148  6.034  71.810 0.5000000000
45610  25.778  5.398  71.925 0.5000000000
44662  25.080  5.281  72.479 0.3750000000
90001  24.226  5.013  72.087 0.2500000000
45668  11.479  5.851  65.961 0.5000000000
98392  27.004  5.733  70.938 0.2500000000
45609  26.473  5.567  71.424 0.3750000000
44673  24.820  5.233  71.364 0.3750000000
45701  13.196  5.202  63.789 0.1250000000
45681  12.811  5.641  64.653 0.3750000000
44742  11.973  5.161  64.178 0.3750000000
45619  26.383  5.600  70.536 0.2500000000
45620  25.663  5.441  70.945 0.2500000000
44758  12.461  4.604  63.353 0.1250000000
44743  10.988  4.983  64.720 0.2500000000
44732  10.594  4.540  65.188 0.3750000000
44780  13.987  4.093  62.537 0.1250000000
44781  13.061  4.006  62.672 0.1250000000
44759  11.210  4.398  63.764 0.1250000000
44744  10.594  4.319  64.462 0.1250000000
43947  13.747  3.215  62.137 0.1250000000
43949  11.867  3.065  62.817 0.1250000000
43931  11.205  3.406  63.356 0.1250000000
43919  10.548  3.600  64.016 0.1250000000
43084  13.092  2.272  62.001 0.1250000000
43085  12.191  2.264  62.518 0.1250000000
43067  11.396  2.442  63.151 0.1250000000
54580  30.033  15.687  77.079 0.6250000000
53699  29.735  14.787  77.348 0.6250000000
84449  28.261  14.243  76.899 0.5000000000
54588  30.659  14.849  76.396 0.6250000000
53698  30.297  13.946  76.563 0.6250000000
51956  29.987  13.047  76.912 0.5000000000
97459  30.685  13.668  74.827 0.5000000000
53710  30.623  14.173  75.553 0.7500000000
50184  12.202  10.852  72.330 0.7500000000
53718  30.630  14.276  74.460 0.6250000000
51963  30.757  12.800  75.336 0.7500000000
50197  12.312  10.490  71.771 0.8750000000
53729  30.588  14.343  73.199 0.7500000000
52846  30.834  13.523  73.885 0.6250000000
87652  30.953  12.180  74.880 0.7500000000
48315  13.159  9.021  69.808 0.7500000000
46536  14.514  7.270  67.151 0.7500000000
96192  14.039  8.429  68.635 0.7500000000
47426  13.106  7.984  68.486 0.8750000000
48326  12.303  8.451  69.476 0.7500000000
95194  15.262  6.426  65.287 0.2500000000
46547  15.148  7.098  66.496 0.5000000000
87546  12.913  7.049  67.397 0.7500000000
53751  29.910  14.148  70.235 0.6250000000
53750  30.407  14.624  71.010 0.6250000000
45678  15.952  5.995  63.868 0.1250000000
45665  14.708  6.069  64.855 0.1250000000
46561  14.417  6.315  65.686 0.1250000000
46548  14.026  6.668  66.593 0.5000000000
97810  30.062  14.733  70.141 0.5000000000
45679  15.030  5.749  64.038 0.1250000000
45666  13.620  5.981  65.190 0.1250000000
45667  12.369  5.979  65.580 0.3750000000
45699  15.437  5.319  63.180 0.1250000000
44778  16.452  4.803  61.922 0.1250000000
44779  15.531  4.640  62.354 0.1250000000
44757  14.624  4.656  62.758 0.1250000000
83711  13.616  4.639  63.090 0.2500000000
43945  15.748  3.950  61.662 0.1250000000
83224  14.772  3.822  62.060 0.1250000000
84346  17.240  3.922  61.016 0.1250000000
43964  16.864  3.180  60.930 0.1250000000
43965  16.067  3.099  61.228 0.1250000000
43966  15.239  3.029  61.492 0.1250000000
43082  14.736  2.187  61.248 0.1250000000
55417  30.968  15.793  76.016 0.6250000000
54595  30.948  15.772  74.830 0.5000000000
54587  30.614  14.978  75.222 0.6250000000
50196  13.497  10.650  71.285 0.8750000000
50183  13.100  11.174  71.957 0.8750000000
81886  30.799  16.035  73.790 0.5000000000
50205  14.315  10.390  70.609 0.8750000000
49249  13.355  10.060  70.740 0.8750000000
54602  30.544  15.420  73.023 0.7500000000
47434  15.106  7.901  67.602 0.6250000000
97638  15.218  8.677  68.417 0.7500000000
49275  14.324  9.285  69.524 0.8750000000
49261  13.830  9.715  70.171 0.7500000000
47443  15.711  7.700  66.763 0.5000000000
47425  14.572  8.254  68.263 0.7500000000
53739  30.486  14.944  72.154 0.7500000000
46575  16.439  6.554  64.454 0.1250000000
46546  15.897  7.234  66.043 0.3750000000
46560  15.210  6.738  65.910 0.5000000000
85989  30.539  15.540  71.391 0.6250000000
45714  16.746  5.607  62.515 0.1250000000
46592  16.714  6.312  63.693 0.1250000000
53764  29.794  14.495  69.634 0.3750000000
45698  16.329  5.759  63.155 0.1250000000
53779  30.519  14.960  68.572 0.5000000000
45715  16.119  5.203  62.640 0.1250000000
44801  17.247  4.713  61.267 0.1250000000
44819  18.373  4.899  60.274 0.1250000000
43982  18.334  3.899  60.251 0.1250000000
44802  16.599  3.970  61.331 0.1250000000
44839  18.984  4.336  59.755 0.1250000000
44820  17.758  4.330  60.707 0.1250000000
56221  31.638  17.131  74.885 0.6250000000
84847  31.246  16.591  75.422 0.3750000000
55429  31.433  16.810  73.661 0.5000000000
55424  31.287  16.431  74.499 0.6250000000
85652  31.332  16.957  72.533 0.6250000000
55430  30.816  16.285  72.804 0.6250000000
48334  15.540  8.555  68.012 0.7500000000
54619  30.815  16.061  70.843 0.5000000000
47454  16.594  7.473  65.583 0.2500000000
93700  30.960  15.745  70.078 0.6250000000
46559  16.051  6.790  65.294 0.1250000000
96482  30.595  15.420  69.801 0.6250000000
94087  16.935  6.105  63.053 0.1250000000
45729  18.215  5.555  60.743 0.1250000000
95867  18.141  5.960  61.204 0.1250000000
85736  17.224  5.491  61.853 0.1250000000
53801  30.175  14.480  67.839 0.5000000000
45730  17.739  5.461  61.261 0.1250000000
45744  17.813  5.011  60.805 0.1250000000
45757  19.041  5.204  59.678 0.1250000000
56214  31.347  17.574  75.954 0.6250000000
56228  31.870  17.505  73.130 0.6250000000
56220  32.097  17.561  74.252 0.6250000000
55438  31.640  17.089  71.680 0.6250000000
48356  16.513  8.343  66.521 0.5000000000
46574  17.170  6.856  64.153 0.1250000000
98326  31.431  16.222  70.355 0.6250000000
53778  31.546  14.939  68.552 0.7500000000
52920  32.118  13.915  67.465 0.6250000000
46601  17.448  6.239  62.522 0.1250000000
46591  17.357  6.614  63.367 0.1250000000
52921  30.830  14.147  67.012 0.5000000000
46620  18.518  6.243  60.787 0.1250000000
46600  18.116  6.733  62.180 0.1250000000
56213  31.890  18.070  75.393 0.6250000000
56219  32.374  18.543  74.737 0.6250000000
56227  32.541  18.064  73.679 0.6250000000
93282  31.854  17.479  72.301 0.6250000000
55437  32.252  17.593  71.740 0.7500000000
55448  31.482  16.668  70.948 0.6250000000
85632  32.449  17.192  70.944 0.6250000000
55463  32.347  16.451  70.194 0.6250000000
54653  32.144  15.251  69.168 0.6250000000
92029  32.088  14.427  68.092 0.6250000000
52051  32.161  13.059  66.256 0.3750000000
52069  32.509  12.547  65.627 0.2500000000
47489  18.791  7.101  60.979 0.1250000000
57004  32.938  18.991  74.159 0.6250000000
84771  32.584  17.886  72.555 0.6250000000
91023  32.969  17.823  71.552 0.7500000000
85144  33.079  16.850  70.337 0.7500000000
55462  33.289  16.314  69.853 0.6250000000
54634  32.775  15.712  69.591 0.6250000000
53777  32.587  14.631  68.631 0.7500000000
52919  33.203  13.513  67.536 0.7500000000
52050  33.041  12.639  66.342 0.5000000000
52940  32.661  13.168  66.935 0.5000000000
52068  33.381  12.250  65.617 0.2500000000
52090  32.820  12.129  64.900 0.2500000000
51184  33.129  11.806  64.021 0.2500000000
51202  33.707  11.554  63.453 0.2500000000
51223  32.986  11.553  62.989 0.1250000000
56237  33.702  18.040  71.360 0.7500000000
56247  33.369  17.476  70.756 0.7500000000
54633  33.633  15.611  69.470 0.7500000000
92032  33.489  14.392  68.660 0.8750000000
54652  33.148  14.968  69.200 0.7500000000
52939  33.567  12.962  66.951 0.6250000000
52049  33.928  12.506  66.286 0.3750000000
51183  34.098  11.669  64.099 0.2500000000
51222  33.916  11.288  62.742 0.1250000000
51221  34.861  11.140  62.604 0.3750000000
50280  34.264  10.898  61.851 0.1250000000
56246  34.212  17.676  70.606 0.6250000000
84746  34.034  16.344  69.711 0.7500000000
53776  34.362  14.340  68.557 0.8750000000
52918  34.114  13.408  67.483 0.8750000000
52938  34.473  12.996  66.831 0.7500000000
52961  34.868  12.583  66.159 0.5000000000
52088  34.644  11.911  64.759 0.3750000000
51201  34.488  11.432  63.369 0.3750000000
83264  34.231  10.431  61.006 0.1250000000
95810  34.356  16.989  70.024 0.6250000000
55461  34.753  16.515  69.674 0.6250000000
83720  34.900  15.004  68.921 0.8750000000
53775  35.233  14.361  68.330 0.8750000000
52917  34.968  13.477  67.342 0.8750000000
52937  35.371  13.111  66.711 0.8750000000
52066  35.261  12.243  65.419 0.3750000000
51182  35.023  11.604  64.024 0.3750000000
50279  35.281  10.889  61.847 0.2500000000
50294  34.861  10.633  61.279 0.2500000000
56256  35.027  17.345  70.180 0.6250000000
87954  35.371  13.874  67.794 1.0000000000
52960  35.830  12.683  66.052 0.6250000000
52087  35.632  11.894  64.676 0.5000000000
52065  36.232  12.313  65.289 0.5000000000
51181  36.000  11.511  63.945 0.5000000000
51200  35.449  11.300  63.281 0.2500000000
51199  36.344  11.233  63.161 0.3750000000
51220  35.829  11.029  62.519 0.2500000000
55476  35.382  15.896  69.294 0.7500000000
54650  35.906  15.116  68.635 0.7500000000
53796  36.115  14.302  67.873 1.0000000000
53820  35.800  13.616  67.277 1.0000000000
52936  36.253  13.291  66.611 1.0000000000
52959  36.827  12.974  65.845 1.0000000000
52086  36.549  11.970  64.499 0.5000000000
55460  36.072  16.569  69.540 0.7500000000
86998  36.633  15.500  68.671 0.6250000000
53819  36.594  13.878  67.153 1.0000000000
52935  37.027  13.611  66.515 0.8750000000
52103  36.862  11.657  63.723 0.5000000000
52113  37.146  11.426  62.921 0.6250000000
55475  36.839  16.498  69.338 0.5000000000
91749  36.947  15.944  68.927 0.5000000000
54666  36.749  15.020  68.188 0.7500000000
54665  37.530  15.186  67.849 0.7500000000
53795  37.031  14.501  67.539 1.0000000000
89398  37.245  14.125  66.953 0.8750000000
52978  37.728  13.217  65.238 0.8750000000
52979  37.114  12.510  64.978 0.7500000000
52986  38.063  12.639  63.850 0.6250000000
52085  37.361  12.214  64.194 0.6250000000
52102  37.621  12.033  63.391 0.6250000000
55474  37.570  16.372  68.928 0.5000000000
54649  37.248  15.634  68.482 0.6250000000
55485  37.985  15.865  68.268 0.6250000000
53818  37.677  14.033  66.424 0.8750000000
53830  38.080  13.838  65.761 0.7500000000
97247  37.751  12.763  64.543 0.6250000000
55473  38.365  16.623  68.639 0.3750000000
55484  38.692  16.218  67.942 0.3750000000
54664  38.301  15.492  67.511 0.5000000000
54678  38.658  15.195  66.701 0.6250000000
53817  38.361  14.464  66.243 0.7500000000
94959  38.398  13.687  65.134 0.8750000000
88515  38.380  13.321  64.397 0.8750000000
84062  38.625  13.218  63.459 0.7500000000
84181  38.725  14.232  65.488 0.6250000000
53844  38.962  13.949  64.730 0.7500000000
53857  39.048  13.770  63.881 0.8750000000
95283  39.070  13.682  63.148 0.8750000000
55493  39.707  16.366  66.916 0.3750000000
55483  39.373  16.604  67.660 0.3750000000
55501  40.057  16.166  66.159 0.5000000000
54691  39.795  15.437  65.511 0.5000000000
54692  39.040  14.954  65.887 0.5000000000
54706  40.009  14.945  64.699 0.5000000000
54707  39.383  14.612  65.112 0.6250000000
53843  39.563  14.320  64.279 0.5000000000
84081  39.586  14.161  63.313 0.5000000000
56323  43.052  16.838  63.045 0.1250000000
56307  42.665  17.062  63.840 0.1250000000
53856  40.191  14.655  63.889 0.5000000000
55521  42.482  16.442  63.203 0.1250000000
55542  42.121  15.830  62.896 0.3750000000
54734  41.017  14.786  62.754 0.5000000000
54722  40.838  15.018  63.565 0.3750000000
54721  41.492  15.446  63.236 0.5000000000
53865  40.300  14.531  63.041 0.5000000000
53866  39.314  13.827  62.663 0.8750000000
54690  40.350  15.535  64.977 0.5000000000
56306  43.457  17.578  63.547 0.2500000000
55522  41.923  16.285  63.717 0.2500000000
54705  40.596  15.292  64.342 0.5000000000
56322  43.754  17.234  62.811 0.1250000000
55540  43.347  16.556  62.355 0.1250000000
55560  43.627  16.265  61.672 0.2500000000
56283  41.630  17.818  65.966 0.2500000000
87041  40.920  17.349  66.317 0.3750000000
55492  40.361  16.875  66.692 0.3750000000
56284  41.093  16.805  65.442 0.2500000000
55500  40.468  16.069  65.488 0.3750000000
95709  40.583  16.642  66.013 0.3750000000
56293  41.793  17.297  65.040 0.2500000000
55508  40.890  15.956  64.829 0.3750000000
55507  41.493  16.495  64.565 0.2500000000
56308  42.067  16.923  64.365 0.2500000000
55523  41.230  15.734  64.046 0.5000000000
55576  43.926  15.905  61.012 0.5000000000
54753  43.457  15.363  60.599 0.3750000000
56292  42.476  17.587  64.683 0.2500000000
57100  44.210  18.022  63.263 0.2500000000
54768  42.772  14.920  60.175 0.3750000000
56338  44.061  16.893  62.123 0.3750000000
54767  43.688  15.027  59.857 0.3750000000
53889  43.087  14.666  59.280 0.6250000000
53902  42.605  14.154  58.794 0.6250000000
53912  42.901  13.747  58.050 0.7500000000
53031  42.293  13.350  57.614 0.6250000000
53901  43.405  14.308  58.489 0.8750000000
53043  42.470  13.086  56.766 0.6250000000
52179  41.786  12.675  55.605 0.2500000000
53911  43.717  13.917  57.686 0.8750000000
53030  43.144  13.439  57.230 0.6250000000
53059  42.561  12.974  55.823 0.5000000000
54833  43.829  15.472  53.415 0.3750000000
53965  43.208  15.203  53.115 0.1250000000
53950  42.955  14.278  54.331 0.3750000000
53074  42.234  13.628  54.309 0.3750000000
53060  42.095  12.994  55.008 0.2500000000
54779  43.933  14.813  58.987 0.6250000000
53900  44.254  14.437  58.195 0.8750000000
53910  44.504  14.198  57.343 0.7500000000
53922  43.948  13.651  56.828 0.6250000000
53058  43.247  13.327  56.387 0.5000000000
98454  43.255  13.418  55.662 0.3750000000
55661  44.853  16.307  53.357 0.3750000000
54832  44.395  15.738  53.806 0.5000000000
53935  43.523  13.930  55.158 0.3750000000
53936  42.840  13.433  55.013 0.2500000000
55675  44.604  16.420  52.521 0.2500000000
54818  43.953  15.259  54.093 0.5000000000
53949  43.406  14.966  53.870 0.3750000000
55689  44.561  16.632  51.679 0.3750000000
54777  45.665  14.989  58.461 0.7500000000
54765  45.365  15.310  59.280 0.6250000000
54790  45.067  14.637  57.908 0.7500000000
54778  44.839  14.823  58.761 0.7500000000
57977  48.866  19.130  53.445 0.6250000000
57178  48.431  18.483  54.025 0.6250000000
53921  44.608  14.267  56.367 0.7500000000
89292  43.875  13.720  55.959 0.6250000000
57187  47.636  18.404  53.335 0.7500000000
56419  46.966  17.812  53.598 0.8750000000
56420  46.332  17.318  53.692 0.7500000000
55659  46.222  16.904  54.303 0.6250000000
55645  45.747  16.416  54.654 0.5000000000
54816  45.252  15.778  55.126 0.5000000000
53934  44.216  14.435  55.405 0.3750000000
88322  48.744  19.491  52.692 0.6250000000
57186  48.095  18.985  52.768 0.7500000000
96608  48.241  18.742  53.369 0.7500000000
84875  46.473  17.668  53.116 0.7500000000
55660  45.621  16.742  53.704 0.5000000000
55646  45.027  16.084  54.234 0.6250000000
54817  44.480  15.308  54.708 0.5000000000
53948  43.752  14.698  54.598 0.5000000000
57198  46.907  18.122  52.856 0.8750000000
56421  45.908  17.309  53.003 0.6250000000
57197  47.405  18.568  52.591 0.8750000000
56433  46.312  17.750  52.466 0.6250000000
56434  45.635  17.319  52.213 0.6250000000
55674  45.278  16.832  52.807 0.5000000000
55690  43.923  16.281  51.307 0.3750000000
56449  45.296  17.244  51.249 0.3750000000
55612  46.445  15.253  58.095 0.7500000000
56399  48.621  17.649  55.476 0.7500000000
56389  49.385  17.372  56.500 0.6250000000
54789  45.822  14.917  57.592 0.8750000000
56408  48.267  18.016  54.711 0.7500000000
87596  47.771  17.567  54.961 0.8750000000
91190  45.207  14.893  56.365 0.7500000000
54799  45.188  14.634  57.070 0.8750000000
57976  49.878  19.505  53.910 0.3750000000
55644  46.503  16.687  55.044 0.7500000000
57985  49.428  19.801  53.076 0.5000000000
56409  47.643  17.947  54.167 0.7500000000
81618  46.923  17.367  54.480 0.7500000000
54805  44.876  15.044  55.654 0.7500000000
58800  49.100  20.031  52.295 0.5000000000
57987  47.595  18.944  52.012 0.7500000000
82671  46.836  18.368  52.002 0.6250000000
56448  46.092  17.801  51.659 0.6250000000
57209  45.907  17.905  50.935 0.5000000000
81454  48.261  17.046  56.028 0.7500000000
55631  47.675  16.445  56.371 0.8750000000
55620  47.085  15.841  56.774 0.8750000000
96669  47.982  17.310  55.489 0.8750000000
55621  46.296  15.687  56.318 0.8750000000
54788  46.501  15.294  57.188 0.8750000000
56400  47.398  16.964  55.467 0.8750000000
55632  46.818  16.291  55.898 0.8750000000
54798  45.785  15.120  56.763 0.8750000000
58799  49.874  20.480  52.703 0.3750000000
55633  45.972  16.141  55.528 0.8750000000
54804  45.569  15.451  55.943 1.0000000000
57986  48.318  19.535  51.963 0.6250000000
95559  47.741  19.322  51.420 0.6250000000
93799  47.186  18.874  51.294 0.6250000000
57208  46.508  18.368  51.110 0.6250000000
58022  46.834  18.961  50.524 0.6250000000
57227  46.115  18.421  50.269 0.6250000000
56470  45.477  17.783  50.373 0.5000000000
57238  45.980  18.694  49.526 0.7500000000
59663  50.708  22.184  51.246 0.5000000000
59657  50.097  21.404  51.545 0.6250000000
58820  49.562  20.698  51.907 0.5000000000
60376  50.906  23.011  50.036 0.5000000000
59664  49.807  21.585  50.712 0.5000000000
58834  49.290  20.896  51.100 0.6250000000
58821  48.817  20.229  51.504 0.6250000000
60391  50.005  22.437  49.531 0.6250000000
59678  49.506  21.750  49.870 0.7500000000
59665  49.006  21.088  50.253 0.6250000000
60390  50.482  23.035  49.285 0.7500000000
59695  49.216  21.935  49.028 0.7500000000
59679  48.715  21.288  49.411 0.6250000000
58835  48.565  20.428  50.662 0.6250000000
58002  48.149  19.800  51.082 0.6250000000
83685  48.284  20.618  49.818 0.6250000000
58020  47.874  20.002  50.286 0.6250000000
58021  47.501  19.416  50.758 0.6250000000
59696  48.495  21.486  48.579 0.6250000000
58847  47.949  20.819  48.922 0.6250000000
58848  47.567  20.182  49.482 0.7500000000
84023  47.311  20.304  48.800 0.6250000000
58035  46.512  19.099  49.738 0.7500000000
58044  46.181  19.120  48.999 0.5000000000
61144  50.519  23.429  48.727 0.6250000000
60402  49.761  22.647  48.651 0.8750000000
60403  48.947  22.101  48.190 0.7500000000
59697  48.307  21.631  47.750 0.7500000000
97066  47.937  21.155  48.173 0.7500000000
59711  47.622  21.119  47.377 0.6250000000
58862  47.403  20.665  48.173 0.6250000000
61145  49.941  23.129  48.120 0.8750000000
60416  49.381  22.652  47.777 0.8750000000
60417  48.761  22.179  47.330 0.7500000000
60432  48.719  22.197  46.470 0.7500000000
59710  48.190  21.705  46.909 0.7500000000
85722  50.445  23.754  48.002 0.5000000000
61843  50.979  24.618  47.797 0.5000000000
61155  49.821  23.216  47.422 0.7500000000
61154  50.325  23.888  47.115 0.6250000000
60431  49.262  22.689  46.910 0.7500000000
61168  49.782  23.249  46.529 0.6250000000
61178  49.849  23.183  45.610 0.7500000000
60441  48.786  22.108  45.629 0.7500000000
60449  48.850  21.916  44.928 0.6250000000
59734  49.097  22.048  44.174 0.8750000000
59735  48.502  21.505  44.491 0.6250000000
59743  48.661  21.411  43.676 0.7500000000
61854  50.796  24.631  46.792 0.5000000000
61167  50.337  23.856  46.161 0.6250000000
60448  49.366  22.499  45.056 0.7500000000
60447  50.016  23.077  44.747 0.6250000000
87196  49.674  22.585  44.299 0.8750000000
59742  49.248  21.790  43.279 0.8750000000
59752  48.934  21.139  42.900 0.6250000000
61853  51.199  25.223  46.504 0.3750000000
61870  50.837  24.605  45.782 0.5000000000
61177  50.408  23.750  45.229 0.6250000000
61186  50.560  23.581  44.361 0.6250000000
60457  49.728  22.351  43.599 0.6250000000
60468  49.820  22.042  42.949 0.6250000000
59750  50.211  21.901  42.374 0.6250000000
60478  51.203  22.551  41.599 0.3750000000
60479  50.766  22.427  42.219 0.5000000000
59758  50.634  21.778  41.560 0.5000000000
97118  51.585  22.773  41.045 0.3750000000
61869  51.327  25.363  45.939 0.3750000000
83985  51.277  25.092  45.210 0.3750000000
61880  50.881  24.315  44.801 0.5000000000
61193  50.784  23.384  43.534 0.6250000000
60456  50.200  22.935  43.925 0.6250000000
61201  51.049  23.211  42.813 0.5000000000
60467  50.438  22.623  43.001 0.5000000000
60466  51.219  22.969  42.210 0.3750000000
97714  50.861  22.810  42.556 0.5000000000
61209  51.734  23.290  41.606 0.3750000000
90531  51.347  24.824  44.380 0.2500000000
61185  51.110  24.068  43.968 0.3750000000
61886  51.565  24.636  43.585 0.3750000000
61192  51.381  23.867  43.175 0.3750000000
61200  51.598  23.611  42.422 0.3750000000
61900  52.049  23.992  41.968 0.3750000000
61208  52.287  23.975  41.194 0.3750000000
61219  52.040  23.279  40.726 0.3750000000
61892  51.904  24.492  42.697 0.2500000000
61891  52.332  24.865  41.764 0.3750000000
96647  19.253  7.048  85.156 0.7500000000
48209  19.875  8.005  85.674 0.7500000000
47309  20.651  7.127  84.471 0.7500000000
46429  20.106  5.697  83.059 0.5000000000
45497  18.294  5.213  82.602 0.5000000000
92913  17.579  8.777  86.139 0.7500000000
50095  18.467  10.274  85.627 0.6250000000
50096  17.520  10.471  85.608 0.8750000000
49166  15.938  9.894  84.139 0.8750000000
48216  15.692  9.127  84.449 0.6250000000
49161  21.037  9.173  85.030 0.7500000000
46456  14.232  6.654  78.400 0.6250000000
44610  12.449  4.780  76.014 0.5000000000
49163  22.933  9.394  83.626 0.7500000000
48207  22.305  8.865  84.164 0.8750000000
50093  20.436  10.094  85.148 0.7500000000
48215  22.225  8.184  84.135 0.7500000000
49165  16.417  10.266  84.921 0.8750000000
47311  23.791  7.739  82.290 0.7500000000
46427  22.809  6.476  82.273 0.8750000000
47313  22.181  7.032  83.512 0.7500000000
96278  16.369  9.850  81.984 0.8750000000
94610  22.037  6.069  82.477 0.6250000000
46428  21.714  6.374  83.095 0.6250000000
49176  17.525  9.452  80.503 0.7500000000
48232  17.306  8.122  80.004 0.7500000000
47345  17.063  7.143  77.877 0.6250000000
81494  14.899  5.808  77.253 0.5000000000
45557  15.199  5.470  76.591 0.5000000000
44623  13.070  4.272  75.517 0.5000000000
51041  23.327  12.153  81.595 0.7500000000
48223  24.213  8.650  81.796 0.6250000000
50111  17.330  10.148  80.743 0.8750000000
51039  16.842  11.275  82.204 1.0000000000
50114  17.550  10.143  80.038 1.0000000000
48231  17.868  8.893  79.882 0.7500000000
49179  18.136  9.325  78.957 0.8750000000
45515  22.826  5.820  81.145 0.6250000000
47337  17.563  7.903  78.048 0.7500000000
48244  17.800  8.552  77.479 1.0000000000
45545  16.795  6.368  76.641 0.6250000000
45569  17.090  6.123  75.245 0.5000000000
45570  16.472  5.555  75.534 0.6250000000
82217  15.073  3.670  74.104 0.6250000000
51043  23.704  11.172  80.479 0.6250000000
49174  24.865  8.660  80.370 0.7500000000
50115  17.219  10.800  79.627 1.0000000000
46434  24.384  6.554  81.137 0.8750000000
49197  17.563  9.320  76.906 1.0000000000
48260  17.522  8.405  75.696 1.0000000000
98255  22.520  5.948  79.934 0.6250000000
91535  17.114  5.828  73.861 0.8750000000
45582  16.822  5.542  74.735 0.6250000000
42963  14.894  2.971  72.642 0.5000000000
51047  23.207  11.733  79.817 0.6250000000
49178  24.462  9.585  79.782 0.6250000000
49185  23.959  9.770  78.013 0.5000000000
50120  16.173  11.142  78.324 0.8750000000
47327  25.816  6.790  79.509 0.7500000000
48261  17.139  9.025  75.358 1.0000000000
47380  17.276  7.953  74.475 1.0000000000
48270  17.370  8.381  75.036 1.0000000000
43827  15.639  3.377  72.343 0.5000000000
49208  23.224  9.237  76.027 0.3750000000
50121  15.014  11.240  78.073 0.8750000000
48271  16.911  8.606  74.647 1.0000000000
42229  14.538  1.417  69.604 0.5000000000
41362  12.309  0.747  69.852 0.3750000000
49200  14.731  10.006  76.075 0.8750000000
48282  23.957  8.179  73.818 0.3750000000
48265  27.428  8.286  75.550 0.2500000000
46505  16.416  5.937  71.866 1.0000000000
45611  16.245  5.296  71.407 0.7500000000
43874  15.027  2.695  69.175 0.6250000000
41419  10.738  -0.804  67.003 0.2500000000
40458  10.795  -1.721  67.422 0.2500000000
91608  27.941  8.896  76.045 0.3750000000
45553  26.524  5.633  76.755 0.6250000000
48285  14.054  8.170  73.668 1.0000000000
44614  26.395  4.614  75.634 0.6250000000
46506  15.585  6.320  71.648 1.0000000000
44636  22.662  4.984  74.822 0.5000000000
89141  15.021  4.850  70.017 0.7500000000
87751  14.253  3.906  68.710 0.6250000000
50147  12.011  10.692  76.067 0.7500000000
49232  12.240  8.898  74.091 0.8750000000
86574  29.111  11.081  77.058 0.3750000000
48317  11.673  8.193  70.541 0.7500000000
48248  30.306  8.217  76.914 0.6250000000
46514  11.341  7.174  69.438 0.7500000000
45580  28.416  5.458  74.945 0.6250000000
96522  11.569  5.693  67.989 0.7500000000
51074  28.789  11.694  76.775 0.3750000000
51946  29.857  12.282  77.034 0.5000000000
49241  11.542  9.340  72.869 0.8750000000
49251  11.807  9.329  71.240 0.7500000000
46530  11.707  7.567  68.829 0.7500000000
48327  11.631  8.139  69.894 0.7500000000
94799  31.536  7.829  74.638 0.6250000000
46491  28.876  5.603  73.966 0.5000000000
46538  11.702  6.684  67.729 0.7500000000
43900  10.524  3.906  65.549 0.3750000000
43057  10.525  2.520  64.428 0.1250000000
42281  11.159  0.680  63.847 0.1250000000
41455  10.784  0.315  64.561 0.1250000000
52824  28.702  13.252  76.864 0.3750000000
82357  27.292  13.050  75.109 0.1250000000
51073  30.603  11.777  76.288 0.5000000000
51101  12.731  11.483  72.692 0.7500000000
50164  31.064  10.937  75.608 0.6250000000
52823  30.357  13.192  76.083 0.6250000000
51082  31.124  11.446  74.666 0.7500000000
49262  12.597  9.406  70.535 0.7500000000
49250  12.487  9.991  71.195 0.7500000000
89804  30.833  13.093  74.595 0.6250000000
51097  31.425  11.906  72.724 0.7500000000
49237  31.940  9.532  72.343 0.7500000000
48292  32.032  8.881  73.188 0.7500000000
48325  13.457  8.611  69.068 0.8750000000
98283  31.703  10.543  71.821 0.6250000000
48293  31.819  8.003  72.644 0.7500000000
51117  30.917  11.638  70.734 0.7500000000
48305  31.802  9.230  71.567 0.6250000000
48306  31.655  8.226  71.571 0.6250000000
46497  29.997  6.190  72.191 0.5000000000
45608  27.432  5.696  71.739 0.5000000000
45607  28.323  5.961  71.344 0.3750000000
87793  11.667  5.579  65.131 0.2500000000
45680  13.978  5.654  64.300 0.1250000000
45700  14.333  5.209  63.502 0.1250000000
43930  12.012  3.857  62.980 0.1250000000
43946  14.500  2.898  61.687 0.1250000000
43948  12.672  3.143  62.478 0.1250000000
43083  13.969  2.218  61.607 0.1250000000
55416  30.424  16.371  76.606 0.6250000000
84215  29.334  14.003  77.435 0.5000000000
52835  30.605  13.467  75.550 0.6250000000
88504  30.547  15.138  74.074 0.5000000000
46537  13.747  7.600  67.842 0.7500000000
46576  15.620  6.250  64.648 0.1250000000
53763  30.461  15.311  70.392 0.6250000000
50195  14.638  11.095  71.056 0.8750000000
48344  16.098  8.490  67.314 0.7500000000
48324  14.761  8.819  68.838 0.8750000000
54609  30.566  15.730  72.221 0.7500000000
87517  30.179  15.058  69.506 0.3750000000
54636  31.012  15.441  69.280 0.7500000000
55439  30.913  16.374  71.771 0.5000000000
54635  31.789  15.833  69.751 0.6250000000
46608  17.829  6.065  61.743 0.1250000000
53800  31.162  14.561  67.867 0.5000000000
90541  31.820  13.593  66.754 0.3750000000
57011  33.189  18.464  73.220 0.6250000000
53799  32.899  14.060  68.110 0.8750000000
55447  33.732  16.941  70.169 0.7500000000
53798  33.800  13.844  68.114 0.8750000000
52067  34.285  12.190  65.524 0.2500000000
52089  33.714  11.933  64.846 0.2500000000
50281  33.309  11.134  62.139 0.1250000000
54651  34.441  15.681  69.379 0.7500000000
87532  34.012  14.903  69.135 0.7500000000
53797  34.659  13.812  67.997 0.8750000000
94495  35.389  16.731  69.716 0.7500000000
81337  36.306  15.884  69.091 0.7500000000
51219  36.596  11.075  62.351 0.3750000000
52958  37.484  13.513  65.970 0.8750000000
54679  37.848  14.688  67.053 0.7500000000
55494  39.037  15.896  67.188 0.3750000000
54677  39.385  15.663  66.382 0.3750000000
56275  41.369  18.035  66.769 0.2500000000
57075  42.328  18.030  65.503 0.2500000000
56435  45.066  16.892  52.087 0.3750000000
55600  46.193  15.520  58.975 0.5000000000
55708  44.455  16.765  50.841 0.2500000000
55610  47.829  16.126  57.285 0.8750000000
60377  50.381  22.307  50.382 0.5000000000
86651  47.201  19.555  49.970 0.6250000000
58034  46.855  19.704  49.107 0.7500000000
60440  49.258  22.677  46.017 0.8750000000
43750  10.484  4.467  82.552 0.1250000000
43749  11.483  4.861  82.742 0.1250000000
44563  10.621  5.479  82.197 0.1250000000
98153  10.250  5.063  81.697 0.1250000000
44571  10.037  5.014  80.768 0.1250000000
43748  13.488  3.744  82.113 0.1250000000
87127  12.690  4.613  82.525 0.1250000000
44579  10.078  4.858  79.555 0.2500000000
43757  14.198  3.464  81.584 0.1250000000
93456  10.127  4.846  78.162 0.2500000000
44562  12.017  5.375  82.423 0.1250000000
44561  13.413  4.468  82.157 0.1250000000
96968  10.133  5.014  76.949 0.2500000000
93401  11.284  2.743  75.058 0.2500000000
43783  11.285  3.436  75.325 0.2500000000
45512  12.011  6.174  82.322 0.1250000000
45513  10.864  6.411  81.905 0.1250000000
45519  10.271  6.088  81.155 0.2500000000
88173  12.874  5.228  82.323 0.1250000000
45520  10.315  5.813  79.964 0.3750000000
96329  10.280  5.673  78.920 0.3750000000
45550  10.467  5.930  78.190 0.3750000000
44599  10.452  5.487  77.435 0.2500000000
97761  11.033  4.190  75.716 0.2500000000
44612  10.495  4.588  76.281 0.2500000000
42947  11.472  2.946  74.595 0.3750000000
42955  11.458  2.604  73.798 0.3750000000
87453  13.597  4.886  82.133 0.2500000000
45529  10.348  6.824  80.208 0.2500000000
44570  14.966  3.460  81.302 0.1250000000
44560  14.274  4.225  81.722 0.1250000000
44611  11.380  4.757  76.042 0.2500000000
44598  10.949  5.287  76.774 0.2500000000
44624  11.895  4.163  75.423 0.3750000000
84238  11.946  3.443  74.839 0.3750000000
42174  11.791  2.527  72.984 0.3750000000
42954  12.251  3.054  73.552 0.3750000000
43802  11.878  3.137  74.183 0.3750000000
42173  12.732  2.794  72.841 0.3750000000
89130  12.214  2.309  72.427 0.3750000000
45502  13.316  6.329  82.580 0.3750000000
46436  12.295  7.092  82.311 0.5000000000
45510  14.149  5.105  82.178 0.3750000000
45511  13.053  5.711  82.398 0.3750000000
46437  11.328  7.268  81.544 0.5000000000
46438  10.462  7.163  81.029 0.5000000000
45528  10.938  7.032  79.484 0.5000000000
44559  15.235  4.189  81.596 0.1250000000
91772  11.071  6.484  78.509 0.3750000000
45549  11.048  5.890  77.615 0.3750000000
43801  12.798  3.408  74.344 0.3750000000
94020  12.679  3.739  75.079 0.3750000000
46433  12.950  7.201  82.580 0.5000000000
45501  14.343  5.857  82.755 0.3750000000
46442  11.088  7.505  80.769 0.5000000000
46448  10.762  7.316  80.324 0.5000000000
45539  12.006  7.008  78.872 0.3750000000
81537  11.998  6.287  77.922 0.3750000000
45548  11.944  5.681  77.109 0.3750000000
45509  15.324  5.019  82.198 0.3750000000
44558  16.211  4.346  81.643 0.3750000000
97445  12.404  7.330  79.426 0.3750000000
44557  17.163  4.370  81.568 0.2500000000
46430  15.497  6.011  83.684 0.3750000000
46431  14.600  6.348  83.502 0.3750000000
45508  16.487  5.097  82.286 0.3750000000
45500  15.428  5.593  82.951 0.3750000000
45507  17.596  4.916  82.027 0.2500000000
44556  17.930  4.344  81.498 0.2500000000
44565  19.371  3.700  80.523 0.2500000000
44566  18.588  4.001  81.095 0.2500000000
82780  18.567  3.459  80.493 0.1250000000
44576  19.979  3.829  79.921 0.2500000000
44577  19.202  3.430  79.857 0.1250000000
44586  19.561  4.685  78.355 0.2500000000
81925  19.422  4.062  79.116 0.2500000000
45506  19.152  5.036  81.931 0.3750000000
45517  19.895  4.203  80.567 0.3750000000
45527  20.298  5.004  80.187 0.2500000000
94153  20.141  5.087  78.276 0.2500000000
44575  20.159  4.743  79.151 0.2500000000
44593  21.246  5.324  77.289 0.3750000000
82605  19.875  4.973  77.586 0.2500000000
45526  20.890  5.462  79.457 0.5000000000
44585  20.770  5.296  78.573 0.5000000000
44594  20.632  5.241  77.732 0.2500000000
44606  21.606  5.255  76.581 0.5000000000
86160  20.519  5.084  76.778 0.3750000000
44619  20.940  4.914  75.690 0.5000000000
44618  22.228  5.142  75.728 0.5000000000
96959  31.310  11.204  71.269 0.6250000000
50189  31.488  10.478  71.243 0.5000000000
50190  31.116  10.817  70.544 0.3750000000
49254  31.630  9.730  71.068 0.5000000000
49283  30.867  9.684  69.422 0.3750000000
44637  21.571  4.839  74.787 0.3750000000
87953  30.895  8.920  69.039 0.1250000000
50213  30.820  10.530  69.738 0.3750000000
49297  30.756  8.948  68.280 0.1250000000
48342  30.581  8.317  67.901 0.1250000000
96795  30.709  9.487  68.719 0.2500000000
48343  30.244  8.323  67.196 0.1250000000
50105  16.515  11.414  84.100 0.6250000000
52923  29.243  13.587  67.619 0.2500000000
94430  30.139  7.623  67.012 0.1250000000
98103  16.152  8.999  67.881 0.6250000000
49299  16.535  9.298  67.381 0.5000000000
50098  19.866  10.989  85.142 0.7500000000
95324  18.072  11.054  85.510 0.7500000000
51035  16.668  12.117  84.669 0.7500000000
87222  16.695  11.343  80.149 0.7500000000
51048  16.444  11.327  79.222 0.7500000000
53705  12.465  14.168  76.073 0.5000000000
51129  30.768  11.254  70.018 0.3750000000
52828  12.675  13.672  75.426 0.5000000000
94736  30.298  12.137  69.890 0.3750000000
53715  13.633  14.142  74.983 0.5000000000
52880  29.987  13.281  70.131 0.5000000000
50227  30.432  10.311  68.815 0.1250000000
93634  13.296  13.467  74.671 0.5000000000
52839  14.156  13.701  74.182 0.5000000000
91267  14.774  13.646  73.517 0.5000000000
51130  29.698  12.059  68.934 0.2500000000
49284  30.465  9.679  68.129 0.1250000000
51093  13.365  12.276  73.248 0.6250000000
52851  14.224  13.055  73.471 0.5000000000
52861  15.018  13.244  72.992 0.5000000000
52893  29.603  13.902  69.445 0.2500000000
98078  29.315  12.043  68.377 0.2500000000
50228  29.975  10.448  67.935 0.1250000000
49298  30.372  9.133  67.539 0.1250000000
51984  14.508  12.574  72.808 0.5000000000
52860  15.586  13.610  72.287 0.5000000000
94786  29.857  9.712  67.093 0.1250000000
51100  14.032  11.810  72.355 0.6250000000
90063  15.174  12.868  72.442 0.6250000000
49308  29.839  9.099  66.758 0.1250000000
51983  14.910  12.331  72.219 0.7500000000
87899  15.576  12.758  71.710 0.6250000000
49274  15.331  9.642  69.207 0.7500000000
49286  15.716  9.202  68.468 0.6250000000
49285  16.392  9.666  68.021 0.6250000000
50231  16.568  10.386  68.013 0.6250000000
50240  16.703  10.070  67.409 0.6250000000
92017  16.651  10.838  67.563 0.6250000000
51038  16.809  11.976  83.355 0.7500000000
51042  16.764  11.441  81.178 0.7500000000
88849  16.853  12.205  82.230 0.7500000000
51045  16.356  11.907  80.643 0.7500000000
94625  15.750  11.903  79.859 0.7500000000
50132  13.183  10.879  77.294 0.7500000000
52829  11.992  13.562  76.181 0.5000000000
53696  12.963  14.675  76.546 0.5000000000
52841  12.017  12.787  75.661 0.5000000000
53704  13.170  14.494  75.763 0.5000000000
54586  13.724  15.205  76.251 0.5000000000
51967  11.983  11.840  75.063 0.5000000000
53703  14.091  14.906  75.421 0.5000000000
51085  11.737  10.826  74.748 0.6250000000
52840  12.628  12.837  74.807 0.5000000000
53714  14.499  14.589  74.560 0.5000000000
92158  11.922  11.359  74.297 0.6250000000
52852  13.342  12.959  74.037 0.5000000000
53723  14.945  14.327  73.770 0.5000000000
52850  15.309  14.015  73.064 0.5000000000
47442  29.883  7.163  66.567 0.1250000000
48354  29.777  8.186  66.385 0.1250000000
51111  14.102  11.285  71.678 0.7500000000
51110  14.995  11.812  71.600 0.7500000000
85406  15.801  12.213  70.967 0.7500000000
52002  16.071  12.928  70.949 0.6250000000
47451  29.479  7.511  65.816 0.1250000000
50204  15.307  10.915  70.317 0.7500000000
95749  15.377  11.542  70.858 0.7500000000
49260  14.871  10.045  69.924 0.7500000000
51121  15.904  11.738  70.293 0.7500000000
86716  16.241  11.149  69.116 0.7500000000
51153  16.378  11.855  68.738 0.6250000000
50219  15.690  10.516  69.531 0.7500000000
91145  16.511  11.029  68.338 0.7500000000
50218  16.143  10.238  68.683 0.7500000000
51167  16.473  11.564  67.856 0.6250000000
50249  16.782  10.532  66.678 0.3750000000
51912  17.982  12.643  84.718 0.7500000000
51928  16.451  12.357  81.418 0.7500000000
51926  15.841  13.111  81.558 0.7500000000
51934  14.873  12.374  80.086 0.7500000000
52806  14.993  13.109  81.091 0.7500000000
51049  14.641  12.104  79.419 0.7500000000
52810  12.922  13.548  79.873 0.5000000000
53684  12.547  14.230  79.387 0.5000000000
53687  12.579  14.811  78.842 0.5000000000
54568  13.019  15.586  78.668 0.5000000000
82458  14.138  11.741  78.581 0.7500000000
51050  13.772  12.272  79.211 0.7500000000
52811  12.390  13.407  79.128 0.5000000000
53688  12.218  14.026  78.491 0.5000000000
54569  12.614  14.865  78.129 0.5000000000
51058  13.119  11.530  77.996 0.6250000000
51939  12.412  12.703  78.631 0.5000000000
52815  11.830  13.358  77.780 0.5000000000
53692  12.209  14.107  77.578 0.5000000000
54572  13.268  15.747  77.797 0.5000000000
51059  12.268  11.352  77.541 0.6250000000
90239  11.666  11.914  77.535 0.6250000000
52818  11.699  13.473  76.952 0.5000000000
53691  12.819  14.801  77.334 0.5000000000
54579  13.459  15.444  77.046 0.5000000000
50133  12.204  10.963  76.870 0.6250000000
98398  11.769  11.435  77.100 0.6250000000
51069  11.759  11.324  76.478 0.6250000000
83389  14.983  16.104  74.154 0.5000000000
51078  11.758  11.100  75.663 0.6250000000
54598  15.078  15.231  73.984 0.5000000000
53722  15.375  14.957  73.089 0.5000000000
53733  15.560  14.439  72.475 0.5000000000
52872  15.973  13.626  71.329 0.5000000000
52001  16.183  12.560  70.203 0.6250000000
46558  29.276  6.043  65.435 0.1250000000
52015  16.240  12.518  69.352 0.6250000000
95063  16.158  12.583  68.667 0.6250000000
51133  16.228  11.855  69.597 0.6250000000
52044  16.267  12.031  67.299 0.3750000000
51931  13.601  13.135  80.233 0.6250000000
51936  13.073  12.802  79.452 0.5000000000
55415  13.862  16.354  77.319 0.5000000000
54578  14.165  16.051  76.680 0.5000000000
54585  14.501  15.764  75.825 0.5000000000
54592  14.783  15.483  74.866 0.5000000000
53744  15.779  14.464  71.722 0.5000000000
52886  16.074  13.516  70.374 0.6250000000
52031  16.209  12.295  68.033 0.5000000000
52995  38.276  12.567  62.988 0.5000000000
52111  38.330  12.578  62.079 0.5000000000
52994  38.838  13.254  62.543 0.5000000000
53001  38.823  13.126  61.580 0.3750000000
53010  38.716  13.039  60.685 0.3750000000
52137  38.472  12.800  59.772 0.2500000000
59638  50.389  21.192  52.343 0.2500000000
95452  51.250  22.986  50.935 0.3750000000
58870  47.168  20.822  46.745 0.6250000000
58880  47.128  20.858  46.011 0.6250000000
58052  46.268  19.717  46.006 0.6250000000
82745  39.240  13.386  60.094 0.6250000000
53016  39.109  13.161  59.177 0.5000000000
52145  38.404  12.722  58.803 0.5000000000
57177  49.071  18.281  54.923 0.6250000000
84874  38.383  12.538  57.969 0.5000000000
94572  38.367  12.303  57.291 0.3750000000
59720  47.629  21.295  46.464 0.6250000000
59728  47.707  21.268  45.641 0.6250000000
58887  46.733  20.264  45.596 0.5000000000
58059  46.290  19.705  45.168 0.2500000000
57266  45.200  18.791  45.083 0.1250000000
57270  44.647  18.410  44.590 0.1250000000
56528  44.088  17.991  44.117 0.1250000000
58897  46.850  20.171  44.781 0.5000000000
58886  47.281  20.724  45.206 0.5000000000
56529  43.647  17.373  43.678 0.1250000000
55599  46.998  15.782  58.613 0.6250000000
56390  48.529  16.724  56.899 0.6250000000
55611  47.156  15.636  57.687 0.7500000000
53023  39.099  12.911  58.308 0.5000000000
82885  41.622  13.010  57.164 0.5000000000
53032  40.777  12.978  57.542 0.5000000000
53033  39.931  12.945  57.899 0.5000000000
52156  39.166  12.543  57.383 0.5000000000
52167  40.971  12.650  56.720 0.5000000000
52155  40.133  12.652  57.069 0.5000000000
53044  41.774  12.732  56.315 0.5000000000
85395  40.411  12.345  56.382 0.2500000000
52168  39.649  12.205  56.517 0.3750000000
52169  38.780  12.044  56.660 0.3750000000
58066  45.807  19.208  44.733 0.2500000000
57269  45.263  18.787  44.253 0.2500000000
59736  47.903  21.118  44.835 0.5000000000
58065  46.407  19.627  44.356 0.3750000000
57274  44.696  18.357  43.744 0.2500000000
58074  45.936  19.112  43.909 0.3750000000
57273  45.376  18.674  43.403 0.2500000000
57280  44.856  18.176  42.923 0.1250000000
86002  44.233  17.787  43.290 0.1250000000
56538  43.869  17.099  42.848 0.1250000000
55780  44.180  16.808  42.089 0.1250000000
53903  42.082  13.675  58.414 0.5000000000
53904  41.239  13.696  58.866 0.5000000000
53021  40.601  13.292  58.345 0.5000000000
53022  39.826  13.251  58.707 0.5000000000
53020  41.435  13.325  58.001 0.5000000000
58908  47.033  20.029  43.984 0.3750000000
58907  47.652  20.440  43.609 0.3750000000
58073  46.597  19.460  43.548 0.3750000000
58079  46.101  18.949  43.084 0.2500000000
58920  47.925  20.185  42.845 0.3750000000
58077  47.545  19.528  42.454 0.3750000000
58078  46.827  19.228  42.772 0.3750000000
57279  46.344  18.674  42.328 0.2500000000
56536  45.580  18.449  42.609 0.2500000000
81968  45.127  17.875  42.171 0.2500000000
56537  44.485  17.506  42.511 0.2500000000
58076  48.271  19.836  42.151 0.2500000000
58085  47.108  18.908  42.030 0.2500000000
57286  45.834  18.171  41.860 0.1250000000
57285  46.594  18.379  41.597 0.1250000000
56546  45.414  17.559  41.455 0.1250000000
56547  44.769  17.215  41.788 0.1250000000
57293  47.835  18.489  40.643 0.1250000000
56554  47.270  17.998  40.463 0.1250000000
98268  46.785  18.079  40.993 0.1250000000
56545  46.110  17.882  41.162 0.1250000000
55793  45.048  16.852  41.117 0.1250000000
58091  49.400  19.602  40.415 0.2500000000
57292  48.389  18.707  40.398 0.1250000000
57296  48.468  18.414  39.706 0.1250000000
94508  40.441  13.537  59.012 0.6250000000
58919  48.635  20.473  42.536 0.6250000000
58918  49.326  20.766  42.243 0.7500000000
58931  48.983  20.122  41.866 0.2500000000
58084  47.844  19.225  41.723 0.2500000000
58930  49.606  20.491  41.539 0.6250000000
58083  48.581  19.522  41.464 0.2500000000
59769  50.753  21.459  40.639 0.8750000000
58929  50.181  20.973  41.132 0.7500000000
58082  49.229  19.847  41.159 0.2500000000
59782  50.868  21.227  39.795 0.7500000000
58955  49.923  20.036  39.962 0.5000000000
58096  48.997  18.961  40.074 0.1250000000
51026  17.283  11.434  85.419 0.7500000000
51031  17.212  12.209  85.084 0.7500000000
88603  16.719  11.644  85.207 0.7500000000
42204  12.171  1.661  71.777 0.3750000000
51094  12.224  11.515  73.523 0.6250000000
53780  29.769  14.476  68.765 0.2500000000
53802  29.606  14.107  67.945 0.2500000000
88081  41.947  13.997  59.054 0.6250000000
59719  48.194  21.741  46.062 0.6250000000
52011  29.588  13.006  69.207 0.2500000000
52904  29.397  13.698  68.526 0.2500000000
43767  9.848  3.847  79.212 0.2500000000
44578  10.528  6.392  79.164 0.3750000000
46447  11.621  7.471  79.953 0.5000000000
93161  18.451  4.711  81.700 0.3750000000
51146  30.305  11.230  69.313 0.3750000000
51921  16.787  12.754  84.106 0.7500000000
51030  18.221  11.892  85.162 0.7500000000
53697  12.279  14.135  76.709 0.5000000000
51147  29.708  11.304  68.409 0.1250000000
51975  12.489  12.206  74.113 0.6250000000
50239  29.578  10.394  67.216 0.1250000000
51922  16.765  12.988  83.240 0.7500000000
51925  16.548  13.107  82.265 0.7500000000
89462  11.571  12.764  76.479 0.5000000000
51960  11.674  11.934  76.060 0.5000000000
51134  15.945  11.255  69.771 0.7500000000
51929  15.574  12.494  80.734 0.7500000000
51930  14.483  12.847  80.519 0.7500000000
51935  14.006  12.564  79.876 0.7500000000
51053  13.129  12.185  78.648 0.7500000000
52813  12.051  13.230  78.429 0.5000000000
51054  12.287  11.964  78.107 0.6250000000
51942  11.817  12.602  77.997 0.5000000000
88479  11.477  12.674  77.257 0.5000000000
51949  11.473  11.983  76.848 0.5000000000
52885  16.164  13.102  69.727 0.6250000000
52807  14.191  13.583  80.909 0.5000000000
58896  47.457  20.594  44.403 0.5000000000
58072  47.267  19.817  43.205 0.3750000000
57284  47.384  18.573  41.213 0.1250000000
58093  48.160  18.955  41.040 0.1250000000
57297  47.908  18.197  40.089 0.1250000000
58092  48.820  19.252  40.773 0.2500000000
59759  49.962  21.179  41.930 0.7500000000
58943  49.788  20.269  40.764 0.6250000000
58942  50.346  20.729  40.307 0.6250000000
58954  50.433  20.527  39.444 0.5000000000
44588  18.474  3.721  78.985 0.1250000000
44587  18.930  4.268  78.383 0.1250000000
82853  19.140  4.497  77.650 0.1250000000
43770  18.342  3.940  77.852 0.1250000000
44595  19.560  4.585  76.827 0.1250000000
44607  19.986  4.551  76.006 0.1250000000
51918  17.039  13.256  83.801 0.6250000000
52798  16.765  13.805  83.015 0.6250000000
52802  15.955  14.026  82.301 0.6250000000
96401  18.474  12.836  84.390 0.6250000000
52788  18.013  13.070  84.369 0.6250000000
53742  20.012  14.101  71.921 0.2500000000
53720  20.315  14.061  73.233 0.2500000000
90207  20.337  14.265  74.081 0.2500000000
52792  17.560  13.341  84.009 0.6250000000
53731  20.293  13.894  72.555 0.2500000000
53721  19.893  14.757  73.472 0.2500000000
53668  17.394  14.353  83.092 0.6250000000
52871  19.717  14.390  71.209 0.2500000000
53732  19.921  14.475  72.617 0.2500000000
91743  19.362  14.936  71.273 0.2500000000
53743  19.561  14.743  71.901 0.2500000000
53669  16.601  14.697  82.870 0.6250000000
54611  19.179  15.384  71.690 0.2500000000
82437  19.417  15.299  72.662 0.2500000000
52803  15.082  13.797  81.555 0.6250000000
54622  19.105  15.387  70.914 0.2500000000
52941  31.156  13.653  66.182 0.2500000000
91077  21.460  12.084  74.027 0.2500000000
51959  21.672  12.331  75.370 0.2500000000
51948  21.881  13.004  76.108 0.5000000000
51029  19.276  11.699  84.948 0.6250000000
51974  21.035  12.687  73.082 0.2500000000
52838  21.005  13.110  74.266 0.2500000000
52826  21.280  13.187  75.208 0.2500000000
52816  21.653  13.728  76.521 0.5000000000
51990  20.689  12.934  71.436 0.2500000000
51982  20.831  12.796  72.294 0.2500000000
88414  20.911  13.075  73.569 0.2500000000
91120  21.518  13.692  75.877 0.2500000000
52791  18.923  13.636  83.523 0.6250000000
52859  20.456  13.470  72.051 0.2500000000
52849  20.668  13.382  72.934 0.2500000000
87682  20.652  13.598  73.789 0.2500000000
87594  20.799  13.779  74.620 0.2500000000
52817  21.306  14.298  76.161 0.5000000000
53672  19.667  15.201  81.982 0.5000000000
53666  19.223  14.670  82.612 0.6250000000
52883  20.223  13.500  70.205 0.2500000000
52870  20.226  13.673  71.135 0.2500000000
53712  20.629  14.556  74.893 0.2500000000
53702  20.920  14.834  75.691 0.5000000000
53695  20.960  14.976  76.571 0.5000000000
54563  19.700  16.246  80.097 0.5000000000
53673  18.694  15.303  82.310 0.6250000000
53664  18.044  13.856  83.441 0.6250000000
52896  19.798  13.942  69.607 0.2500000000
52884  19.792  14.151  70.439 0.2500000000
53713  20.026  15.009  74.380 0.2500000000
54590  20.455  15.356  75.184 0.3750000000
94161  20.579  15.833  77.590 0.5000000000
54570  20.693  15.532  78.275 0.5000000000
88137  20.077  16.095  79.562 0.5000000000
54550  19.127  15.777  81.589 0.5000000000
53674  17.578  15.260  82.634 0.6250000000
53783  19.330  14.392  69.012 0.1250000000
53754  19.402  14.787  70.634 0.2500000000
54583  20.606  15.576  76.052 0.5000000000
54576  20.607  15.717  76.941 0.5000000000
55409  20.347  16.449  77.242 0.3750000000
54567  20.230  16.231  78.827 0.5000000000
54556  18.585  16.348  81.228 0.3750000000
86715  17.274  15.915  82.200 0.3750000000
87727  16.556  15.536  82.559 0.3750000000
53784  18.790  14.858  68.415 0.1250000000
53767  18.907  15.048  69.315 0.1250000000
54597  19.513  15.579  73.777 0.2500000000
54584  20.246  16.179  75.521 0.3750000000
54577  20.330  16.379  76.431 0.5000000000
55401  19.604  16.776  79.520 0.3750000000
54564  19.041  16.647  80.441 0.3750000000
55396  18.048  16.859  80.889 0.3750000000
53676  15.273  14.740  81.970 0.5000000000
53755  19.037  15.260  70.150 0.2500000000
55433  19.025  16.163  73.121 0.1250000000
55403  17.620  17.392  80.727 0.3750000000
55397  16.918  16.988  81.476 0.3750000000
84041  18.400  15.557  68.761 0.1250000000
54637  18.553  15.717  69.655 0.1250000000
54623  18.721  15.870  70.479 0.1250000000
54612  18.848  15.965  71.270 0.1250000000
54604  18.924  16.008  72.133 0.1250000000
52808  13.441  13.724  80.434 0.3750000000
92867  24.635  8.390  72.892 0.2500000000
86389  23.446  8.533  73.338 0.2500000000
48269  23.089  8.965  74.641 0.2500000000
48259  23.243  8.971  75.364 0.3750000000
48294  25.719  9.227  73.007 0.2500000000
48298  22.939  8.923  72.911 0.2500000000
48283  22.967  8.893  73.769 0.2500000000
49209  22.824  9.655  75.262 0.2500000000
49196  22.866  10.015  76.218 0.3750000000
50126  23.440  10.569  77.823 0.5000000000
49231  22.578  9.475  73.361 0.2500000000
49218  22.668  9.576  74.258 0.2500000000
50155  22.414  10.344  74.712 0.2500000000
83678  22.487  10.516  75.625 0.2500000000
50143  22.695  10.836  76.468 0.3750000000
50127  22.998  11.183  77.224 0.5000000000
95135  23.138  11.447  79.038 0.5000000000
51044  23.342  11.980  80.736 0.5000000000
94318  23.090  11.667  82.829 0.6250000000
50181  22.221  9.773  71.878 0.2500000000
50174  22.209  10.033  72.891 0.2500000000
50166  22.312  10.212  73.802 0.2500000000
50167  22.055  10.957  74.228 0.2500000000
51076  22.275  11.289  75.932 0.2500000000
51051  22.991  11.491  78.120 0.5000000000
51937  22.695  12.197  78.985 0.5000000000
51036  23.005  12.263  82.379 0.6250000000
51033  21.890  11.785  83.611 0.6250000000
51027  21.241  11.307  84.195 0.6250000000
93798  21.791  10.502  71.573 0.2500000000
50175  21.931  10.799  73.334 0.2500000000
51084  21.729  11.713  74.656 0.2500000000
51077  21.960  11.676  75.440 0.2500000000
51068  22.089  12.066  76.110 0.3750000000
51947  22.238  12.449  76.934 0.5000000000
51940  22.402  12.292  77.916 0.5000000000
51932  22.813  12.462  80.035 0.5000000000
51927  22.879  12.676  80.940 0.5000000000
51923  22.757  12.849  81.772 0.6250000000
51913  21.678  12.589  83.335 0.6250000000
51028  20.219  11.768  84.473 0.6250000000
51109  21.447  11.332  71.882 0.2500000000
51981  21.206  12.093  72.534 0.2500000000
51973  21.351  12.076  73.352 0.2500000000
51938  22.091  12.917  78.512 0.5000000000
52804  22.391  13.113  80.297 0.5000000000
52805  21.922  13.757  80.448 0.5000000000
51924  22.247  13.416  81.893 0.6250000000
51914  20.800  12.797  83.589 0.6250000000
51910  20.223  12.499  84.022 0.6250000000
85709  20.962  12.311  70.727 0.2500000000
88380  21.955  13.213  76.858 0.5000000000
85884  21.796  13.529  78.975 0.5000000000
52800  21.765  13.985  81.383 0.5000000000
52794  20.606  13.719  82.818 0.6250000000
52790  19.787  13.408  83.494 0.6250000000
51915  19.923  12.931  83.860 0.6250000000
52812  21.706  13.635  78.115 0.5000000000
53685  21.394  14.182  78.544 0.5000000000
53682  21.513  14.173  79.579 0.5000000000
53678  21.408  14.471  80.563 0.5000000000
53670  21.181  14.622  81.274 0.5000000000
53665  20.164  14.505  82.367 0.5000000000
52000  20.639  12.795  69.986 0.2500000000
52814  21.667  13.725  77.319 0.5000000000
89089  21.095  14.792  78.154 0.5000000000
53683  20.898  14.936  79.869 0.5000000000
53671  20.542  14.965  81.623 0.5000000000
52895  20.271  13.275  69.354 0.2500000000
53694  21.312  14.352  76.988 0.5000000000
53690  20.944  15.082  77.489 0.5000000000
54562  20.242  15.668  80.222 0.5000000000
52908  19.807  13.718  68.723 0.1250000000
54566  20.522  15.538  79.247 0.5000000000
53805  19.307  14.202  68.091 0.1250000000
55413  20.164  17.185  76.828 0.3750000000
55410  20.051  17.110  77.622 0.3750000000
55406  19.849  16.947  78.481 0.3750000000
56996  32.525  19.592  75.024 0.5000000000
85251  20.024  17.082  75.840 0.3750000000
55402  18.591  17.365  80.068 0.3750000000
54558  15.741  16.756  82.134 0.3750000000
54553  15.546  15.793  82.387 0.3750000000
58621  33.791  20.995  72.899 0.5000000000
57809  33.451  20.555  73.661 0.6250000000
53806  18.802  14.732  67.462 0.1250000000
94717  19.348  16.570  74.189 0.3750000000
54559  14.833  16.406  82.022 0.3750000000
57825  34.155  19.516  72.190 0.3750000000
57817  33.853  20.047  72.954 0.3750000000
57818  33.447  19.490  73.577 0.6250000000
53824  19.033  14.694  66.515 0.1250000000
55427  18.720  16.982  73.417 0.1250000000
55422  19.937  16.659  74.989 0.2500000000
56204  19.884  17.875  76.457 0.3750000000
81880  19.809  17.870  77.276 0.3750000000
55407  19.203  17.507  79.034 0.3750000000
54560  14.053  15.205  81.040 0.3750000000
57010  33.728  18.976  72.745 0.6250000000
54669  18.480  15.436  66.876 0.1250000000
54655  18.340  15.454  67.829 0.1250000000
55466  18.044  16.246  69.143 0.1250000000
84625  18.216  16.352  70.017 0.1250000000
55434  18.588  16.706  72.502 0.1250000000
56236  34.483  18.972  71.493 0.6250000000
57018  33.927  18.626  71.878 0.5000000000
57019  33.369  18.257  72.244 0.6250000000
55480  17.946  16.173  68.217 0.1250000000
57833  35.136  19.366  71.177 0.6250000000
94546  34.273  18.286  71.235 0.6250000000
57027  34.980  18.244  70.910 0.5000000000
48295  25.177  8.754  72.663 0.2500000000
48296  24.471  8.588  72.172 0.2500000000
48281  23.965  8.359  72.877 0.2500000000
94549  23.393  8.677  72.588 0.2500000000
48297  23.689  8.689  71.946 0.2500000000
48310  22.922  9.005  71.966 0.2500000000
49240  22.548  9.396  72.578 0.2500000000
50193  22.125  10.058  70.800 0.2500000000
50202  22.382  10.268  69.822 0.2500000000
51132  21.853  11.134  69.337 0.2500000000
50194  21.623  10.932  70.987 0.2500000000
51120  21.449  11.461  70.355 0.2500000000
91559  21.294  11.647  71.129 0.2500000000
51999  21.176  12.048  69.742 0.2500000000
52014  20.790  12.602  69.147 0.2500000000
52925  20.352  13.003  67.535 0.2500000000
52907  20.390  13.009  68.405 0.2500000000
56998  31.387  18.629  76.328 0.5000000000
52947  20.083  13.364  66.814 0.1250000000
57801  31.950  20.174  75.667 0.6250000000
86970  19.393  14.045  67.131 0.1250000000
52926  19.846  13.522  67.779 0.1250000000
58612  32.091  21.291  74.619 0.5000000000
94085  14.343  15.969  81.306 0.3750000000
58610  33.198  21.355  73.402 0.3750000000
58611  32.847  21.004  74.223 0.3750000000
53823  19.696  14.052  66.268 0.1250000000
94523  18.478  17.916  79.408 0.3750000000
58628  34.710  21.010  71.690 0.3750000000
58620  34.128  21.317  72.112 0.3750000000
56223  19.022  17.499  74.234 0.2500000000
56216  19.643  17.346  74.956 0.2500000000
56199  19.161  18.541  77.760 0.3750000000
54561  13.479  15.019  80.416 0.3750000000
57816  34.247  20.555  72.304 0.3750000000
55441  18.538  16.573  71.632 0.1250000000
53681  13.106  14.329  80.125 0.3750000000
57824  34.684  20.010  71.722 0.3750000000
55489  18.029  16.174  67.314 0.1250000000
55451  18.440  16.486  70.824 0.1250000000
56245  35.622  17.859  70.525 0.5000000000
49239  25.571  9.409  72.246 0.2500000000
49247  24.928  9.260  71.032 0.2500000000
48308  24.261  8.906  71.186 0.2500000000
48309  23.318  9.033  71.093 0.2500000000
49256  25.172  9.729  70.630 0.2500000000
49257  24.549  9.410  70.473 0.2500000000
49258  23.782  9.276  70.355 0.2500000000
50214  24.722  10.218  69.518 0.2500000000
49272  23.575  9.708  69.674 0.2500000000
49259  22.925  9.560  70.283 0.2500000000
50215  24.012  10.092  69.129 0.2500000000
50216  23.387  10.277  68.901 0.2500000000
50230  23.878  10.549  68.545 0.2500000000
51151  23.244  10.827  68.279 0.2500000000
97940  22.431  10.999  68.516 0.2500000000
51165  22.665  11.390  67.882 0.2500000000
51152  21.937  11.533  68.342 0.2500000000
52013  21.377  11.996  68.859 0.2500000000
51166  22.084  11.897  67.562 0.2500000000
52029  21.438  12.117  68.039 0.2500000000
52030  20.955  12.452  68.455 0.2500000000
52056  21.474  12.735  66.525 0.1250000000
52041  22.183  12.318  66.844 0.2500000000
52042  21.449  12.351  67.250 0.2500000000
52043  20.864  12.576  67.768 0.2500000000
52073  22.256  12.901  66.255 0.1250000000
52057  20.769  12.761  66.971 0.1250000000
52965  21.536  13.280  65.888 0.1250000000
52946  20.782  13.159  66.249 0.1250000000
53834  21.636  14.090  65.347 0.1250000000
89284  20.799  13.660  65.611 0.1250000000
55399  14.412  16.746  81.239 0.3750000000
53835  20.715  14.322  65.155 0.1250000000
52966  20.127  14.109  65.578 0.1250000000
54683  19.482  14.690  65.707 0.1250000000
56196  18.157  18.589  79.309 0.3750000000
56186  16.755  17.693  81.045 0.3750000000
56188  14.622  17.650  81.190 0.3750000000
56987  19.531  18.478  76.074 0.2500000000
56195  18.823  18.166  78.624 0.3750000000
55400  13.709  15.964  80.505 0.3750000000
53847  20.597  15.043  64.828 0.1250000000
53836  20.027  14.719  65.124 0.1250000000
54698  18.842  15.521  65.861 0.1250000000
55497  18.288  16.260  66.434 0.1250000000
54565  13.014  15.205  79.607 0.3750000000
58635  35.761  20.987  70.766 0.2500000000
55504  19.085  16.088  65.051 0.1250000000
55442  18.141  17.082  71.162 0.1250000000
57831  36.460  20.457  70.502 0.2500000000
57823  35.222  20.500  71.233 0.3750000000
57025  36.691  19.133  70.616 0.2500000000
57026  35.762  18.710  70.787 0.3750000000
57034  36.373  17.966  70.529 0.3750000000
56254  36.649  17.213  69.913 0.3750000000
56255  35.849  17.261  70.067 0.3750000000
49245  25.903  10.096  71.905 0.2500000000
50201  25.292  10.310  70.138 0.2500000000
50192  25.744  10.335  70.997 0.2500000000
50229  24.563  10.808  68.759 0.2500000000
51164  23.414  11.502  67.666 0.2500000000
51150  24.020  11.117  68.053 0.2500000000
89441  22.820  11.890  67.230 0.2500000000
51163  24.038  11.904  67.615 0.2500000000
52055  23.049  12.591  66.661 0.2500000000
52040  23.455  12.112  67.236 0.2500000000
52945  22.864  13.273  66.227 0.1250000000
57785  17.069  19.855  79.875 0.2500000000
56979  16.054  19.232  80.568 0.2500000000
52964  22.343  13.618  65.831 0.1250000000
56982  17.965  19.400  79.186 0.2500000000
56978  17.328  18.969  80.064 0.3750000000
56191  15.087  18.573  81.100 0.3750000000
87240  19.036  19.149  77.342 0.2500000000
56189  17.657  18.041  80.186 0.3750000000
56187  15.637  17.896  81.418 0.3750000000
56192  14.249  17.954  80.329 0.3750000000
55481  17.604  16.873  68.622 0.1250000000
55467  17.715  16.918  69.529 0.1250000000
56231  18.291  17.420  72.750 0.1250000000
56224  18.489  17.764  73.535 0.1250000000
87732  18.740  18.169  74.210 0.2500000000
56209  19.714  17.817  75.674 0.2500000000
56984  19.557  18.552  76.944 0.2500000000
55404  13.891  17.039  80.377 0.3750000000
55405  13.399  16.302  79.445 0.3750000000
56253  37.286  18.010  70.321 0.3750000000
50180  26.353  10.701  72.355 0.2500000000
50191  26.128  10.719  71.637 0.2500000000
51131  25.285  10.914  69.506 0.2500000000
60233  17.065  22.193  71.148 0.1250000000
60225  16.916  22.332  71.826 0.1250000000
60219  16.760  22.529  72.620 0.1250000000
59483  17.280  22.086  70.413 0.1250000000
59474  16.718  21.730  71.398 0.1250000000
59496  16.878  21.384  69.960 0.1250000000
59484  16.712  21.555  70.770 0.1250000000
59466  16.649  21.686  72.047 0.1250000000
59460  16.667  21.704  73.025 0.1250000000
58646  17.129  21.081  69.156 0.1250000000
58658  17.356  20.734  68.426 0.1250000000
58638  16.552  20.699  70.579 0.1250000000
58632  16.484  20.986  71.436 0.1250000000
58625  16.603  20.884  72.357 0.1250000000
52039  23.922  12.857  67.189 0.2500000000
58647  16.760  20.368  69.807 0.1250000000
57829  16.519  20.041  71.210 0.1250000000
57821  16.573  20.264  71.896 0.1250000000
52944  23.491  13.506  66.573 0.1250000000
58669  17.522  20.445  67.729 0.1250000000
57849  17.138  19.742  68.289 0.1250000000
57843  16.986  20.009  69.048 0.1250000000
57828  16.796  19.058  71.010 0.1250000000
57784  17.941  20.142  78.980 0.1250000000
85971  17.282  20.510  79.358 0.2500000000
97121  16.086  19.854  80.363 0.2500000000
57860  17.310  19.397  67.515 0.1250000000
83550  16.860  19.054  68.873 0.1250000000
57030  17.048  18.260  70.389 0.1250000000
57787  18.558  19.684  77.682 0.1250000000
57788  18.180  20.236  78.112 0.1250000000
57043  17.080  18.301  68.574 0.1250000000
57007  18.220  18.559  73.617 0.1250000000
57001  18.673  18.817  74.591 0.1250000000
56993  19.014  19.097  75.641 0.1250000000
57791  18.817  19.649  77.047 0.1250000000
56981  18.318  19.633  78.334 0.2500000000
56980  14.421  18.819  80.407 0.2500000000
57059  17.513  18.548  66.996 0.1250000000
57048  17.254  18.401  67.790 0.1250000000
56266  17.302  17.575  69.039 0.1250000000
56259  17.372  17.573  69.930 0.1250000000
56250  17.595  17.581  70.776 0.1250000000
56241  17.820  17.570  71.461 0.1250000000
56232  17.769  17.919  72.153 0.1250000000
56210  19.253  18.200  75.042 0.1250000000
96015  18.693  19.212  77.867 0.1250000000
83029  18.512  18.934  78.450 0.2500000000
56197  13.904  18.162  79.434 0.3750000000
56280  17.832  17.771  66.553 0.1250000000
55490  17.638  16.882  67.739 0.1250000000
55452  17.933  16.998  70.381 0.1250000000
56193  13.770  17.270  79.327 0.3750000000
55498  17.850  16.952  66.904 0.1250000000
56240  18.215  17.212  71.933 0.1250000000
55408  13.575  16.509  78.446 0.3750000000
55505  18.593  16.498  65.618 0.1250000000
86590  18.185  17.080  66.126 0.1250000000
58642  37.142  21.095  70.084 0.2500000000
57840  37.158  20.012  70.314 0.2500000000
57033  37.700  19.050  70.291 0.2500000000
57040  38.223  17.957  69.867 0.2500000000
56263  37.454  17.146  69.613 0.2500000000
51098  26.760  11.454  72.798 0.1250000000
61641  17.645  25.902  74.013 0.1250000000
93412  17.263  25.853  74.534 0.1250000000
61634  16.614  26.131  75.817 0.1250000000
51107  26.398  11.492  71.851 0.2500000000
60931  17.361  24.435  73.302 0.1250000000
90092  16.978  24.598  73.910 0.1250000000
61636  16.793  25.013  74.843 0.1250000000
91499  16.648  24.861  75.854 0.1250000000
61631  16.290  25.803  76.600 0.1250000000
51108  26.116  11.058  71.149 0.2500000000
60936  17.173  23.303  72.458 0.1250000000
60927  16.776  23.479  73.236 0.1250000000
60925  16.569  23.658  74.044 0.1250000000
60224  17.350  22.752  71.694 0.1250000000
60922  16.567  23.755  75.041 0.1250000000
92021  16.566  24.776  76.949 0.1250000000
61627  15.923  25.487  77.467 0.1250000000
51119  25.839  11.117  70.373 0.2500000000
60216  16.517  22.705  73.487 0.1250000000
92200  16.436  22.814  74.402 0.1250000000
60213  16.708  22.682  75.576 0.1250000000
60920  16.653  23.766  76.195 0.1250000000
92664  16.734  23.761  77.265 0.1250000000
51148  25.202  11.662  68.931 0.2500000000
88753  25.702  11.783  69.724 0.2500000000
84394  16.562  22.003  73.974 0.1250000000
60916  16.527  23.603  78.111 0.1250000000
51149  24.629  11.690  68.186 0.2500000000
58608  16.859  21.235  73.835 0.1250000000
94146  16.707  22.112  74.774 0.1250000000
60212  16.932  22.843  76.786 0.1250000000
52027  25.084  12.536  68.517 0.2500000000
58607  17.399  20.547  74.350 0.1250000000
59453  17.013  21.368  74.627 0.1250000000
89695  17.148  21.650  75.531 0.1250000000
59446  17.317  22.117  77.352 0.1250000000
60209  17.064  22.930  77.696 0.1250000000
60206  16.703  22.838  78.446 0.1250000000
52028  24.561  12.591  67.836 0.2500000000
58617  16.939  20.680  73.313 0.1250000000
59452  17.572  20.848  75.355 0.1250000000
59449  17.704  21.136  76.284 0.1250000000
59438  16.697  22.080  79.035 0.1250000000
58616  17.508  19.907  73.682 0.1250000000
57797  18.020  20.144  75.179 0.1250000000
58595  18.008  20.937  77.772 0.1250000000
59441  17.611  21.603  77.714 0.1250000000
58592  15.683  21.330  79.646 0.2500000000
52906  24.556  13.550  67.677 0.2500000000
57820  16.796  19.489  71.873 0.1250000000
57813  17.616  19.218  73.227 0.1250000000
58602  18.192  20.477  76.046 0.1250000000
58599  18.145  20.702  76.907 0.1250000000
58591  17.002  21.191  79.276 0.2500000000
57783  14.994  19.637  80.456 0.2500000000
83449  17.195  18.681  71.931 0.1250000000
57812  18.106  19.310  74.082 0.1250000000
57796  18.588  19.829  75.825 0.1250000000
58598  18.552  20.078  76.632 0.1250000000
58594  18.380  20.201  77.388 0.1250000000
57022  17.331  18.144  71.289 0.1250000000
57805  18.423  19.501  74.965 0.1250000000
83996  18.899  19.576  76.379 0.1250000000
57015  17.656  18.563  72.739 0.1250000000
56198  13.886  17.467  78.356 0.3750000000
57839  37.833  20.190  69.964 0.2500000000
54605  15.129  15.839  73.329 0.3750000000
57032  38.467  19.245  69.835 0.2500000000
54614  15.022  15.823  71.946 0.3750000000
95187  15.215  15.649  72.638 0.3750000000
54613  15.483  15.135  72.188 0.3750000000
51118  26.215  11.764  71.015 0.2500000000
51989  26.464  12.438  71.600 0.2500000000
51997  26.217  12.613  70.827 0.2500000000
90160  26.056  11.971  70.375 0.2500000000
51998  25.940  12.638  70.076 0.2500000000
52882  25.713  13.450  69.792 0.2500000000
52012  25.533  12.596  69.307 0.2500000000
60203  15.968  22.775  79.038 0.2500000000
60204  15.029  22.700  79.260 0.2500000000
52894  25.301  13.578  68.947 0.2500000000
59439  15.348  22.101  79.515 0.2500000000
52905  24.924  13.276  68.223 0.2500000000
57786  14.688  20.738  79.824 0.2500000000
93699  14.332  20.035  79.832 0.2500000000
56983  13.951  19.123  79.690 0.2500000000
56200  13.780  18.407  78.471 0.3750000000
55411  13.867  16.800  77.714 0.3750000000
56233  14.299  17.128  73.204 0.3750000000
95288  14.236  17.635  73.898 0.3750000000
58641  37.953  21.150  69.590 0.1250000000
55436  13.961  16.887  72.303 0.3750000000
55423  14.937  16.408  75.104 0.3750000000
57838  38.521  20.349  69.533 0.1250000000
57845  39.128  19.540  69.379 0.2500000000
55435  14.740  16.354  72.644 0.3750000000
56262  38.774  17.429  69.108 0.2500000000
55443  14.363  16.372  71.781 0.3750000000
54624  15.333  15.294  71.227 0.3750000000
53756  15.794  14.426  70.780 0.3750000000
51980  26.710  12.297  72.424 0.2500000000
52869  26.377  13.434  71.421 0.2500000000
52881  26.047  13.421  70.538 0.2500000000
60205  14.282  23.054  79.073 0.2500000000
59443  13.555  22.443  78.791 0.2500000000
59440  14.218  22.161  79.352 0.2500000000
58596  13.716  21.370  78.788 0.2500000000
57789  14.036  20.520  79.173 0.2500000000
58593  14.424  21.339  79.534 0.2500000000
56985  13.727  19.482  78.665 0.2500000000
56201  14.032  17.797  77.597 0.3750000000
56994  13.946  18.562  75.125 0.3750000000
56211  14.433  17.856  75.927 0.3750000000
56225  14.734  17.013  74.233 0.3750000000
88309  14.781  17.224  75.233 0.3750000000
55420  14.641  16.735  76.045 0.3750000000
95265  38.541  21.160  69.194 0.1250000000
58649  39.112  20.580  69.033 0.1250000000
57039  39.636  18.860  69.161 0.2500000000
56269  39.592  17.883  68.801 0.2500000000
94474  39.657  17.264  68.077 0.2500000000
95578  14.703  15.960  71.283 0.3750000000
58597  13.317  21.011  77.729 0.2500000000
59444  13.403  21.883  78.113 0.2500000000
59447  12.848  21.733  77.262 0.2500000000
94690  12.493  20.564  76.202 0.2500000000
58600  12.854  20.731  76.857 0.2500000000
90088  13.246  20.105  77.201 0.2500000000
90768  13.620  20.292  78.184 0.2500000000
58603  12.825  20.032  76.407 0.2500000000
57790  13.564  19.423  77.487 0.3750000000
57792  13.348  19.454  76.689 0.3750000000
95756  13.748  18.940  76.950 0.3750000000
95298  13.781  18.666  77.586 0.3750000000
56205  14.173  18.137  76.755 0.3750000000
81363  14.098  17.382  77.276 0.3750000000
56212  13.910  18.616  76.018 0.3750000000
55414  14.221  17.081  76.801 0.3750000000
57844  39.724  19.776  68.867 0.2500000000
57045  40.201  18.815  68.716 0.2500000000
56268  40.260  17.872  68.152 0.2500000000
57798  13.015  19.522  75.993 0.3750000000
56989  13.722  18.952  76.437 0.3750000000
58648  39.695  20.857  68.467 0.2500000000
57853  40.355  19.935  68.348 0.2500000000
56276  40.780  17.790  67.290 0.2500000000
52993  39.372  13.695  61.956 0.5000000000
92845  39.821  14.159  62.449 0.3750000000
86176  40.441  14.450  62.308 0.3750000000
53009  39.377  13.573  61.042 0.5000000000
92596  40.099  14.143  61.552 0.3750000000
53883  40.127  13.895  60.444 0.3750000000
54846  44.270  15.958  53.041 0.2500000000
85114  40.721  14.346  61.005 0.5000000000
53015  39.885  13.533  59.509 0.5000000000
58043  46.817  20.093  48.304 0.5000000000
85594  46.317  19.675  47.771 0.5000000000
58871  46.874  20.385  47.389 0.5000000000
54733  41.693  15.151  62.435 0.3750000000
53874  41.052  14.626  61.811 0.3750000000
58881  46.715  20.320  46.438 0.3750000000
54745  41.940  14.979  61.661 0.5000000000
54755  42.257  14.942  60.912 0.3750000000
53873  41.453  14.649  60.981 0.5000000000
53882  41.060  14.210  60.331 0.5000000000
53890  42.296  14.400  59.531 0.5000000000
53892  40.705  13.827  59.635 0.5000000000
52194  41.383  12.497  55.002 0.1250000000
81542  51.967  26.844  46.103 0.2500000000
62530  51.693  25.959  45.648 0.2500000000
63123  52.083  26.637  45.219 0.1250000000
63137  52.372  27.430  44.836 0.1250000000
62546  51.655  25.686  44.771 0.1250000000
62545  52.088  26.330  44.176 0.1250000000
88281  51.682  25.375  44.029 0.1250000000
81422  52.261  26.323  43.127 0.1250000000
62558  51.921  25.416  43.350 0.1250000000
59751  49.581  21.464  42.597 0.6250000000
88546  51.285  23.824  49.628 0.3750000000
62520  51.641  26.094  46.643 0.2500000000
63675  52.185  28.079  45.338 0.1250000000
63152  52.488  27.353  43.849 0.1250000000
63684  52.388  28.428  44.423 0.1250000000
63158  52.508  27.299  42.827 0.1250000000
62565  52.175  25.406  42.582 0.1250000000
59757  51.189  22.181  40.888 0.5000000000
63701  52.537  28.107  43.477 0.1250000000
96543  52.253  29.034  44.127 0.1250000000
62572  52.659  25.554  41.167 0.1250000000
60489  51.688  22.636  40.353 0.2500000000
59768  51.272  21.947  40.090 0.5000000000
58095  49.500  19.355  39.624 0.1250000000
58094  49.946  19.862  39.073 0.1250000000
61910  52.725  24.769  40.650 0.1250000000
62581  52.938  25.611  40.453 0.1250000000
61917  52.923  24.503  39.839 0.1250000000
61218  52.531  23.922  40.287 0.1250000000
60488  52.273  23.218  39.766 0.2500000000
60501  51.787  22.456  39.547 0.2500000000
59781  51.382  21.747  39.261 0.5000000000
58965  50.600  20.241  38.606 0.1250000000
58102  50.285  19.431  38.353 0.1250000000
57299  49.962  18.635  38.080 0.1250000000
61228  52.809  23.988  39.415 0.1250000000
94634  52.267  22.854  39.056 0.2500000000
60511  51.947  22.251  38.753 0.3750000000
59791  51.578  21.477  38.440 0.3750000000
58964  51.244  20.646  38.127 0.5000000000
58101  50.932  19.799  37.865 0.1250000000
58113  50.617  18.971  37.668 0.1250000000
57305  50.287  18.130  37.370 0.1250000000
56565  49.890  17.340  37.423 0.1250000000
55811  50.112  16.559  37.087 0.1250000000
54126  50.897  15.661  36.791 0.1250000000
55008  51.606  15.809  36.494 0.1250000000
61240  52.722  23.461  38.892 0.2500000000
60510  52.689  22.824  38.282 0.2500000000
59790  52.178  21.987  37.954 0.3750000000
59805  51.910  21.089  37.666 0.3750000000
58979  51.642  20.182  37.409 0.2500000000
58112  51.360  19.204  37.154 0.1250000000
57304  50.867  18.529  37.092 0.1250000000
57311  50.787  17.926  36.809 0.1250000000
56569  50.466  17.303  36.897 0.1250000000
55009  50.853  16.441  36.665 0.1250000000
55816  51.645  16.741  36.331 0.1250000000
55005  54.325  15.598  36.434 0.1250000000
55006  53.449  15.610  36.361 0.1250000000
59804  52.596  21.586  37.287 0.3750000000
58978  52.408  20.639  36.931 0.2500000000
58125  51.953  18.911  36.602 0.1250000000
86975  51.425  18.259  36.617 0.1250000000
56567  51.841  17.546  36.257 0.1250000000
55823  53.698  16.853  35.719 0.1250000000
55018  53.126  16.240  36.038 0.1250000000
55017  54.053  16.192  35.978 0.1250000000
55016  55.144  16.152  36.092 0.1250000000
58123  52.695  19.996  36.425 0.1250000000
58990  52.106  19.686  36.789 0.1250000000
58139  53.332  19.837  35.942 0.1250000000
58124  52.629  19.149  36.212 0.1250000000
58140  53.301  19.001  35.783 0.1250000000
57318  52.933  18.345  35.842 0.1250000000
57317  53.838  18.410  35.554 0.1250000000
56576  53.327  17.601  35.698 0.1250000000
56577  52.532  17.613  35.951 0.1250000000
90764  52.217  17.015  36.088 0.1250000000
56575  54.256  17.564  35.527 0.1250000000
55822  54.700  16.845  35.646 0.1250000000
56574  55.427  17.712  35.488 0.1250000000
54591  19.907  15.876  74.673 0.3750000000
50104  23.311  10.890  82.957 0.6250000000
51032  22.680  11.320  83.346 0.6250000000
56997  32.032  19.105  75.723 0.5000000000
87306  38.090  17.054  69.233 0.2500000000
56270  39.106  16.938  68.402 0.2500000000
56277  40.026  17.100  67.460 0.2500000000
85045  45.537  18.210  49.674 0.5000000000
59727  48.351  21.593  45.264 0.5000000000
58895  48.047  21.026  44.028 0.5000000000
95900  20.653  10.890  84.705 0.6250000000
98428  46.391  19.533  48.477 0.5000000000
57250  45.789  19.041  48.200 0.5000000000
51917  17.229  12.790  84.473 0.6250000000
53680  13.720  14.343  80.794 0.3750000000
53891  41.523  14.094  59.622 0.5000000000
58953  50.978  21.007  38.930 0.3750000000
43780  19.197  4.034  76.138 0.1250000000
52797  17.289  13.715  83.484 0.6250000000
98111  18.253  13.360  83.926 0.6250000000
51911  19.146  12.506  84.490 0.6250000000
51916  18.913  13.045  83.984 0.6250000000
53667  18.297  14.619  82.863 0.6250000000
53675  15.905  14.973  82.559 0.5000000000
53677  14.465  14.481  81.375 0.3750000000
51965  21.358  12.493  74.565 0.2500000000
51966  21.188  12.594  73.805 0.2500000000
91645  20.572  13.071  70.699 0.2500000000
52827  21.091  14.068  75.411 0.3750000000
52795  19.594  13.959  82.961 0.6250000000
52796  18.818  14.118  83.085 0.6250000000
54555  19.511  16.121  80.831 0.5000000000
54549  20.066  15.590  81.221 0.5000000000
53766  19.398  14.609  69.860 0.2500000000
54571  20.324  16.356  77.973 0.5000000000
54551  18.124  15.858  81.903 0.3750000000
54557  17.578  16.403  81.619 0.3750000000
54552  16.589  16.293  82.169 0.3750000000
54554  14.717  15.447  81.738 0.3750000000
51037  22.506  12.179  83.070 0.6250000000
50182  21.810  10.615  72.404 0.2500000000
50156  22.116  11.062  75.110 0.2500000000
51092  21.684  11.517  73.752 0.2500000000
51067  22.496  11.628  76.718 0.5000000000
51057  22.617  11.809  77.378 0.5000000000
51919  22.246  12.946  82.604 0.6250000000
51099  21.556  11.409  72.883 0.2500000000
51933  22.308  12.956  79.426 0.5000000000
52799  22.354  13.303  81.127 0.5000000000
51034  21.013  12.177  83.830 0.6250000000
87120  21.072  12.199  71.671 0.2500000000
51941  21.978  13.035  77.605 0.5000000000
52809  21.987  13.497  79.753 0.5000000000
52793  21.618  13.640  82.344 0.6250000000
51920  21.310  13.186  83.090 0.6250000000
52789  20.526  13.191  83.417 0.6250000000
52801  21.059  14.307  82.006 0.6250000000
53689  21.355  14.311  77.778 0.5000000000
53686  20.952  14.793  78.899 0.5000000000
53679  20.833  15.146  80.820 0.5000000000
57810  33.068  20.082  74.384 0.6250000000
57800  32.451  20.564  74.965 0.6250000000
56194  19.516  17.691  78.094 0.3750000000
96265  16.003  17.373  81.682 0.3750000000
48307  25.038  8.987  71.726 0.2500000000
49248  22.667  9.386  71.151 0.2500000000
50203  21.865  10.739  70.247 0.2500000000
55398  15.079  17.238  81.846 0.3750000000
57832  35.803  19.880  70.831 0.2500000000
49246  25.421  9.594  71.392 0.2500000000
49270  24.812  9.834  70.074 0.2500000000
49271  24.256  9.704  69.816 0.2500000000
49273  23.020  9.959  69.445 0.2500000000
50217  22.670  10.484  68.985 0.2500000000
97679  20.261  13.616  66.056 0.1250000000
54697  19.495  15.330  65.166 0.1250000000
56190  16.449  18.404  80.768 0.3750000000
53846  21.342  14.875  64.930 0.1250000000
96179  15.063  19.142  80.796 0.2500000000
56988  19.220  19.119  76.610 0.1250000000
56273  17.353  17.606  68.180 0.1250000000
57014  18.062  18.025  72.963 0.1250000000
57837  16.624  19.849  70.487 0.1250000000
57836  16.769  19.219  69.858 0.1250000000
58590  17.788  20.788  78.637 0.1250000000
86131  15.920  20.473  80.017 0.2500000000
95701  17.033  18.956  68.190 0.1250000000
57037  16.986  18.300  69.433 0.1250000000
56281  17.534  17.674  67.347 0.1250000000
60914  16.139  23.360  78.669 0.1250000000
59450  17.216  21.921  76.494 0.1250000000
59445  17.671  21.356  77.145 0.1250000000
59442  17.318  22.226  78.108 0.1250000000
58624  16.978  19.922  72.695 0.1250000000
59437  17.505  21.474  78.361 0.1250000000
83528  17.225  19.152  72.494 0.1250000000
57806  17.903  19.853  74.456 0.1250000000
55428  14.803  16.496  73.494 0.3750000000
56261  39.052  18.439  69.472 0.2500000000
53752  26.024  14.245  70.903 0.2500000000
60208  13.021  22.734  78.087 0.2500000000
56217  14.451  17.857  74.734 0.3750000000
57044  40.866  18.818  68.130 0.2500000000
58047  46.282  19.752  46.882 0.5000000000
55562  42.363  15.537  62.178 0.3750000000
53881  41.890  14.527  60.263 0.5000000000
63122  52.121  27.483  45.636 0.1250000000
97454  51.967  27.899  45.776 0.1250000000
64193  52.033  29.047  44.671 0.1250000000
64194  51.556  29.144  44.229 0.1250000000
56568  51.143  17.369  36.544 0.1250000000
55815  52.311  16.364  36.162 0.1250000000
55007  52.549  15.627  36.385 0.1250000000
55824  52.846  16.921  35.898 0.1250000000
58989  53.103  20.652  36.337 0.2500000000
57310  52.201  18.304  36.216 0.1250000000
55821  55.862  16.942  35.761 0.1250000000
57316  54.655  18.943  35.358 0.1250000000
98085  54.694  18.224  35.407 0.1250000000
57802  31.292  19.706  76.246 0.5000000000
57793  30.482  20.082  76.264 0.5000000000
58613  31.288  21.259  74.987 0.2500000000
57803  29.873  20.452  75.682 0.3750000000
57794  29.727  19.776  76.267 0.3750000000
57795  28.644  19.517  76.023 0.3750000000
57000  27.892  18.640  75.506 0.3750000000
83393  27.965  19.233  74.928 0.2500000000
84535  27.061  18.325  73.438 0.1250000000
54596  26.676  15.734  74.123 0.1250000000
52837  26.666  14.102  74.087 0.1250000000
53740  26.252  14.483  71.729 0.1250000000
55431  26.226  17.152  73.131 0.1250000000
89125  25.524  17.051  71.771 0.1250000000
54620  25.658  15.886  71.311 0.1250000000
53753  25.674  14.837  70.378 0.1250000000
53781  25.256  14.684  68.947 0.1250000000
56238  25.897  17.704  71.775 0.1250000000
90474  25.752  16.803  70.432 0.1250000000
55465  25.576  15.972  69.441 0.1250000000
54654  25.385  15.482  68.884 0.1250000000
86711  27.341  17.694  69.341 0.1250000000
56258  26.598  17.151  69.433 0.1250000000
55479  25.721  16.097  68.823 0.1250000000
54667  25.704  15.807  67.374 0.1250000000
55477  26.832  16.641  67.911 0.1250000000
55488  26.040  16.186  68.043 0.1250000000
55495  27.362  16.512  66.241 0.1250000000
55496  26.743  16.221  66.592 0.1250000000
54680  26.056  15.850  66.555 0.1250000000
48355  17.053  9.058  66.134 0.3750000000
49309  16.849  9.654  66.746 0.3750000000
89533  15.714  12.999  68.134 0.2500000000
52909  15.167  13.675  68.336 0.1250000000
52927  14.972  13.338  67.472 0.1250000000
52045  15.753  12.680  67.400 0.2500000000
51170  16.544  11.344  67.043 0.3750000000
52058  16.241  11.855  66.562 0.1250000000
96822  15.883  12.372  66.816 0.2500000000
51175  16.556  11.205  66.217 0.2500000000
50257  16.858  10.556  65.751 0.1250000000
53786  14.459  14.297  68.607 0.2500000000
52910  14.466  13.801  67.979 0.1250000000
52032  15.876  13.248  68.981 0.3750000000
52059  15.256  12.824  66.689 0.2500000000
84221  16.502  11.137  65.391 0.1250000000
51241  36.089  10.924  61.745 0.2500000000
53768  15.588  14.281  69.887 0.2500000000
53769  14.841  14.747  69.395 0.2500000000
53785  15.343  14.040  69.092 0.2500000000
53807  13.850  14.046  68.097 0.1250000000
52948  14.326  13.212  66.639 0.1250000000
52075  15.472  12.075  65.382 0.1250000000
51176  16.005  11.587  65.142 0.1250000000
51218  37.269  11.388  62.059 0.3750000000
51240  36.730  11.029  61.539 0.2500000000
56986  14.027  18.325  77.062 0.2500000000
54625  14.577  15.719  70.596 0.2500000000
54626  13.696  15.929  70.225 0.2500000000
54639  13.299  15.449  69.603 0.1250000000
53757  15.169  15.063  70.231 0.2500000000
54638  14.300  15.389  69.807 0.2500000000
53770  13.883  14.932  69.122 0.2500000000
54656  12.821  14.906  69.044 0.1250000000
53787  13.417  14.456  68.534 0.1250000000
53808  13.022  14.027  67.970 0.1250000000
52929  12.630  13.700  67.320 0.1250000000
52928  13.809  13.669  67.427 0.1250000000
52949  13.207  13.353  66.641 0.1250000000
52093  14.625  12.183  64.852 0.1250000000
52060  14.696  12.684  65.806 0.1250000000
52112  37.773  11.974  62.525 0.3750000000
51189  15.475  11.724  64.629 0.1250000000
52120  37.835  11.990  61.654 0.3750000000
56995  13.409  19.096  75.553 0.2500000000
56243  12.449  17.489  71.533 0.2500000000
56251  12.173  17.182  70.754 0.2500000000
55445  12.930  16.778  71.144 0.2500000000
55454  12.457  16.539  70.381 0.1250000000
54640  12.375  15.469  69.436 0.1250000000
55444  13.892  16.293  71.009 0.2500000000
55453  13.139  16.315  70.555 0.2500000000
55468  12.794  15.975  69.999 0.1250000000
53809  12.123  14.037  67.869 0.1250000000
52076  13.399  12.541  65.197 0.1250000000
51190  14.756  11.737  63.948 0.1250000000
51191  13.693  12.032  64.277 0.1250000000
57799  12.392  20.112  75.637 0.2500000000
57807  12.772  19.539  75.150 0.2500000000
57830  11.491  19.396  71.562 0.1250000000
57024  11.638  18.601  71.339 0.1250000000
57002  13.235  18.981  74.501 0.2500000000
56218  13.753  18.287  74.071 0.2500000000
96376  13.204  18.609  73.829 0.2500000000
56244  11.912  17.893  71.079 0.2500000000
94579  11.618  18.365  70.639 0.1250000000
56252  11.698  17.673  70.227 0.1250000000
56234  13.503  17.511  72.720 0.2500000000
96387  13.649  16.706  71.631 0.2500000000
55455  11.872  16.834  70.054 0.1250000000
54641  11.774  15.705  69.120 0.1250000000
54657  11.988  14.940  68.884 0.1250000000
53788  12.457  14.454  68.446 0.1250000000
53789  11.808  14.601  68.192 0.1250000000
52930  11.918  13.797  67.258 0.1250000000
52950  12.050  13.362  66.610 0.1250000000
52077  11.933  12.537  65.199 0.1250000000
52969  11.602  13.012  65.794 0.1250000000
52094  12.388  12.133  64.436 0.1250000000
52078  11.108  12.815  65.079 0.1250000000
52095  11.296  12.371  64.409 0.1250000000
59467  11.426  21.699  72.717 0.1250000000
89026  11.495  21.234  73.390 0.1250000000
58626  11.545  20.820  72.888 0.1250000000
84750  11.284  20.947  71.320 0.1250000000
88473  11.382  20.946  72.150 0.1250000000
92854  11.537  20.316  72.481 0.1250000000
58633  11.433  20.209  71.815 0.1250000000
57808  12.280  19.949  74.829 0.2500000000
94237  11.653  20.662  73.519 0.2500000000
57822  11.668  19.559  72.452 0.2500000000
84559  11.368  20.131  70.951 0.1250000000
57003  12.529  19.480  74.233 0.2500000000
97986  11.892  19.007  72.675 0.2500000000
57017  11.752  18.817  72.151 0.2500000000
84274  11.456  19.199  70.580 0.1250000000
57009  12.708  18.852  73.630 0.2500000000
57016  12.256  18.542  72.765 0.2500000000
57023  12.047  18.145  71.902 0.2500000000
57008  13.062  18.165  73.254 0.2500000000
56235  12.697  17.818  72.357 0.2500000000
56242  13.173  17.198  71.939 0.2500000000
56260  11.468  17.835  69.410 0.1250000000
94283  11.584  17.178  69.618 0.1250000000
55470  11.645  16.503  69.381 0.1250000000
86670  11.410  17.122  68.958 0.1250000000
55491  11.290  16.053  67.740 0.1250000000
54658  11.548  15.330  68.304 0.1250000000
94597  11.551  14.864  67.870 0.1250000000
53810  11.591  14.421  67.454 0.1250000000
54670  11.373  15.195  67.484 0.1250000000
52951  11.442  13.494  66.143 0.1250000000
51209  12.885  11.815  63.653 0.1250000000
52079  10.794  12.823  64.336 0.1250000000
61122  51.475  24.394  51.000 0.2500000000
94586  51.594  24.741  49.715 0.2500000000
61123  51.507  23.805  50.599 0.3750000000
52105  10.881  12.362  63.577 0.1250000000
58618  11.977  20.158  74.019 0.2500000000
60226  11.391  22.555  71.293 0.1250000000
57815  11.734  20.107  73.114 0.2500000000
57814  12.082  19.340  73.277 0.2500000000
82816  11.442  20.128  70.010 0.1250000000
57031  11.530  18.510  69.922 0.1250000000
55499  11.222  15.782  66.888 0.1250000000
95468  51.355  23.690  52.134 0.1250000000
60351  51.385  22.582  52.643 0.1250000000
61819  51.402  24.973  50.518 0.1250000000
60366  51.446  22.985  51.930 0.1250000000
61830  51.556  25.263  50.001 0.1250000000
61842  51.394  25.528  47.474 0.2500000000
97261  51.591  26.049  48.214 0.2500000000
94065  51.263  24.421  48.832 0.2500000000
61785  51.098  24.196  52.049 0.1250000000
61800  51.241  24.598  51.187 0.1250000000
61108  51.347  24.119  51.582 0.1250000000
59620  51.418  21.669  53.777 0.1250000000
58787  50.290  20.233  53.533 0.2500000000
59637  51.171  21.812  52.877 0.1250000000
63098  51.307  26.172  49.758 0.1250000000
62506  51.363  25.598  50.119 0.1250000000
63105  51.381  26.353  49.213 0.1250000000
86492  51.781  26.968  46.977 0.1250000000
63110  51.514  26.936  47.793 0.1250000000
62515  51.503  26.330  48.634 0.1250000000
92798  51.613  25.257  49.446 0.1250000000
82399  51.587  26.429  47.712 0.1250000000
61836  51.530  25.508  48.627 0.2500000000
57965  51.446  19.624  55.212 0.2500000000
57176  50.118  18.562  55.201 0.3750000000
57168  49.721  18.031  55.774 0.5000000000
57975  50.833  19.951  54.393 0.2500000000
57966  50.516  19.186  54.756 0.3750000000
62499  51.132  25.295  50.765 0.1250000000
59636  51.467  22.562  53.424 0.1250000000
58786  51.185  20.770  54.059 0.2500000000
57967  49.462  18.855  54.366 0.3750000000
63077  50.797  25.598  51.155 0.1250000000
62484  50.521  25.361  51.771 0.1250000000
62462  50.883  24.964  51.528 0.1250000000
63092  50.653  26.332  50.703 0.1250000000
63078  50.599  25.895  51.248 0.1250000000
85162  51.368  26.852  48.544 0.1250000000
63652  51.227  26.800  49.217 0.1250000000
93222  50.924  27.010  49.564 0.1250000000
63100  49.739  27.077  50.077 0.1250000000
63101  48.768  26.846  49.745 0.1250000000
63657  51.217  27.277  48.402 0.1250000000
63658  50.856  27.488  48.766 0.1250000000
63654  49.427  27.367  49.264 0.1250000000
63106  48.562  26.782  48.720 0.1250000000
63660  49.535  27.920  47.854 0.1250000000
57958  51.101  18.911  55.601 0.3750000000
58785  51.805  21.444  54.706 0.1250000000
63063  50.319  25.599  51.869 0.1250000000
63093  50.075  26.640  50.814 0.1250000000
63079  50.294  26.122  51.397 0.1250000000
63094  49.075  26.689  50.649 0.1250000000
63064  49.844  25.812  51.972 0.1250000000
52858  26.528  13.771  72.337 0.1250000000
54603  26.209  15.655  73.049 0.1250000000
56229  26.393  17.903  72.722 0.1250000000
56222  26.929  17.672  73.921 0.1250000000
57021  26.642  18.347  71.800 0.1250000000
57020  27.463  18.966  71.839 0.1250000000
57013  27.103  18.629  72.660 0.1250000000
59462  33.562  21.619  72.575 0.2500000000
53730  26.324  14.701  72.669 0.1250000000
98160  29.646  20.723  75.007 0.2500000000
54610  25.914  15.564  72.025 0.1250000000
95940  29.024  20.044  75.669 0.3750000000
58623  28.762  20.479  73.776 0.2500000000
57005  27.734  19.016  73.621 0.1250000000
83844  27.458  17.096  75.039 0.2500000000
57835  28.139  19.322  70.955 0.1250000000
84775  16.364  7.760  66.163 0.3750000000
58798  50.728  20.996  53.182 0.2500000000
52897  15.860  13.640  69.617 0.2500000000
52119  38.306  12.570  61.214 0.2500000000
59656  50.933  22.002  52.072 0.1250000000
58605  31.743  20.913  75.272 0.5000000000
59456  32.474  21.637  73.778 0.2500000000
59463  32.853  21.823  72.898 0.2500000000
59457  31.562  21.560  73.992 0.1250000000
52924  24.155  13.967  67.064 0.1250000000
53765  25.518  14.356  69.670 0.1250000000
91404  25.784  14.079  70.258 0.1250000000
53782  24.971  14.113  68.255 0.1250000000
56226  13.765  17.758  73.412 0.2500000000
83761  26.699  13.076  72.914 0.1250000000
90581  26.644  13.008  72.116 0.1250000000
58606  31.017  20.778  75.850 0.5000000000
82647  30.369  20.920  75.038 0.3750000000
59458  30.575  21.386  74.158 0.2500000000
56991  29.484  18.947  76.610 0.3750000000
58615  28.844  20.553  74.983 0.2500000000
56207  29.274  17.933  76.723 0.3750000000
56992  28.260  18.607  76.278 0.3750000000
57804  28.259  19.870  75.365 0.3750000000
56208  28.340  17.480  76.801 0.3750000000
56999  28.023  19.306  75.707 0.3750000000
57006  27.620  18.443  74.344 0.2500000000
57819  28.196  19.779  73.160 0.2500000000
57811  28.223  19.875  74.369 0.3750000000
55426  26.299  16.420  73.355 0.1250000000
55425  26.702  16.764  74.105 0.2500000000
53711  26.864  14.761  74.596 0.2500000000
54589  27.138  15.406  75.116 0.2500000000
52848  26.543  13.934  73.285 0.1250000000
53719  26.496  14.802  73.630 0.1250000000
52847  26.758  13.209  74.036 0.1250000000
55432  25.783  16.576  72.509 0.1250000000
55440  25.589  16.373  71.744 0.1250000000
56239  25.752  17.275  71.029 0.1250000000
56230  25.807  17.331  72.385 0.1250000000
54621  25.641  15.697  70.612 0.1250000000
55450  25.637  16.188  70.148 0.1250000000
55449  25.612  16.522  71.021 0.1250000000
94004  25.490  15.357  69.715 0.1250000000
53741  25.868  15.137  71.146 0.1250000000
56248  26.447  17.901  70.856 0.1250000000
56249  26.136  17.245  70.248 0.1250000000
55464  25.917  16.587  69.629 0.1250000000
83083  25.471  15.627  68.131 0.1250000000
53803  25.107  14.966  68.205 0.1250000000
96172  26.745  17.645  70.001 0.1250000000
56265  27.174  17.137  68.617 0.1250000000
55478  26.347  16.628  68.748 0.1250000000
55486  27.205  16.609  67.080 0.1250000000
55487  26.424  16.225  67.260 0.1250000000
50248  17.068  9.913  66.026 0.2500000000
89039  15.668  12.314  66.159 0.1250000000
52074  16.135  11.727  65.808 0.1250000000
52967  13.702  13.024  66.005 0.1250000000
55469  12.057  16.106  69.790 0.1250000000
52968  12.621  12.950  65.926 0.1250000000
53825  11.477  13.926  66.725 0.1250000000
52104  11.658  11.917  63.699 0.1250000000
58639  11.351  20.969  70.416 0.1250000000
55482  11.430  16.274  68.615 0.1250000000
53849  10.819  13.556  64.448 0.1250000000
61136  51.579  24.621  50.337 0.2500000000
60365  51.490  23.785  51.448 0.1250000000
61100  51.171  23.593  52.849 0.1250000000
60350  51.402  23.197  52.817 0.1250000000
62509  51.513  25.831  49.486 0.1250000000
63099  51.017  26.529  49.999 0.1250000000
63665  51.378  27.523  47.616 0.1250000000
58777  51.647  20.502  54.927 0.2500000000
63091  51.023  25.990  50.520 0.1250000000
63653  50.334  27.363  49.481 0.1250000000
63648  50.581  26.878  50.173 0.1250000000
64167  50.518  28.171  48.049 0.1250000000
63659  49.998  27.832  48.727 0.1250000000
57029  27.287  18.597  70.957 0.1250000000
57012  27.695  19.210  72.639 0.1250000000
58631  28.826  20.434  72.568 0.2500000000
54582  27.649  15.639  76.049 0.2500000000
55419  27.690  16.577  76.251 0.2500000000
84601  27.231  16.222  75.102 0.2500000000
60218  32.495  22.144  72.334 0.1250000000
56215  27.758  17.870  74.917 0.2500000000
42919  9.585  3.009  79.851 0.1250000000
42146  11.230  2.111  76.558 0.1250000000
43773  9.994  3.528  78.324 0.1250000000
42935  10.594  2.704  77.172 0.1250000000
42152  11.380  1.975  75.407 0.1250000000
43777  10.085  3.982  77.114 0.1250000000
42941  11.160  2.830  75.651 0.1250000000
84690  10.683  3.508  76.133 0.1250000000
81725  11.411  1.561  74.695 0.1250000000
41319  11.355  0.950  73.351 0.1250000000
42948  11.252  2.331  74.533 0.2500000000
42175  11.348  1.930  73.176 0.1250000000
42162  11.306  1.783  73.948 0.1250000000
42191  11.404  1.343  72.687 0.2500000000
42190  11.608  1.905  72.484 0.2500000000
41331  11.513  1.144  72.019 0.2500000000
41364  11.095  0.026  70.655 0.1250000000
41345  11.613  0.738  71.207 0.2500000000
41363  11.390  0.408  70.288 0.2500000000
41385  10.845  -0.326  69.813 0.1250000000
41384  11.127  0.035  69.373 0.1250000000
52026  29.194  12.778  68.256 0.1250000000
52942  30.066  13.998  66.277 0.1250000000
52922  29.719  14.152  67.157 0.1250000000
52038  28.920  12.862  67.280 0.1250000000
52943  29.267  13.572  66.708 0.1250000000
51162  29.057  12.043  67.835 0.1250000000
44652  22.534  4.410  73.274 0.2500000000
44653  22.094  4.601  73.987 0.2500000000
49255  31.230  9.891  70.356 0.3750000000
48313  31.580  8.962  70.697 0.1250000000
48314  31.259  8.417  70.159 0.1250000000
46510  30.637  6.713  70.722 0.2500000000
56381  48.566  16.542  57.850 0.3750000000
55598  47.795  16.083  58.230 0.5000000000
57129  50.185  19.106  59.599 0.2500000000
57130  49.519  18.591  60.179 0.2500000000
57120  48.204  18.644  61.154 0.1250000000
57166  51.422  18.614  56.497 0.2500000000
56388  50.564  17.906  56.528 0.2500000000
57149  51.095  18.135  58.007 0.2500000000
56369  50.260  17.587  58.303 0.2500000000
57140  49.984  17.883  59.318 0.2500000000
57131  48.677  17.999  60.486 0.2500000000
56360  48.081  17.140  59.754 0.2500000000
56362  46.387  16.693  60.410 0.2500000000
57167  50.675  18.337  55.910 0.2500000000
56380  49.438  17.079  57.537 0.2500000000
56370  49.269  17.137  58.531 0.2500000000
56371  48.374  16.723  58.814 0.3750000000
56361  47.262  16.828  60.046 0.3750000000
55588  45.836  15.984  59.775 0.3750000000
54766  44.528  15.163  59.560 0.5000000000
57156  51.622  18.894  57.548 0.2500000000
97623  51.155  18.113  57.191 0.2500000000
56379  50.410  17.589  57.342 0.2500000000
55574  45.484  16.372  60.540 0.3750000000
55590  44.236  15.494  60.333 0.5000000000
55709  43.753  16.419  50.482 0.2500000000
55719  44.199  16.931  50.053 0.2500000000
56483  45.080  17.742  49.794 0.3750000000
56471  44.838  17.309  50.309 0.2500000000
56484  44.498  17.427  49.498 0.2500000000
88034  45.585  18.575  48.954 0.2500000000
57239  45.044  17.976  49.113 0.2500000000
57251  45.030  18.325  48.234 0.2500000000
56496  44.429  17.682  48.638 0.1250000000
56509  44.305  17.841  47.787 0.1250000000
58048  45.773  19.207  47.304 0.2500000000
87691  45.326  18.732  47.600 0.1250000000
57259  45.254  18.745  46.868 0.1250000000
57260  44.790  18.334  47.345 0.1250000000
55587  46.716  16.146  59.526 0.5000000000
49269  31.136  9.035  69.851 0.1250000000
42932  10.200  2.977  77.815 0.1250000000
41332  11.382  0.480  72.431 0.2500000000
94687  11.276  -0.217  71.857 0.2500000000
52053  29.507  13.458  65.819 0.1250000000
56359  48.986  17.458  59.530 0.2500000000
56347  47.757  17.629  60.580 0.1250000000
56348  47.032  17.345  60.687 0.1250000000
56372  47.556  16.380  59.174 0.3750000000
55589  45.022  15.723  60.046 0.3750000000
56206  30.634  18.084  76.707 0.3750000000
52052  31.566  13.069  65.569 0.1250000000
56990  30.579  19.271  76.667 0.2500000000
82788  30.817  16.917  76.191 0.3750000000
56202  30.049  17.135  76.709 0.3750000000
56203  29.128  17.209  77.054 0.3750000000
58614  29.542  21.060  74.263 0.1250000000
55412  28.647  16.715  77.227 0.2500000000
59473  30.149  21.795  72.656 0.1250000000
59459  29.868  21.567  73.349 0.1250000000
55418  27.945  16.751  77.042 0.2500000000
54575  28.384  16.154  77.372 0.2500000000
53693  28.873  15.542  77.566 0.3750000000
54581  27.974  15.814  77.244 0.2500000000
58627  35.149  21.380  71.067 0.1250000000
53700  28.584  14.882  77.525 0.2500000000
91068  27.932  15.061  76.931 0.1250000000
59476  36.044  21.865  70.104 0.1250000000
58634  36.268  21.410  70.317 0.1250000000
59487  36.638  21.803  69.819 0.1250000000
52825  27.682  13.672  75.954 0.1250000000
51239  37.344  11.426  61.216 0.2500000000
60915  15.351  23.382  78.946 0.1250000000
60207  13.443  23.467  78.662 0.1250000000
59448  12.322  21.902  76.367 0.1250000000
60210  12.624  22.804  77.144 0.1250000000
61624  15.320  24.931  78.163 0.1250000000
60918  14.560  24.133  78.731 0.1250000000
60919  13.523  24.381  78.407 0.1250000000
61626  13.213  25.012  77.905 0.1250000000
97072  12.845  24.637  77.369 0.1250000000
59451  11.805  21.996  75.497 0.1250000000
60211  12.171  22.850  76.116 0.1250000000
59454  11.634  21.297  75.023 0.1250000000
57852  40.998  20.039  67.723 0.1250000000
60926  11.842  24.007  74.971 0.1250000000
59455  11.405  22.027  74.596 0.1250000000
60929  11.510  23.790  74.201 0.1250000000
59461  11.291  21.937  73.687 0.1250000000
57050  41.462  18.817  67.445 0.1250000000
57049  41.970  18.713  66.792 0.1250000000
57062  42.298  18.535  66.219 0.1250000000
57074  43.024  18.330  65.188 0.1250000000
57090  43.212  17.946  64.356 0.1250000000
57089  44.011  18.384  64.082 0.1250000000
58659  40.298  21.094  67.813 0.1250000000
57863  41.758  20.098  67.074 0.1250000000
57876  42.380  19.495  66.500 0.1250000000
57061  42.855  18.892  65.993 0.1250000000
55559  44.372  16.528  61.449 0.3750000000
57851  40.908  21.249  67.149 0.1250000000
58670  41.496  21.418  66.560 0.1250000000
57862  42.151  20.751  66.422 0.1250000000
57875  42.784  20.176  66.030 0.1250000000
58671  40.745  21.894  66.382 0.1250000000
97327  41.856  21.521  66.170 0.1250000000
57887  43.395  19.424  65.563 0.1250000000
57073  43.826  18.774  64.937 0.1250000000
57895  44.480  19.274  64.488 0.1250000000
56321  44.514  17.632  62.560 0.1250000000
58053  45.749  19.209  46.422 0.1250000000
58906  48.290  20.809  43.246 0.2500000000
59810  53.567  21.471  36.264 0.1250000000
59003  54.575  20.658  35.379 0.1250000000
59803  53.341  22.188  36.893 0.1250000000
59811  52.976  21.303  36.726 0.1250000000
59004  53.805  20.709  35.854 0.1250000000
59002  55.563  20.420  34.866 0.1250000000
60519  53.489  23.153  37.431 0.1250000000
93123  52.847  22.360  37.573 0.1250000000
59819  54.831  22.201  35.200 0.1250000000
60535  54.004  22.375  36.189 0.1250000000
89150  55.909  21.337  34.356 0.1250000000
89024  55.087  21.433  35.001 0.1250000000
59820  54.314  21.638  35.629 0.1250000000
59017  56.515  20.607  34.266 0.1250000000
59016  57.375  20.256  33.725 0.1250000000
59026  57.664  20.575  32.860 0.1250000000
60509  53.300  23.725  38.149 0.1250000000
61251  53.963  24.168  37.470 0.1250000000
61260  54.277  23.784  36.828 0.1250000000
60526  54.559  23.302  36.065 0.1250000000
60527  53.955  22.965  36.717 0.1250000000
88551  54.518  22.524  35.659 0.1250000000
59818  55.418  22.326  34.565 0.1250000000
59830  56.832  21.215  33.539 0.1250000000
59839  57.092  21.400  32.633 0.1250000000
60534  54.967  22.989  35.253 0.1250000000
59831  56.082  21.988  33.864 0.1250000000
59036  57.438  20.612  32.210 0.1250000000
58601  12.496  21.156  76.469 0.1250000000
90827  12.854  23.890  77.932 0.1250000000
55421  27.831  17.625  76.134 0.2500000000
58619  11.546  21.096  74.195 0.1250000000
53701  27.493  14.670  75.768 0.1250000000
52836  27.067  13.903  74.905 0.1250000000
60921  12.610  23.750  76.810 0.1250000000
58604  12.084  21.026  75.749 0.1250000000
61625  14.188  25.092  78.138 0.1250000000
60214  11.689  23.036  75.028 0.1250000000
58679  42.337  21.544  65.824 0.1250000000
59840  56.512  22.205  33.127 0.1250000000
81675  16.061  3.771  81.279 0.1250000000
43754  16.218  3.238  80.879 0.1250000000
43787  20.225  4.409  75.360 0.1250000000
43873  23.576  3.102  68.833 0.1250000000
43797  20.649  4.412  74.820 0.1250000000
43796  21.066  4.179  73.955 0.1250000000
82400  21.020  3.719  73.192 0.1250000000
43823  22.117  3.932  72.562 0.1250000000
81472  21.780  3.378  71.729 0.1250000000
85532  22.478  3.952  71.992 0.1250000000
43835  22.475  3.792  71.172 0.1250000000
43848  22.854  3.744  70.402 0.1250000000
84216  23.163  3.459  69.578 0.1250000000
44699  26.286  4.878  68.240 0.1250000000
44700  25.532  4.505  68.339 0.1250000000
43872  24.237  3.557  68.602 0.1250000000
43860  23.849  3.967  69.265 0.1250000000
44708  26.727  4.453  67.608 0.1250000000
44709  26.044  4.283  67.829 0.1250000000
43886  25.509  3.648  67.797 0.1250000000
43887  24.757  3.183  68.050 0.1250000000
43810  21.690  4.057  73.246 0.1250000000
47410  31.050  7.569  70.161 0.1250000000
46520  30.501  6.813  69.800 0.1250000000
46511  29.862  6.302  70.333 0.1250000000
44675  23.205  4.358  71.105 0.1250000000
46521  29.881  6.323  69.393 0.1250000000
45616  28.954  6.043  69.898 0.1250000000
45627  28.301  5.785  69.175 0.1250000000
44685  23.643  4.341  70.246 0.1250000000
45626  29.275  5.942  68.863 0.1250000000
45641  26.739  5.402  68.783 0.1250000000
45628  27.343  5.707  69.382 0.1250000000
45640  27.682  5.478  68.568 0.1250000000
44691  25.783  5.178  69.038 0.1250000000
44692  24.976  4.685  68.966 0.1250000000
93168  24.427  4.236  68.951 0.1250000000
44698  27.140  5.055  68.035 0.1250000000
44664  22.852  4.374  72.591 0.1250000000
44676  23.033  4.336  71.879 0.1250000000
86734  27.922  5.944  69.995 0.1250000000
92886  25.139  5.070  69.599 0.1250000000
90649  24.444  4.672  69.692 0.1250000000
45629  26.482  5.563  69.641 0.1250000000
46504  29.921  6.274  71.260 0.2500000000
94905  23.577  4.672  71.788 0.1250000000
45606  29.081  6.103  70.872 0.1250000000
45617  28.361  6.024  70.574 0.1250000000
45618  27.677  5.903  70.786 0.1250000000
44684  24.332  4.907  70.563 0.1250000000
44674  23.921  4.830  71.191 0.1250000000
95280  27.120  5.781  70.201 0.1250000000
45630  25.708  5.380  70.018 0.1250000000
44683  24.984  5.171  70.361 0.1250000000
47453  17.219  7.912  65.144 0.1250000000
48368  17.356  8.786  65.326 0.2500000000
50256  17.186  10.028  65.345 0.1250000000
54754  42.868  15.248  60.892 0.2500000000
55541  42.704  16.202  62.584 0.1250000000
55561  42.972  15.934  61.919 0.2500000000
54744  42.611  15.372  61.479 0.2500000000
55577  43.245  15.663  61.272 0.2500000000
55575  44.692  16.130  60.765 0.2500000000
54895  42.449  15.596  49.749 0.1250000000
85852  44.029  17.075  49.550 0.1250000000
55710  43.116  15.997  50.096 0.1250000000
54868  42.769  15.430  51.487 0.1250000000
54884  43.286  15.877  50.956 0.1250000000
54885  42.634  15.462  50.606 0.1250000000
54848  42.956  15.379  52.340 0.1250000000
54867  43.441  15.827  51.801 0.1250000000
97047  44.177  16.065  52.566 0.1250000000
54847  43.707  15.728  52.618 0.1250000000
55676  44.052  16.180  52.084 0.1250000000
48369  16.915  8.209  65.830 0.2500000000
55720  43.593  16.655  49.594 0.1250000000
44569  15.639  3.511  81.193 0.1250000000
43871  24.874  4.000  68.418 0.1250000000
55721  42.889  16.189  49.235 0.1250000000
41346  11.352  0.305  71.517 0.1250000000
51185  32.167  12.163  64.182 0.1250000000
51203  32.355  11.864  63.512 0.1250000000
50293  35.514  10.735  61.124 0.1250000000
50292  36.127  10.880  60.989 0.1250000000
50326  36.009  10.906  60.208 0.1250000000
50327  35.244  10.509  59.693 0.1250000000
50337  35.842  11.074  59.200 0.1250000000
51254  36.751  11.116  60.744 0.1250000000
51253  37.357  11.616  60.392 0.1250000000
51267  36.720  11.420  59.730 0.1250000000
51266  37.182  11.927  59.005 0.1250000000
89017  36.577  11.580  58.850 0.1250000000
51278  37.055  11.894  58.209 0.1250000000
94985  37.398  11.872  59.654 0.1250000000
52129  37.864  12.034  60.837 0.1250000000
91149  37.887  12.181  60.054 0.1250000000
51288  37.011  11.780  57.256 0.1250000000
57935  50.732  19.363  59.041 0.1250000000
90100  51.860  19.742  57.581 0.1250000000
57942  51.627  19.647  58.140 0.1250000000
57148  51.301  19.047  58.475 0.1250000000
57139  50.736  18.424  58.885 0.1250000000
52128  38.260  12.536  60.498 0.1250000000
57950  51.914  19.463  56.811 0.1250000000
57949  52.045  20.179  56.246 0.1250000000
57957  51.837  19.401  55.966 0.1250000000
52138  37.828  12.328  59.260 0.1250000000
52146  37.736  12.306  58.459 0.1250000000
52157  37.716  12.192  57.646 0.1250000000
57936  50.080  20.102  59.284 0.1250000000
58746  50.924  20.036  58.655 0.1250000000
93976  51.933  20.234  55.625 0.1250000000
52170  37.906  12.025  56.845 0.1250000000
56335  46.516  17.476  61.149 0.1250000000
56350  45.186  16.753  61.253 0.1250000000
56349  45.886  16.923  61.038 0.1250000000
56337  44.855  17.217  61.894 0.1250000000
51224  31.964  11.636  62.855 0.1250000000
50308  35.441  10.628  60.410 0.1250000000
43068  10.794  2.796  63.731 0.1250000000
44677  16.387  4.653  71.649 0.7500000000
44731  11.005  5.259  65.772 0.3750000000
47433  30.354  7.635  67.621 0.1250000000
49206  30.743  9.429  76.849 0.7500000000
51065  30.110  11.685  76.945 0.5000000000
54573  29.591  16.545  77.120 0.5000000000
54574  29.067  16.127  77.446 0.3750000000
58609  11.908  20.553  74.948 0.1250000000
59465  30.747  21.903  73.250 0.2500000000
82966  16.683  8.964  66.837 0.3750000000
89452  16.831  7.051  73.132 0.8750000000
89807  30.103  9.871  67.565 0.1250000000
89841  30.936  12.501  74.418 0.6250000000
92187  17.385  7.298  74.479 1.0000000000
96660  10.858  1.309  64.306 0.1250000000
97677  23.494  10.001  69.274 0.2500000000
97688  30.792  12.414  75.472 0.6250000000
