
Wed Mar 11 11:53:05 CET 2026
cd /out/sourcedata/freesurfer/sub-v2s16x51234_ses-1
setenv SUBJECTS_DIR /out/sourcedata/freesurfer
/opt/freesurfer/bin/recon-all -autorecon-hemi lh -noparcstats -noparcstats2 -noparcstats3 -nohyporelabel -nobalabels -lh-only -openmp 16 -subjid sub-v2s16x51234_ses-1 -sd /out/sourcedata/freesurfer

subjid sub-v2s16x51234_ses-1
setenv SUBJECTS_DIR /out/sourcedata/freesurfer
FREESURFER_HOME /opt/freesurfer
Actual FREESURFER_HOME /opt/freesurfer
build-stamp.txt: freesurfer-linux-ubuntu22_x86_64-7.3.2-20220804-6354275
Linux dna054 5.14.0-427.37.1.el9_4.x86_64 #1 SMP PREEMPT_DYNAMIC Fri Sep 13 12:41:50 EDT 2024 x86_64 x86_64 x86_64 GNU/Linux
cputime      unlimited
filesize     unlimited
datasize     unlimited
stacksize    8192 kbytes
coredumpsize 0 kbytes
memoryuse    67108864 kbytes
vmemoryuse   unlimited
descriptors  1024 
memorylocked unlimited
maxproc      2061970 
maxlocks     unlimited
maxsignal    2061970 
maxmessage   819200 
maxnice      0 
maxrtprio    0 
maxrttime    unlimited

               total        used        free      shared  buff/cache   available
Mem:           503Gi       102Gi       359Gi        11Gi        41Gi       386Gi
Swap:             0B          0B          0B

########################################
program versions used
7.3.2 (freesurfer-linux-ubuntu22_x86_64-7.3.2-20220804-6354275)
7.3.2

ProgramName: lta_convert  ProgramArguments: lta_convert -all-info  ProgramVersion: 7.3.2  TimeStamp: 2026/03/11-10:53:05-GMT  BuildTime: Aug  4 2022 06:17:15  BuildStamp: freesurfer-linux-ubuntu22_x86_64-7.3.2-20220804-6354275  User: oesteban  Machine: dna054  Platform: Linux  PlatformVersion: 5.14.0-427.37.1.el9_4.x86_64  CompilerName: GCC  CompilerVersion: 8.4.0
ProgramName: mri_and  ProgramArguments: mri_and -all-info  ProgramVersion: 7.3.2  TimeStamp: 2026/03/11-10:53:05-GMT  BuildTime: Aug  4 2022 06:17:15  BuildStamp: freesurfer-linux-ubuntu22_x86_64-7.3.2-20220804-6354275  User: oesteban  Machine: dna054  Platform: Linux  PlatformVersion: 5.14.0-427.37.1.el9_4.x86_64  CompilerName: GCC  CompilerVersion: 8.4.0
ProgramName: mri_annotation2label  ProgramArguments: mri_annotation2label -all-info  ProgramVersion: 7.3.2  TimeStamp: 2026/03/11-10:53:05-GMT  BuildTime: Aug  4 2022 06:17:15  BuildStamp: freesurfer-linux-ubuntu22_x86_64-7.3.2-20220804-6354275  User: oesteban  Machine: dna054  Platform: Linux  PlatformVersion: 5.14.0-427.37.1.el9_4.x86_64  CompilerName: GCC  CompilerVersion: 8.4.0
ProgramName: mri_aparc2aseg  ProgramArguments: mri_aparc2aseg -all-info  ProgramVersion: 7.3.2  TimeStamp: 2026/03/11-10:53:05-GMT  BuildTime: Aug  4 2022 06:17:15  BuildStamp: freesurfer-linux-ubuntu22_x86_64-7.3.2-20220804-6354275  User: oesteban  Machine: dna054  Platform: Linux  PlatformVersion: 5.14.0-427.37.1.el9_4.x86_64  CompilerName: GCC  CompilerVersion: 8.4.0
ProgramName: mri_surf2volseg  ProgramArguments: mri_surf2volseg -all-info  ProgramVersion: 7.3.2  TimeStamp: 2026/03/11-10:53:05-GMT  BuildTime: Aug  4 2022 06:17:15  BuildStamp: freesurfer-linux-ubuntu22_x86_64-7.3.2-20220804-6354275  User: oesteban  Machine: dna054  Platform: Linux  PlatformVersion: 5.14.0-427.37.1.el9_4.x86_64  CompilerName: GCC  CompilerVersion: 8.4.0
ProgramName: mri_binarize  ProgramArguments: mri_binarize -all-info  ProgramVersion: 7.3.2  TimeStamp: 2026/03/11-10:53:05-GMT  BuildTime: Aug  4 2022 06:17:15  BuildStamp: freesurfer-linux-ubuntu22_x86_64-7.3.2-20220804-6354275  User: oesteban  Machine: dna054  Platform: Linux  PlatformVersion: 5.14.0-427.37.1.el9_4.x86_64  CompilerName: GCC  CompilerVersion: 8.4.0
ProgramName: mri_ca_label  ProgramArguments: mri_ca_label -all-info  ProgramVersion: 7.3.2  TimeStamp: 2026/03/11-10:53:05-GMT  BuildTime: Aug  4 2022 06:17:15  BuildStamp: freesurfer-linux-ubuntu22_x86_64-7.3.2-20220804-6354275  User: oesteban  Machine: dna054  Platform: Linux  PlatformVersion: 5.14.0-427.37.1.el9_4.x86_64  CompilerName: GCC  CompilerVersion: 8.4.0
ProgramName: mri_ca_normalize  ProgramArguments: mri_ca_normalize -all-info  ProgramVersion: 7.3.2  TimeStamp: 2026/03/11-10:53:05-GMT  BuildTime: Aug  4 2022 06:17:15  BuildStamp: freesurfer-linux-ubuntu22_x86_64-7.3.2-20220804-6354275  User: oesteban  Machine: dna054  Platform: Linux  PlatformVersion: 5.14.0-427.37.1.el9_4.x86_64  CompilerName: GCC  CompilerVersion: 8.4.0
ProgramName: mri_ca_register  ProgramArguments: mri_ca_register -all-info  ProgramVersion: 7.3.2  TimeStamp: 2026/03/11-10:53:05-GMT  BuildTime: Aug  4 2022 06:17:15  BuildStamp: freesurfer-linux-ubuntu22_x86_64-7.3.2-20220804-6354275  User: oesteban  Machine: dna054  Platform: Linux  PlatformVersion: 5.14.0-427.37.1.el9_4.x86_64  CompilerName: GCC  CompilerVersion: 8.4.0
ProgramName: mri_cc  ProgramArguments: mri_cc -all-info  ProgramVersion: 7.3.2  TimeStamp: 2026/03/11-10:53:05-GMT  BuildTime: Aug  4 2022 06:17:15  BuildStamp: freesurfer-linux-ubuntu22_x86_64-7.3.2-20220804-6354275  User: oesteban  Machine: dna054  Platform: Linux  PlatformVersion: 5.14.0-427.37.1.el9_4.x86_64  CompilerName: GCC  CompilerVersion: 8.4.0
ProgramName: mri_compute_overlap  ProgramArguments: mri_compute_overlap -all-info  ProgramVersion: 7.3.2  TimeStamp: 2026/03/11-10:53:05-GMT  BuildTime: Aug  4 2022 06:17:15  BuildStamp: freesurfer-linux-ubuntu22_x86_64-7.3.2-20220804-6354275  User: oesteban  Machine: dna054  Platform: Linux  PlatformVersion: 5.14.0-427.37.1.el9_4.x86_64  CompilerName: GCC  CompilerVersion: 8.4.0
ProgramName: mri_compute_seg_overlap  ProgramArguments: mri_compute_seg_overlap -all-info  ProgramVersion: 7.3.2  TimeStamp: 2026/03/11-10:53:05-GMT  BuildTime: Aug  4 2022 06:17:15  BuildStamp: freesurfer-linux-ubuntu22_x86_64-7.3.2-20220804-6354275  User: oesteban  Machine: dna054  Platform: Linux  PlatformVersion: 5.14.0-427.37.1.el9_4.x86_64  CompilerName: GCC  CompilerVersion: 8.4.0
ProgramName: mri_concat  ProgramArguments: mri_concat -all-info  ProgramVersion: 7.3.2  TimeStamp: 2026/03/11-10:53:05-GMT  BuildTime: Aug  4 2022 06:17:15  BuildStamp: freesurfer-linux-ubuntu22_x86_64-7.3.2-20220804-6354275  User: oesteban  Machine: dna054  Platform: Linux  PlatformVersion: 5.14.0-427.37.1.el9_4.x86_64  CompilerName: GCC  CompilerVersion: 8.4.0
ProgramName: mri_concatenate_lta  ProgramArguments: mri_concatenate_lta -all-info  ProgramVersion: 7.3.2  TimeStamp: 2026/03/11-10:53:05-GMT  BuildTime: Aug  4 2022 06:17:15  BuildStamp: freesurfer-linux-ubuntu22_x86_64-7.3.2-20220804-6354275  User: oesteban  Machine: dna054  Platform: Linux  PlatformVersion: 5.14.0-427.37.1.el9_4.x86_64  CompilerName: GCC  CompilerVersion: 8.4.0
mri_convert -all-info 
ProgramName: mri_convert  ProgramArguments: mri_convert -all-info  ProgramVersion: 7.3.2  TimeStamp: 2026/03/11-10:53:05-GMT  BuildTime: Aug  4 2022 06:17:15  BuildStamp: freesurfer-linux-ubuntu22_x86_64-7.3.2-20220804-6354275  User: oesteban  Machine: dna054  Platform: Linux  PlatformVersion: 5.14.0-427.37.1.el9_4.x86_64  CompilerName: GCC  CompilerVersion: 8.4.0
ProgramName: mri_diff  ProgramArguments: mri_diff -all-info  ProgramVersion: 7.3.2  TimeStamp: 2026/03/11-10:53:05-GMT  BuildTime: Aug  4 2022 06:17:15  BuildStamp: freesurfer-linux-ubuntu22_x86_64-7.3.2-20220804-6354275  User: oesteban  Machine: dna054  Platform: Linux  PlatformVersion: 5.14.0-427.37.1.el9_4.x86_64  CompilerName: GCC  CompilerVersion: 8.4.0
ProgramName: mri_edit_wm_with_aseg  ProgramArguments: mri_edit_wm_with_aseg -all-info  ProgramVersion: 7.3.2  TimeStamp: 2026/03/11-10:53:05-GMT  BuildTime: Aug  4 2022 06:17:15  BuildStamp: freesurfer-linux-ubuntu22_x86_64-7.3.2-20220804-6354275  User: oesteban  Machine: dna054  Platform: Linux  PlatformVersion: 5.14.0-427.37.1.el9_4.x86_64  CompilerName: GCC  CompilerVersion: 8.4.0
ProgramName: mri_em_register  ProgramArguments: mri_em_register -all-info  ProgramVersion: 7.3.2  TimeStamp: 2026/03/11-10:53:05-GMT  BuildTime: Aug  4 2022 06:17:15  BuildStamp: freesurfer-linux-ubuntu22_x86_64-7.3.2-20220804-6354275  User: oesteban  Machine: dna054  Platform: Linux  PlatformVersion: 5.14.0-427.37.1.el9_4.x86_64  CompilerName: GCC  CompilerVersion: 8.4.0
ProgramName: mri_fill  ProgramArguments: mri_fill -all-info  ProgramVersion: 7.3.2  TimeStamp: 2026/03/11-10:53:05-GMT  BuildTime: Aug  4 2022 06:17:15  BuildStamp: freesurfer-linux-ubuntu22_x86_64-7.3.2-20220804-6354275  User: oesteban  Machine: dna054  Platform: Linux  PlatformVersion: 5.14.0-427.37.1.el9_4.x86_64  CompilerName: GCC  CompilerVersion: 8.4.0
ProgramName: mri_fuse_segmentations  ProgramArguments: mri_fuse_segmentations -all-info  ProgramVersion: 7.3.2  TimeStamp: 2026/03/11-10:53:05-GMT  BuildTime: Aug  4 2022 06:17:15  BuildStamp: freesurfer-linux-ubuntu22_x86_64-7.3.2-20220804-6354275  User: oesteban  Machine: dna054  Platform: Linux  PlatformVersion: 5.14.0-427.37.1.el9_4.x86_64  CompilerName: GCC  CompilerVersion: 8.4.0
ProgramName: mri_fwhm  ProgramArguments: mri_fwhm -all-info  ProgramVersion: 7.3.2  TimeStamp: 2026/03/11-10:53:05-GMT  BuildTime: Aug  4 2022 06:17:15  BuildStamp: freesurfer-linux-ubuntu22_x86_64-7.3.2-20220804-6354275  User: oesteban  Machine: dna054  Platform: Linux  PlatformVersion: 5.14.0-427.37.1.el9_4.x86_64  CompilerName: GCC  CompilerVersion: 8.4.0
ProgramName: mri_gcut  ProgramArguments: mri_gcut -all-info  ProgramVersion: 7.3.2  TimeStamp: 2026/03/11-10:53:05-GMT  BuildTime: Aug  4 2022 06:17:15  BuildStamp: freesurfer-linux-ubuntu22_x86_64-7.3.2-20220804-6354275  User: oesteban  Machine: dna054  Platform: Linux  PlatformVersion: 5.14.0-427.37.1.el9_4.x86_64  CompilerName: GCC  CompilerVersion: 8.4.0
ProgramName: mri_info  ProgramArguments: mri_info -all-info  ProgramVersion: 7.3.2  TimeStamp: 2026/03/11-10:53:05-GMT  BuildTime: Aug  4 2022 06:17:15  BuildStamp: freesurfer-linux-ubuntu22_x86_64-7.3.2-20220804-6354275  User: oesteban  Machine: dna054  Platform: Linux  PlatformVersion: 5.14.0-427.37.1.el9_4.x86_64  CompilerName: GCC  CompilerVersion: 8.4.0
ProgramName: mri_label2label  ProgramArguments: mri_label2label -all-info  ProgramVersion: 7.3.2  TimeStamp: 2026/03/11-10:53:05-GMT  BuildTime: Aug  4 2022 06:17:15  BuildStamp: freesurfer-linux-ubuntu22_x86_64-7.3.2-20220804-6354275  User: oesteban  Machine: dna054  Platform: Linux  PlatformVersion: 5.14.0-427.37.1.el9_4.x86_64  CompilerName: GCC  CompilerVersion: 8.4.0
ProgramName: mri_label2vol  ProgramArguments: mri_label2vol -all-info  ProgramVersion: 7.3.2  TimeStamp: 2026/03/11-10:53:05-GMT  BuildTime: Aug  4 2022 06:17:15  BuildStamp: freesurfer-linux-ubuntu22_x86_64-7.3.2-20220804-6354275  User: oesteban  Machine: dna054  Platform: Linux  PlatformVersion: 5.14.0-427.37.1.el9_4.x86_64  CompilerName: GCC  CompilerVersion: 8.4.0
ProgramName: mri_log_likelihood  ProgramArguments: mri_log_likelihood -all-info  ProgramVersion: 7.3.2  TimeStamp: 2026/03/11-10:53:05-GMT  BuildTime: Aug  4 2022 06:17:15  BuildStamp: freesurfer-linux-ubuntu22_x86_64-7.3.2-20220804-6354275  User: oesteban  Machine: dna054  Platform: Linux  PlatformVersion: 5.14.0-427.37.1.el9_4.x86_64  CompilerName: GCC  CompilerVersion: 8.4.0
ProgramName: mri_mask  ProgramArguments: mri_mask -all-info  ProgramVersion: 7.3.2  TimeStamp: 2026/03/11-10:53:05-GMT  BuildTime: Aug  4 2022 06:17:15  BuildStamp: freesurfer-linux-ubuntu22_x86_64-7.3.2-20220804-6354275  User: oesteban  Machine: dna054  Platform: Linux  PlatformVersion: 5.14.0-427.37.1.el9_4.x86_64  CompilerName: GCC  CompilerVersion: 8.4.0
ProgramName: mri_matrix_multiply  ProgramArguments: mri_matrix_multiply -all-info  ProgramVersion: 7.3.2  TimeStamp: 2026/03/11-10:53:05-GMT  BuildTime: Aug  4 2022 06:17:15  BuildStamp: freesurfer-linux-ubuntu22_x86_64-7.3.2-20220804-6354275  User: oesteban  Machine: dna054  Platform: Linux  PlatformVersion: 5.14.0-427.37.1.el9_4.x86_64  CompilerName: GCC  CompilerVersion: 8.4.0
ProgramName: mri_normalize  ProgramArguments: mri_normalize -all-info  ProgramVersion: 7.3.2  TimeStamp: 2026/03/11-10:53:05-GMT  BuildTime: Aug  4 2022 06:17:15  BuildStamp: freesurfer-linux-ubuntu22_x86_64-7.3.2-20220804-6354275  User: oesteban  Machine: dna054  Platform: Linux  PlatformVersion: 5.14.0-427.37.1.el9_4.x86_64  CompilerName: GCC  CompilerVersion: 8.4.0
ProgramName: mri_normalize_tp2  ProgramArguments: mri_normalize_tp2 -all-info  ProgramVersion: 7.3.2  TimeStamp: 2026/03/11-10:53:05-GMT  BuildTime: Aug  4 2022 06:17:15  BuildStamp: freesurfer-linux-ubuntu22_x86_64-7.3.2-20220804-6354275  User: oesteban  Machine: dna054  Platform: Linux  PlatformVersion: 5.14.0-427.37.1.el9_4.x86_64  CompilerName: GCC  CompilerVersion: 8.4.0
ProgramName: mri_or  ProgramArguments: mri_or -all-info  ProgramVersion: 7.3.2  TimeStamp: 2026/03/11-10:53:05-GMT  BuildTime: Aug  4 2022 06:17:15  BuildStamp: freesurfer-linux-ubuntu22_x86_64-7.3.2-20220804-6354275  User: oesteban  Machine: dna054  Platform: Linux  PlatformVersion: 5.14.0-427.37.1.el9_4.x86_64  CompilerName: GCC  CompilerVersion: 8.4.0
ProgramName: mri_relabel_hypointensities  ProgramArguments: mri_relabel_hypointensities -all-info  ProgramVersion: 7.3.2  TimeStamp: 2026/03/11-10:53:05-GMT  BuildTime: Aug  4 2022 06:17:15  BuildStamp: freesurfer-linux-ubuntu22_x86_64-7.3.2-20220804-6354275  User: oesteban  Machine: dna054  Platform: Linux  PlatformVersion: 5.14.0-427.37.1.el9_4.x86_64  CompilerName: GCC  CompilerVersion: 8.4.0
ProgramName: mri_relabel_nonwm_hypos  ProgramArguments: mri_relabel_nonwm_hypos -all-info  ProgramVersion: 7.3.2  TimeStamp: 2026/03/11-10:53:05-GMT  BuildTime: Aug  4 2022 06:17:15  BuildStamp: freesurfer-linux-ubuntu22_x86_64-7.3.2-20220804-6354275  User: oesteban  Machine: dna054  Platform: Linux  PlatformVersion: 5.14.0-427.37.1.el9_4.x86_64  CompilerName: GCC  CompilerVersion: 8.4.0
ProgramName: mri_remove_neck  ProgramArguments: mri_remove_neck -all-info  ProgramVersion: 7.3.2  TimeStamp: 2026/03/11-10:53:05-GMT  BuildTime: Aug  4 2022 06:17:15  BuildStamp: freesurfer-linux-ubuntu22_x86_64-7.3.2-20220804-6354275  User: oesteban  Machine: dna054  Platform: Linux  PlatformVersion: 5.14.0-427.37.1.el9_4.x86_64  CompilerName: GCC  CompilerVersion: 8.4.0
7.3.2

ProgramName: mri_robust_register  ProgramArguments: mri_robust_register -all-info  ProgramVersion: 7.3.2  TimeStamp: 2026/03/11-10:53:05-GMT  BuildTime: Aug  4 2022 06:17:15  BuildStamp: freesurfer-linux-ubuntu22_x86_64-7.3.2-20220804-6354275  User: oesteban  Machine: dna054  Platform: Linux  PlatformVersion: 5.14.0-427.37.1.el9_4.x86_64  CompilerName: GCC  CompilerVersion: 8.4.0
7.3.2

ProgramName: mri_robust_template  ProgramArguments: mri_robust_template -all-info  ProgramVersion: 7.3.2  TimeStamp: 2026/03/11-10:53:05-GMT  BuildTime: Aug  4 2022 06:17:15  BuildStamp: freesurfer-linux-ubuntu22_x86_64-7.3.2-20220804-6354275  User: oesteban  Machine: dna054  Platform: Linux  PlatformVersion: 5.14.0-427.37.1.el9_4.x86_64  CompilerName: GCC  CompilerVersion: 8.4.0
ProgramName: mris_anatomical_stats  ProgramArguments: mris_anatomical_stats -all-info  ProgramVersion: 7.3.2  TimeStamp: 2026/03/11-10:53:05-GMT  BuildTime: Aug  4 2022 06:17:15  BuildStamp: freesurfer-linux-ubuntu22_x86_64-7.3.2-20220804-6354275  User: oesteban  Machine: dna054  Platform: Linux  PlatformVersion: 5.14.0-427.37.1.el9_4.x86_64  CompilerName: GCC  CompilerVersion: 8.4.0
ProgramName: mris_ca_label  ProgramArguments: mris_ca_label -all-info  ProgramVersion: 7.3.2  TimeStamp: 2026/03/11-10:53:05-GMT  BuildTime: Aug  4 2022 06:17:15  BuildStamp: freesurfer-linux-ubuntu22_x86_64-7.3.2-20220804-6354275  User: oesteban  Machine: dna054  Platform: Linux  PlatformVersion: 5.14.0-427.37.1.el9_4.x86_64  CompilerName: GCC  CompilerVersion: 8.4.0
ProgramName: mris_calc  ProgramArguments: mris_calc -all-info  ProgramVersion: 7.3.2  TimeStamp: 2026/03/11-10:53:05-GMT  BuildTime: Aug  4 2022 06:17:15  BuildStamp: freesurfer-linux-ubuntu22_x86_64-7.3.2-20220804-6354275  User: oesteban  Machine: dna054  Platform: Linux  PlatformVersion: 5.14.0-427.37.1.el9_4.x86_64  CompilerName: GCC  CompilerVersion: 8.4.0
ProgramName: mris_convert  ProgramArguments: mris_convert -all-info  ProgramVersion: 7.3.2  TimeStamp: 2026/03/11-10:53:05-GMT  BuildTime: Aug  4 2022 06:17:15  BuildStamp: freesurfer-linux-ubuntu22_x86_64-7.3.2-20220804-6354275  User: oesteban  Machine: dna054  Platform: Linux  PlatformVersion: 5.14.0-427.37.1.el9_4.x86_64  CompilerName: GCC  CompilerVersion: 8.4.0
ProgramName: mris_curvature  ProgramArguments: mris_curvature -all-info  ProgramVersion: 7.3.2  TimeStamp: 2026/03/11-10:53:05-GMT  BuildTime: Aug  4 2022 06:17:15  BuildStamp: freesurfer-linux-ubuntu22_x86_64-7.3.2-20220804-6354275  User: oesteban  Machine: dna054  Platform: Linux  PlatformVersion: 5.14.0-427.37.1.el9_4.x86_64  CompilerName: GCC  CompilerVersion: 8.4.0
ProgramName: mris_curvature_stats  ProgramArguments: mris_curvature_stats -all-info  ProgramVersion: 7.3.2  TimeStamp: 2026/03/11-10:53:05-GMT  BuildTime: Aug  4 2022 06:17:15  BuildStamp: freesurfer-linux-ubuntu22_x86_64-7.3.2-20220804-6354275  User: oesteban  Machine: dna054  Platform: Linux  PlatformVersion: 5.14.0-427.37.1.el9_4.x86_64  CompilerName: GCC  CompilerVersion: 8.4.0
ProgramName: mris_diff  ProgramArguments: mris_diff -all-info  ProgramVersion: 7.3.2  TimeStamp: 2026/03/11-10:53:05-GMT  BuildTime: Aug  4 2022 06:17:15  BuildStamp: freesurfer-linux-ubuntu22_x86_64-7.3.2-20220804-6354275  User: oesteban  Machine: dna054  Platform: Linux  PlatformVersion: 5.14.0-427.37.1.el9_4.x86_64  CompilerName: GCC  CompilerVersion: 8.4.0
ProgramName: mris_divide_parcellation  ProgramArguments: mris_divide_parcellation -all-info  ProgramVersion: 7.3.2  TimeStamp: 2026/03/11-10:53:05-GMT  BuildTime: Aug  4 2022 06:17:15  BuildStamp: freesurfer-linux-ubuntu22_x86_64-7.3.2-20220804-6354275  User: oesteban  Machine: dna054  Platform: Linux  PlatformVersion: 5.14.0-427.37.1.el9_4.x86_64  CompilerName: GCC  CompilerVersion: 8.4.0
ProgramName: mri_segment  ProgramArguments: mri_segment -all-info  ProgramVersion: 7.3.2  TimeStamp: 2026/03/11-10:53:05-GMT  BuildTime: Aug  4 2022 06:17:15  BuildStamp: freesurfer-linux-ubuntu22_x86_64-7.3.2-20220804-6354275  User: oesteban  Machine: dna054  Platform: Linux  PlatformVersion: 5.14.0-427.37.1.el9_4.x86_64  CompilerName: GCC  CompilerVersion: 8.4.0
ProgramName: mri_segstats  ProgramArguments: mri_segstats -all-info  ProgramVersion: 7.3.2  TimeStamp: 2026/03/11-10:53:05-GMT  BuildTime: Aug  4 2022 06:17:15  BuildStamp: freesurfer-linux-ubuntu22_x86_64-7.3.2-20220804-6354275  User: oesteban  Machine: dna054  Platform: Linux  PlatformVersion: 5.14.0-427.37.1.el9_4.x86_64  CompilerName: GCC  CompilerVersion: 8.4.0
ProgramName: mris_euler_number  ProgramArguments: mris_euler_number -all-info  ProgramVersion: 7.3.2  TimeStamp: 2026/03/11-10:53:05-GMT  BuildTime: Aug  4 2022 06:17:15  BuildStamp: freesurfer-linux-ubuntu22_x86_64-7.3.2-20220804-6354275  User: oesteban  Machine: dna054  Platform: Linux  PlatformVersion: 5.14.0-427.37.1.el9_4.x86_64  CompilerName: GCC  CompilerVersion: 8.4.0
ProgramName: mris_fix_topology  ProgramArguments: mris_fix_topology -all-info  ProgramVersion: 7.3.2  TimeStamp: 2026/03/11-10:53:05-GMT  BuildTime: Aug  4 2022 06:17:15  BuildStamp: freesurfer-linux-ubuntu22_x86_64-7.3.2-20220804-6354275  User: oesteban  Machine: dna054  Platform: Linux  PlatformVersion: 5.14.0-427.37.1.el9_4.x86_64  CompilerName: GCC  CompilerVersion: 8.4.0
ProgramName: mris_topo_fixer  ProgramArguments: mris_topo_fixer -all-info  ProgramVersion: 7.3.2  TimeStamp: 2026/03/11-10:53:05-GMT  BuildTime: Aug  4 2022 06:17:15  BuildStamp: freesurfer-linux-ubuntu22_x86_64-7.3.2-20220804-6354275  User: oesteban  Machine: dna054  Platform: Linux  PlatformVersion: 5.14.0-427.37.1.el9_4.x86_64  CompilerName: GCC  CompilerVersion: 8.4.0
ProgramName: mris_jacobian  ProgramArguments: mris_jacobian -all-info  ProgramVersion: 7.3.2  TimeStamp: 2026/03/11-10:53:05-GMT  BuildTime: Aug  4 2022 06:17:15  BuildStamp: freesurfer-linux-ubuntu22_x86_64-7.3.2-20220804-6354275  User: oesteban  Machine: dna054  Platform: Linux  PlatformVersion: 5.14.0-427.37.1.el9_4.x86_64  CompilerName: GCC  CompilerVersion: 8.4.0
ProgramName: mris_label2annot  ProgramArguments: mris_label2annot -all-info  ProgramVersion: 7.3.2  TimeStamp: 2026/03/11-10:53:05-GMT  BuildTime: Aug  4 2022 06:17:15  BuildStamp: freesurfer-linux-ubuntu22_x86_64-7.3.2-20220804-6354275  User: oesteban  Machine: dna054  Platform: Linux  PlatformVersion: 5.14.0-427.37.1.el9_4.x86_64  CompilerName: GCC  CompilerVersion: 8.4.0
ProgramName: mris_left_right_register  ProgramArguments: mris_left_right_register -all-info  ProgramVersion: 7.3.2  TimeStamp: 2026/03/11-10:53:05-GMT  BuildTime: Aug  4 2022 06:17:15  BuildStamp: freesurfer-linux-ubuntu22_x86_64-7.3.2-20220804-6354275  User: oesteban  Machine: dna054  Platform: Linux  PlatformVersion: 5.14.0-427.37.1.el9_4.x86_64  CompilerName: GCC  CompilerVersion: 8.4.0
ProgramName: mris_place_surface  ProgramArguments: mris_place_surface -all-info  ProgramVersion: 7.3.2  TimeStamp: 2026/03/11-10:53:05-GMT  BuildTime: Aug  4 2022 06:17:15  BuildStamp: freesurfer-linux-ubuntu22_x86_64-7.3.2-20220804-6354275  User: oesteban  Machine: dna054  Platform: Linux  PlatformVersion: 5.14.0-427.37.1.el9_4.x86_64  CompilerName: GCC  CompilerVersion: 8.4.0
ProgramName: mrisp_paint  ProgramArguments: mrisp_paint -all-info  ProgramVersion: 7.3.2  TimeStamp: 2026/03/11-10:53:05-GMT  BuildTime: Aug  4 2022 06:17:15  BuildStamp: freesurfer-linux-ubuntu22_x86_64-7.3.2-20220804-6354275  User: oesteban  Machine: dna054  Platform: Linux  PlatformVersion: 5.14.0-427.37.1.el9_4.x86_64  CompilerName: GCC  CompilerVersion: 8.4.0
ProgramName: mris_register  ProgramArguments: mris_register -all-info  ProgramVersion: 7.3.2  TimeStamp: 2026/03/11-10:53:05-GMT  BuildTime: Aug  4 2022 06:17:15  BuildStamp: freesurfer-linux-ubuntu22_x86_64-7.3.2-20220804-6354275  User: oesteban  Machine: dna054  Platform: Linux  PlatformVersion: 5.14.0-427.37.1.el9_4.x86_64  CompilerName: GCC  CompilerVersion: 8.4.0
ProgramName: mris_smooth  ProgramArguments: mris_smooth -all-info  ProgramVersion: 7.3.2  TimeStamp: 2026/03/11-10:53:05-GMT  BuildTime: Aug  4 2022 06:17:15  BuildStamp: freesurfer-linux-ubuntu22_x86_64-7.3.2-20220804-6354275  User: oesteban  Machine: dna054  Platform: Linux  PlatformVersion: 5.14.0-427.37.1.el9_4.x86_64  CompilerName: GCC  CompilerVersion: 8.4.0
ProgramName: mris_sphere  ProgramArguments: mris_sphere -all-info  ProgramVersion: 7.3.2  TimeStamp: 2026/03/11-10:53:05-GMT  BuildTime: Aug  4 2022 06:17:15  BuildStamp: freesurfer-linux-ubuntu22_x86_64-7.3.2-20220804-6354275  User: oesteban  Machine: dna054  Platform: Linux  PlatformVersion: 5.14.0-427.37.1.el9_4.x86_64  CompilerName: GCC  CompilerVersion: 8.4.0
ProgramName: mris_surface_stats  ProgramArguments: mris_surface_stats -all-info  ProgramVersion: 7.3.2  TimeStamp: 2026/03/11-10:53:05-GMT  BuildTime: Aug  4 2022 06:17:15  BuildStamp: freesurfer-linux-ubuntu22_x86_64-7.3.2-20220804-6354275  User: oesteban  Machine: dna054  Platform: Linux  PlatformVersion: 5.14.0-427.37.1.el9_4.x86_64  CompilerName: GCC  CompilerVersion: 8.4.0
ProgramName: mri_stats2seg  ProgramArguments: mri_stats2seg -all-info  ProgramVersion: 7.3.2  TimeStamp: 2026/03/11-10:53:05-GMT  BuildTime: Aug  4 2022 06:17:15  BuildStamp: freesurfer-linux-ubuntu22_x86_64-7.3.2-20220804-6354275  User: oesteban  Machine: dna054  Platform: Linux  PlatformVersion: 5.14.0-427.37.1.el9_4.x86_64  CompilerName: GCC  CompilerVersion: 8.4.0
ProgramName: mris_thickness  ProgramArguments: mris_thickness -all-info  ProgramVersion: 7.3.2  TimeStamp: 2026/03/11-10:53:05-GMT  BuildTime: Aug  4 2022 06:17:15  BuildStamp: freesurfer-linux-ubuntu22_x86_64-7.3.2-20220804-6354275  User: oesteban  Machine: dna054  Platform: Linux  PlatformVersion: 5.14.0-427.37.1.el9_4.x86_64  CompilerName: GCC  CompilerVersion: 8.4.0
ProgramName: mris_thickness_diff  ProgramArguments: mris_thickness_diff -all-info  ProgramVersion: 7.3.2  TimeStamp: 2026/03/11-10:53:05-GMT  BuildTime: Aug  4 2022 06:17:15  BuildStamp: freesurfer-linux-ubuntu22_x86_64-7.3.2-20220804-6354275  User: oesteban  Machine: dna054  Platform: Linux  PlatformVersion: 5.14.0-427.37.1.el9_4.x86_64  CompilerName: GCC  CompilerVersion: 8.4.0
ProgramName: mris_topo_fixer  ProgramArguments: mris_topo_fixer -all-info  ProgramVersion: 7.3.2  TimeStamp: 2026/03/11-10:53:05-GMT  BuildTime: Aug  4 2022 06:17:15  BuildStamp: freesurfer-linux-ubuntu22_x86_64-7.3.2-20220804-6354275  User: oesteban  Machine: dna054  Platform: Linux  PlatformVersion: 5.14.0-427.37.1.el9_4.x86_64  CompilerName: GCC  CompilerVersion: 8.4.0
ProgramName: mri_surf2surf  ProgramArguments: mri_surf2surf -all-info  ProgramVersion: 7.3.2  TimeStamp: 2026/03/11-10:53:05-GMT  BuildTime: Aug  4 2022 06:17:15  BuildStamp: freesurfer-linux-ubuntu22_x86_64-7.3.2-20220804-6354275  User: oesteban  Machine: dna054  Platform: Linux  PlatformVersion: 5.14.0-427.37.1.el9_4.x86_64  CompilerName: GCC  CompilerVersion: 8.4.0
ProgramName: mri_surf2vol  ProgramArguments: mri_surf2vol -all-info  ProgramVersion: 7.3.2  TimeStamp: 2026/03/11-10:53:05-GMT  BuildTime: Aug  4 2022 06:17:15  BuildStamp: freesurfer-linux-ubuntu22_x86_64-7.3.2-20220804-6354275  User: oesteban  Machine: dna054  Platform: Linux  PlatformVersion: 5.14.0-427.37.1.el9_4.x86_64  CompilerName: GCC  CompilerVersion: 8.4.0
ProgramName: mri_surfcluster  ProgramArguments: mri_surfcluster -all-info  ProgramVersion: 7.3.2  TimeStamp: 2026/03/11-10:53:05-GMT  BuildTime: Aug  4 2022 06:17:15  BuildStamp: freesurfer-linux-ubuntu22_x86_64-7.3.2-20220804-6354275  User: oesteban  Machine: dna054  Platform: Linux  PlatformVersion: 5.14.0-427.37.1.el9_4.x86_64  CompilerName: GCC  CompilerVersion: 8.4.0
ProgramName: mris_volmask  ProgramArguments: mris_volmask -all-info  ProgramVersion: 7.3.2  TimeStamp: 2026/03/11-10:53:05-GMT  BuildTime: Aug  4 2022 06:17:15  BuildStamp: freesurfer-linux-ubuntu22_x86_64-7.3.2-20220804-6354275  User: oesteban  Machine: dna054  Platform: Linux  PlatformVersion: 5.14.0-427.37.1.el9_4.x86_64  CompilerName: GCC  CompilerVersion: 8.4.0
ProgramName: mri_tessellate  ProgramArguments: mri_tessellate -all-info  ProgramVersion: 7.3.2  TimeStamp: 2026/03/11-10:53:05-GMT  BuildTime: Aug  4 2022 06:17:15  BuildStamp: freesurfer-linux-ubuntu22_x86_64-7.3.2-20220804-6354275  User: oesteban  Machine: dna054  Platform: Linux  PlatformVersion: 5.14.0-427.37.1.el9_4.x86_64  CompilerName: GCC  CompilerVersion: 8.4.0
ProgramName: mri_vol2surf  ProgramArguments: mri_vol2surf -all-info  ProgramVersion: 7.3.2  TimeStamp: 2026/03/11-10:53:05-GMT  BuildTime: Aug  4 2022 06:17:15  BuildStamp: freesurfer-linux-ubuntu22_x86_64-7.3.2-20220804-6354275  User: oesteban  Machine: dna054  Platform: Linux  PlatformVersion: 5.14.0-427.37.1.el9_4.x86_64  CompilerName: GCC  CompilerVersion: 8.4.0
ProgramName: mri_vol2vol  ProgramArguments: mri_vol2vol -all-info  ProgramVersion: 7.3.2  TimeStamp: 2026/03/11-10:53:05-GMT  BuildTime: Aug  4 2022 06:17:15  BuildStamp: freesurfer-linux-ubuntu22_x86_64-7.3.2-20220804-6354275  User: oesteban  Machine: dna054  Platform: Linux  PlatformVersion: 5.14.0-427.37.1.el9_4.x86_64  CompilerName: GCC  CompilerVersion: 8.4.0
ProgramName: mri_voldiff  ProgramArguments: mri_voldiff -all-info  ProgramVersion: 7.3.2  TimeStamp: 2026/03/11-10:53:05-GMT  BuildTime: Aug  4 2022 06:17:15  BuildStamp: freesurfer-linux-ubuntu22_x86_64-7.3.2-20220804-6354275  User: oesteban  Machine: dna054  Platform: Linux  PlatformVersion: 5.14.0-427.37.1.el9_4.x86_64  CompilerName: GCC  CompilerVersion: 8.4.0
ProgramName: mri_watershed  ProgramArguments: mri_watershed -all-info  ProgramVersion: 7.3.2  TimeStamp: 2026/03/11-10:53:05-GMT  BuildTime: Aug  4 2022 06:17:15  BuildStamp: freesurfer-linux-ubuntu22_x86_64-7.3.2-20220804-6354275  User: oesteban  Machine: dna054  Platform: Linux  PlatformVersion: 5.14.0-427.37.1.el9_4.x86_64  CompilerName: GCC  CompilerVersion: 8.4.0
ProgramName: tkregister2  ProgramArguments: tkregister2_cmdl -all-info  ProgramVersion: 7.3.2  TimeStamp: 2026/03/11-10:53:05-GMT  BuildTime: Aug  4 2022 06:17:15  BuildStamp: freesurfer-linux-ubuntu22_x86_64-7.3.2-20220804-6354275  User: oesteban  Machine: dna054  Platform: Linux  PlatformVersion: 5.14.0-427.37.1.el9_4.x86_64  CompilerName: GCC  CompilerVersion: 8.4.0
mri_motion_correct.fsl 7.3.2
mri_convert -all-info 
ProgramName: mri_convert  ProgramArguments: mri_convert -all-info  ProgramVersion: 7.3.2  TimeStamp: 2026/03/11-10:53:05-GMT  BuildTime: Aug  4 2022 06:17:15  BuildStamp: freesurfer-linux-ubuntu22_x86_64-7.3.2-20220804-6354275  User: oesteban  Machine: dna054  Platform: Linux  PlatformVersion: 5.14.0-427.37.1.el9_4.x86_64  CompilerName: GCC  CompilerVersion: 8.4.0
Program nu_correct, built from:
Package MNI N3, version 1.12.0, compiled by nicks@terrier (x86_64-unknown-linux-gnu) on 2015-06-19 at 01:25:34
#######################################
GCADIR /opt/freesurfer/average
GCA RB_all_2020-01-02.gca
GCASkull RB_all_withskull_2020_01_02.gca
AvgCurvTif folding.atlas.acfb40.noaparc.i12.2016-08-02.tif
GCSDIR /opt/freesurfer/average
GCS DKaparc.atlas.acfb40.noaparc.i12.2016-08-02.gcs
#######################################
#--------------------------------------------
#@# Tessellate lh Wed Mar 11 11:53:06 CET 2026
/out/sourcedata/freesurfer/sub-v2s16x51234_ses-1/scripts

 mri_pretess ../mri/filled.mgz 255 ../mri/norm.mgz ../mri/filled-pretess255.mgz 


Iteration Number : 1
pass   1 (xy+):   0 found -   0 modified     |    TOTAL:   0
pass   1 (xy-):   3 found -   3 modified     |    TOTAL:   3
pass   2 (xy-):   0 found -   3 modified     |    TOTAL:   3
pass   1 (yz+):   8 found -   8 modified     |    TOTAL:  11
pass   2 (yz+):   0 found -   8 modified     |    TOTAL:  11
pass   1 (yz-):   3 found -   3 modified     |    TOTAL:  14
pass   2 (yz-):   0 found -   3 modified     |    TOTAL:  14
pass   1 (xz+):   2 found -   2 modified     |    TOTAL:  16
pass   2 (xz+):   0 found -   2 modified     |    TOTAL:  16
pass   1 (xz-):   0 found -   0 modified     |    TOTAL:  16
Iteration Number : 1
pass   1 (+++):   0 found -   0 modified     |    TOTAL:   0
pass   1 (+++):   0 found -   0 modified     |    TOTAL:   0
pass   1 (+++):   0 found -   0 modified     |    TOTAL:   0
pass   1 (+++):   0 found -   0 modified     |    TOTAL:   0
Iteration Number : 1
pass   1 (++):   0 found -   0 modified     |    TOTAL:   0
pass   1 (+-):   1 found -   1 modified     |    TOTAL:   1
pass   2 (+-):   0 found -   1 modified     |    TOTAL:   1
pass   1 (--):   0 found -   0 modified     |    TOTAL:   1
pass   1 (-+):   1 found -   1 modified     |    TOTAL:   2
pass   2 (-+):   0 found -   1 modified     |    TOTAL:   2
Iteration Number : 2
pass   1 (xy+):   0 found -   0 modified     |    TOTAL:   0
pass   1 (xy-):   0 found -   0 modified     |    TOTAL:   0
pass   1 (yz+):   0 found -   0 modified     |    TOTAL:   0
pass   1 (yz-):   1 found -   1 modified     |    TOTAL:   1
pass   2 (yz-):   0 found -   1 modified     |    TOTAL:   1
pass   1 (xz+):   0 found -   0 modified     |    TOTAL:   1
pass   1 (xz-):   0 found -   0 modified     |    TOTAL:   1
Iteration Number : 2
pass   1 (+++):   0 found -   0 modified     |    TOTAL:   0
pass   1 (+++):   0 found -   0 modified     |    TOTAL:   0
pass   1 (+++):   0 found -   0 modified     |    TOTAL:   0
pass   1 (+++):   0 found -   0 modified     |    TOTAL:   0
Iteration Number : 2
pass   1 (++):   0 found -   0 modified     |    TOTAL:   0
pass   1 (+-):   0 found -   0 modified     |    TOTAL:   0
pass   1 (--):   0 found -   0 modified     |    TOTAL:   0
pass   1 (-+):   0 found -   0 modified     |    TOTAL:   0
Iteration Number : 3
pass   1 (xy+):   0 found -   0 modified     |    TOTAL:   0
pass   1 (xy-):   0 found -   0 modified     |    TOTAL:   0
pass   1 (yz+):   0 found -   0 modified     |    TOTAL:   0
pass   1 (yz-):   0 found -   0 modified     |    TOTAL:   0
pass   1 (xz+):   0 found -   0 modified     |    TOTAL:   0
pass   1 (xz-):   0 found -   0 modified     |    TOTAL:   0
Iteration Number : 3
pass   1 (+++):   0 found -   0 modified     |    TOTAL:   0
pass   1 (+++):   0 found -   0 modified     |    TOTAL:   0
pass   1 (+++):   0 found -   0 modified     |    TOTAL:   0
pass   1 (+++):   0 found -   0 modified     |    TOTAL:   0
Iteration Number : 3
pass   1 (++):   0 found -   0 modified     |    TOTAL:   0
pass   1 (+-):   0 found -   0 modified     |    TOTAL:   0
pass   1 (--):   0 found -   0 modified     |    TOTAL:   0
pass   1 (-+):   0 found -   0 modified     |    TOTAL:   0

Total Number of Modified Voxels = 19 (out of 224483: 0.008464)
Ambiguous edge configurations... 

mri_pretess done


 mri_tessellate ../mri/filled-pretess255.mgz 255 ../surf/lh.orig.nofix 

7.3.2
  7.3.2
slice 50: 1208 vertices, 1287 faces
slice 60: 5096 vertices, 5275 faces
slice 70: 11300 vertices, 11541 faces
slice 80: 18855 vertices, 19133 faces
slice 90: 27328 vertices, 27638 faces
slice 100: 35444 vertices, 35726 faces
slice 110: 45325 vertices, 45665 faces
slice 120: 56203 vertices, 56562 faces
slice 130: 67454 vertices, 67817 faces
slice 140: 78267 vertices, 78579 faces
slice 150: 87305 vertices, 87592 faces
slice 160: 94685 vertices, 94938 faces
slice 170: 101491 vertices, 101732 faces
slice 180: 108295 vertices, 108520 faces
slice 190: 113538 vertices, 113714 faces
slice 200: 117501 vertices, 117639 faces
slice 210: 119080 vertices, 119090 faces
slice 220: 119080 vertices, 119090 faces
slice 230: 119080 vertices, 119090 faces
slice 240: 119080 vertices, 119090 faces
slice 250: 119080 vertices, 119090 faces
using the conformed surface RAS to save vertex points...
writing ../surf/lh.orig.nofix
using vox2ras matrix:
-1.00000   0.00000   0.00000   128.00000;
 0.00000   0.00000   1.00000  -128.00000;
 0.00000  -1.00000   0.00000   128.00000;
 0.00000   0.00000   0.00000   1.00000;

 rm -f ../mri/filled-pretess255.mgz 


 mris_extract_main_component ../surf/lh.orig.nofix ../surf/lh.orig.nofix 


counting number of connected components...
   119072 voxel in cpt #1: X=-12 [v=119072,e=357252,f=238168] located at (-27.011078, -5.413515, 7.329523)
   8 voxel in cpt #2: X=2 [v=8,e=18,f=12] located at (-1.000000, 18.000000, 6.000000)
For the whole surface: X=-10 [v=119080,e=357270,f=238180]
2 components have been found
keeping component #1 with 119072 vertices
done

#--------------------------------------------
#@# Smooth1 lh Wed Mar 11 11:53:09 CET 2026
/out/sourcedata/freesurfer/sub-v2s16x51234_ses-1/scripts

 mris_smooth -nw -seed 1234 ../surf/lh.orig.nofix ../surf/lh.smoothwm.nofix 

setting seed for random number generator to 1234
smoothing surface tessellation for 10 iterations...
smoothing complete - recomputing first and second fundamental forms...
#--------------------------------------------
#@# Inflation1 lh Wed Mar 11 11:53:12 CET 2026
/out/sourcedata/freesurfer/sub-v2s16x51234_ses-1/scripts

 mris_inflate -no-save-sulc ../surf/lh.smoothwm.nofix ../surf/lh.inflated.nofix 

Not saving sulc
Reading ../surf/lh.smoothwm.nofix
avg radius = 45.2 mm, total surface area = 64358 mm^2
step 000: RMS=0.148 (target=0.015)   step 005: RMS=0.112 (target=0.015)   step 010: RMS=0.083 (target=0.015)   step 015: RMS=0.069 (target=0.015)   step 020: RMS=0.058 (target=0.015)   step 025: RMS=0.051 (target=0.015)   step 030: RMS=0.046 (target=0.015)   step 035: RMS=0.040 (target=0.015)   step 040: RMS=0.038 (target=0.015)   step 045: RMS=0.036 (target=0.015)   step 050: RMS=0.035 (target=0.015)   step 055: RMS=0.034 (target=0.015)   step 060: RMS=0.034 (target=0.015)   writing inflated surface to ../surf/lh.inflated.nofix
inflation took 0.3 minutes

inflation complete.
Not saving sulc
mris_inflate utimesec    111.690409
mris_inflate stimesec    1.635422
mris_inflate ru_maxrss   189720
mris_inflate ru_ixrss    0
mris_inflate ru_idrss    0
mris_inflate ru_isrss    0
mris_inflate ru_minflt   473836
mris_inflate ru_majflt   52
mris_inflate ru_nswap    0
mris_inflate ru_inblock  1672
mris_inflate ru_oublock  8376
mris_inflate ru_msgsnd   0
mris_inflate ru_msgrcv   0
mris_inflate ru_nsignals 0
mris_inflate ru_nvcsw    16152
mris_inflate ru_nivcsw   733
#--------------------------------------------
#@# QSphere lh Wed Mar 11 11:53:28 CET 2026
/out/sourcedata/freesurfer/sub-v2s16x51234_ses-1/scripts

 mris_sphere -q -p 6 -a 128 -seed 1234 ../surf/lh.inflated.nofix ../surf/lh.qsphere.nofix 

doing quick spherical unfolding.
limitting unfolding to 6 passes
using n_averages = 128
setting seed for random number genererator to 1234
version: 7.3.2
available threads: 16
scaling brain by 0.303...
inflating...
projecting onto sphere...
surface projected - minimizing metric distortion...
vertex spacing 1.05 +- 0.60 (0.00-->8.55) (max @ vno 42960 --> 43976)
face area 0.02 +- 0.03 (-0.16-->0.82)
Entering MRISinflateToSphere()
inflating to sphere (rms error < 2.00)
000: dt: 0.0000, rms radial error=178.423, avgs=0
005/300: dt: 0.9000, rms radial error=178.162, avgs=0
010/300: dt: 0.9000, rms radial error=177.602, avgs=0
015/300: dt: 0.9000, rms radial error=176.868, avgs=0
020/300: dt: 0.9000, rms radial error=176.032, avgs=0
025/300: dt: 0.9000, rms radial error=175.137, avgs=0
030/300: dt: 0.9000, rms radial error=174.209, avgs=0
035/300: dt: 0.9000, rms radial error=173.263, avgs=0
040/300: dt: 0.9000, rms radial error=172.310, avgs=0
045/300: dt: 0.9000, rms radial error=171.355, avgs=0
050/300: dt: 0.9000, rms radial error=170.400, avgs=0
055/300: dt: 0.9000, rms radial error=169.448, avgs=0
060/300: dt: 0.9000, rms radial error=168.499, avgs=0
065/300: dt: 0.9000, rms radial error=167.555, avgs=0
070/300: dt: 0.9000, rms radial error=166.615, avgs=0
075/300: dt: 0.9000, rms radial error=165.680, avgs=0
080/300: dt: 0.9000, rms radial error=164.750, avgs=0
085/300: dt: 0.9000, rms radial error=163.825, avgs=0
090/300: dt: 0.9000, rms radial error=162.905, avgs=0
095/300: dt: 0.9000, rms radial error=161.989, avgs=0
100/300: dt: 0.9000, rms radial error=161.079, avgs=0
105/300: dt: 0.9000, rms radial error=160.173, avgs=0
110/300: dt: 0.9000, rms radial error=159.272, avgs=0
115/300: dt: 0.9000, rms radial error=158.376, avgs=0
120/300: dt: 0.9000, rms radial error=157.485, avgs=0
125/300: dt: 0.9000, rms radial error=156.599, avgs=0
130/300: dt: 0.9000, rms radial error=155.718, avgs=0
135/300: dt: 0.9000, rms radial error=154.843, avgs=0
140/300: dt: 0.9000, rms radial error=153.972, avgs=0
145/300: dt: 0.9000, rms radial error=153.107, avgs=0
150/300: dt: 0.9000, rms radial error=152.246, avgs=0
155/300: dt: 0.9000, rms radial error=151.390, avgs=0
160/300: dt: 0.9000, rms radial error=150.539, avgs=0
165/300: dt: 0.9000, rms radial error=149.693, avgs=0
170/300: dt: 0.9000, rms radial error=148.851, avgs=0
175/300: dt: 0.9000, rms radial error=148.015, avgs=0
180/300: dt: 0.9000, rms radial error=147.182, avgs=0
185/300: dt: 0.9000, rms radial error=146.355, avgs=0
190/300: dt: 0.9000, rms radial error=145.532, avgs=0
195/300: dt: 0.9000, rms radial error=144.713, avgs=0
200/300: dt: 0.9000, rms radial error=143.900, avgs=0
205/300: dt: 0.9000, rms radial error=143.090, avgs=0
210/300: dt: 0.9000, rms radial error=142.286, avgs=0
215/300: dt: 0.9000, rms radial error=141.486, avgs=0
220/300: dt: 0.9000, rms radial error=140.690, avgs=0
225/300: dt: 0.9000, rms radial error=139.899, avgs=0
230/300: dt: 0.9000, rms radial error=139.112, avgs=0
235/300: dt: 0.9000, rms radial error=138.330, avgs=0
240/300: dt: 0.9000, rms radial error=137.552, avgs=0
245/300: dt: 0.9000, rms radial error=136.778, avgs=0
250/300: dt: 0.9000, rms radial error=136.009, avgs=0
255/300: dt: 0.9000, rms radial error=135.244, avgs=0
260/300: dt: 0.9000, rms radial error=134.483, avgs=0
265/300: dt: 0.9000, rms radial error=133.727, avgs=0
270/300: dt: 0.9000, rms radial error=132.975, avgs=0
275/300: dt: 0.9000, rms radial error=132.227, avgs=0
280/300: dt: 0.9000, rms radial error=131.483, avgs=0
285/300: dt: 0.9000, rms radial error=130.743, avgs=0
290/300: dt: 0.9000, rms radial error=130.007, avgs=0
295/300: dt: 0.9000, rms radial error=129.276, avgs=0
300/300: dt: 0.9000, rms radial error=128.549, avgs=0

spherical inflation complete.
epoch 1 (K=10.0), pass 1, starting sse = 13960.58
taking momentum steps...
taking momentum steps...
taking momentum steps...
taking momentum steps...
pass 1 complete, delta sse/iter = 0.00/13 = 0.00022
epoch 2 (K=40.0), pass 1, starting sse = 2283.88
taking momentum steps...
taking momentum steps...
taking momentum steps...
taking momentum steps...
pass 1 complete, delta sse/iter = 0.00/13 = 0.00022
epoch 3 (K=160.0), pass 1, starting sse = 210.92
taking momentum steps...
taking momentum steps...
taking momentum steps...
taking momentum steps...
pass 1 complete, delta sse/iter = 0.14/15 = 0.00921
epoch 4 (K=640.0), pass 1, starting sse = 9.65
taking momentum steps...
taking momentum steps...
taking momentum steps...
taking momentum steps...
pass 1 complete, delta sse/iter = 0.12/20 = 0.00604
final distance error %100000.00
writing spherical brain to ../surf/lh.qsphere.nofix
spherical transformation took 0.0194 hours
FSRUNTIME@ mris_sphere  0.0194 hours 16 threads
#VMPC# mris_sphere VmPeak  1591012
mris_sphere done
#@# Fix Topology lh Wed Mar 11 11:54:38 CET 2026

 mris_fix_topology -mgz -sphere qsphere.nofix -inflated inflated.nofix -orig orig.nofix -out orig.premesh -ga -seed 1234 sub-v2s16x51234_ses-1 lh 

reading spherical homeomorphism from 'qsphere.nofix'
reading inflated coordinates from 'inflated.nofix'
reading original coordinates from 'orig.nofix'
using genetic algorithm with optimized parameters
setting seed for random number genererator to 1234

*************************************************************
Topology Correction Parameters
retessellation mode:           genetic search
number of patches/generation : 10
number of generations :        10
surface mri loglikelihood coefficient :         1.0
volume mri loglikelihood coefficient :          10.0
normal dot loglikelihood coefficient :          1.0
quadratic curvature loglikelihood coefficient : 1.0
volume resolution :                             2
eliminate vertices during search :              1
initial patch selection :                       1
select all defect vertices :                    0
ordering dependant retessellation:              0
use precomputed edge table :                    0
smooth retessellated patch :                    2
match retessellated patch :                     1
verbose mode :                                  0

*************************************************************
INFO: assuming .mgz format
writing corrected surface to 'orig.premesh'
7.3.2
  7.3.2
before topology correction, eno=-12 (nv=119072, nf=238168, ne=357252, g=7)
using quasi-homeomorphic spherical map to tessellate cortical surface...

Correction of the Topology
Finding true center and radius of Spherical Surface...done
Surface centered at (0,0,0) with radius 100.0 in 12 iterations
marking ambiguous vertices...
3273 ambiguous faces found in tessellation
segmenting defects...
16 defects found, arbitrating ambiguous regions...
analyzing neighboring defects...
16 defects to be corrected 
0 vertices coincident
reading input surface /out/sourcedata/freesurfer/sub-v2s16x51234_ses-1/surf/lh.qsphere.nofix...
reading brain volume from brain...
reading wm segmentation from wm...
Reading original properties of orig.nofix
Reading vertex positions of inflated.nofix
Computing Initial Surface Statistics
      -face       loglikelihood: -9.2180  (-4.6090)
      -vertex     loglikelihood: -6.2826  (-3.1413)
      -normal dot loglikelihood: -3.6317  (-3.6317)
      -quad curv  loglikelihood: -6.1335  (-3.0667)
      Total Loglikelihood : -25.2658
CORRECTING DEFECT 0 (vertices=346, convex hull=60, v0=0)
After retessellation of defect 0 (v0=0), euler #=-13 (117235,351277,234029) : difference with theory (-13) = 0 
CORRECTING DEFECT 1 (vertices=139, convex hull=84, v0=7696)
After retessellation of defect 1 (v0=7696), euler #=-12 (117258,351377,234107) : difference with theory (-12) = 0 
CORRECTING DEFECT 2 (vertices=23, convex hull=66, v0=14626)
After retessellation of defect 2 (v0=14626), euler #=-11 (117270,351438,234157) : difference with theory (-11) = 0 
CORRECTING DEFECT 3 (vertices=6, convex hull=25, v0=39064)
After retessellation of defect 3 (v0=39064), euler #=-10 (117273,351455,234172) : difference with theory (-10) = 0 
CORRECTING DEFECT 4 (vertices=306, convex hull=332, v0=42032)
After retessellation of defect 4 (v0=42032), euler #=-9 (117292,351680,234379) : difference with theory (-9) = 0 
CORRECTING DEFECT 5 (vertices=37, convex hull=40, v0=44859)
After retessellation of defect 5 (v0=44859), euler #=-8 (117304,351730,234418) : difference with theory (-8) = 0 
CORRECTING DEFECT 6 (vertices=21, convex hull=47, v0=46514)
After retessellation of defect 6 (v0=46514), euler #=-7 (117317,351784,234460) : difference with theory (-7) = 0 
CORRECTING DEFECT 7 (vertices=7, convex hull=19, v0=53871)
After retessellation of defect 7 (v0=53871), euler #=-6 (117319,351793,234468) : difference with theory (-6) = 0 
CORRECTING DEFECT 8 (vertices=19, convex hull=38, v0=54115)
After retessellation of defect 8 (v0=54115), euler #=-5 (117331,351843,234507) : difference with theory (-5) = 0 
CORRECTING DEFECT 9 (vertices=85, convex hull=100, v0=72993)
After retessellation of defect 9 (v0=72993), euler #=-4 (117368,352002,234630) : difference with theory (-4) = 0 
CORRECTING DEFECT 10 (vertices=141, convex hull=34, v0=76165)
After retessellation of defect 10 (v0=76165), euler #=-3 (117380,352050,234667) : difference with theory (-3) = 0 
CORRECTING DEFECT 11 (vertices=670, convex hull=107, v0=80906)
After retessellation of defect 11 (v0=80906), euler #=-2 (117413,352195,234780) : difference with theory (-2) = 0 
CORRECTING DEFECT 12 (vertices=21, convex hull=44, v0=81612)
After retessellation of defect 12 (v0=81612), euler #=-1 (117421,352234,234812) : difference with theory (-1) = 0 
CORRECTING DEFECT 13 (vertices=6, convex hull=18, v0=81701)
After retessellation of defect 13 (v0=81701), euler #=0 (117423,352244,234821) : difference with theory (0) = 0 
CORRECTING DEFECT 14 (vertices=11, convex hull=29, v0=117373)
After retessellation of defect 14 (v0=117373), euler #=1 (117424,352258,234835) : difference with theory (1) = 0 
CORRECTING DEFECT 15 (vertices=12, convex hull=24, v0=117704)
After retessellation of defect 15 (v0=117704), euler #=2 (117426,352272,234848) : difference with theory (2) = 0 
computing original vertex metric properties...
storing new metric properties...
computing tessellation statistics...
vertex spacing 0.89 +- 0.22 (0.11-->12.93) (max @ vno 45464 --> 48830)
face area -nan +- -nan (1000.00-->-1.00)
performing soap bubble on retessellated vertices for 0 iterations...
vertex spacing 0.89 +- 0.22 (0.11-->12.93) (max @ vno 45464 --> 48830)
face area -nan +- -nan (1000.00-->-1.00)
tessellation finished, orienting corrected surface...
73 mutations (37.8%), 120 crossovers (62.2%), 225 vertices were eliminated
building final representation...
1646 vertices and 0 faces have been removed from triangulation
after topology correction, eno=2 (nv=117426, nf=234848, ne=352272, g=0)
writing corrected surface to /out/sourcedata/freesurfer/sub-v2s16x51234_ses-1/surf/lh.orig.premesh...

0.000 % of the vertices (0 vertices) exhibit an orientation change
removing intersecting faces
000: 98 intersecting
001: 22 intersecting
terminating search with 0 intersecting
topology fixing took 1.1 minutes
FSRUNTIME@ mris_fix_topology lh  0.0176 hours 16 threads
#VMPC# mris_fix_topology VmPeak  1834380

 mris_euler_number ../surf/lh.orig.premesh 

euler # = v-e+f = 2g-2: 117426 - 352272 + 234848 = 2 --> 0 holes
      F =2V-4:          234848 = 234852-4 (0)
      2E=3F:            704544 = 704544 (0)

total defect index = 0
Wed Mar 11 11:55:42 CET 2026

setenv SUBJECTS_DIR /out/sourcedata/freesurfer
cd /out/sourcedata/freesurfer/sub-v2s16x51234_ses-1/scripts
/opt/freesurfer/bin/defect2seg --s sub-v2s16x51234_ses-1 --lh-only --cortex

freesurfer-linux-ubuntu22_x86_64-7.3.2-20220804-6354275
defect2seg 7.3.2
Linux dna054 5.14.0-427.37.1.el9_4.x86_64 #1 SMP PREEMPT_DYNAMIC Fri Sep 13 12:41:50 EDT 2024 x86_64 x86_64 x86_64 GNU/Linux
pid 3528560
mri_label2label --label-cortex /out/sourcedata/freesurfer/sub-v2s16x51234_ses-1/surf/lh.orig.nofix /out/sourcedata/freesurfer/sub-v2s16x51234_ses-1/mri/aseg.presurf.mgz 0 /out/sourcedata/freesurfer/sub-v2s16x51234_ses-1/label/lh.nofix.cortex.label

 Generating cortex label... RemoveHipAmgy=0
 NucAccIsMedialWall=0
 mris->useRealRAS=0
11 non-cortical segments detected
only using segment with 6844 vertices
erasing segment 0 (vno[0] = 24338)
erasing segment 2 (vno[0] = 73011)
erasing segment 3 (vno[0] = 80940)
erasing segment 4 (vno[0] = 81925)
erasing segment 5 (vno[0] = 83620)
erasing segment 6 (vno[0] = 86175)
erasing segment 7 (vno[0] = 86185)
erasing segment 8 (vno[0] = 86253)
erasing segment 9 (vno[0] = 89245)
erasing segment 10 (vno[0] = 92283)
mri_label2vol --defects /out/sourcedata/freesurfer/sub-v2s16x51234_ses-1/surf/lh.orig.nofix /out/sourcedata/freesurfer/sub-v2s16x51234_ses-1/surf/lh.defect_labels /out/sourcedata/freesurfer/sub-v2s16x51234_ses-1/mri/orig.mgz 1000 0 /out/sourcedata/freesurfer/sub-v2s16x51234_ses-1/mri/lh.surface.defects.mgz /out/sourcedata/freesurfer/sub-v2s16x51234_ses-1/label/lh.nofix.cortex.label
mri_label2vol supposed to be reproducible but seed not set
Contraining to label /out/sourcedata/freesurfer/sub-v2s16x51234_ses-1/label/lh.nofix.cortex.label
Changing input type 0 to MRI_INT
Converting defects to volume: offset=1000, merge=0
Writing to /out/sourcedata/freesurfer/sub-v2s16x51234_ses-1/mri/lh.surface.defects.mgz
mris_defects_pointset -s /out/sourcedata/freesurfer/sub-v2s16x51234_ses-1/surf/lh.orig.nofix -d /out/sourcedata/freesurfer/sub-v2s16x51234_ses-1/surf/lh.defect_labels -o /out/sourcedata/freesurfer/sub-v2s16x51234_ses-1/surf/lh.defects.pointset --label /out/sourcedata/freesurfer/sub-v2s16x51234_ses-1/label/lh.nofix.cortex.label
Reading in surface /out/sourcedata/freesurfer/sub-v2s16x51234_ses-1/surf/lh.orig.nofix
Reading in defect segmentation /out/sourcedata/freesurfer/sub-v2s16x51234_ses-1/surf/lh.defect_labels
Reading in label /out/sourcedata/freesurfer/sub-v2s16x51234_ses-1/label/lh.nofix.cortex.label
#VMPC# mris_defects_pointset 1434360
mris_defects_pointset done
 
Started at Wed Mar 11 11:55:41 CET 2026 
Ended   at Wed Mar 11 11:55:57 CET 2026
Defect2seg-Run-Time-Sec 15
Defect2seg-Run-Time-Min 0.30
Defect2seg-Run-Time-Hours 0.00
 
tkmeditfv sub-v2s16x51234_ses-1 brain.finalsurfs.mgz -defect
defect2seg Done

 mris_remesh --remesh --iters 3 --input /out/sourcedata/freesurfer/sub-v2s16x51234_ses-1/surf/lh.orig.premesh --output /out/sourcedata/freesurfer/sub-v2s16x51234_ses-1/surf/lh.orig 

iters = 3
standard remeshing without target
   adjusted l: 0.709491
remeshing to edge length 0.709491 with 3 iterations

avg qual before   : 0.89143  after: 0.971225

Removing intersections
Remeshed surface quality stats nv0 = 117426  nv = 122823  1.04596
Area    245642  0.30113  0.03342 0.084110   0.4650
Corner  736926 60.00000  8.79537 18.688839 141.2413
Edge    368463  0.84187  0.08207 0.439563   1.2898
Hinge   368463  9.29445  9.96738 0.000039 137.3746
mris_remesh done
/out/sourcedata/freesurfer/sub-v2s16x51234_ses-1/scripts

 mris_remove_intersection ../surf/lh.orig ../surf/lh.orig 

intersection removal took 0.00 hours
writing corrected surface to ../surf/lh.orig

 rm -f ../surf/lh.inflated 

#--------------------------------------------
#@# AutoDetGWStats lh Wed Mar 11 11:56:29 CET 2026
cd /out/sourcedata/freesurfer/sub-v2s16x51234_ses-1/mri
mris_autodet_gwstats --o ../surf/autodet.gw.stats.lh.dat --i brain.finalsurfs.mgz --wm wm.mgz --surf ../surf/lh.orig.premesh
7.3.2

cd /out/sourcedata/freesurfer/sub-v2s16x51234_ses-1/mri
setenv SUBJECTS_DIR /out/sourcedata/freesurfer
mris_autodet_gwstats --o ../surf/autodet.gw.stats.lh.dat --i brain.finalsurfs.mgz --wm wm.mgz --surf ../surf/lh.orig.premesh 

border white:    215637 voxels (1.29%)
border gray      244678 voxels (1.46%)
Reading in intensity volume brain.finalsurfs.mgz
Reading in wm volume wm.mgz
Reading in surf ../surf/lh.orig.premesh
Auto detecting stats
MRIclipBrightWM(): nthresh=11474, wmmin=5, clip=110 
Binarizing thresholding at 5
computing class statistics... low=30, hi=110.000000
CCS WM (97.0): 97.6 +- 8.4 [70.0 --> 110.0]
CCS GM (71.0) : 71.3 +- 9.8 [30.0 --> 110.0]
white_mean = 97.5839 +/- 8.3919, gray_mean = 71.2789 +/- 9.78609
using class modes intead of means, discounting robust sigmas....
MRIScomputeClassModes(): min=0 max=151 nbins=152
intensity peaks found at WM=103+-7.0,    GM=64+-7.0
white_mode = 103, gray_mode = 64
std_scale = 1
Applying sanity checks, max_scale_down = 0.2
setting MIN_GRAY_AT_WHITE_BORDER to 54.2 (was 70.000000)
setting MAX_BORDER_WHITE to 111.4 (was 105.000000)
setting MIN_BORDER_WHITE to 64.0 (was 85.000000)
setting MAX_CSF to 44.4 (was 40.000000)
setting MAX_GRAY to 94.6 (was 95.000000)
setting MAX_GRAY_AT_CSF_BORDER to 54.2 (was 75.000000)
setting MIN_GRAY_AT_CSF_BORDER to 34.6 (was 40.000000)
When placing the white surface
  white_border_hi   = 111.392;
  white_border_low  = 64;
  white_outside_low = 54.2139;
  white_inside_hi   = 120;
  white_outside_hi  = 111.392;
When placing the pial surface
  pial_border_hi   = 54.2139;
  pial_border_low  = 34.6417;
  pial_outside_low = 10;
  pial_inside_hi   = 94.6081;
  pial_outside_hi  = 49.3209;
#VMPC# mris_autodet_gwstats VmPeak  1318932
mris_autodet_gwstats done
#--------------------------------------------
#@# WhitePreAparc lh Wed Mar 11 11:56:32 CET 2026
cd /out/sourcedata/freesurfer/sub-v2s16x51234_ses-1/mri
mris_place_surface --adgws-in ../surf/autodet.gw.stats.lh.dat --wm wm.mgz --threads 16 --invol brain.finalsurfs.mgz --lh --i ../surf/lh.orig --o ../surf/lh.white.preaparc --white --seg aseg.presurf.mgz --nsmooth 5
7.3.2
7.3.2

cd /out/sourcedata/freesurfer/sub-v2s16x51234_ses-1/mri
setenv SUBJECTS_DIR /out/sourcedata/freesurfer
mris_place_surface --adgws-in ../surf/autodet.gw.stats.lh.dat --wm wm.mgz --threads 16 --invol brain.finalsurfs.mgz --lh --i ../surf/lh.orig --o ../surf/lh.white.preaparc --white --seg aseg.presurf.mgz --nsmooth 5 

Reading in input surface ../surf/lh.orig
Smoothing surface before ripping with 5 iterations
Area    245642  0.26754  0.06298 0.000439   0.5695
Corner  736926 60.00000  9.47511 3.640935 156.8722
Edge    368463  0.78975  0.11405 0.035138   1.3110
Hinge   368463  6.27071  6.40497 0.000018 142.6735
Not reading in aparc
Reading in input volume brain.finalsurfs.mgz
Reading in wm volume wm.mgz
MRIclipBrightWM(): nthresh=11474, wmmin=5, clip=110 
MRIfindBrightNonWM(): 57 bright non-wm voxels segmented.
Masking bright non-wm for white surface
MRImask(): AllowDiffGeom = 1
MRImask(): AllowDiffGeom = 1
Reading in seg volume aseg.presurf.mgz
Ripping frozen voxels
INFO: rip surface needed but not specified, so using input surface
Freezing midline and others
Entering: MRISripMidline(): inhibiting deformation at non-cortical midline structures...
  which=1, fix_mtl=0, using annot = 0
#FML0# MRISripMidline(): nripped=0
removing 2 vertices from ripped group in thread:0
#FML# MRISripMidline(): nmarked=6224, nmarked2=149, nripped=6224
Ripping segs (eg, WMSA, BG, frozen)
Starting MRISripSegs() d = (-2 2 0.5) segnos: 247 
MRISripSegs(): -2 2 0.5 ripped 0
vertex 61412: xyz = (-8.183,5.29075,25.8439) oxyz = (-8.183,5.29075,25.8439) wxzy = (-8.183,5.29075,25.8439) pxyz = (0,0,0) 
CBVO Creating mask 122823
n_averages 4
Iteration 0 =========================================
n_averages=4, current_sigma=2
Freezing midline and others
Ripping frozen voxels
INFO: rip surface needed but not specified, so using input surface
Freezing midline and others
Entering: MRISripMidline(): inhibiting deformation at non-cortical midline structures...
  which=1, fix_mtl=0, using annot = 0
#FML0# MRISripMidline(): nripped=6224
removing 2 vertices from ripped group in thread:0
#FML# MRISripMidline(): nmarked=6224, nmarked2=149, nripped=6224
Ripping segs (eg, WMSA, BG, frozen)
Starting MRISripSegs() d = (-2 2 0.5) segnos: 247 247 
MRISripSegs(): -2 2 0.5 ripped 0
Computing target border values 
Entering MRIScomputeBorderValues_new(): 
  inside_hi   = 120.0000000;
  border_hi   = 111.3919070;
  border_low  =  64.0000000;
  outside_low =  54.2139130;
  outside_hi  = 111.3919070;
  sigma = 2;
  max_thickness = 10;
  step_size=0.5;
  STEP_SIZE=0.1;
  which = 1
  thresh = 0
  flags = 0
  CBVfindFirstPeakD1=0
  CBVfindFirstPeakD2=0
  nvertices=122823
  Gdiag_no=-1
  vno start=0, stop=122823
Replacing 255s with 0s
#SI# sigma=2 had to be increased for 43 vertices, nripped=6224
mean border=78.4, 58 (58) missing vertices, mean dist 0.3 [0.4 (%35.7)->0.7 (%64.3))]
%81 local maxima, %14 large gradients and % 0 min vals, 0 gradients ignored
nFirstPeakD1 0
MRIScomputeBorderValues_new() finished in 0.0137 min


Finding expansion regions
mean absolute distance = 0.64 +- 0.79
4297 vertices more than 2 sigmas from mean.
Averaging target values for 5 iterations...
Positioning Surface: tspring = 0.3, nspring = 0.3, spring = 0, niters = 100 l_repulse = 5, l_surf_repulse = 0, checktol = 0
Positioning pial surface
Entering MRISpositionSurface()
  max_mm = 0.3
  MAX_REDUCTIONS = 2, REDUCTION_PCT = 0.5
  parms->check_tol = 0, niterations = 100
tol=1.0e-04, sigma=2.0, host=dna05, nav=4, nbrs=2, l_repulse=5.000, l_tspring=0.300, l_nspring=0.300, l_intensity=0.200, l_curv=1.000
mom=0.00, dt=0.50
complete_dist_mat 0
rms 0
smooth_averages 0
remove_neg 0
ico_order 0
which_surface 0
target_radius 0.000000
nfields 0
scale 0.000000
desired_rms_height 0.000000
momentum 0.000000
nbhd_size 0
max_nbrs 0
niterations 100
nsurfaces 0
SURFACES 3
flags 0 (0)
use curv 0
no sulc 0
no rigid align 0
mris->nsize 2
mris->hemisphere 0
randomSeed 0

000: dt: 0.0000, sse=2727468.2, rms=10.548
001: dt: 0.5000, sse=1494103.5, rms=7.648 (27.492%)
002: dt: 0.5000, sse=964650.9, rms=5.984 (21.753%)
003: dt: 0.5000, sse=697202.8, rms=4.930 (17.608%)
004: dt: 0.5000, sse=551065.7, rms=4.233 (14.151%)
005: dt: 0.5000, sse=472473.9, rms=3.819 (9.786%)
006: dt: 0.5000, sse=430849.0, rms=3.564 (6.675%)
007: dt: 0.5000, sse=411283.7, rms=3.447 (3.279%)
008: dt: 0.5000, sse=398155.0, rms=3.358 (2.580%)
rms = 3.3374/3.3578, sse=395897.3/398155.0, time step reduction 1 of 3 to 0.250  0 0 1
009: dt: 0.5000, sse=395897.3, rms=3.337 (0.608%)
010: dt: 0.2500, sse=214148.7, rms=1.798 (46.115%)
011: dt: 0.2500, sse=188538.2, rms=1.459 (18.857%)
012: dt: 0.2500, sse=182088.2, rms=1.355 (7.111%)
013: dt: 0.2500, sse=179143.9, rms=1.302 (3.962%)
rms = 1.2705/1.3018, sse=177389.8/179143.9, time step reduction 2 of 3 to 0.125  0 0 1
014: dt: 0.2500, sse=177389.8, rms=1.270 (2.405%)
rms = 1.2321/1.2705, sse=175150.0/177389.8, time step reduction 3 of 3 to 0.062  0 0 1
015: dt: 0.1250, sse=175150.0, rms=1.232 (3.024%)
  maximum number of reductions reached, breaking from loop
positioning took 1.3 minutes
Iteration 1 =========================================
n_averages=2, current_sigma=1
Freezing midline and others
Ripping frozen voxels
INFO: rip surface needed but not specified, so using input surface
Freezing midline and others
Entering: MRISripMidline(): inhibiting deformation at non-cortical midline structures...
  which=1, fix_mtl=0, using annot = 0
#FML0# MRISripMidline(): nripped=6224
removing 3 vertices from ripped group in thread:0
removing 4 vertices from ripped group in thread:0
removing 3 vertices from ripped group in thread:0
removing 1 vertices from ripped group in thread:0
removing 3 vertices from ripped group in thread:0
removing 3 vertices from ripped group in thread:0
removing 3 vertices from ripped group in thread:0
#FML# MRISripMidline(): nmarked=6388, nmarked2=172, nripped=6388
Ripping segs (eg, WMSA, BG, frozen)
Starting MRISripSegs() d = (-2 2 0.5) segnos: 247 247 247 
MRISripSegs(): -2 2 0.5 ripped 0
Computing target border values 
Entering MRIScomputeBorderValues_new(): 
  inside_hi   = 120.0000000;
  border_hi   = 111.3919070;
  border_low  =  64.0000000;
  outside_low =  54.2139130;
  outside_hi  = 111.3919070;
  sigma = 1;
  max_thickness = 10;
  step_size=0.5;
  STEP_SIZE=0.1;
  which = 1
  thresh = 0
  flags = 0
  CBVfindFirstPeakD1=0
  CBVfindFirstPeakD2=0
  nvertices=122823
  Gdiag_no=-1
  vno start=0, stop=122823
Replacing 255s with 0s
#SI# sigma=1 had to be increased for 55 vertices, nripped=6388
mean border=80.8, 71 (2) missing vertices, mean dist -0.1 [0.3 (%75.0)->0.3 (%25.0))]
%87 local maxima, % 8 large gradients and % 0 min vals, 0 gradients ignored
nFirstPeakD1 0
MRIScomputeBorderValues_new() finished in 0.0094 min


Finding expansion regions
mean absolute distance = 0.27 +- 0.50
2086 vertices more than 2 sigmas from mean.
Averaging target values for 5 iterations...
Positioning Surface: tspring = 0.3, nspring = 0.3, spring = 0, niters = 100 l_repulse = 5, l_surf_repulse = 0, checktol = 0
Positioning pial surface
Entering MRISpositionSurface()
  max_mm = 0.3
  MAX_REDUCTIONS = 2, REDUCTION_PCT = 0.5
  parms->check_tol = 0, niterations = 100
tol=1.0e-04, sigma=1.0, host=dna05, nav=2, nbrs=2, l_repulse=5.000, l_tspring=0.300, l_nspring=0.300, l_intensity=0.200, l_curv=1.000
mom=0.00, dt=0.50
000: dt: 0.0000, sse=565822.7, rms=4.053
016: dt: 0.5000, sse=352833.0, rms=2.698 (33.418%)
rms = 2.8795/2.6984, sse=376489.1/352833.0, time step reduction 1 of 3 to 0.250  0 1 1
   RMS increased, rejecting step
017: dt: 0.2500, sse=265670.8, rms=1.881 (30.307%)
018: dt: 0.2500, sse=228377.0, rms=1.389 (26.135%)
019: dt: 0.2500, sse=218045.8, rms=1.217 (12.355%)
020: dt: 0.2500, sse=215054.0, rms=1.153 (5.277%)
rms = 1.1099/1.1532, sse=212815.8/215054.0, time step reduction 2 of 3 to 0.125  0 0 1
021: dt: 0.2500, sse=212815.8, rms=1.110 (3.755%)
rms = 1.0766/1.1099, sse=210961.4/212815.8, time step reduction 3 of 3 to 0.062  0 0 1
022: dt: 0.1250, sse=210961.4, rms=1.077 (3.005%)
  maximum number of reductions reached, breaking from loop
positioning took 0.6 minutes
Iteration 2 =========================================
n_averages=1, current_sigma=0.5
Freezing midline and others
Ripping frozen voxels
INFO: rip surface needed but not specified, so using input surface
Freezing midline and others
Entering: MRISripMidline(): inhibiting deformation at non-cortical midline structures...
  which=1, fix_mtl=0, using annot = 0
#FML0# MRISripMidline(): nripped=6388
removing 4 vertices from ripped group in thread:0
removing 4 vertices from ripped group in thread:0
removing 4 vertices from ripped group in thread:0
removing 2 vertices from ripped group in thread:0
removing 1 vertices from ripped group in thread:0
removing 3 vertices from ripped group in thread:0
removing 2 vertices from ripped group in thread:0
removing 2 vertices from ripped group in thread:0
removing 2 vertices from ripped group in thread:0
removing 3 vertices from ripped group in thread:0
#FML# MRISripMidline(): nmarked=6483, nmarked2=171, nripped=6483
Ripping segs (eg, WMSA, BG, frozen)
Starting MRISripSegs() d = (-2 2 0.5) segnos: 247 247 247 247 
MRISripSegs(): -2 2 0.5 ripped 0
Computing target border values 
Entering MRIScomputeBorderValues_new(): 
  inside_hi   = 120.0000000;
  border_hi   = 111.3919070;
  border_low  =  64.0000000;
  outside_low =  54.2139130;
  outside_hi  = 111.3919070;
  sigma = 0.5;
  max_thickness = 10;
  step_size=0.5;
  STEP_SIZE=0.1;
  which = 1
  thresh = 0
  flags = 0
  CBVfindFirstPeakD1=0
  CBVfindFirstPeakD2=0
  nvertices=122823
  Gdiag_no=-1
  vno start=0, stop=122823
Replacing 255s with 0s
#SI# sigma=0.5 had to be increased for 48 vertices, nripped=6483
mean border=82.3, 51 (1) missing vertices, mean dist -0.1 [0.2 (%67.2)->0.2 (%32.8))]
%90 local maxima, % 5 large gradients and % 0 min vals, 0 gradients ignored
nFirstPeakD1 0
MRIScomputeBorderValues_new() finished in 0.0054 min


Finding expansion regions
mean absolute distance = 0.21 +- 0.39
2330 vertices more than 2 sigmas from mean.
Averaging target values for 5 iterations...
Positioning Surface: tspring = 0.3, nspring = 0.3, spring = 0, niters = 100 l_repulse = 5, l_surf_repulse = 0, checktol = 0
Positioning pial surface
Entering MRISpositionSurface()
  max_mm = 0.3
  MAX_REDUCTIONS = 2, REDUCTION_PCT = 0.5
  parms->check_tol = 0, niterations = 100
tol=1.0e-04, sigma=0.5, host=dna05, nav=1, nbrs=2, l_repulse=5.000, l_tspring=0.300, l_nspring=0.300, l_intensity=0.200, l_curv=1.000
mom=0.00, dt=0.50
000: dt: 0.0000, sse=316283.1, rms=2.386
023: dt: 0.5000, sse=313420.2, rms=2.336 (2.103%)
rms = 2.6648/2.3362, sse=355897.7/313420.2, time step reduction 1 of 3 to 0.250  0 1 1
   RMS increased, rejecting step
024: dt: 0.2500, sse=235246.3, rms=1.475 (36.875%)
025: dt: 0.2500, sse=215253.3, rms=1.098 (25.534%)
026: dt: 0.2500, sse=212350.1, rms=0.994 (9.477%)
rms = 0.9752/0.9941, sse=206817.1/212350.1, time step reduction 2 of 3 to 0.125  0 0 1
027: dt: 0.2500, sse=206817.1, rms=0.975 (1.900%)
rms = 0.9373/0.9752, sse=205431.8/206817.1, time step reduction 3 of 3 to 0.062  0 0 1
028: dt: 0.1250, sse=205431.8, rms=0.937 (3.882%)
  maximum number of reductions reached, breaking from loop
positioning took 0.5 minutes
Iteration 3 =========================================
n_averages=0, current_sigma=0.25
Freezing midline and others
Ripping frozen voxels
INFO: rip surface needed but not specified, so using input surface
Freezing midline and others
Entering: MRISripMidline(): inhibiting deformation at non-cortical midline structures...
  which=1, fix_mtl=0, using annot = 0
#FML0# MRISripMidline(): nripped=6483
removing 4 vertices from ripped group in thread:0
removing 2 vertices from ripped group in thread:0
removing 3 vertices from ripped group in thread:0
removing 3 vertices from ripped group in thread:0
removing 2 vertices from ripped group in thread:0
#FML# MRISripMidline(): nmarked=6553, nmarked2=170, nripped=6553
Ripping segs (eg, WMSA, BG, frozen)
Starting MRISripSegs() d = (-2 2 0.5) segnos: 247 247 247 247 247 
MRISripSegs(): -2 2 0.5 ripped 0
Computing target border values 
Entering MRIScomputeBorderValues_new(): 
  inside_hi   = 120.0000000;
  border_hi   = 111.3919070;
  border_low  =  64.0000000;
  outside_low =  54.2139130;
  outside_hi  = 111.3919070;
  sigma = 0.25;
  max_thickness = 10;
  step_size=0.5;
  STEP_SIZE=0.1;
  which = 1
  thresh = 0
  flags = 0
  CBVfindFirstPeakD1=0
  CBVfindFirstPeakD2=0
  nvertices=122823
  Gdiag_no=-1
  vno start=0, stop=122823
Replacing 255s with 0s
#SI# sigma=0.25 had to be increased for 62 vertices, nripped=6553
mean border=82.9, 58 (0) missing vertices, mean dist -0.0 [0.2 (%54.9)->0.2 (%45.1))]
%91 local maxima, % 4 large gradients and % 0 min vals, 0 gradients ignored
nFirstPeakD1 0
MRIScomputeBorderValues_new() finished in 0.0052 min


Finding expansion regions
mean absolute distance = 0.21 +- 0.34
2512 vertices more than 2 sigmas from mean.
Averaging target values for 5 iterations...
Positioning Surface: tspring = 0.3, nspring = 0.3, spring = 0, niters = 100 l_repulse = 5, l_surf_repulse = 0, checktol = 0
Positioning pial surface
Entering MRISpositionSurface()
  max_mm = 0.3
  MAX_REDUCTIONS = 2, REDUCTION_PCT = 0.5
  parms->check_tol = 0, niterations = 100
tol=1.0e-04, sigma=0.2, host=dna05, nav=0, nbrs=2, l_repulse=5.000, l_tspring=0.300, l_nspring=0.300, l_intensity=0.200, l_curv=1.000
mom=0.00, dt=0.50
000: dt: 0.0000, sse=224348.6, rms=1.320
rms = 1.4719/1.3204, sse=236951.8/224348.6, time step reduction 1 of 3 to 0.250  0 1 1
   RMS increased, rejecting step
029: dt: 0.2500, sse=204327.8, rms=0.941 (28.750%)
030: dt: 0.2500, sse=197191.6, rms=0.746 (20.724%)
rms = 0.7412/0.7458, sse=196758.9/197191.6, time step reduction 2 of 3 to 0.125  0 0 1
031: dt: 0.2500, sse=196758.9, rms=0.741 (0.615%)
rms = 0.7318/0.7412, sse=198255.6/196758.9, time step reduction 3 of 3 to 0.062  0 1 1
032: dt: 0.1250, sse=198255.6, rms=0.732 (1.268%)
  maximum number of reductions reached, breaking from loop
positioning took 0.4 minutes


Writing output to ../surf/lh.white.preaparc
#ET# mris_place_surface  2.98 minutes
#VMPC# mris_place_surfaces VmPeak  3012616
mris_place_surface done
#--------------------------------------------
#@# CortexLabel lh Wed Mar 11 11:59:37 CET 2026
cd /out/sourcedata/freesurfer/sub-v2s16x51234_ses-1/mri
mri_label2label --label-cortex ../surf/lh.white.preaparc aseg.presurf.mgz 0 ../label/lh.cortex.label

 Generating cortex label... RemoveHipAmgy=0
 NucAccIsMedialWall=0
 mris->useRealRAS=0
12 non-cortical segments detected
only using segment with 7291 vertices
erasing segment 0 (vno[0] = 20318)
erasing segment 2 (vno[0] = 34770)
erasing segment 3 (vno[0] = 38109)
erasing segment 4 (vno[0] = 38915)
erasing segment 5 (vno[0] = 54249)
erasing segment 6 (vno[0] = 55214)
erasing segment 7 (vno[0] = 58091)
erasing segment 8 (vno[0] = 69447)
erasing segment 9 (vno[0] = 70951)
erasing segment 10 (vno[0] = 75611)
erasing segment 11 (vno[0] = 101064)
#--------------------------------------------
#@# CortexLabel+HipAmyg lh Wed Mar 11 11:59:49 CET 2026
cd /out/sourcedata/freesurfer/sub-v2s16x51234_ses-1/mri
mri_label2label --label-cortex ../surf/lh.white.preaparc aseg.presurf.mgz 1 ../label/lh.cortex+hipamyg.label

 Generating cortex label... RemoveHipAmgy=1
 NucAccIsMedialWall=0
 mris->useRealRAS=0
10 non-cortical segments detected
only using segment with 5027 vertices
erasing segment 0 (vno[0] = 20318)
erasing segment 2 (vno[0] = 34767)
erasing segment 3 (vno[0] = 34770)
erasing segment 4 (vno[0] = 38109)
erasing segment 5 (vno[0] = 38915)
erasing segment 6 (vno[0] = 69447)
erasing segment 7 (vno[0] = 70951)
erasing segment 8 (vno[0] = 75611)
erasing segment 9 (vno[0] = 101064)
#--------------------------------------------
#@# Smooth2 lh Wed Mar 11 12:00:02 CET 2026
/out/sourcedata/freesurfer/sub-v2s16x51234_ses-1/scripts

 mris_smooth -n 3 -nw -seed 1234 ../surf/lh.white.preaparc ../surf/lh.smoothwm 

smoothing for 3 iterations
setting seed for random number generator to 1234
smoothing surface tessellation for 3 iterations...
smoothing complete - recomputing first and second fundamental forms...
#--------------------------------------------
#@# Inflation2 lh Wed Mar 11 12:00:05 CET 2026
/out/sourcedata/freesurfer/sub-v2s16x51234_ses-1/scripts

 mris_inflate ../surf/lh.smoothwm ../surf/lh.inflated 

Reading ../surf/lh.smoothwm
avg radius = 45.1 mm, total surface area = 77788 mm^2
step 000: RMS=0.170 (target=0.015)   step 005: RMS=0.114 (target=0.015)   step 010: RMS=0.085 (target=0.015)   step 015: RMS=0.071 (target=0.015)   step 020: RMS=0.058 (target=0.015)   step 025: RMS=0.049 (target=0.015)   step 030: RMS=0.041 (target=0.015)   step 035: RMS=0.034 (target=0.015)   step 040: RMS=0.029 (target=0.015)   step 045: RMS=0.026 (target=0.015)   step 050: RMS=0.023 (target=0.015)   step 055: RMS=0.021 (target=0.015)   step 060: RMS=0.020 (target=0.015)   writing inflated surface to ../surf/lh.inflated
writing sulcal depths to ../surf/lh.sulc

inflation complete.
inflation took 0.2 minutes
mris_inflate utimesec    60.141051
mris_inflate stimesec    0.901824
mris_inflate ru_maxrss   191248
mris_inflate ru_ixrss    0
mris_inflate ru_idrss    0
mris_inflate ru_isrss    0
mris_inflate ru_minflt   150712
mris_inflate ru_majflt   2
mris_inflate ru_nswap    0
mris_inflate ru_inblock  130
mris_inflate ru_oublock  9600
mris_inflate ru_msgsnd   0
mris_inflate ru_msgrcv   0
mris_inflate ru_nsignals 0
mris_inflate ru_nvcsw    9255
mris_inflate ru_nivcsw   268
#--------------------------------------------
#@# Curv .H and .K lh Wed Mar 11 12:00:18 CET 2026
/out/sourcedata/freesurfer/sub-v2s16x51234_ses-1/surf

 mris_curvature -w -seed 1234 lh.white.preaparc 

setting seed for random number generator to 1234
total integrated curvature = 29.990*4pi (376.865) --> -29 handles
ICI = 130.8, FI = 1268.8, variation=19824.849
writing Gaussian curvature to ./lh.white.preaparc.K...done.
writing mean curvature to ./lh.white.preaparc.H...done.
rm -f lh.white.H
ln -s lh.white.preaparc.H lh.white.H
rm -f lh.white.K
ln -s lh.white.preaparc.K lh.white.K

 mris_curvature -seed 1234 -thresh .999 -n -a 5 -w -distances 10 10 lh.inflated 

setting seed for random number generator to 1234
normalizing curvature values.
averaging curvature patterns 5 times.
sampling 10 neighbors out to a distance of 10 mm
149 vertices thresholded to be in k1 ~ [-0.78 0.26], k2 ~ [-0.20 0.10]
total integrated curvature = 0.590*4pi (7.413) --> 0 handles
ICI = 1.5, FI = 9.0, variation=155.178
109 vertices thresholded to be in [-0.03 0.04]
writing Gaussian curvature to ./lh.inflated.K...thresholding curvature at 99.90% level
curvature mean = 0.000, std = 0.002
108 vertices thresholded to be in [-0.28 0.13]
done.
writing mean curvature to ./lh.inflated.H...curvature mean = -0.017, std = 0.023
done.
#--------------------------------------------
#@# Sphere lh Wed Mar 11 12:00:59 CET 2026
/out/sourcedata/freesurfer/sub-v2s16x51234_ses-1/scripts

 mris_sphere -seed 1234 ../surf/lh.inflated ../surf/lh.sphere 

setting seed for random number genererator to 1234
version: 7.3.2
available threads: 16
reading original vertex positions...
projecting onto sphere...
surface projected - minimizing metric distortion...
scaling brain by 0.286...
MRISunfold() max_passes = 1 -------
tol=5.0e-01, sigma=0.0, host=dna05, nav=1024, nbrs=2, l_area=1.000, l_dist=1.000
using quadratic fit line minimization
complete_dist_mat 0
rms 0
smooth_averages 0
remove_neg 0
ico_order 0
which_surface 0
target_radius 0.000000
nfields 0
scale 1.000000
desired_rms_height -1.000000
momentum 0.900000
nbhd_size 7
max_nbrs 8
niterations 25
nsurfaces 0
SURFACES 3
flags 0 (0)
use curv 0
no sulc 0
no rigid align 0
mris->nsize 2
mris->hemisphere 0
randomSeed 1234

singular matrix in quadratic form
singular matrix in quadratic form
singular matrix in quadratic form
singular matrix in quadratic form
singular matrix in quadratic form
singular matrix in quadratic form
singular matrix in quadratic form
singular matrix in quadratic form
--------------------
  mrisRemoveNegativeArea()
pass 1: epoch 1 of 3 starting distance error %19.73
pass 1: epoch 2 of 3 starting distance error %19.73
unfolding complete - removing small folds...
starting distance error %19.65
removing remaining folds...
final distance error %19.69
MRISunfold() return, current seed 1234
-01: dt=0.0000,   5 negative triangles  VmPeak 2001436
174: dt=0.9900,   5 negative triangles
175: dt=0.9900,   1 negative triangles
176: dt=0.9900,   1 negative triangles
177: dt=0.9900,   1 negative triangles
178: dt=0.9900,   2 negative triangles
179: dt=0.9900,   1 negative triangles
180: dt=0.9900,   1 negative triangles
writing spherical brain to ../surf/lh.sphere
spherical transformation took 0.0705 hours
FSRUNTIME@ mris_sphere  0.0705 hours 16 threads
#VMPC# mris_sphere VmPeak  2001436
mris_sphere done
#--------------------------------------------
#@# Surf Reg lh Wed Mar 11 12:05:13 CET 2026
/out/sourcedata/freesurfer/sub-v2s16x51234_ses-1/scripts

 mris_register -curv ../surf/lh.sphere /opt/freesurfer/average/lh.folding.atlas.acfb40.noaparc.i12.2016-08-02.tif ../surf/lh.sphere.reg 

using smoothwm curvature for final alignment

cwd /out/sourcedata/freesurfer/sub-v2s16x51234_ses-1/scripts
cmdline mris_register -curv ../surf/lh.sphere /opt/freesurfer/average/lh.folding.atlas.acfb40.noaparc.i12.2016-08-02.tif ../surf/lh.sphere.reg 

0 inflated.H
1 sulc
2 smoothwm (computed)
7.3.2
  7.3.2
reading surface from ../surf/lh.sphere...
reading template parameterization from /opt/freesurfer/average/lh.folding.atlas.acfb40.noaparc.i12.2016-08-02.tif...
MRISregister() -------
max_passes = 4 
min_degrees = 0.500000 
max_degrees = 64.000000 
nangles = 8 
tol=5.0e-01, sigma=0.0, host=dna05, nav=1024, nbrs=1, l_extern=10000.000, l_parea=0.200, l_nlarea=1.000, l_corr=1.000, l_dist=5.000
using quadratic fit line minimization
complete_dist_mat 0
rms 0
smooth_averages 0
remove_neg 0
ico_order 0
which_surface 0
target_radius 0.000000
nfields 0
scale 0.000000
desired_rms_height -1.000000
momentum 0.950000
nbhd_size -10
max_nbrs 10
niterations 25
nsurfaces 0
SURFACES 3
flags 16 (10)
use curv 16
no sulc 0
no rigid align 0
mris->nsize 1
mris->hemisphere 0
randomSeed 0

tol=5.0e-01, sigma=0.0, host=dna05, nav=1024, nbrs=1, l_extern=10000.000, l_parea=0.200, l_nlarea=1.000, l_corr=1.000, l_dist=5.000
using quadratic fit line minimization
--------------------
1 Reading lh.sulc
tol=1.0e+00, sigma=0.5, host=dna05, nav=1024, nbrs=1, l_extern=10000.000, l_parea=0.200, l_nlarea=1.000, l_corr=0.050, l_spring=0.500, l_dist=5.000
using quadratic fit line minimization
curvature mean = 0.000, std = 5.689
curvature mean = 0.052, std = 0.819
curvature mean = 0.002, std = 0.880
Starting MRISrigidBodyAlignGlobal()
Starting new MRISrigidBodyAlignGlobal_findMinSSE()
  new MRISrigidBodyAlignGlobal_findMinSSE min @ (6.50, -8.50, 18.00) sse = 225447.4, elapsed since starting=0.1018 min
MRISrigidBodyAlignGlobal() done   0.10 min
curvature mean = 0.057, std = 0.841
curvature mean = -0.000, std = 0.955
curvature mean = 0.057, std = 0.853
curvature mean = 0.000, std = 0.982
curvature mean = 0.057, std = 0.857
curvature mean = -0.000, std = 0.993
2 Reading smoothwm
curvature mean = -0.017, std = 0.251
curvature mean = 0.053, std = 0.248
curvature mean = 0.034, std = 0.407
curvature mean = 0.047, std = 0.307
curvature mean = 0.027, std = 0.605
curvature mean = 0.047, std = 0.334
curvature mean = 0.014, std = 0.743
curvature mean = 0.047, std = 0.346
curvature mean = 0.004, std = 0.842
MRISregister() return, current seed 0
writing registered surface to ../surf/lh.sphere.reg...
-01: dt=0.0000,   0 negative triangles  VmPeak 1580384
registration took 0.08 hours
#VMPC# mris_register VmPeak  1580384
FSRUNTIME@ mris_register  0.0769 hours 16 threads

 ln -sf lh.sphere.reg lh.fsaverage.sphere.reg 

#--------------------------------------------
#@# Jacobian white lh Wed Mar 11 12:09:50 CET 2026
/out/sourcedata/freesurfer/sub-v2s16x51234_ses-1/scripts

 mris_jacobian ../surf/lh.white.preaparc ../surf/lh.sphere.reg ../surf/lh.jacobian_white 

reading surface from ../surf/lh.white.preaparc...
writing curvature file ../surf/lh.jacobian_white
#--------------------------------------------
#@# AvgCurv lh Wed Mar 11 12:09:51 CET 2026
/out/sourcedata/freesurfer/sub-v2s16x51234_ses-1/scripts

 mrisp_paint -a 5 /opt/freesurfer/average/lh.folding.atlas.acfb40.noaparc.i12.2016-08-02.tif#6 ../surf/lh.sphere.reg ../surf/lh.avg_curv 

averaging curvature patterns 5 times...
reading surface from ../surf/lh.sphere.reg...
reading template parameterization from /opt/freesurfer/average/lh.folding.atlas.acfb40.noaparc.i12.2016-08-02.tif...
writing curvature file to ../surf/lh.avg_curv...
#-----------------------------------------
#@# Cortical Parc lh Wed Mar 11 12:09:52 CET 2026
/out/sourcedata/freesurfer/sub-v2s16x51234_ses-1/scripts

 mris_ca_label -l ../label/lh.cortex.label -aseg ../mri/aseg.presurf.mgz -seed 1234 sub-v2s16x51234_ses-1 lh ../surf/lh.sphere.reg /opt/freesurfer/average/lh.DKaparc.atlas.acfb40.noaparc.i12.2016-08-02.gcs ../label/lh.aparc.annot 

setting seed for random number generator to 1234
using ../mri/aseg.presurf.mgz aseg volume to correct midline
7.3.2
  7.3.2
reading atlas from /opt/freesurfer/average/lh.DKaparc.atlas.acfb40.noaparc.i12.2016-08-02.gcs...
reading color table from GCSA file....
average std = 0.8   using min determinant for regularization = 0.006
0 singular and 342 ill-conditioned covariance matrices regularized
input 0: MEAN CURVATURE, flags 0, avgs 5, name mean_curvature
labeling surface...
1297 labels changed using aseg
relabeling using gibbs priors...
000:   2920 changed, 122823 examined...
001:    604 changed, 12525 examined...
002:    132 changed, 3509 examined...
003:     42 changed, 837 examined...
004:     17 changed, 266 examined...
005:      7 changed, 103 examined...
006:      4 changed, 41 examined...
007:      1 changed, 23 examined...
008:      0 changed, 7 examined...
201 labels changed using aseg
000: 112 total segments, 70 labels (175 vertices) changed
001: 42 total segments, 3 labels (7 vertices) changed
002: 39 total segments, 0 labels (0 vertices) changed
10 filter iterations complete (10 requested, 3 changed)
rationalizing unknown annotations with cortex label
relabeling unknown label...
relabeling corpuscallosum label...
1863 vertices marked for relabeling...
1863 labels changed in reclassification.
writing output to ../label/lh.aparc.annot...
classification took 0 minutes and 10 seconds.
#--------------------------------------------
#@# WhiteSurfs lh Wed Mar 11 12:10:02 CET 2026
cd /out/sourcedata/freesurfer/sub-v2s16x51234_ses-1/mri
mris_place_surface --adgws-in ../surf/autodet.gw.stats.lh.dat --seg aseg.presurf.mgz --threads 16 --wm wm.mgz --invol brain.finalsurfs.mgz --lh --i ../surf/lh.white.preaparc --o ../surf/lh.white --white --nsmooth 0 --rip-label ../label/lh.cortex.label --rip-bg --rip-surf ../surf/lh.white.preaparc --aparc ../label/lh.aparc.annot
7.3.2
7.3.2

cd /out/sourcedata/freesurfer/sub-v2s16x51234_ses-1/mri
setenv SUBJECTS_DIR /out/sourcedata/freesurfer
mris_place_surface --adgws-in ../surf/autodet.gw.stats.lh.dat --seg aseg.presurf.mgz --threads 16 --wm wm.mgz --invol brain.finalsurfs.mgz --lh --i ../surf/lh.white.preaparc --o ../surf/lh.white --white --nsmooth 0 --rip-label ../label/lh.cortex.label --rip-bg --rip-surf ../surf/lh.white.preaparc --aparc ../label/lh.aparc.annot 

Reading in input surface ../surf/lh.white.preaparc
Not smoothing input surface
Area    245642  0.34765  0.12440 0.000570   2.0280
Corner  736926 60.00000 13.43808 0.133569 179.3285
Edge    368463  0.90701  0.20650 0.023954   3.7300
Hinge   368463  9.21085 10.53838 0.000100 179.9228
Reading in aparc ../label/lh.aparc.annot
Reading in input volume brain.finalsurfs.mgz
Reading in wm volume wm.mgz
MRIclipBrightWM(): nthresh=11474, wmmin=5, clip=110 
MRIfindBrightNonWM(): 57 bright non-wm voxels segmented.
Masking bright non-wm for white surface
MRImask(): AllowDiffGeom = 1
MRImask(): AllowDiffGeom = 1
Reading in seg volume aseg.presurf.mgz
Ripping frozen voxels
Ripping vertices not in label ../label/lh.cortex.label
MRISripNotLabel() ripped 7511/122823 vertices (115312 unripped)
Reading in ripping surface ../surf/lh.white.preaparc
Reading in aparc ../label/lh.aparc.annot for ripsurf
Ripping BG
MRISripBasalGanglia(): 1 -2 2 0.5 ripped 672
Ripping segs (eg, WMSA, BG, frozen)
Starting MRISripSegs() d = (-2 2 0.5) segnos: 247 
MRISripSegs(): -2 2 0.5 ripped 0
vertex 61412: xyz = (-6.82943,4.39267,26.2156) oxyz = (-6.82943,4.39267,26.2156) wxzy = (-6.82943,4.39267,26.2156) pxyz = (0,0,0) 
CBVO Creating mask 122823
n_averages 4
Iteration 0 =========================================
n_averages=4, current_sigma=2
Computing target border values 
Entering MRIScomputeBorderValues_new(): 
  inside_hi   = 120.0000000;
  border_hi   = 111.3919070;
  border_low  =  64.0000000;
  outside_low =  54.2139130;
  outside_hi  = 111.3919070;
  sigma = 2;
  max_thickness = 10;
  step_size=0.5;
  STEP_SIZE=0.1;
  which = 1
  thresh = 0
  flags = 0
  CBVfindFirstPeakD1=0
  CBVfindFirstPeakD2=0
  nvertices=122823
  Gdiag_no=-1
  vno start=0, stop=122823
Replacing 255s with 0s
#SI# sigma=2 had to be increased for 111 vertices, nripped=8183
mean border=77.5, 71 (71) missing vertices, mean dist 0.3 [0.6 (%14.7)->0.4 (%85.3))]
%76 local maxima, %18 large gradients and % 0 min vals, 0 gradients ignored
nFirstPeakD1 0
MRIScomputeBorderValues_new() finished in 0.0120 min


Finding expansion regions
mean absolute distance = 0.46 +- 0.74
2319 vertices more than 2 sigmas from mean.
Averaging target values for 5 iterations...
Positioning Surface: tspring = 0.3, nspring = 0.3, spring = 0, niters = 100 l_repulse = 5, l_surf_repulse = 0, checktol = 0
Positioning pial surface
Entering MRISpositionSurface()
  max_mm = 0.3
  MAX_REDUCTIONS = 2, REDUCTION_PCT = 0.5
  parms->check_tol = 0, niterations = 100
tol=1.0e-04, sigma=2.0, host=dna05, nav=4, nbrs=2, l_repulse=5.000, l_tspring=0.300, l_nspring=0.300, l_intensity=0.200, l_curv=1.000
mom=0.00, dt=0.50
complete_dist_mat 0
rms 0
smooth_averages 0
remove_neg 0
ico_order 0
which_surface 0
target_radius 0.000000
nfields 0
scale 0.000000
desired_rms_height 0.000000
momentum 0.000000
nbhd_size 0
max_nbrs 0
niterations 100
nsurfaces 0
SURFACES 3
flags 0 (0)
use curv 0
no sulc 0
no rigid align 0
mris->nsize 2
mris->hemisphere 0
randomSeed 0

000: dt: 0.0000, sse=1295442.6, rms=6.981
001: dt: 0.5000, sse=551506.6, rms=4.037 (42.179%)
002: dt: 0.5000, sse=415821.9, rms=3.214 (20.366%)
003: dt: 0.5000, sse=403013.5, rms=3.117 (3.021%)
004: dt: 0.5000, sse=386638.5, rms=2.993 (3.992%)
rms = 3.0806/2.9929, sse=398954.1/386638.5, time step reduction 1 of 3 to 0.250  0 1 1
   RMS increased, rejecting step
005: dt: 0.2500, sse=269754.2, rms=1.962 (34.456%)
006: dt: 0.2500, sse=230803.3, rms=1.447 (26.222%)
007: dt: 0.2500, sse=222007.8, rms=1.303 (9.991%)
rms = 1.2636/1.3027, sse=220181.9/222007.8, time step reduction 2 of 3 to 0.125  0 0 1
008: dt: 0.2500, sse=220181.9, rms=1.264 (3.004%)
rms = 1.2250/1.2636, sse=217494.9/220181.9, time step reduction 3 of 3 to 0.062  0 0 1
009: dt: 0.1250, sse=217494.9, rms=1.225 (3.051%)
  maximum number of reductions reached, breaking from loop
positioning took 0.9 minutes
Iteration 1 =========================================
n_averages=2, current_sigma=1
Computing target border values 
Entering MRIScomputeBorderValues_new(): 
  inside_hi   = 120.0000000;
  border_hi   = 111.3919070;
  border_low  =  64.0000000;
  outside_low =  54.2139130;
  outside_hi  = 111.3919070;
  sigma = 1;
  max_thickness = 10;
  step_size=0.5;
  STEP_SIZE=0.1;
  which = 1
  thresh = 0
  flags = 0
  CBVfindFirstPeakD1=0
  CBVfindFirstPeakD2=0
  nvertices=122823
  Gdiag_no=-1
  vno start=0, stop=122823
Replacing 255s with 0s
#SI# sigma=1 had to be increased for 72 vertices, nripped=8183
mean border=80.4, 88 (50) missing vertices, mean dist -0.2 [0.3 (%78.4)->0.3 (%21.6))]
%84 local maxima, % 9 large gradients and % 0 min vals, 0 gradients ignored
nFirstPeakD1 0
MRIScomputeBorderValues_new() finished in 0.0092 min


Finding expansion regions
mean absolute distance = 0.29 +- 0.55
1927 vertices more than 2 sigmas from mean.
Averaging target values for 5 iterations...
Positioning Surface: tspring = 0.3, nspring = 0.3, spring = 0, niters = 100 l_repulse = 5, l_surf_repulse = 0, checktol = 0
Positioning pial surface
Entering MRISpositionSurface()
  max_mm = 0.3
  MAX_REDUCTIONS = 2, REDUCTION_PCT = 0.5
  parms->check_tol = 0, niterations = 100
tol=1.0e-04, sigma=1.0, host=dna05, nav=2, nbrs=2, l_repulse=5.000, l_tspring=0.300, l_nspring=0.300, l_intensity=0.200, l_curv=1.000
mom=0.00, dt=0.50
000: dt: 0.0000, sse=585674.2, rms=4.137
010: dt: 0.5000, sse=352184.9, rms=2.630 (36.427%)
rms = 2.7799/2.6303, sse=371044.8/352184.9, time step reduction 1 of 3 to 0.250  0 1 1
   RMS increased, rejecting step
011: dt: 0.2500, sse=271136.2, rms=1.835 (30.222%)
012: dt: 0.2500, sse=233024.9, rms=1.315 (28.354%)
013: dt: 0.2500, sse=222579.4, rms=1.124 (14.486%)
014: dt: 0.2500, sse=219852.3, rms=1.065 (5.314%)
rms = 1.0340/1.0647, sse=218749.0/219852.3, time step reduction 2 of 3 to 0.125  0 0 1
015: dt: 0.2500, sse=218749.0, rms=1.034 (2.883%)
rms = 1.0093/1.0340, sse=217631.7/218749.0, time step reduction 3 of 3 to 0.062  0 0 1
016: dt: 0.1250, sse=217631.7, rms=1.009 (2.395%)
  maximum number of reductions reached, breaking from loop
positioning took 0.7 minutes
Iteration 2 =========================================
n_averages=1, current_sigma=0.5
Computing target border values 
Entering MRIScomputeBorderValues_new(): 
  inside_hi   = 120.0000000;
  border_hi   = 111.3919070;
  border_low  =  64.0000000;
  outside_low =  54.2139130;
  outside_hi  = 111.3919070;
  sigma = 0.5;
  max_thickness = 10;
  step_size=0.5;
  STEP_SIZE=0.1;
  which = 1
  thresh = 0
  flags = 0
  CBVfindFirstPeakD1=0
  CBVfindFirstPeakD2=0
  nvertices=122823
  Gdiag_no=-1
  vno start=0, stop=122823
Replacing 255s with 0s
#SI# sigma=0.5 had to be increased for 68 vertices, nripped=8183
mean border=82.1, 101 (46) missing vertices, mean dist -0.1 [0.2 (%67.9)->0.2 (%32.1))]
%88 local maxima, % 5 large gradients and % 0 min vals, 0 gradients ignored
nFirstPeakD1 0
MRIScomputeBorderValues_new() finished in 0.0055 min


Finding expansion regions
mean absolute distance = 0.22 +- 0.40
2494 vertices more than 2 sigmas from mean.
Averaging target values for 5 iterations...
Positioning Surface: tspring = 0.3, nspring = 0.3, spring = 0, niters = 100 l_repulse = 5, l_surf_repulse = 0, checktol = 0
Positioning pial surface
Entering MRISpositionSurface()
  max_mm = 0.3
  MAX_REDUCTIONS = 2, REDUCTION_PCT = 0.5
  parms->check_tol = 0, niterations = 100
tol=1.0e-04, sigma=0.5, host=dna05, nav=1, nbrs=2, l_repulse=5.000, l_tspring=0.300, l_nspring=0.300, l_intensity=0.200, l_curv=1.000
mom=0.00, dt=0.50
000: dt: 0.0000, sse=325438.0, rms=2.431
017: dt: 0.5000, sse=316651.2, rms=2.326 (4.327%)
rms = 2.6315/2.3258, sse=357199.0/316651.2, time step reduction 1 of 3 to 0.250  0 1 1
   RMS increased, rejecting step
018: dt: 0.2500, sse=241195.5, rms=1.462 (37.129%)
019: dt: 0.2500, sse=222126.4, rms=1.070 (26.805%)
020: dt: 0.2500, sse=211566.8, rms=0.967 (9.695%)
rms = 0.9451/0.9665, sse=211057.8/211566.8, time step reduction 2 of 3 to 0.125  0 0 1
021: dt: 0.2500, sse=211057.8, rms=0.945 (2.215%)
rms = 0.9101/0.9451, sse=209736.5/211057.8, time step reduction 3 of 3 to 0.062  0 0 1
022: dt: 0.1250, sse=209736.5, rms=0.910 (3.708%)
  maximum number of reductions reached, breaking from loop
positioning took 0.6 minutes
Iteration 3 =========================================
n_averages=0, current_sigma=0.25
Computing target border values 
Entering MRIScomputeBorderValues_new(): 
  inside_hi   = 120.0000000;
  border_hi   = 111.3919070;
  border_low  =  64.0000000;
  outside_low =  54.2139130;
  outside_hi  = 111.3919070;
  sigma = 0.25;
  max_thickness = 10;
  step_size=0.5;
  STEP_SIZE=0.1;
  which = 1
  thresh = 0
  flags = 0
  CBVfindFirstPeakD1=0
  CBVfindFirstPeakD2=0
  nvertices=122823
  Gdiag_no=-1
  vno start=0, stop=122823
Replacing 255s with 0s
#SI# sigma=0.25 had to be increased for 73 vertices, nripped=8183
mean border=82.6, 129 (44) missing vertices, mean dist -0.0 [0.2 (%55.1)->0.2 (%44.9))]
%90 local maxima, % 4 large gradients and % 0 min vals, 0 gradients ignored
nFirstPeakD1 0
MRIScomputeBorderValues_new() finished in 0.0036 min


Finding expansion regions
mean absolute distance = 0.21 +- 0.35
2555 vertices more than 2 sigmas from mean.
Averaging target values for 5 iterations...
Positioning Surface: tspring = 0.3, nspring = 0.3, spring = 0, niters = 100 l_repulse = 5, l_surf_repulse = 0, checktol = 0
Positioning pial surface
Entering MRISpositionSurface()
  max_mm = 0.3
  MAX_REDUCTIONS = 2, REDUCTION_PCT = 0.5
  parms->check_tol = 0, niterations = 100
tol=1.0e-04, sigma=0.2, host=dna05, nav=0, nbrs=2, l_repulse=5.000, l_tspring=0.300, l_nspring=0.300, l_intensity=0.200, l_curv=1.000
mom=0.00, dt=0.50
000: dt: 0.0000, sse=228495.8, rms=1.317
rms = 1.4755/1.3172, sse=243070.2/228495.8, time step reduction 1 of 3 to 0.250  0 1 1
   RMS increased, rejecting step
023: dt: 0.2500, sse=209770.9, rms=0.942 (28.488%)
024: dt: 0.2500, sse=205720.6, rms=0.761 (19.224%)
rms = 0.7523/0.7608, sse=206395.0/205720.6, time step reduction 2 of 3 to 0.125  0 1 1
025: dt: 0.2500, sse=206395.0, rms=0.752 (1.129%)
rms = 0.7389/0.7523, sse=199960.8/206395.0, time step reduction 3 of 3 to 0.062  0 0 1
026: dt: 0.1250, sse=199960.8, rms=0.739 (1.782%)
  maximum number of reductions reached, breaking from loop
positioning took 0.4 minutes


Writing output to ../surf/lh.white
#ET# mris_place_surface  2.59 minutes
#VMPC# mris_place_surfaces VmPeak  2931188
mris_place_surface done
#--------------------------------------------
#@# T1PialSurf lh Wed Mar 11 12:12:44 CET 2026
cd /out/sourcedata/freesurfer/sub-v2s16x51234_ses-1/mri
mris_place_surface --adgws-in ../surf/autodet.gw.stats.lh.dat --seg aseg.presurf.mgz --threads 16 --wm wm.mgz --invol brain.finalsurfs.mgz --lh --i ../surf/lh.white --o ../surf/lh.pial.T1 --pial --nsmooth 0 --rip-label ../label/lh.cortex+hipamyg.label --pin-medial-wall ../label/lh.cortex.label --aparc ../label/lh.aparc.annot --repulse-surf ../surf/lh.white --white-surf ../surf/lh.white
7.3.2
7.3.2

cd /out/sourcedata/freesurfer/sub-v2s16x51234_ses-1/mri
setenv SUBJECTS_DIR /out/sourcedata/freesurfer
mris_place_surface --adgws-in ../surf/autodet.gw.stats.lh.dat --seg aseg.presurf.mgz --threads 16 --wm wm.mgz --invol brain.finalsurfs.mgz --lh --i ../surf/lh.white --o ../surf/lh.pial.T1 --pial --nsmooth 0 --rip-label ../label/lh.cortex+hipamyg.label --pin-medial-wall ../label/lh.cortex.label --aparc ../label/lh.aparc.annot --repulse-surf ../surf/lh.white --white-surf ../surf/lh.white 

Reading in input surface ../surf/lh.white
Not smoothing input surface
Area    245642  0.35242  0.14042 0.001072   2.1658
Corner  736926 60.00000 14.95810 0.321028 177.9441
Edge    368463  0.91504  0.22907 0.009522   3.7300
Hinge   368463  9.37717 10.99970 0.000015 179.7683
Reading white surface coordinates from ../surf/lh.white
Reading repulsion surface coordinates from ../surf/lh.white
Reading in aparc ../label/lh.aparc.annot
Reading in input volume brain.finalsurfs.mgz
Reading in wm volume wm.mgz
MRIclipBrightWM(): nthresh=11474, wmmin=5, clip=110 
MRIfindBrightNonWM(): 57 bright non-wm voxels segmented.
Masking bright non-wm for pial surface mid_gray = 64.6249
MRImask(): AllowDiffGeom = 1
MRImask(): AllowDiffGeom = 1
MRImask(): AllowDiffGeom = 1
Reading in seg volume aseg.presurf.mgz
Ripping frozen voxels
Ripping vertices not in label ../label/lh.cortex+hipamyg.label
MRISripNotLabel() ripped 5283/122823 vertices (117540 unripped)
INFO: rip surface needed but not specified, so using input surface
Ripping segs (eg, WMSA, BG, frozen)
Starting MRISripSegs() d = (-2 2 0.5) segnos: 247 
MRISripSegs(): -2 2 0.5 ripped 0
vertex 61412: xyz = (-6.46537,4.40633,26.4859) oxyz = (-6.46537,4.40633,26.4859) wxzy = (-6.46537,4.40633,26.4859) pxyz = (-6.46537,4.40633,26.4859) 
CBVO Creating mask 122823
n_averages 16
Iteration 0 =========================================
n_averages=16, current_sigma=2
Computing target border values 
Entering MRIScomputeBorderValues_new(): 
  inside_hi   =  94.6080930;
  border_hi   =  54.2139130;
  border_low  =  34.6417310;
  outside_low =  10.0000000;
  outside_hi  =  49.3208690;
  sigma = 2;
  max_thickness = 10;
  step_size=0.5;
  STEP_SIZE=0.1;
  which = 2
  thresh = 0
  flags = 0
  CBVfindFirstPeakD1=0
  CBVfindFirstPeakD2=0
  nvertices=122823
  Gdiag_no=-1
  vno start=0, stop=122823
Replacing 255s with 0s
#SI# sigma=2 had to be increased for 183 vertices, nripped=5283
mean border=53.4, 159 (159) missing vertices, mean dist 1.5 [3.3 (%0.0)->3.2 (%100.0))]
% 9 local maxima, %35 large gradients and %52 min vals, 0 gradients ignored
nFirstPeakD1 0
MRIScomputeBorderValues_new() finished in 0.0123 min


Averaging target values for 5 iterations...
Positioning Surface: tspring = 0.3, nspring = 0.3, spring = 0, niters = 100 l_repulse = 0, l_surf_repulse = 5, checktol = 0
Positioning pial surface
Entering MRISpositionSurface()
  max_mm = 0.3
  MAX_REDUCTIONS = 2, REDUCTION_PCT = 0.5
  parms->check_tol = 0, niterations = 100
tol=1.0e-04, sigma=2.0, host=dna05, nav=16, nbrs=2, l_surf_repulse=5.000, l_tspring=0.300, l_nspring=0.300, l_intensity=0.200, l_curv=1.000
mom=0.00, dt=0.50
complete_dist_mat 0
rms 0
smooth_averages 0
remove_neg 0
ico_order 0
which_surface 0
target_radius 0.000000
nfields 0
scale 0.000000
desired_rms_height 0.000000
momentum 0.000000
nbhd_size 0
max_nbrs 0
niterations 100
nsurfaces 0
SURFACES 3
flags 0 (0)
use curv 0
no sulc 0
no rigid align 0
mris->nsize 2
mris->hemisphere 0
randomSeed 0

000: dt: 0.0000, sse=21057762.0, rms=29.817
001: dt: 0.5000, sse=14166529.0, rms=24.402 (18.160%)
002: dt: 0.5000, sse=9328523.0, rms=19.731 (19.143%)
003: dt: 0.5000, sse=6237745.5, rms=16.048 (18.665%)
004: dt: 0.5000, sse=4355512.0, rms=13.313 (17.042%)
005: dt: 0.5000, sse=3194311.5, rms=11.298 (15.138%)
006: dt: 0.5000, sse=2445562.5, rms=9.778 (13.454%)
007: dt: 0.5000, sse=1941636.8, rms=8.602 (12.028%)
008: dt: 0.5000, sse=1579645.1, rms=7.643 (11.142%)
009: dt: 0.5000, sse=1316058.4, rms=6.859 (10.257%)
010: dt: 0.5000, sse=1116316.6, rms=6.197 (9.655%)
011: dt: 0.5000, sse=957999.9, rms=5.616 (9.382%)
012: dt: 0.5000, sse=830186.3, rms=5.097 (9.229%)
013: dt: 0.5000, sse=747263.8, rms=4.728 (7.244%)
014: dt: 0.5000, sse=680084.6, rms=4.406 (6.818%)
015: dt: 0.5000, sse=631480.1, rms=4.156 (5.676%)
016: dt: 0.5000, sse=594002.6, rms=3.951 (4.920%)
017: dt: 0.5000, sse=567525.9, rms=3.799 (3.862%)
018: dt: 0.5000, sse=549994.5, rms=3.693 (2.786%)
019: dt: 0.5000, sse=539422.1, rms=3.625 (1.833%)
rms = 3.5754/3.6251, sse=531854.0/539422.0, time step reduction 1 of 3 to 0.250  0 0 1
020: dt: 0.5000, sse=531854.1, rms=3.575 (1.369%)
021: dt: 0.2500, sse=476831.1, rms=3.212 (10.161%)
022: dt: 0.2500, sse=457195.6, rms=3.076 (4.231%)
rms = 3.0869/3.0762, sse=459131.1/457195.6, time step reduction 2 of 3 to 0.125  0 1 1
   RMS increased, rejecting step
rms = 3.0271/3.0762, sse=450349.3/457195.6, time step reduction 3 of 3 to 0.062  0 0 1
023: dt: 0.1250, sse=450349.2, rms=3.027 (1.597%)
  maximum number of reductions reached, breaking from loop
positioning took 1.8 minutes
Iteration 1 =========================================
n_averages=8, current_sigma=1
Computing target border values 
Entering MRIScomputeBorderValues_new(): 
  inside_hi   =  94.6080930;
  border_hi   =  54.2139130;
  border_low  =  34.6417310;
  outside_low =  10.0000000;
  outside_hi  =  49.3208690;
  sigma = 1;
  max_thickness = 10;
  step_size=0.5;
  STEP_SIZE=0.1;
  which = 2
  thresh = 0
  flags = 0
  CBVfindFirstPeakD1=0
  CBVfindFirstPeakD2=0
  nvertices=122823
  Gdiag_no=-1
  vno start=0, stop=122823
Replacing 255s with 0s
#SI# sigma=1 had to be increased for 13751 vertices, nripped=5283
mean border=52.4, 1953 (50) missing vertices, mean dist 0.1 [0.2 (%48.2)->0.8 (%51.8))]
%16 local maxima, %30 large gradients and %48 min vals, 0 gradients ignored
nFirstPeakD1 0
MRIScomputeBorderValues_new() finished in 0.0046 min


Averaging target values for 5 iterations...
Positioning Surface: tspring = 0.3, nspring = 0.3, spring = 0, niters = 100 l_repulse = 0, l_surf_repulse = 5, checktol = 0
Positioning pial surface
Entering MRISpositionSurface()
  max_mm = 0.3
  MAX_REDUCTIONS = 2, REDUCTION_PCT = 0.5
  parms->check_tol = 0, niterations = 100
tol=1.0e-04, sigma=1.0, host=dna05, nav=8, nbrs=2, l_surf_repulse=5.000, l_tspring=0.300, l_nspring=0.300, l_intensity=0.200, l_curv=1.000
mom=0.00, dt=0.50
000: dt: 0.0000, sse=593903.1, rms=3.598
rms = 3.5812/3.5980, sse=591689.2/593903.1, time step reduction 1 of 3 to 0.250  0 0 1
024: dt: 0.5000, sse=591689.1, rms=3.581 (0.467%)
025: dt: 0.2500, sse=515754.6, rms=3.091 (13.688%)
026: dt: 0.2500, sse=498763.1, rms=2.971 (3.896%)
rms = 3.0036/2.9706, sse=503598.5/498763.1, time step reduction 2 of 3 to 0.125  0 1 1
   RMS increased, rejecting step
027: dt: 0.1250, sse=489598.2, rms=2.903 (2.285%)
028: dt: 0.1250, sse=477107.6, rms=2.806 (3.336%)
rms = 2.7698/2.8058, sse=472502.7/477107.6, time step reduction 3 of 3 to 0.062  0 0 1
029: dt: 0.1250, sse=472502.7, rms=2.770 (1.284%)
  maximum number of reductions reached, breaking from loop
positioning took 0.5 minutes
Iteration 2 =========================================
n_averages=4, current_sigma=0.5
Computing target border values 
Entering MRIScomputeBorderValues_new(): 
  inside_hi   =  94.6080930;
  border_hi   =  54.2139130;
  border_low  =  34.6417310;
  outside_low =  10.0000000;
  outside_hi  =  49.3208690;
  sigma = 0.5;
  max_thickness = 10;
  step_size=0.5;
  STEP_SIZE=0.1;
  which = 2
  thresh = 0
  flags = 0
  CBVfindFirstPeakD1=0
  CBVfindFirstPeakD2=0
  nvertices=122823
  Gdiag_no=-1
  vno start=0, stop=122823
Replacing 255s with 0s
#SI# sigma=0.5 had to be increased for 16195 vertices, nripped=5283
mean border=52.0, 2355 (44) missing vertices, mean dist 0.1 [0.2 (%46.9)->0.6 (%53.1))]
%24 local maxima, %21 large gradients and %48 min vals, 0 gradients ignored
nFirstPeakD1 0
MRIScomputeBorderValues_new() finished in 0.0036 min


Averaging target values for 5 iterations...
Positioning Surface: tspring = 0.3, nspring = 0.3, spring = 0, niters = 100 l_repulse = 0, l_surf_repulse = 5, checktol = 0
Positioning pial surface
Entering MRISpositionSurface()
  max_mm = 0.3
  MAX_REDUCTIONS = 2, REDUCTION_PCT = 0.5
  parms->check_tol = 0, niterations = 100
tol=1.0e-04, sigma=0.5, host=dna05, nav=4, nbrs=2, l_surf_repulse=5.000, l_tspring=0.300, l_nspring=0.300, l_intensity=0.200, l_curv=1.000
mom=0.00, dt=0.50
000: dt: 0.0000, sse=503942.1, rms=2.967
rms = 3.3162/2.9674, sse=554343.8/503942.1, time step reduction 1 of 3 to 0.250  0 1 1
   RMS increased, rejecting step
030: dt: 0.2500, sse=488353.4, rms=2.852 (3.897%)
rms = 2.8307/2.8517, sse=485278.3/488353.4, time step reduction 2 of 3 to 0.125  0 0 1
031: dt: 0.2500, sse=485278.3, rms=2.831 (0.739%)
032: dt: 0.1250, sse=474108.3, rms=2.743 (3.106%)
rms = 2.7006/2.7427, sse=468620.8/474108.4, time step reduction 3 of 3 to 0.062  0 0 1
033: dt: 0.1250, sse=468620.8, rms=2.701 (1.537%)
  maximum number of reductions reached, breaking from loop
positioning took 0.3 minutes
Iteration 3 =========================================
n_averages=2, current_sigma=0.25
Computing target border values 
Entering MRIScomputeBorderValues_new(): 
  inside_hi   =  94.6080930;
  border_hi   =  54.2139130;
  border_low  =  34.6417310;
  outside_low =  10.0000000;
  outside_hi  =  49.3208690;
  sigma = 0.25;
  max_thickness = 10;
  step_size=0.5;
  STEP_SIZE=0.1;
  which = 2
  thresh = 0
  flags = 0
  CBVfindFirstPeakD1=0
  CBVfindFirstPeakD2=0
  nvertices=122823
  Gdiag_no=-1
  vno start=0, stop=122823
Replacing 255s with 0s
#SI# sigma=0.25 had to be increased for 14053 vertices, nripped=5283
mean border=51.5, 5875 (40) missing vertices, mean dist 0.1 [0.2 (%45.9)->0.5 (%54.1))]
%29 local maxima, %16 large gradients and %46 min vals, 0 gradients ignored
nFirstPeakD1 0
MRIScomputeBorderValues_new() finished in 0.0034 min


Averaging target values for 5 iterations...
Positioning Surface: tspring = 0.3, nspring = 0.3, spring = 0, niters = 100 l_repulse = 0, l_surf_repulse = 5, checktol = 0
Positioning pial surface
Entering MRISpositionSurface()
  max_mm = 0.3
  MAX_REDUCTIONS = 2, REDUCTION_PCT = 0.5
  parms->check_tol = 0, niterations = 100
tol=1.0e-04, sigma=0.2, host=dna05, nav=2, nbrs=2, l_surf_repulse=5.000, l_tspring=0.300, l_nspring=0.300, l_intensity=0.200, l_curv=1.000
mom=0.00, dt=0.50
000: dt: 0.0000, sse=487087.5, rms=2.834
rms = 3.1788/2.8341, sse=533668.2/487087.5, time step reduction 1 of 3 to 0.250  0 1 1
   RMS increased, rejecting step
034: dt: 0.2500, sse=474550.2, rms=2.738 (3.390%)
rms = 2.7266/2.7380, sse=472262.7/474550.2, time step reduction 2 of 3 to 0.125  0 0 1
035: dt: 0.2500, sse=472262.7, rms=2.727 (0.415%)
036: dt: 0.1250, sse=460185.8, rms=2.629 (3.568%)
rms = 2.5794/2.6293, sse=453796.7/460185.9, time step reduction 3 of 3 to 0.062  0 0 1
037: dt: 0.1250, sse=453796.7, rms=2.579 (1.900%)
  maximum number of reductions reached, breaking from loop
positioning took 0.3 minutes
Pinning medial wall to white surface
removing intersecting faces
000: 16 intersecting
001: 4 intersecting
terminating search with 0 intersecting


Writing output to ../surf/lh.pial.T1
#ET# mris_place_surface  3.14 minutes
#VMPC# mris_place_surfaces VmPeak  2338768
mris_place_surface done
#@# white curv lh Wed Mar 11 12:15:59 CET 2026
cd /out/sourcedata/freesurfer/sub-v2s16x51234_ses-1/mri
mris_place_surface --curv-map ../surf/lh.white 2 10 ../surf/lh.curv
insurf  ../surf/lh.white, nbrs 2, curvature_avgs 10
writing curvature file ../surf/lh.curv
#@# white area lh Wed Mar 11 12:16:01 CET 2026
cd /out/sourcedata/freesurfer/sub-v2s16x51234_ses-1/mri
mris_place_surface --area-map ../surf/lh.white ../surf/lh.area
writing curvature file ../surf/lh.area
#@# pial curv lh Wed Mar 11 12:16:01 CET 2026
cd /out/sourcedata/freesurfer/sub-v2s16x51234_ses-1/mri
mris_place_surface --curv-map ../surf/lh.pial 2 10 ../surf/lh.curv.pial
insurf  ../surf/lh.pial, nbrs 2, curvature_avgs 10
writing curvature file ../surf/lh.curv.pial
#@# pial area lh Wed Mar 11 12:16:03 CET 2026
cd /out/sourcedata/freesurfer/sub-v2s16x51234_ses-1/mri
mris_place_surface --area-map ../surf/lh.pial ../surf/lh.area.pial
writing curvature file ../surf/lh.area.pial
#@# thickness lh Wed Mar 11 12:16:04 CET 2026
cd /out/sourcedata/freesurfer/sub-v2s16x51234_ses-1/mri
mris_place_surface --thickness ../surf/lh.white ../surf/lh.pial 20 5 ../surf/lh.thickness
0 of 122823 vertices processed
25000 of 122823 vertices processed
50000 of 122823 vertices processed
75000 of 122823 vertices processed
100000 of 122823 vertices processed
0 of 122823 vertices processed
25000 of 122823 vertices processed
50000 of 122823 vertices processed
75000 of 122823 vertices processed
100000 of 122823 vertices processed
thickness calculation complete, 1054:2892 truncations.
48812 vertices at 0 distance
94328 vertices at 1 distance
61050 vertices at 2 distance
24571 vertices at 3 distance
9687 vertices at 4 distance
4050 vertices at 5 distance
1677 vertices at 6 distance
634 vertices at 7 distance
305 vertices at 8 distance
125 vertices at 9 distance
81 vertices at 10 distance
62 vertices at 11 distance
57 vertices at 12 distance
40 vertices at 13 distance
29 vertices at 14 distance
24 vertices at 15 distance
20 vertices at 16 distance
25 vertices at 17 distance
16 vertices at 18 distance
16 vertices at 19 distance
37 vertices at 20 distance
writing curvature file ../surf/lh.thickness
#@# area and vertex vol lh Wed Mar 11 12:16:32 CET 2026
cd /out/sourcedata/freesurfer/sub-v2s16x51234_ses-1/mri
mris_place_surface --thickness ../surf/lh.white ../surf/lh.pial 20 5 ../surf/lh.thickness
/out/sourcedata/freesurfer/sub-v2s16x51234_ses-1/surf
mris_calc -o lh.area.mid lh.area add lh.area.pial
Saving result to 'lh.area.mid' (type = MRI_CURV_FILE)                       [ ok ]
mris_calc -o lh.area.mid lh.area.mid div 2
Saving result to 'lh.area.mid' (type = MRI_CURV_FILE)                       [ ok ]
mris_convert --volume sub-v2s16x51234_ses-1 lh /out/sourcedata/freesurfer/sub-v2s16x51234_ses-1/surf/lh.volume
masking with /out/sourcedata/freesurfer/sub-v2s16x51234_ses-1/label/lh.cortex.label
Total face volume 262154
Total vertex volume 261933 (mask=0)
#@# sub-v2s16x51234_ses-1 lh 261933
 
vertexvol Done

#-----------------------------------------
#@# Curvature Stats lh Wed Mar 11 12:16:33 CET 2026
/out/sourcedata/freesurfer/sub-v2s16x51234_ses-1/surf

 mris_curvature_stats -m --writeCurvatureFiles -G -o ../stats/lh.curv.stats -F smoothwm sub-v2s16x51234_ses-1 lh curv sulc 

             Toggling save flag on curvature files                       [ ok ]
                 Outputting results using filestem   [ ../stats/lh.curv.stats ]
             Toggling save flag on curvature files                       [ ok ]
                                   Setting surface [ sub-v2s16x51234_ses-1/lh.smoothwm ]
                                Reading surface...                       [ ok ]
                                   Setting texture                     [ curv ]
                                Reading texture...                       [ ok ]
                                   Setting texture                     [ sulc ]
                                Reading texture...Gb_filter = 0
                       [ ok ]
      Calculating Discrete Principal Curvatures...
      Determining geometric order for vno faces... [####################] [ ok ]
                      Determining KH curvatures... [####################] [ ok ]
                    Determining k1k2 curvatures... [####################] [ ok ]
                                   deltaViolations                      [ 259 ]
Gb_filter = 0

WARN:    S lookup   min:                          -0.089161
WARN:    S explicit min:                          0.000000	vertex = 632
#-----------------------------------------
#@# Cortical Parc 2 lh Wed Mar 11 12:16:35 CET 2026
/out/sourcedata/freesurfer/sub-v2s16x51234_ses-1/scripts

 mris_ca_label -l ../label/lh.cortex.label -aseg ../mri/aseg.presurf.mgz -seed 1234 sub-v2s16x51234_ses-1 lh ../surf/lh.sphere.reg /opt/freesurfer/average/lh.CDaparc.atlas.acfb40.noaparc.i12.2016-08-02.gcs ../label/lh.aparc.a2009s.annot 

setting seed for random number generator to 1234
using ../mri/aseg.presurf.mgz aseg volume to correct midline
7.3.2
  7.3.2
reading atlas from /opt/freesurfer/average/lh.CDaparc.atlas.acfb40.noaparc.i12.2016-08-02.gcs...
reading color table from GCSA file....
average std = 3.0   using min determinant for regularization = 0.088
0 singular and 0 ill-conditioned covariance matrices regularized
input 0: MEAN CURVATURE, flags 0, avgs 5, name mean_curvature
labeling surface...
22 labels changed using aseg
relabeling using gibbs priors...
000:   8193 changed, 122823 examined...
001:   1894 changed, 32014 examined...
002:    528 changed, 10131 examined...
003:    245 changed, 3070 examined...
004:    120 changed, 1448 examined...
005:     62 changed, 673 examined...
006:     36 changed, 352 examined...
007:     23 changed, 193 examined...
008:     11 changed, 129 examined...
009:      5 changed, 66 examined...
010:      3 changed, 26 examined...
011:      0 changed, 18 examined...
14 labels changed using aseg
000: 206 total segments, 120 labels (1203 vertices) changed
001: 90 total segments, 4 labels (16 vertices) changed
002: 86 total segments, 0 labels (0 vertices) changed
10 filter iterations complete (10 requested, 37 changed)
rationalizing unknown annotations with cortex label
relabeling Medial_wall label...
1306 vertices marked for relabeling...
1306 labels changed in reclassification.
writing output to ../label/lh.aparc.a2009s.annot...
classification took 0 minutes and 13 seconds.
#-----------------------------------------
#@# Cortical Parc 3 lh Wed Mar 11 12:16:49 CET 2026
/out/sourcedata/freesurfer/sub-v2s16x51234_ses-1/scripts

 mris_ca_label -l ../label/lh.cortex.label -aseg ../mri/aseg.presurf.mgz -seed 1234 sub-v2s16x51234_ses-1 lh ../surf/lh.sphere.reg /opt/freesurfer/average/lh.DKTaparc.atlas.acfb40.noaparc.i12.2016-08-02.gcs ../label/lh.aparc.DKTatlas.annot 

setting seed for random number generator to 1234
using ../mri/aseg.presurf.mgz aseg volume to correct midline
7.3.2
  7.3.2
reading atlas from /opt/freesurfer/average/lh.DKTaparc.atlas.acfb40.noaparc.i12.2016-08-02.gcs...
reading color table from GCSA file....
average std = 1.4   using min determinant for regularization = 0.020
0 singular and 383 ill-conditioned covariance matrices regularized
input 0: MEAN CURVATURE, flags 0, avgs 5, name mean_curvature
labeling surface...
1527 labels changed using aseg
relabeling using gibbs priors...
000:   1846 changed, 122823 examined...
001:    410 changed, 8812 examined...
002:    106 changed, 2322 examined...
003:     39 changed, 619 examined...
004:     20 changed, 238 examined...
005:     12 changed, 125 examined...
006:      8 changed, 64 examined...
007:      2 changed, 43 examined...
008:      1 changed, 13 examined...
009:      1 changed, 8 examined...
010:      1 changed, 7 examined...
011:      1 changed, 6 examined...
012:      1 changed, 7 examined...
013:      0 changed, 7 examined...
197 labels changed using aseg
000: 50 total segments, 17 labels (96 vertices) changed
001: 33 total segments, 0 labels (0 vertices) changed
9 filter iterations complete (10 requested, 0 changed)
rationalizing unknown annotations with cortex label
relabeling unknown label...
relabeling corpuscallosum label...
1016 vertices marked for relabeling...
1016 labels changed in reclassification.
writing output to ../label/lh.aparc.DKTatlas.annot...
classification took 0 minutes and 9 seconds.
#-----------------------------------------
#@# WM/GM Contrast lh Wed Mar 11 12:16:58 CET 2026
/out/sourcedata/freesurfer/sub-v2s16x51234_ses-1/scripts

 pctsurfcon --s sub-v2s16x51234_ses-1 --lh-only 

Log file is /out/sourcedata/freesurfer/sub-v2s16x51234_ses-1/scripts/pctsurfcon.log
Wed Mar 11 12:16:58 CET 2026
setenv SUBJECTS_DIR /out/sourcedata/freesurfer
cd /out/sourcedata/freesurfer/sub-v2s16x51234_ses-1/scripts
/opt/freesurfer/bin/pctsurfcon
pctsurfcon 7.3.2
Linux dna054 5.14.0-427.37.1.el9_4.x86_64 #1 SMP PREEMPT_DYNAMIC Fri Sep 13 12:41:50 EDT 2024 x86_64 x86_64 x86_64 GNU/Linux
FREESURFER_HOME /opt/freesurfer
mri_vol2surf --mov /out/sourcedata/freesurfer/sub-v2s16x51234_ses-1/mri/rawavg.mgz --hemi lh --noreshape --interp trilinear --projdist -1 --o /out/sourcedata/freesurfer/sub-v2s16x51234_ses-1/surf/tmp.pctsurfcon.3588828/lh.wm.mgh --regheader sub-v2s16x51234_ses-1 --cortex
srcvol = /out/sourcedata/freesurfer/sub-v2s16x51234_ses-1/mri/rawavg.mgz
srcreg unspecified
srcregold = 0
srcwarp unspecified
surf = white
hemi = lh
ProjDist = -1
reshape = 0
interp = trilinear
float2int = round
GetProjMax = 0
INFO: float2int code = 0
Done loading volume
Computing registration from header.
  Using /out/sourcedata/freesurfer/sub-v2s16x51234_ses-1/mri/orig.mgz as target reference.
-------- original matrix -----------
-0.99982   0.00000  -0.01920   0.00000;
-0.01920   0.00000   0.99982   0.00000;
 0.00000  -1.00000   0.00000   0.00000;
 0.00000   0.00000   0.00000   1.00000;
-------- original matrix -----------
Loading label /out/sourcedata/freesurfer/sub-v2s16x51234_ses-1/label/lh.cortex.label
Reading surface /out/sourcedata/freesurfer/sub-v2s16x51234_ses-1/surf/lh.white
Done reading source surface
Mapping Source Volume onto Source Subject Surface
Projecting -1 -1 1
 1 -1 -1 -1
using old
Done mapping volume to surface
Number of source voxels hit = 69053
Masking with /out/sourcedata/freesurfer/sub-v2s16x51234_ses-1/label/lh.cortex.label
Writing to /out/sourcedata/freesurfer/sub-v2s16x51234_ses-1/surf/tmp.pctsurfcon.3588828/lh.wm.mgh
Dim: 122823 1 1
mri_vol2surf --mov /out/sourcedata/freesurfer/sub-v2s16x51234_ses-1/mri/rawavg.mgz --hemi lh --noreshape --interp trilinear --o /out/sourcedata/freesurfer/sub-v2s16x51234_ses-1/surf/tmp.pctsurfcon.3588828/lh.gm.mgh --projfrac 0.3 --regheader sub-v2s16x51234_ses-1 --cortex
srcvol = /out/sourcedata/freesurfer/sub-v2s16x51234_ses-1/mri/rawavg.mgz
srcreg unspecified
srcregold = 0
srcwarp unspecified
surf = white
hemi = lh
ProjFrac = 0.3
thickness = thickness
reshape = 0
interp = trilinear
float2int = round
GetProjMax = 0
INFO: float2int code = 0
Done loading volume
Computing registration from header.
  Using /out/sourcedata/freesurfer/sub-v2s16x51234_ses-1/mri/orig.mgz as target reference.
-------- original matrix -----------
-0.99982   0.00000  -0.01920   0.00000;
-0.01920   0.00000   0.99982   0.00000;
 0.00000  -1.00000   0.00000   0.00000;
 0.00000   0.00000   0.00000   1.00000;
-------- original matrix -----------
Loading label /out/sourcedata/freesurfer/sub-v2s16x51234_ses-1/label/lh.cortex.label
Reading surface /out/sourcedata/freesurfer/sub-v2s16x51234_ses-1/surf/lh.white
Done reading source surface
Reading thickness /out/sourcedata/freesurfer/sub-v2s16x51234_ses-1/surf/lh.thickness
Done
Mapping Source Volume onto Source Subject Surface
Projecting 0.3 0.3 1
 1 0.3 0.3 0.3
using old
Done mapping volume to surface
Number of source voxels hit = 77662
Masking with /out/sourcedata/freesurfer/sub-v2s16x51234_ses-1/label/lh.cortex.label
Writing to /out/sourcedata/freesurfer/sub-v2s16x51234_ses-1/surf/tmp.pctsurfcon.3588828/lh.gm.mgh
Dim: 122823 1 1
mri_concat /out/sourcedata/freesurfer/sub-v2s16x51234_ses-1/surf/tmp.pctsurfcon.3588828/lh.wm.mgh /out/sourcedata/freesurfer/sub-v2s16x51234_ses-1/surf/tmp.pctsurfcon.3588828/lh.gm.mgh --paired-diff-norm --mul 100 --o /out/sourcedata/freesurfer/sub-v2s16x51234_ses-1/surf/lh.w-g.pct.mgh
ninputs = 2
Checking inputs
nframestot = 2
Allocing output
Done allocing
Combining pairs
nframes = 1
Multiplying by 100.000000
Writing to /out/sourcedata/freesurfer/sub-v2s16x51234_ses-1/surf/lh.w-g.pct.mgh
mri_segstats --in /out/sourcedata/freesurfer/sub-v2s16x51234_ses-1/surf/lh.w-g.pct.mgh --annot sub-v2s16x51234_ses-1 lh aparc --sum /out/sourcedata/freesurfer/sub-v2s16x51234_ses-1/stats/lh.w-g.pct.stats --snr

7.3.2
cwd 
cmdline mri_segstats --in /out/sourcedata/freesurfer/sub-v2s16x51234_ses-1/surf/lh.w-g.pct.mgh --annot sub-v2s16x51234_ses-1 lh aparc --sum /out/sourcedata/freesurfer/sub-v2s16x51234_ses-1/stats/lh.w-g.pct.stats --snr 
sysname  Linux
hostname dna054
machine  x86_64
user     oesteban
whitesurfname  white
UseRobust  0
Constructing seg from annotation

Reading annotation /out/sourcedata/freesurfer/sub-v2s16x51234_ses-1/label/lh.aparc.annot
Seg base 1000
Loading /out/sourcedata/freesurfer/sub-v2s16x51234_ses-1/surf/lh.w-g.pct.mgh
Vertex Area is 0.704827 mm^3
Generating list of segmentation ids
Found  36 segmentations
Computing statistics for each segmentation

Reporting on  35 segmentations
Using PrintSegStat
mri_segstats done
Cleaning up

Started at Wed Mar 11 11:53:05 CET 2026 
Ended   at Wed Mar 11 12:17:01 CET 2026
#@#%# recon-all-run-time-hours 0.399
recon-all -s sub-v2s16x51234_ses-1 finished without error at Wed Mar 11 12:17:01 CET 2026



#New# invocation of recon-all 




Wed Mar 11 12:45:14 CET 2026
cd /out/sourcedata/freesurfer/sub-v2s16x51234_ses-1
setenv SUBJECTS_DIR /out/sourcedata/freesurfer
/opt/freesurfer/bin/recon-all -autorecon-hemi lh -nohyporelabel -lh-only -openmp 16 -subjid sub-v2s16x51234_ses-1 -sd /out/sourcedata/freesurfer -notessellate -nosmooth1 -noinflate1 -noqsphere -nofix -nowhite -nosmooth2 -noinflate2 -nocurvHK -nocurvstats -nosphere -nosurfreg -nojacobian_white -noavgcurv -nocortparc -nopial -nocortparc2 -nocortparc3 -nopctsurfcon

subjid sub-v2s16x51234_ses-1
setenv SUBJECTS_DIR /out/sourcedata/freesurfer
FREESURFER_HOME /opt/freesurfer
Actual FREESURFER_HOME /opt/freesurfer
build-stamp.txt: freesurfer-linux-ubuntu22_x86_64-7.3.2-20220804-6354275
Linux dna054 5.14.0-427.37.1.el9_4.x86_64 #1 SMP PREEMPT_DYNAMIC Fri Sep 13 12:41:50 EDT 2024 x86_64 x86_64 x86_64 GNU/Linux
cputime      unlimited
filesize     unlimited
datasize     unlimited
stacksize    8192 kbytes
coredumpsize 0 kbytes
memoryuse    67108864 kbytes
vmemoryuse   unlimited
descriptors  1024 
memorylocked unlimited
maxproc      2061970 
maxlocks     unlimited
maxsignal    2061970 
maxmessage   819200 
maxnice      0 
maxrtprio    0 
maxrttime    unlimited

               total        used        free      shared  buff/cache   available
Mem:           503Gi       104Gi       365Gi        11Gi        33Gi       384Gi
Swap:             0B          0B          0B

########################################
program versions used
7.3.2 (freesurfer-linux-ubuntu22_x86_64-7.3.2-20220804-6354275)
7.3.2

ProgramName: lta_convert  ProgramArguments: lta_convert -all-info  ProgramVersion: 7.3.2  TimeStamp: 2026/03/11-11:45:14-GMT  BuildTime: Aug  4 2022 06:17:15  BuildStamp: freesurfer-linux-ubuntu22_x86_64-7.3.2-20220804-6354275  User: oesteban  Machine: dna054  Platform: Linux  PlatformVersion: 5.14.0-427.37.1.el9_4.x86_64  CompilerName: GCC  CompilerVersion: 8.4.0
ProgramName: mri_and  ProgramArguments: mri_and -all-info  ProgramVersion: 7.3.2  TimeStamp: 2026/03/11-11:45:14-GMT  BuildTime: Aug  4 2022 06:17:15  BuildStamp: freesurfer-linux-ubuntu22_x86_64-7.3.2-20220804-6354275  User: oesteban  Machine: dna054  Platform: Linux  PlatformVersion: 5.14.0-427.37.1.el9_4.x86_64  CompilerName: GCC  CompilerVersion: 8.4.0
ProgramName: mri_annotation2label  ProgramArguments: mri_annotation2label -all-info  ProgramVersion: 7.3.2  TimeStamp: 2026/03/11-11:45:14-GMT  BuildTime: Aug  4 2022 06:17:15  BuildStamp: freesurfer-linux-ubuntu22_x86_64-7.3.2-20220804-6354275  User: oesteban  Machine: dna054  Platform: Linux  PlatformVersion: 5.14.0-427.37.1.el9_4.x86_64  CompilerName: GCC  CompilerVersion: 8.4.0
ProgramName: mri_aparc2aseg  ProgramArguments: mri_aparc2aseg -all-info  ProgramVersion: 7.3.2  TimeStamp: 2026/03/11-11:45:14-GMT  BuildTime: Aug  4 2022 06:17:15  BuildStamp: freesurfer-linux-ubuntu22_x86_64-7.3.2-20220804-6354275  User: oesteban  Machine: dna054  Platform: Linux  PlatformVersion: 5.14.0-427.37.1.el9_4.x86_64  CompilerName: GCC  CompilerVersion: 8.4.0
ProgramName: mri_surf2volseg  ProgramArguments: mri_surf2volseg -all-info  ProgramVersion: 7.3.2  TimeStamp: 2026/03/11-11:45:14-GMT  BuildTime: Aug  4 2022 06:17:15  BuildStamp: freesurfer-linux-ubuntu22_x86_64-7.3.2-20220804-6354275  User: oesteban  Machine: dna054  Platform: Linux  PlatformVersion: 5.14.0-427.37.1.el9_4.x86_64  CompilerName: GCC  CompilerVersion: 8.4.0
ProgramName: mri_binarize  ProgramArguments: mri_binarize -all-info  ProgramVersion: 7.3.2  TimeStamp: 2026/03/11-11:45:14-GMT  BuildTime: Aug  4 2022 06:17:15  BuildStamp: freesurfer-linux-ubuntu22_x86_64-7.3.2-20220804-6354275  User: oesteban  Machine: dna054  Platform: Linux  PlatformVersion: 5.14.0-427.37.1.el9_4.x86_64  CompilerName: GCC  CompilerVersion: 8.4.0
ProgramName: mri_ca_label  ProgramArguments: mri_ca_label -all-info  ProgramVersion: 7.3.2  TimeStamp: 2026/03/11-11:45:14-GMT  BuildTime: Aug  4 2022 06:17:15  BuildStamp: freesurfer-linux-ubuntu22_x86_64-7.3.2-20220804-6354275  User: oesteban  Machine: dna054  Platform: Linux  PlatformVersion: 5.14.0-427.37.1.el9_4.x86_64  CompilerName: GCC  CompilerVersion: 8.4.0
ProgramName: mri_ca_normalize  ProgramArguments: mri_ca_normalize -all-info  ProgramVersion: 7.3.2  TimeStamp: 2026/03/11-11:45:14-GMT  BuildTime: Aug  4 2022 06:17:15  BuildStamp: freesurfer-linux-ubuntu22_x86_64-7.3.2-20220804-6354275  User: oesteban  Machine: dna054  Platform: Linux  PlatformVersion: 5.14.0-427.37.1.el9_4.x86_64  CompilerName: GCC  CompilerVersion: 8.4.0
ProgramName: mri_ca_register  ProgramArguments: mri_ca_register -all-info  ProgramVersion: 7.3.2  TimeStamp: 2026/03/11-11:45:14-GMT  BuildTime: Aug  4 2022 06:17:15  BuildStamp: freesurfer-linux-ubuntu22_x86_64-7.3.2-20220804-6354275  User: oesteban  Machine: dna054  Platform: Linux  PlatformVersion: 5.14.0-427.37.1.el9_4.x86_64  CompilerName: GCC  CompilerVersion: 8.4.0
ProgramName: mri_cc  ProgramArguments: mri_cc -all-info  ProgramVersion: 7.3.2  TimeStamp: 2026/03/11-11:45:14-GMT  BuildTime: Aug  4 2022 06:17:15  BuildStamp: freesurfer-linux-ubuntu22_x86_64-7.3.2-20220804-6354275  User: oesteban  Machine: dna054  Platform: Linux  PlatformVersion: 5.14.0-427.37.1.el9_4.x86_64  CompilerName: GCC  CompilerVersion: 8.4.0
ProgramName: mri_compute_overlap  ProgramArguments: mri_compute_overlap -all-info  ProgramVersion: 7.3.2  TimeStamp: 2026/03/11-11:45:14-GMT  BuildTime: Aug  4 2022 06:17:15  BuildStamp: freesurfer-linux-ubuntu22_x86_64-7.3.2-20220804-6354275  User: oesteban  Machine: dna054  Platform: Linux  PlatformVersion: 5.14.0-427.37.1.el9_4.x86_64  CompilerName: GCC  CompilerVersion: 8.4.0
ProgramName: mri_compute_seg_overlap  ProgramArguments: mri_compute_seg_overlap -all-info  ProgramVersion: 7.3.2  TimeStamp: 2026/03/11-11:45:14-GMT  BuildTime: Aug  4 2022 06:17:15  BuildStamp: freesurfer-linux-ubuntu22_x86_64-7.3.2-20220804-6354275  User: oesteban  Machine: dna054  Platform: Linux  PlatformVersion: 5.14.0-427.37.1.el9_4.x86_64  CompilerName: GCC  CompilerVersion: 8.4.0
ProgramName: mri_concat  ProgramArguments: mri_concat -all-info  ProgramVersion: 7.3.2  TimeStamp: 2026/03/11-11:45:14-GMT  BuildTime: Aug  4 2022 06:17:15  BuildStamp: freesurfer-linux-ubuntu22_x86_64-7.3.2-20220804-6354275  User: oesteban  Machine: dna054  Platform: Linux  PlatformVersion: 5.14.0-427.37.1.el9_4.x86_64  CompilerName: GCC  CompilerVersion: 8.4.0
ProgramName: mri_concatenate_lta  ProgramArguments: mri_concatenate_lta -all-info  ProgramVersion: 7.3.2  TimeStamp: 2026/03/11-11:45:14-GMT  BuildTime: Aug  4 2022 06:17:15  BuildStamp: freesurfer-linux-ubuntu22_x86_64-7.3.2-20220804-6354275  User: oesteban  Machine: dna054  Platform: Linux  PlatformVersion: 5.14.0-427.37.1.el9_4.x86_64  CompilerName: GCC  CompilerVersion: 8.4.0
mri_convert -all-info 
ProgramName: mri_convert  ProgramArguments: mri_convert -all-info  ProgramVersion: 7.3.2  TimeStamp: 2026/03/11-11:45:14-GMT  BuildTime: Aug  4 2022 06:17:15  BuildStamp: freesurfer-linux-ubuntu22_x86_64-7.3.2-20220804-6354275  User: oesteban  Machine: dna054  Platform: Linux  PlatformVersion: 5.14.0-427.37.1.el9_4.x86_64  CompilerName: GCC  CompilerVersion: 8.4.0
ProgramName: mri_diff  ProgramArguments: mri_diff -all-info  ProgramVersion: 7.3.2  TimeStamp: 2026/03/11-11:45:14-GMT  BuildTime: Aug  4 2022 06:17:15  BuildStamp: freesurfer-linux-ubuntu22_x86_64-7.3.2-20220804-6354275  User: oesteban  Machine: dna054  Platform: Linux  PlatformVersion: 5.14.0-427.37.1.el9_4.x86_64  CompilerName: GCC  CompilerVersion: 8.4.0
ProgramName: mri_edit_wm_with_aseg  ProgramArguments: mri_edit_wm_with_aseg -all-info  ProgramVersion: 7.3.2  TimeStamp: 2026/03/11-11:45:14-GMT  BuildTime: Aug  4 2022 06:17:15  BuildStamp: freesurfer-linux-ubuntu22_x86_64-7.3.2-20220804-6354275  User: oesteban  Machine: dna054  Platform: Linux  PlatformVersion: 5.14.0-427.37.1.el9_4.x86_64  CompilerName: GCC  CompilerVersion: 8.4.0
ProgramName: mri_em_register  ProgramArguments: mri_em_register -all-info  ProgramVersion: 7.3.2  TimeStamp: 2026/03/11-11:45:14-GMT  BuildTime: Aug  4 2022 06:17:15  BuildStamp: freesurfer-linux-ubuntu22_x86_64-7.3.2-20220804-6354275  User: oesteban  Machine: dna054  Platform: Linux  PlatformVersion: 5.14.0-427.37.1.el9_4.x86_64  CompilerName: GCC  CompilerVersion: 8.4.0
ProgramName: mri_fill  ProgramArguments: mri_fill -all-info  ProgramVersion: 7.3.2  TimeStamp: 2026/03/11-11:45:14-GMT  BuildTime: Aug  4 2022 06:17:15  BuildStamp: freesurfer-linux-ubuntu22_x86_64-7.3.2-20220804-6354275  User: oesteban  Machine: dna054  Platform: Linux  PlatformVersion: 5.14.0-427.37.1.el9_4.x86_64  CompilerName: GCC  CompilerVersion: 8.4.0
ProgramName: mri_fuse_segmentations  ProgramArguments: mri_fuse_segmentations -all-info  ProgramVersion: 7.3.2  TimeStamp: 2026/03/11-11:45:14-GMT  BuildTime: Aug  4 2022 06:17:15  BuildStamp: freesurfer-linux-ubuntu22_x86_64-7.3.2-20220804-6354275  User: oesteban  Machine: dna054  Platform: Linux  PlatformVersion: 5.14.0-427.37.1.el9_4.x86_64  CompilerName: GCC  CompilerVersion: 8.4.0
ProgramName: mri_fwhm  ProgramArguments: mri_fwhm -all-info  ProgramVersion: 7.3.2  TimeStamp: 2026/03/11-11:45:14-GMT  BuildTime: Aug  4 2022 06:17:15  BuildStamp: freesurfer-linux-ubuntu22_x86_64-7.3.2-20220804-6354275  User: oesteban  Machine: dna054  Platform: Linux  PlatformVersion: 5.14.0-427.37.1.el9_4.x86_64  CompilerName: GCC  CompilerVersion: 8.4.0
ProgramName: mri_gcut  ProgramArguments: mri_gcut -all-info  ProgramVersion: 7.3.2  TimeStamp: 2026/03/11-11:45:14-GMT  BuildTime: Aug  4 2022 06:17:15  BuildStamp: freesurfer-linux-ubuntu22_x86_64-7.3.2-20220804-6354275  User: oesteban  Machine: dna054  Platform: Linux  PlatformVersion: 5.14.0-427.37.1.el9_4.x86_64  CompilerName: GCC  CompilerVersion: 8.4.0
ProgramName: mri_info  ProgramArguments: mri_info -all-info  ProgramVersion: 7.3.2  TimeStamp: 2026/03/11-11:45:14-GMT  BuildTime: Aug  4 2022 06:17:15  BuildStamp: freesurfer-linux-ubuntu22_x86_64-7.3.2-20220804-6354275  User: oesteban  Machine: dna054  Platform: Linux  PlatformVersion: 5.14.0-427.37.1.el9_4.x86_64  CompilerName: GCC  CompilerVersion: 8.4.0
ProgramName: mri_label2label  ProgramArguments: mri_label2label -all-info  ProgramVersion: 7.3.2  TimeStamp: 2026/03/11-11:45:14-GMT  BuildTime: Aug  4 2022 06:17:15  BuildStamp: freesurfer-linux-ubuntu22_x86_64-7.3.2-20220804-6354275  User: oesteban  Machine: dna054  Platform: Linux  PlatformVersion: 5.14.0-427.37.1.el9_4.x86_64  CompilerName: GCC  CompilerVersion: 8.4.0
ProgramName: mri_label2vol  ProgramArguments: mri_label2vol -all-info  ProgramVersion: 7.3.2  TimeStamp: 2026/03/11-11:45:14-GMT  BuildTime: Aug  4 2022 06:17:15  BuildStamp: freesurfer-linux-ubuntu22_x86_64-7.3.2-20220804-6354275  User: oesteban  Machine: dna054  Platform: Linux  PlatformVersion: 5.14.0-427.37.1.el9_4.x86_64  CompilerName: GCC  CompilerVersion: 8.4.0
ProgramName: mri_log_likelihood  ProgramArguments: mri_log_likelihood -all-info  ProgramVersion: 7.3.2  TimeStamp: 2026/03/11-11:45:14-GMT  BuildTime: Aug  4 2022 06:17:15  BuildStamp: freesurfer-linux-ubuntu22_x86_64-7.3.2-20220804-6354275  User: oesteban  Machine: dna054  Platform: Linux  PlatformVersion: 5.14.0-427.37.1.el9_4.x86_64  CompilerName: GCC  CompilerVersion: 8.4.0
ProgramName: mri_mask  ProgramArguments: mri_mask -all-info  ProgramVersion: 7.3.2  TimeStamp: 2026/03/11-11:45:14-GMT  BuildTime: Aug  4 2022 06:17:15  BuildStamp: freesurfer-linux-ubuntu22_x86_64-7.3.2-20220804-6354275  User: oesteban  Machine: dna054  Platform: Linux  PlatformVersion: 5.14.0-427.37.1.el9_4.x86_64  CompilerName: GCC  CompilerVersion: 8.4.0
ProgramName: mri_matrix_multiply  ProgramArguments: mri_matrix_multiply -all-info  ProgramVersion: 7.3.2  TimeStamp: 2026/03/11-11:45:14-GMT  BuildTime: Aug  4 2022 06:17:15  BuildStamp: freesurfer-linux-ubuntu22_x86_64-7.3.2-20220804-6354275  User: oesteban  Machine: dna054  Platform: Linux  PlatformVersion: 5.14.0-427.37.1.el9_4.x86_64  CompilerName: GCC  CompilerVersion: 8.4.0
ProgramName: mri_normalize  ProgramArguments: mri_normalize -all-info  ProgramVersion: 7.3.2  TimeStamp: 2026/03/11-11:45:14-GMT  BuildTime: Aug  4 2022 06:17:15  BuildStamp: freesurfer-linux-ubuntu22_x86_64-7.3.2-20220804-6354275  User: oesteban  Machine: dna054  Platform: Linux  PlatformVersion: 5.14.0-427.37.1.el9_4.x86_64  CompilerName: GCC  CompilerVersion: 8.4.0
ProgramName: mri_normalize_tp2  ProgramArguments: mri_normalize_tp2 -all-info  ProgramVersion: 7.3.2  TimeStamp: 2026/03/11-11:45:14-GMT  BuildTime: Aug  4 2022 06:17:15  BuildStamp: freesurfer-linux-ubuntu22_x86_64-7.3.2-20220804-6354275  User: oesteban  Machine: dna054  Platform: Linux  PlatformVersion: 5.14.0-427.37.1.el9_4.x86_64  CompilerName: GCC  CompilerVersion: 8.4.0
ProgramName: mri_or  ProgramArguments: mri_or -all-info  ProgramVersion: 7.3.2  TimeStamp: 2026/03/11-11:45:14-GMT  BuildTime: Aug  4 2022 06:17:15  BuildStamp: freesurfer-linux-ubuntu22_x86_64-7.3.2-20220804-6354275  User: oesteban  Machine: dna054  Platform: Linux  PlatformVersion: 5.14.0-427.37.1.el9_4.x86_64  CompilerName: GCC  CompilerVersion: 8.4.0
ProgramName: mri_relabel_hypointensities  ProgramArguments: mri_relabel_hypointensities -all-info  ProgramVersion: 7.3.2  TimeStamp: 2026/03/11-11:45:14-GMT  BuildTime: Aug  4 2022 06:17:15  BuildStamp: freesurfer-linux-ubuntu22_x86_64-7.3.2-20220804-6354275  User: oesteban  Machine: dna054  Platform: Linux  PlatformVersion: 5.14.0-427.37.1.el9_4.x86_64  CompilerName: GCC  CompilerVersion: 8.4.0
ProgramName: mri_relabel_nonwm_hypos  ProgramArguments: mri_relabel_nonwm_hypos -all-info  ProgramVersion: 7.3.2  TimeStamp: 2026/03/11-11:45:14-GMT  BuildTime: Aug  4 2022 06:17:15  BuildStamp: freesurfer-linux-ubuntu22_x86_64-7.3.2-20220804-6354275  User: oesteban  Machine: dna054  Platform: Linux  PlatformVersion: 5.14.0-427.37.1.el9_4.x86_64  CompilerName: GCC  CompilerVersion: 8.4.0
ProgramName: mri_remove_neck  ProgramArguments: mri_remove_neck -all-info  ProgramVersion: 7.3.2  TimeStamp: 2026/03/11-11:45:14-GMT  BuildTime: Aug  4 2022 06:17:15  BuildStamp: freesurfer-linux-ubuntu22_x86_64-7.3.2-20220804-6354275  User: oesteban  Machine: dna054  Platform: Linux  PlatformVersion: 5.14.0-427.37.1.el9_4.x86_64  CompilerName: GCC  CompilerVersion: 8.4.0
7.3.2

ProgramName: mri_robust_register  ProgramArguments: mri_robust_register -all-info  ProgramVersion: 7.3.2  TimeStamp: 2026/03/11-11:45:14-GMT  BuildTime: Aug  4 2022 06:17:15  BuildStamp: freesurfer-linux-ubuntu22_x86_64-7.3.2-20220804-6354275  User: oesteban  Machine: dna054  Platform: Linux  PlatformVersion: 5.14.0-427.37.1.el9_4.x86_64  CompilerName: GCC  CompilerVersion: 8.4.0
7.3.2

ProgramName: mri_robust_template  ProgramArguments: mri_robust_template -all-info  ProgramVersion: 7.3.2  TimeStamp: 2026/03/11-11:45:14-GMT  BuildTime: Aug  4 2022 06:17:15  BuildStamp: freesurfer-linux-ubuntu22_x86_64-7.3.2-20220804-6354275  User: oesteban  Machine: dna054  Platform: Linux  PlatformVersion: 5.14.0-427.37.1.el9_4.x86_64  CompilerName: GCC  CompilerVersion: 8.4.0
ProgramName: mris_anatomical_stats  ProgramArguments: mris_anatomical_stats -all-info  ProgramVersion: 7.3.2  TimeStamp: 2026/03/11-11:45:14-GMT  BuildTime: Aug  4 2022 06:17:15  BuildStamp: freesurfer-linux-ubuntu22_x86_64-7.3.2-20220804-6354275  User: oesteban  Machine: dna054  Platform: Linux  PlatformVersion: 5.14.0-427.37.1.el9_4.x86_64  CompilerName: GCC  CompilerVersion: 8.4.0
ProgramName: mris_ca_label  ProgramArguments: mris_ca_label -all-info  ProgramVersion: 7.3.2  TimeStamp: 2026/03/11-11:45:14-GMT  BuildTime: Aug  4 2022 06:17:15  BuildStamp: freesurfer-linux-ubuntu22_x86_64-7.3.2-20220804-6354275  User: oesteban  Machine: dna054  Platform: Linux  PlatformVersion: 5.14.0-427.37.1.el9_4.x86_64  CompilerName: GCC  CompilerVersion: 8.4.0
ProgramName: mris_calc  ProgramArguments: mris_calc -all-info  ProgramVersion: 7.3.2  TimeStamp: 2026/03/11-11:45:14-GMT  BuildTime: Aug  4 2022 06:17:15  BuildStamp: freesurfer-linux-ubuntu22_x86_64-7.3.2-20220804-6354275  User: oesteban  Machine: dna054  Platform: Linux  PlatformVersion: 5.14.0-427.37.1.el9_4.x86_64  CompilerName: GCC  CompilerVersion: 8.4.0
ProgramName: mris_convert  ProgramArguments: mris_convert -all-info  ProgramVersion: 7.3.2  TimeStamp: 2026/03/11-11:45:14-GMT  BuildTime: Aug  4 2022 06:17:15  BuildStamp: freesurfer-linux-ubuntu22_x86_64-7.3.2-20220804-6354275  User: oesteban  Machine: dna054  Platform: Linux  PlatformVersion: 5.14.0-427.37.1.el9_4.x86_64  CompilerName: GCC  CompilerVersion: 8.4.0
ProgramName: mris_curvature  ProgramArguments: mris_curvature -all-info  ProgramVersion: 7.3.2  TimeStamp: 2026/03/11-11:45:14-GMT  BuildTime: Aug  4 2022 06:17:15  BuildStamp: freesurfer-linux-ubuntu22_x86_64-7.3.2-20220804-6354275  User: oesteban  Machine: dna054  Platform: Linux  PlatformVersion: 5.14.0-427.37.1.el9_4.x86_64  CompilerName: GCC  CompilerVersion: 8.4.0
ProgramName: mris_curvature_stats  ProgramArguments: mris_curvature_stats -all-info  ProgramVersion: 7.3.2  TimeStamp: 2026/03/11-11:45:14-GMT  BuildTime: Aug  4 2022 06:17:15  BuildStamp: freesurfer-linux-ubuntu22_x86_64-7.3.2-20220804-6354275  User: oesteban  Machine: dna054  Platform: Linux  PlatformVersion: 5.14.0-427.37.1.el9_4.x86_64  CompilerName: GCC  CompilerVersion: 8.4.0
ProgramName: mris_diff  ProgramArguments: mris_diff -all-info  ProgramVersion: 7.3.2  TimeStamp: 2026/03/11-11:45:14-GMT  BuildTime: Aug  4 2022 06:17:15  BuildStamp: freesurfer-linux-ubuntu22_x86_64-7.3.2-20220804-6354275  User: oesteban  Machine: dna054  Platform: Linux  PlatformVersion: 5.14.0-427.37.1.el9_4.x86_64  CompilerName: GCC  CompilerVersion: 8.4.0
ProgramName: mris_divide_parcellation  ProgramArguments: mris_divide_parcellation -all-info  ProgramVersion: 7.3.2  TimeStamp: 2026/03/11-11:45:14-GMT  BuildTime: Aug  4 2022 06:17:15  BuildStamp: freesurfer-linux-ubuntu22_x86_64-7.3.2-20220804-6354275  User: oesteban  Machine: dna054  Platform: Linux  PlatformVersion: 5.14.0-427.37.1.el9_4.x86_64  CompilerName: GCC  CompilerVersion: 8.4.0
ProgramName: mri_segment  ProgramArguments: mri_segment -all-info  ProgramVersion: 7.3.2  TimeStamp: 2026/03/11-11:45:14-GMT  BuildTime: Aug  4 2022 06:17:15  BuildStamp: freesurfer-linux-ubuntu22_x86_64-7.3.2-20220804-6354275  User: oesteban  Machine: dna054  Platform: Linux  PlatformVersion: 5.14.0-427.37.1.el9_4.x86_64  CompilerName: GCC  CompilerVersion: 8.4.0
ProgramName: mri_segstats  ProgramArguments: mri_segstats -all-info  ProgramVersion: 7.3.2  TimeStamp: 2026/03/11-11:45:14-GMT  BuildTime: Aug  4 2022 06:17:15  BuildStamp: freesurfer-linux-ubuntu22_x86_64-7.3.2-20220804-6354275  User: oesteban  Machine: dna054  Platform: Linux  PlatformVersion: 5.14.0-427.37.1.el9_4.x86_64  CompilerName: GCC  CompilerVersion: 8.4.0
ProgramName: mris_euler_number  ProgramArguments: mris_euler_number -all-info  ProgramVersion: 7.3.2  TimeStamp: 2026/03/11-11:45:14-GMT  BuildTime: Aug  4 2022 06:17:15  BuildStamp: freesurfer-linux-ubuntu22_x86_64-7.3.2-20220804-6354275  User: oesteban  Machine: dna054  Platform: Linux  PlatformVersion: 5.14.0-427.37.1.el9_4.x86_64  CompilerName: GCC  CompilerVersion: 8.4.0
ProgramName: mris_fix_topology  ProgramArguments: mris_fix_topology -all-info  ProgramVersion: 7.3.2  TimeStamp: 2026/03/11-11:45:14-GMT  BuildTime: Aug  4 2022 06:17:15  BuildStamp: freesurfer-linux-ubuntu22_x86_64-7.3.2-20220804-6354275  User: oesteban  Machine: dna054  Platform: Linux  PlatformVersion: 5.14.0-427.37.1.el9_4.x86_64  CompilerName: GCC  CompilerVersion: 8.4.0
ProgramName: mris_topo_fixer  ProgramArguments: mris_topo_fixer -all-info  ProgramVersion: 7.3.2  TimeStamp: 2026/03/11-11:45:14-GMT  BuildTime: Aug  4 2022 06:17:15  BuildStamp: freesurfer-linux-ubuntu22_x86_64-7.3.2-20220804-6354275  User: oesteban  Machine: dna054  Platform: Linux  PlatformVersion: 5.14.0-427.37.1.el9_4.x86_64  CompilerName: GCC  CompilerVersion: 8.4.0
ProgramName: mris_jacobian  ProgramArguments: mris_jacobian -all-info  ProgramVersion: 7.3.2  TimeStamp: 2026/03/11-11:45:14-GMT  BuildTime: Aug  4 2022 06:17:15  BuildStamp: freesurfer-linux-ubuntu22_x86_64-7.3.2-20220804-6354275  User: oesteban  Machine: dna054  Platform: Linux  PlatformVersion: 5.14.0-427.37.1.el9_4.x86_64  CompilerName: GCC  CompilerVersion: 8.4.0
ProgramName: mris_label2annot  ProgramArguments: mris_label2annot -all-info  ProgramVersion: 7.3.2  TimeStamp: 2026/03/11-11:45:14-GMT  BuildTime: Aug  4 2022 06:17:15  BuildStamp: freesurfer-linux-ubuntu22_x86_64-7.3.2-20220804-6354275  User: oesteban  Machine: dna054  Platform: Linux  PlatformVersion: 5.14.0-427.37.1.el9_4.x86_64  CompilerName: GCC  CompilerVersion: 8.4.0
ProgramName: mris_left_right_register  ProgramArguments: mris_left_right_register -all-info  ProgramVersion: 7.3.2  TimeStamp: 2026/03/11-11:45:14-GMT  BuildTime: Aug  4 2022 06:17:15  BuildStamp: freesurfer-linux-ubuntu22_x86_64-7.3.2-20220804-6354275  User: oesteban  Machine: dna054  Platform: Linux  PlatformVersion: 5.14.0-427.37.1.el9_4.x86_64  CompilerName: GCC  CompilerVersion: 8.4.0
ProgramName: mris_place_surface  ProgramArguments: mris_place_surface -all-info  ProgramVersion: 7.3.2  TimeStamp: 2026/03/11-11:45:14-GMT  BuildTime: Aug  4 2022 06:17:15  BuildStamp: freesurfer-linux-ubuntu22_x86_64-7.3.2-20220804-6354275  User: oesteban  Machine: dna054  Platform: Linux  PlatformVersion: 5.14.0-427.37.1.el9_4.x86_64  CompilerName: GCC  CompilerVersion: 8.4.0
ProgramName: mrisp_paint  ProgramArguments: mrisp_paint -all-info  ProgramVersion: 7.3.2  TimeStamp: 2026/03/11-11:45:14-GMT  BuildTime: Aug  4 2022 06:17:15  BuildStamp: freesurfer-linux-ubuntu22_x86_64-7.3.2-20220804-6354275  User: oesteban  Machine: dna054  Platform: Linux  PlatformVersion: 5.14.0-427.37.1.el9_4.x86_64  CompilerName: GCC  CompilerVersion: 8.4.0
ProgramName: mris_register  ProgramArguments: mris_register -all-info  ProgramVersion: 7.3.2  TimeStamp: 2026/03/11-11:45:14-GMT  BuildTime: Aug  4 2022 06:17:15  BuildStamp: freesurfer-linux-ubuntu22_x86_64-7.3.2-20220804-6354275  User: oesteban  Machine: dna054  Platform: Linux  PlatformVersion: 5.14.0-427.37.1.el9_4.x86_64  CompilerName: GCC  CompilerVersion: 8.4.0
ProgramName: mris_smooth  ProgramArguments: mris_smooth -all-info  ProgramVersion: 7.3.2  TimeStamp: 2026/03/11-11:45:14-GMT  BuildTime: Aug  4 2022 06:17:15  BuildStamp: freesurfer-linux-ubuntu22_x86_64-7.3.2-20220804-6354275  User: oesteban  Machine: dna054  Platform: Linux  PlatformVersion: 5.14.0-427.37.1.el9_4.x86_64  CompilerName: GCC  CompilerVersion: 8.4.0
ProgramName: mris_sphere  ProgramArguments: mris_sphere -all-info  ProgramVersion: 7.3.2  TimeStamp: 2026/03/11-11:45:14-GMT  BuildTime: Aug  4 2022 06:17:15  BuildStamp: freesurfer-linux-ubuntu22_x86_64-7.3.2-20220804-6354275  User: oesteban  Machine: dna054  Platform: Linux  PlatformVersion: 5.14.0-427.37.1.el9_4.x86_64  CompilerName: GCC  CompilerVersion: 8.4.0
ProgramName: mris_surface_stats  ProgramArguments: mris_surface_stats -all-info  ProgramVersion: 7.3.2  TimeStamp: 2026/03/11-11:45:14-GMT  BuildTime: Aug  4 2022 06:17:15  BuildStamp: freesurfer-linux-ubuntu22_x86_64-7.3.2-20220804-6354275  User: oesteban  Machine: dna054  Platform: Linux  PlatformVersion: 5.14.0-427.37.1.el9_4.x86_64  CompilerName: GCC  CompilerVersion: 8.4.0
ProgramName: mri_stats2seg  ProgramArguments: mri_stats2seg -all-info  ProgramVersion: 7.3.2  TimeStamp: 2026/03/11-11:45:14-GMT  BuildTime: Aug  4 2022 06:17:15  BuildStamp: freesurfer-linux-ubuntu22_x86_64-7.3.2-20220804-6354275  User: oesteban  Machine: dna054  Platform: Linux  PlatformVersion: 5.14.0-427.37.1.el9_4.x86_64  CompilerName: GCC  CompilerVersion: 8.4.0
ProgramName: mris_thickness  ProgramArguments: mris_thickness -all-info  ProgramVersion: 7.3.2  TimeStamp: 2026/03/11-11:45:14-GMT  BuildTime: Aug  4 2022 06:17:15  BuildStamp: freesurfer-linux-ubuntu22_x86_64-7.3.2-20220804-6354275  User: oesteban  Machine: dna054  Platform: Linux  PlatformVersion: 5.14.0-427.37.1.el9_4.x86_64  CompilerName: GCC  CompilerVersion: 8.4.0
ProgramName: mris_thickness_diff  ProgramArguments: mris_thickness_diff -all-info  ProgramVersion: 7.3.2  TimeStamp: 2026/03/11-11:45:14-GMT  BuildTime: Aug  4 2022 06:17:15  BuildStamp: freesurfer-linux-ubuntu22_x86_64-7.3.2-20220804-6354275  User: oesteban  Machine: dna054  Platform: Linux  PlatformVersion: 5.14.0-427.37.1.el9_4.x86_64  CompilerName: GCC  CompilerVersion: 8.4.0
ProgramName: mris_topo_fixer  ProgramArguments: mris_topo_fixer -all-info  ProgramVersion: 7.3.2  TimeStamp: 2026/03/11-11:45:14-GMT  BuildTime: Aug  4 2022 06:17:15  BuildStamp: freesurfer-linux-ubuntu22_x86_64-7.3.2-20220804-6354275  User: oesteban  Machine: dna054  Platform: Linux  PlatformVersion: 5.14.0-427.37.1.el9_4.x86_64  CompilerName: GCC  CompilerVersion: 8.4.0
ProgramName: mri_surf2surf  ProgramArguments: mri_surf2surf -all-info  ProgramVersion: 7.3.2  TimeStamp: 2026/03/11-11:45:14-GMT  BuildTime: Aug  4 2022 06:17:15  BuildStamp: freesurfer-linux-ubuntu22_x86_64-7.3.2-20220804-6354275  User: oesteban  Machine: dna054  Platform: Linux  PlatformVersion: 5.14.0-427.37.1.el9_4.x86_64  CompilerName: GCC  CompilerVersion: 8.4.0
ProgramName: mri_surf2vol  ProgramArguments: mri_surf2vol -all-info  ProgramVersion: 7.3.2  TimeStamp: 2026/03/11-11:45:14-GMT  BuildTime: Aug  4 2022 06:17:15  BuildStamp: freesurfer-linux-ubuntu22_x86_64-7.3.2-20220804-6354275  User: oesteban  Machine: dna054  Platform: Linux  PlatformVersion: 5.14.0-427.37.1.el9_4.x86_64  CompilerName: GCC  CompilerVersion: 8.4.0
ProgramName: mri_surfcluster  ProgramArguments: mri_surfcluster -all-info  ProgramVersion: 7.3.2  TimeStamp: 2026/03/11-11:45:14-GMT  BuildTime: Aug  4 2022 06:17:15  BuildStamp: freesurfer-linux-ubuntu22_x86_64-7.3.2-20220804-6354275  User: oesteban  Machine: dna054  Platform: Linux  PlatformVersion: 5.14.0-427.37.1.el9_4.x86_64  CompilerName: GCC  CompilerVersion: 8.4.0
ProgramName: mris_volmask  ProgramArguments: mris_volmask -all-info  ProgramVersion: 7.3.2  TimeStamp: 2026/03/11-11:45:14-GMT  BuildTime: Aug  4 2022 06:17:15  BuildStamp: freesurfer-linux-ubuntu22_x86_64-7.3.2-20220804-6354275  User: oesteban  Machine: dna054  Platform: Linux  PlatformVersion: 5.14.0-427.37.1.el9_4.x86_64  CompilerName: GCC  CompilerVersion: 8.4.0
ProgramName: mri_tessellate  ProgramArguments: mri_tessellate -all-info  ProgramVersion: 7.3.2  TimeStamp: 2026/03/11-11:45:14-GMT  BuildTime: Aug  4 2022 06:17:15  BuildStamp: freesurfer-linux-ubuntu22_x86_64-7.3.2-20220804-6354275  User: oesteban  Machine: dna054  Platform: Linux  PlatformVersion: 5.14.0-427.37.1.el9_4.x86_64  CompilerName: GCC  CompilerVersion: 8.4.0
ProgramName: mri_vol2surf  ProgramArguments: mri_vol2surf -all-info  ProgramVersion: 7.3.2  TimeStamp: 2026/03/11-11:45:14-GMT  BuildTime: Aug  4 2022 06:17:15  BuildStamp: freesurfer-linux-ubuntu22_x86_64-7.3.2-20220804-6354275  User: oesteban  Machine: dna054  Platform: Linux  PlatformVersion: 5.14.0-427.37.1.el9_4.x86_64  CompilerName: GCC  CompilerVersion: 8.4.0
ProgramName: mri_vol2vol  ProgramArguments: mri_vol2vol -all-info  ProgramVersion: 7.3.2  TimeStamp: 2026/03/11-11:45:14-GMT  BuildTime: Aug  4 2022 06:17:15  BuildStamp: freesurfer-linux-ubuntu22_x86_64-7.3.2-20220804-6354275  User: oesteban  Machine: dna054  Platform: Linux  PlatformVersion: 5.14.0-427.37.1.el9_4.x86_64  CompilerName: GCC  CompilerVersion: 8.4.0
ProgramName: mri_voldiff  ProgramArguments: mri_voldiff -all-info  ProgramVersion: 7.3.2  TimeStamp: 2026/03/11-11:45:14-GMT  BuildTime: Aug  4 2022 06:17:15  BuildStamp: freesurfer-linux-ubuntu22_x86_64-7.3.2-20220804-6354275  User: oesteban  Machine: dna054  Platform: Linux  PlatformVersion: 5.14.0-427.37.1.el9_4.x86_64  CompilerName: GCC  CompilerVersion: 8.4.0
ProgramName: mri_watershed  ProgramArguments: mri_watershed -all-info  ProgramVersion: 7.3.2  TimeStamp: 2026/03/11-11:45:14-GMT  BuildTime: Aug  4 2022 06:17:15  BuildStamp: freesurfer-linux-ubuntu22_x86_64-7.3.2-20220804-6354275  User: oesteban  Machine: dna054  Platform: Linux  PlatformVersion: 5.14.0-427.37.1.el9_4.x86_64  CompilerName: GCC  CompilerVersion: 8.4.0
ProgramName: tkregister2  ProgramArguments: tkregister2_cmdl -all-info  ProgramVersion: 7.3.2  TimeStamp: 2026/03/11-11:45:14-GMT  BuildTime: Aug  4 2022 06:17:15  BuildStamp: freesurfer-linux-ubuntu22_x86_64-7.3.2-20220804-6354275  User: oesteban  Machine: dna054  Platform: Linux  PlatformVersion: 5.14.0-427.37.1.el9_4.x86_64  CompilerName: GCC  CompilerVersion: 8.4.0
mri_motion_correct.fsl 7.3.2
mri_convert -all-info 
ProgramName: mri_convert  ProgramArguments: mri_convert -all-info  ProgramVersion: 7.3.2  TimeStamp: 2026/03/11-11:45:14-GMT  BuildTime: Aug  4 2022 06:17:15  BuildStamp: freesurfer-linux-ubuntu22_x86_64-7.3.2-20220804-6354275  User: oesteban  Machine: dna054  Platform: Linux  PlatformVersion: 5.14.0-427.37.1.el9_4.x86_64  CompilerName: GCC  CompilerVersion: 8.4.0
Program nu_correct, built from:
Package MNI N3, version 1.12.0, compiled by nicks@terrier (x86_64-unknown-linux-gnu) on 2015-06-19 at 01:25:34
#######################################
GCADIR /opt/freesurfer/average
GCA RB_all_2020-01-02.gca
GCASkull RB_all_withskull_2020_01_02.gca
AvgCurvTif folding.atlas.acfb40.noaparc.i12.2016-08-02.tif
GCSDIR /opt/freesurfer/average
GCS DKaparc.atlas.acfb40.noaparc.i12.2016-08-02.gcs
#######################################
#--------------------------------------------
#@# AutoDetGWStats lh Wed Mar 11 12:45:14 CET 2026
cd /out/sourcedata/freesurfer/sub-v2s16x51234_ses-1/mri
mris_autodet_gwstats --o ../surf/autodet.gw.stats.lh.dat --i brain.finalsurfs.mgz --wm wm.mgz --surf ../surf/lh.orig.premesh
  Update not needed
#--------------------------------------------
#@# WhitePreAparc lh Wed Mar 11 12:45:14 CET 2026
cd /out/sourcedata/freesurfer/sub-v2s16x51234_ses-1/mri
mris_place_surface --adgws-in ../surf/autodet.gw.stats.lh.dat --wm wm.mgz --threads 16 --invol brain.finalsurfs.mgz --lh --i ../surf/lh.orig --o ../surf/lh.white.preaparc --white --seg aseg.presurf.mgz --nsmooth 5
   Update not needed
#--------------------------------------------
#@# CortexLabel lh Wed Mar 11 12:45:14 CET 2026
cd /out/sourcedata/freesurfer/sub-v2s16x51234_ses-1/mri
mri_label2label --label-cortex ../surf/lh.white.preaparc aseg.presurf.mgz 0 ../label/lh.cortex.label
   Update not needed
#--------------------------------------------
#@# CortexLabel+HipAmyg lh Wed Mar 11 12:45:14 CET 2026
cd /out/sourcedata/freesurfer/sub-v2s16x51234_ses-1/mri
mri_label2label --label-cortex ../surf/lh.white.preaparc aseg.presurf.mgz 1 ../label/lh.cortex+hipamyg.label
   Update not needed
#@# white curv lh Wed Mar 11 12:45:14 CET 2026
cd /out/sourcedata/freesurfer/sub-v2s16x51234_ses-1/mri
mris_place_surface --curv-map ../surf/lh.white 2 10 ../surf/lh.curv
   Update not needed
#@# white area lh Wed Mar 11 12:45:14 CET 2026
cd /out/sourcedata/freesurfer/sub-v2s16x51234_ses-1/mri
mris_place_surface --area-map ../surf/lh.white ../surf/lh.area
   Update not needed
#@# pial curv lh Wed Mar 11 12:45:14 CET 2026
cd /out/sourcedata/freesurfer/sub-v2s16x51234_ses-1/mri
mris_place_surface --curv-map ../surf/lh.pial 2 10 ../surf/lh.curv.pial
   Update not needed
#@# pial area lh Wed Mar 11 12:45:14 CET 2026
cd /out/sourcedata/freesurfer/sub-v2s16x51234_ses-1/mri
mris_place_surface --area-map ../surf/lh.pial ../surf/lh.area.pial
   Update not needed
#@# thickness lh Wed Mar 11 12:45:14 CET 2026
cd /out/sourcedata/freesurfer/sub-v2s16x51234_ses-1/mri
mris_place_surface --thickness ../surf/lh.white ../surf/lh.pial 20 5 ../surf/lh.thickness
   Update not needed
#@# area and vertex vol lh Wed Mar 11 12:45:14 CET 2026
cd /out/sourcedata/freesurfer/sub-v2s16x51234_ses-1/mri
mris_place_surface --thickness ../surf/lh.white ../surf/lh.pial 20 5 ../surf/lh.thickness
   Update not needed
#-----------------------------------------
#@# Parcellation Stats lh Wed Mar 11 12:45:14 CET 2026
/out/sourcedata/freesurfer/sub-v2s16x51234_ses-1/scripts

 mris_anatomical_stats -th3 -mgz -noglobal -cortex ../label/lh.cortex.label -f ../stats/lh.aparc.stats -b -a ../label/lh.aparc.annot -c ../label/aparc.annot.ctab sub-v2s16x51234_ses-1 lh white 

computing statistics for each annotation in ../label/lh.aparc.annot.
reading volume /out/sourcedata/freesurfer/sub-v2s16x51234_ses-1/mri/wm.mgz...
reading input surface /out/sourcedata/freesurfer/sub-v2s16x51234_ses-1/surf/lh.white...
reading input pial surface /out/sourcedata/freesurfer/sub-v2s16x51234_ses-1/surf/lh.pial...
reading input white surface /out/sourcedata/freesurfer/sub-v2s16x51234_ses-1/surf/lh.white...
INFO: using TH3 volume calc
INFO: assuming MGZ format for volumes.
INFO: not computing global stats
INFO: using ../label/lh.cortex.label as mask to calc cortex NumVert, SurfArea and MeanThickness.
Using TH3 vertex volume calc
Total face volume 262154
Total vertex volume 261933 (mask=0)
Saving annotation colortable ../label/aparc.annot.ctab

table columns are:
    number of vertices
    total surface area (mm^2)
    total gray matter volume (mm^3)
    average cortical thickness +- standard deviation (mm)
    integrated rectified mean curvature
    integrated rectified Gaussian curvature
    folding index
    intrinsic curvature index
    structure name

 2186   1583   5172  2.780 0.632     0.105     0.018       26     1.6  bankssts
 1057    669   1720  2.577 0.425     0.103     0.010        9     0.5  caudalanteriorcingulate
 2962   2094   6516  2.813 0.455     0.109     0.018       24     2.1  caudalmiddlefrontal
 1904   1405   2744  1.852 0.462     0.148     0.030       23     2.5  cuneus
  625    411   1821  3.345 1.073     0.143     0.049        8     1.4  entorhinal
 4160   2890  10699  3.085 0.677     0.110     0.020       39     3.7  fusiform
 6792   4936  14630  2.618 0.634     0.122     0.023       80     6.7  inferiorparietal
 3517   2682  10228  3.315 0.745     0.121     0.025       39     4.1  inferiortemporal
 1564   1107   3357  2.495 1.032     0.111     0.024       17     1.5  isthmuscingulate
 6019   4279  11637  2.316 0.626     0.135     0.028       75     7.0  lateraloccipital
 3397   2403   8830  3.296 0.775     0.121     0.025       34     4.0  lateralorbitofrontal
 3801   2763   6940  2.283 0.671     0.134     0.028       42     4.6  lingual
 2508   1763   5874  3.034 0.921     0.115     0.027       29     2.7  medialorbitofrontal
 3906   2988  11795  3.098 0.708     0.133     0.030       59     5.2  middletemporal
 1104    695   1849  2.409 0.695     0.073     0.013        5     0.5  parahippocampal
 1606   1032   3173  2.777 0.664     0.092     0.019        8     1.2  paracentral
 1535   1071   3657  2.877 0.537     0.098     0.017       13     1.0  parsopercularis
  777    605   2501  3.050 0.816     0.142     0.033       11     1.1  parsorbitalis
 1668   1164   3693  2.684 0.724     0.106     0.018       15     1.2  parstriangularis
 1527   1090   1550  1.662 0.452     0.131     0.031       17     2.2  pericalcarine
 5304   3626   9197  2.262 0.805     0.112     0.021       47     4.8  postcentral
 1779   1299   4139  2.823 0.944     0.139     0.028       25     2.4  posteriorcingulate
 6234   4108  12982  2.838 0.615     0.101     0.017       44     4.5  precentral
 5266   3718  12357  2.939 0.712     0.126     0.026       56     6.2  precuneus
 1286    935   3696  2.994 0.961     0.112     0.025       13     1.4  rostralanteriorcingulate
 7845   5917  16836  2.513 0.663     0.125     0.026       87     9.6  rostralmiddlefrontal
 9923   7153  25871  3.141 0.747     0.117     0.022       94     9.4  superiorfrontal
 7306   5215  13058  2.310 0.592     0.122     0.023       77     7.8  superiorparietal
 6514   4527  17386  3.137 0.726     0.097     0.016       64     4.7  superiortemporal
 5740   4073  13092  2.815 0.604     0.116     0.022       59     5.3  supramarginal
  291    287   1223  3.188 0.797     0.210     0.057       10     0.7  frontalpole
  632    508   3320  4.024 0.753     0.129     0.024        7     0.7  temporalpole
 1015    683   2299  2.799 0.526     0.093     0.015        8     0.6  transversetemporal
 3562   2337   8092  3.457 0.755     0.094     0.018       23     2.4  insula

 mris_anatomical_stats -th3 -mgz -noglobal -cortex ../label/lh.cortex.label -f ../stats/lh.aparc.pial.stats -b -a ../label/lh.aparc.annot -c ../label/aparc.annot.ctab sub-v2s16x51234_ses-1 lh pial 

computing statistics for each annotation in ../label/lh.aparc.annot.
reading volume /out/sourcedata/freesurfer/sub-v2s16x51234_ses-1/mri/wm.mgz...
reading input surface /out/sourcedata/freesurfer/sub-v2s16x51234_ses-1/surf/lh.pial...
reading input pial surface /out/sourcedata/freesurfer/sub-v2s16x51234_ses-1/surf/lh.pial...
reading input white surface /out/sourcedata/freesurfer/sub-v2s16x51234_ses-1/surf/lh.white...
INFO: using TH3 volume calc
INFO: assuming MGZ format for volumes.
INFO: not computing global stats
INFO: using ../label/lh.cortex.label as mask to calc cortex NumVert, SurfArea and MeanThickness.
Using TH3 vertex volume calc
Total face volume 262154
Total vertex volume 261933 (mask=0)
Saving annotation colortable ../label/aparc.annot.ctab

table columns are:
    number of vertices
    total surface area (mm^2)
    total gray matter volume (mm^3)
    average cortical thickness +- standard deviation (mm)
    integrated rectified mean curvature
    integrated rectified Gaussian curvature
    folding index
    intrinsic curvature index
    structure name

 2186   2023   5172  2.780 0.632     0.138     0.033       63     2.4  bankssts
 1057    663   1720  2.577 0.425     0.090     0.022       41     0.8  caudalanteriorcingulate
 2962   2516   6516  2.813 0.455     0.131     0.026       45     3.5  caudalmiddlefrontal
 1904   1693   2744  1.852 0.462     0.150     0.033       32     2.7  cuneus
  625    745   1821  3.345 1.073     0.257     0.069       16     2.2  entorhinal
 4160   3888  10699  3.085 0.677     0.148     0.039       89     6.6  fusiform
 6792   6258  14630  2.618 0.634     0.155     0.037      268     9.7  inferiorparietal
 3517   3423  10228  3.315 0.745     0.169     0.045       94     6.4  inferiortemporal
 1564   1475   3357  2.495 1.032     0.168     0.049       39     2.9  isthmuscingulate
 6019   5676  11637  2.316 0.626     0.151     0.034       96     9.1  lateraloccipital
 3397   3020   8830  3.296 0.775     0.152     0.043      184     5.7  lateralorbitofrontal
 3801   3553   6940  2.283 0.671     0.170     0.040    27937     6.1  lingual
 2508   2217   5874  3.034 0.921     0.147     0.036       56     3.8  medialorbitofrontal
 3906   4415  11795  3.098 0.708     0.210     0.046    48097     7.8  middletemporal
 1104    906   1849  2.409 0.695     0.133     0.036       10     2.1  parahippocampal
 1606   1265   3173  2.777 0.664     0.119     0.107       31     2.4  paracentral
 1535   1429   3657  2.877 0.537     0.148     0.029       17     2.2  parsopercularis
  777    998   2501  3.050 0.816     0.215     0.046       20     1.5  parsorbitalis
 1668   1504   3693  2.684 0.724     0.135     0.026       16     2.0  parstriangularis
 1527    899   1550  1.662 0.452     0.122     0.039       41     2.2  pericalcarine
 5304   4598   9197  2.262 0.805     0.141     0.036      114     7.8  postcentral
 1779   1598   4139  2.823 0.944     0.181     0.046       83     3.3  posteriorcingulate
 6234   4843  12982  2.838 0.615     0.121     0.028      122     7.2  precentral
 5266   4610  12357  2.939 0.712     0.151     0.037      146     7.9  precuneus
 1286   1426   3696  2.994 0.961     0.178     0.039       24     2.3  rostralanteriorcingulate
 7845   7398  16836  2.513 0.663     0.157     0.038      135    11.6  rostralmiddlefrontal
 9923   8970  25871  3.141 0.747     0.145     0.037      357    13.8  superiorfrontal
 7306   6148  13058  2.310 0.592     0.141     0.034      134     9.8  superiorparietal
 6514   6132  17386  3.137 0.726     0.142     0.032       83     8.6  superiortemporal
 5740   5098  13092  2.815 0.604     0.151     0.096       87     8.5  supramarginal
  291    454   1223  3.188 0.797     0.220     0.032        4     0.5  frontalpole
  632   1085   3320  4.024 0.753     0.227     0.038        7     1.2  temporalpole
 1015    992   2299  2.799 0.526     0.128     0.029        6     1.2  transversetemporal
 3562   2148   8092  3.457 0.755     0.114     0.035       61     4.6  insula
#-----------------------------------------
#@# Parcellation Stats 2 lh Wed Mar 11 12:45:30 CET 2026
/out/sourcedata/freesurfer/sub-v2s16x51234_ses-1/scripts

 mris_anatomical_stats -th3 -mgz -noglobal -cortex ../label/lh.cortex.label -f ../stats/lh.aparc.a2009s.stats -b -a ../label/lh.aparc.a2009s.annot -c ../label/aparc.annot.a2009s.ctab sub-v2s16x51234_ses-1 lh white 

computing statistics for each annotation in ../label/lh.aparc.a2009s.annot.
reading volume /out/sourcedata/freesurfer/sub-v2s16x51234_ses-1/mri/wm.mgz...
reading input surface /out/sourcedata/freesurfer/sub-v2s16x51234_ses-1/surf/lh.white...
reading input pial surface /out/sourcedata/freesurfer/sub-v2s16x51234_ses-1/surf/lh.pial...
reading input white surface /out/sourcedata/freesurfer/sub-v2s16x51234_ses-1/surf/lh.white...
INFO: using TH3 volume calc
INFO: assuming MGZ format for volumes.
INFO: not computing global stats
INFO: using ../label/lh.cortex.label as mask to calc cortex NumVert, SurfArea and MeanThickness.
Using TH3 vertex volume calc
Total face volume 262154
Total vertex volume 261933 (mask=0)
Saving annotation colortable ../label/aparc.annot.a2009s.ctab

table columns are:
    number of vertices
    total surface area (mm^2)
    total gray matter volume (mm^3)
    average cortical thickness +- standard deviation (mm)
    integrated rectified mean curvature
    integrated rectified Gaussian curvature
    folding index
    intrinsic curvature index
    structure name

  973    780   2332  2.521 0.652     0.147     0.033       12     1.7  G_and_S_frontomargin
 1348    981   2909  2.428 0.536     0.123     0.023       18     1.3  G_and_S_occipital_inf
 1155    769   2265  2.482 0.665     0.108     0.024        8     1.2  G_and_S_paracentral
 1442   1048   4039  3.212 0.611     0.128     0.022       17     1.2  G_and_S_subcentral
  670    614   2297  3.228 0.904     0.200     0.059       16     2.0  G_and_S_transv_frontopol
 2530   1788   6234  3.036 0.645     0.113     0.022       22     2.4  G_and_S_cingul-Ant
 1744   1151   3373  2.841 0.522     0.099     0.013       11     1.0  G_and_S_cingul-Mid-Ant
 1327    916   2883  2.945 0.629     0.113     0.022       11     1.2  G_and_S_cingul-Mid-Post
  581    476   2264  3.488 1.036     0.177     0.049       14     1.4  G_cingul-Post-dorsal
  272    190    766  2.958 0.817     0.124     0.029        3     0.3  G_cingul-Post-ventral
 1691   1363   2794  1.847 0.550     0.174     0.041       26     3.4  G_cuneus
  982    721   3171  3.101 0.524     0.108     0.021       11     0.8  G_front_inf-Opercular
  356    255   1065  2.847 0.550     0.132     0.027        6     0.4  G_front_inf-Orbital
  856    643   2702  3.040 0.676     0.126     0.027       12     0.9  G_front_inf-Triangul
 3806   2975   9742  2.578 0.597     0.135     0.024       52     4.2  G_front_middle
 5617   4191  18204  3.368 0.774     0.131     0.028       68     6.5  G_front_sup
  716    483   1738  3.614 0.734     0.123     0.029        9     0.8  G_Ins_lg_and_S_cent_ins
  723    486   2826  4.002 0.663     0.098     0.020        5     0.6  G_insular_short
 1650   1257   5371  2.907 0.784     0.140     0.032       28     2.1  G_occipital_middle
 1374   1002   3080  2.482 0.679     0.141     0.030       16     1.7  G_occipital_sup
 1668   1165   5129  3.241 0.531     0.122     0.021       21     1.7  G_oc-temp_lat-fusifor
 2579   1949   5200  2.225 0.715     0.155     0.035       36     3.8  G_oc-temp_med-Lingual
 1312    812   2939  2.845 0.952     0.109     0.031       12     1.7  G_oc-temp_med-Parahip
 1998   1579   7210  3.442 0.899     0.143     0.035       29     3.3  G_orbital
 2371   1842   6216  2.661 0.712     0.144     0.030       43     3.0  G_pariet_inf-Angular
 3103   2293   8863  2.936 0.602     0.128     0.025       41     3.4  G_pariet_inf-Supramar
 2472   1941   5465  2.322 0.618     0.144     0.030       40     3.6  G_parietal_sup
 1918   1304   3526  2.130 0.632     0.119     0.024       20     2.1  G_postcentral
 2202   1446   5904  3.030 0.534     0.109     0.019       20     1.7  G_precentral
 2533   1844   8123  3.228 0.646     0.143     0.033       36     3.8  G_precuneus
  871    696   2781  3.133 0.863     0.142     0.034       16     1.3  G_rectus
  699    447   1243  2.845 1.119     0.109     0.040        9     0.8  G_subcallosal
  727    485   2020  3.033 0.502     0.091     0.015        7     0.4  G_temp_sup-G_T_transv
 2009   1545   8143  3.446 0.822     0.138     0.029       42     2.5  G_temp_sup-Lateral
  701    458   2081  3.712 0.714     0.057     0.009        2     0.2  G_temp_sup-Plan_polar
 1291    872   2911  3.000 0.708     0.074     0.010        4     0.5  G_temp_sup-Plan_tempo
 1677   1349   5893  3.488 0.650     0.133     0.029       23     2.4  G_temporal_inf
 2154   1735   8155  3.289 0.735     0.147     0.036       44     3.3  G_temporal_middle
  350    219    366  1.983 0.394     0.075     0.007        2     0.1  Lat_Fis-ant-Horizont
  153    105    283  3.117 0.363     0.099     0.022        1     0.1  Lat_Fis-ant-Vertical
 1416    937   2079  2.738 0.491     0.097     0.016        7     1.0  Lat_Fis-post
 1825   1328   3055  1.990 0.503     0.153     0.034       26     2.7  Pole_occipital
 1215   1062   6697  3.939 0.794     0.162     0.038       19     2.1  Pole_temporal
 2159   1460   2605  2.067 0.733     0.109     0.022       18     2.0  S_calcarine
 2710   1791   3223  2.105 0.673     0.099     0.018       14     2.1  S_central
  966    669   1601  2.639 0.659     0.105     0.019        8     0.8  S_cingul-Marginalis
  396    258    674  3.361 0.552     0.076     0.011        1     0.2  S_circular_insula_ant
 1598   1018   2648  3.200 0.738     0.065     0.007        4     0.4  S_circular_insula_inf
 2052   1303   3128  3.103 0.603     0.086     0.012        7     1.1  S_circular_insula_sup
  801    551   1787  3.146 0.675     0.100     0.018        5     0.7  S_collat_transv_ant
  446    294    606  2.145 0.544     0.119     0.022        3     0.5  S_collat_transv_post
 1676   1092   2298  2.370 0.509     0.089     0.013        8     0.9  S_front_inf
 1617   1155   2966  2.572 0.650     0.113     0.025       14     1.9  S_front_middle
 3687   2556   6927  2.743 0.551     0.096     0.015       23     2.2  S_front_sup
  278    191    457  2.358 0.583     0.090     0.011        1     0.1  S_interm_prim-Jensen
 2963   1968   4257  2.390 0.595     0.097     0.015       17     2.0  S_intrapariet_and_P_trans
  760    526    985  2.233 0.449     0.131     0.022        8     0.8  S_oc_middle_and_Lunatus
 1325    872   1777  2.320 0.495     0.103     0.015        8     0.9  S_oc_sup_and_transversal
  554    389    737  2.280 0.394     0.114     0.023        4     0.6  S_occipital_ant
 1013    649   1629  2.978 0.547     0.079     0.011        3     0.5  S_oc-temp_lat
 2083   1393   3125  2.570 0.536     0.090     0.015       11     1.5  S_oc-temp_med_and_Lingual
  332    224    413  2.086 0.407     0.093     0.018        2     0.2  S_orbital_lateral
  582    395    877  2.594 0.525     0.113     0.016        4     0.4  S_orbital_med-olfact
 1241    876   2851  3.304 0.719     0.118     0.022       10     1.3  S_orbital-H_Shaped
 1892   1272   2868  2.399 0.624     0.111     0.018       16     1.5  S_parieto_occipital
 1356    855   1302  1.794 0.550     0.101     0.013       15     0.8  S_pericallosal
 2458   1639   3429  2.316 0.513     0.112     0.020       20     2.2  S_postcentral
 1310    870   2081  2.649 0.491     0.093     0.013        7     0.8  S_precentral-inf-part
 1226    814   1945  2.646 0.475     0.085     0.012        6     0.6  S_precentral-sup-part
  643    426   1301  3.188 0.999     0.097     0.016        5     0.6  S_suborbital
 1194    801   2055  2.883 0.729     0.097     0.017        5     0.8  S_subparietal
 1146    825   2110  2.859 0.788     0.115     0.021       11     1.2  S_temporal_inf
 7085   4929  14054  2.718 0.577     0.102     0.017       61     5.3  S_temporal_sup
  706    451    882  2.479 0.334     0.085     0.008        3     0.2  S_temporal_transverse
#-----------------------------------------
#@# Parcellation Stats 3 lh Wed Mar 11 12:45:38 CET 2026
/out/sourcedata/freesurfer/sub-v2s16x51234_ses-1/scripts

 mris_anatomical_stats -th3 -mgz -noglobal -cortex ../label/lh.cortex.label -f ../stats/lh.aparc.DKTatlas.stats -b -a ../label/lh.aparc.DKTatlas.annot -c ../label/aparc.annot.DKTatlas.ctab sub-v2s16x51234_ses-1 lh white 

computing statistics for each annotation in ../label/lh.aparc.DKTatlas.annot.
reading volume /out/sourcedata/freesurfer/sub-v2s16x51234_ses-1/mri/wm.mgz...
reading input surface /out/sourcedata/freesurfer/sub-v2s16x51234_ses-1/surf/lh.white...
reading input pial surface /out/sourcedata/freesurfer/sub-v2s16x51234_ses-1/surf/lh.pial...
reading input white surface /out/sourcedata/freesurfer/sub-v2s16x51234_ses-1/surf/lh.white...
INFO: using TH3 volume calc
INFO: assuming MGZ format for volumes.
INFO: not computing global stats
INFO: using ../label/lh.cortex.label as mask to calc cortex NumVert, SurfArea and MeanThickness.
Using TH3 vertex volume calc
Total face volume 262154
Total vertex volume 261933 (mask=0)
Saving annotation colortable ../label/aparc.annot.DKTatlas.ctab

table columns are:
    number of vertices
    total surface area (mm^2)
    total gray matter volume (mm^3)
    average cortical thickness +- standard deviation (mm)
    integrated rectified mean curvature
    integrated rectified Gaussian curvature
    folding index
    intrinsic curvature index
    structure name

 1912   1256   4151  2.822 0.575     0.108     0.016       18     1.2  caudalanteriorcingulate
 3220   2265   6993  2.808 0.463     0.110     0.018       27     2.3  caudalmiddlefrontal
 2515   1840   3848  1.954 0.519     0.142     0.029       30     3.2  cuneus
  508    342   1495  3.345 1.052     0.143     0.043        6     0.9  entorhinal
 3876   2632   8975  2.998 0.616     0.105     0.018       34     3.2  fusiform
 6804   4947  14995  2.632 0.655     0.124     0.023       84     6.9  inferiorparietal
 3583   2760  11667  3.450 0.740     0.125     0.026       39     4.3  inferiortemporal
 1536   1089   3362  2.538 1.041     0.112     0.024       17     1.4  isthmuscingulate
 6000   4266  11617  2.324 0.619     0.135     0.028       75     6.8  lateraloccipital
 3686   2692  10097  3.253 0.825     0.130     0.030       42     5.3  lateralorbitofrontal
 3873   2822   6979  2.264 0.666     0.134     0.028       43     4.7  lingual
 2063   1501   5168  3.033 0.920     0.119     0.027       25     2.4  medialorbitofrontal
 5547   4170  15450  3.003 0.727     0.125     0.027       75     6.4  middletemporal
 1210    757   1994  2.408 0.700     0.079     0.019        7     0.9  parahippocampal
 1919   1246   3868  2.813 0.638     0.092     0.018       10     1.4  paracentral
 1477   1030   3489  2.883 0.534     0.100     0.017       12     1.0  parsopercularis
  875    608   2113  2.800 0.695     0.111     0.018        9     0.6  parsorbitalis
 1974   1362   4160  2.631 0.704     0.101     0.018       17     1.4  parstriangularis
 1508   1067   1528  1.668 0.449     0.127     0.030       16     2.0  pericalcarine
 6116   4178  10614  2.325 0.817     0.113     0.021       54     5.8  postcentral
 1945   1410   4442  2.854 0.933     0.136     0.028       26     2.6  posteriorcingulate
 6093   4012  12863  2.858 0.614     0.101     0.017       43     4.3  precentral
 5144   3663  12266  2.939 0.725     0.129     0.027       57     6.2  precuneus
 1741   1246   4559  3.039 0.922     0.117     0.027       19     1.9  rostralanteriorcingulate
 5569   4194  12143  2.489 0.672     0.124     0.026       59     6.5  rostralmiddlefrontal
10659   7843  27185  3.050 0.776     0.122     0.024      112    11.3  superiorfrontal
 5946   4250  10580  2.308 0.586     0.121     0.023       63     6.3  superiorparietal
 8671   6137  23949  3.128 0.759     0.101     0.017       91     6.7  superiortemporal
 5309   3750  11877  2.795 0.595     0.115     0.022       54     4.8  supramarginal
  989    661   2233  2.804 0.529     0.093     0.015        8     0.6  transversetemporal
 3044   2015   7272  3.539 0.746     0.089     0.014       18     1.7  insula
/out/sourcedata/freesurfer/sub-v2s16x51234_ses-1/label
#--------------------------------------------
#@# BA_exvivo Labels lh Wed Mar 11 12:45:46 CET 2026

 mri_label2label --srcsubject fsaverage --srclabel /out/sourcedata/freesurfer/fsaverage/label/lh.BA1_exvivo.label --trgsubject sub-v2s16x51234_ses-1 --trglabel ./lh.BA1_exvivo.label --hemi lh --regmethod surface 


srclabel = /out/sourcedata/freesurfer/fsaverage/label/lh.BA1_exvivo.label
srcsubject = fsaverage
trgsubject = sub-v2s16x51234_ses-1
trglabel = ./lh.BA1_exvivo.label
regmethod = surface

srchemi = lh
trghemi = lh
trgsurface = white
srcsurfreg = sphere.reg
trgsurfreg = sphere.reg
usehash = 1
Use ProjAbs  = 0, 0
Use ProjFrac = 0, 0
DoPaint 0

SUBJECTS_DIR    /out/sourcedata/freesurfer
FREESURFER_HOME /opt/freesurfer
Loading source label.
Found 4129 points in source label.
Starting surface-based mapping
Reading source registration 
 /out/sourcedata/freesurfer/fsaverage/surf/lh.sphere.reg
Rescaling ...  original radius = 100
Reading target surface 
 /out/sourcedata/freesurfer/sub-v2s16x51234_ses-1/surf/lh.white
Reading target registration 
 /out/sourcedata/freesurfer/sub-v2s16x51234_ses-1/surf/lh.sphere.reg
Rescaling ...  original radius = 100
Building target registration hash (res=16).
Building source registration hash (res=16).
INFO: found  4129 nlabel points
Performing mapping from target back to the source label 122823
Number of reverse mapping hits = 73
Checking for and removing duplicates
Writing label file ./lh.BA1_exvivo.label 4202
mri_label2label: Done


 mri_label2label --srcsubject fsaverage --srclabel /out/sourcedata/freesurfer/fsaverage/label/lh.BA2_exvivo.label --trgsubject sub-v2s16x51234_ses-1 --trglabel ./lh.BA2_exvivo.label --hemi lh --regmethod surface 


srclabel = /out/sourcedata/freesurfer/fsaverage/label/lh.BA2_exvivo.label
srcsubject = fsaverage
trgsubject = sub-v2s16x51234_ses-1
trglabel = ./lh.BA2_exvivo.label
regmethod = surface

srchemi = lh
trghemi = lh
trgsurface = white
srcsurfreg = sphere.reg
trgsurfreg = sphere.reg
usehash = 1
Use ProjAbs  = 0, 0
Use ProjFrac = 0, 0
DoPaint 0

SUBJECTS_DIR    /out/sourcedata/freesurfer
FREESURFER_HOME /opt/freesurfer
Loading source label.
Found 7909 points in source label.
Starting surface-based mapping
Reading source registration 
 /out/sourcedata/freesurfer/fsaverage/surf/lh.sphere.reg
Rescaling ...  original radius = 100
Reading target surface 
 /out/sourcedata/freesurfer/sub-v2s16x51234_ses-1/surf/lh.white
Reading target registration 
 /out/sourcedata/freesurfer/sub-v2s16x51234_ses-1/surf/lh.sphere.reg
Rescaling ...  original radius = 100
Building target registration hash (res=16).
Building source registration hash (res=16).
INFO: found  7909 nlabel points
Performing mapping from target back to the source label 122823
Number of reverse mapping hits = 82
Checking for and removing duplicates
Writing label file ./lh.BA2_exvivo.label 7991
mri_label2label: Done


 mri_label2label --srcsubject fsaverage --srclabel /out/sourcedata/freesurfer/fsaverage/label/lh.BA3a_exvivo.label --trgsubject sub-v2s16x51234_ses-1 --trglabel ./lh.BA3a_exvivo.label --hemi lh --regmethod surface 


srclabel = /out/sourcedata/freesurfer/fsaverage/label/lh.BA3a_exvivo.label
srcsubject = fsaverage
trgsubject = sub-v2s16x51234_ses-1
trglabel = ./lh.BA3a_exvivo.label
regmethod = surface

srchemi = lh
trghemi = lh
trgsurface = white
srcsurfreg = sphere.reg
trgsurfreg = sphere.reg
usehash = 1
Use ProjAbs  = 0, 0
Use ProjFrac = 0, 0
DoPaint 0

SUBJECTS_DIR    /out/sourcedata/freesurfer
FREESURFER_HOME /opt/freesurfer
Loading source label.
Found 4077 points in source label.
Starting surface-based mapping
Reading source registration 
 /out/sourcedata/freesurfer/fsaverage/surf/lh.sphere.reg
Rescaling ...  original radius = 100
Reading target surface 
 /out/sourcedata/freesurfer/sub-v2s16x51234_ses-1/surf/lh.white
Reading target registration 
 /out/sourcedata/freesurfer/sub-v2s16x51234_ses-1/surf/lh.sphere.reg
Rescaling ...  original radius = 100
Building target registration hash (res=16).
Building source registration hash (res=16).
INFO: found  4077 nlabel points
Performing mapping from target back to the source label 122823
Number of reverse mapping hits = 37
Checking for and removing duplicates
Writing label file ./lh.BA3a_exvivo.label 4114
mri_label2label: Done


 mri_label2label --srcsubject fsaverage --srclabel /out/sourcedata/freesurfer/fsaverage/label/lh.BA3b_exvivo.label --trgsubject sub-v2s16x51234_ses-1 --trglabel ./lh.BA3b_exvivo.label --hemi lh --regmethod surface 


srclabel = /out/sourcedata/freesurfer/fsaverage/label/lh.BA3b_exvivo.label
srcsubject = fsaverage
trgsubject = sub-v2s16x51234_ses-1
trglabel = ./lh.BA3b_exvivo.label
regmethod = surface

srchemi = lh
trghemi = lh
trgsurface = white
srcsurfreg = sphere.reg
trgsurfreg = sphere.reg
usehash = 1
Use ProjAbs  = 0, 0
Use ProjFrac = 0, 0
DoPaint 0

SUBJECTS_DIR    /out/sourcedata/freesurfer
FREESURFER_HOME /opt/freesurfer
Loading source label.
Found 5983 points in source label.
Starting surface-based mapping
Reading source registration 
 /out/sourcedata/freesurfer/fsaverage/surf/lh.sphere.reg
Rescaling ...  original radius = 100
Reading target surface 
 /out/sourcedata/freesurfer/sub-v2s16x51234_ses-1/surf/lh.white
Reading target registration 
 /out/sourcedata/freesurfer/sub-v2s16x51234_ses-1/surf/lh.sphere.reg
Rescaling ...  original radius = 100
Building target registration hash (res=16).
Building source registration hash (res=16).
INFO: found  5983 nlabel points
Performing mapping from target back to the source label 122823
Number of reverse mapping hits = 93
Checking for and removing duplicates
Writing label file ./lh.BA3b_exvivo.label 6076
mri_label2label: Done


 mri_label2label --srcsubject fsaverage --srclabel /out/sourcedata/freesurfer/fsaverage/label/lh.BA4a_exvivo.label --trgsubject sub-v2s16x51234_ses-1 --trglabel ./lh.BA4a_exvivo.label --hemi lh --regmethod surface 


srclabel = /out/sourcedata/freesurfer/fsaverage/label/lh.BA4a_exvivo.label
srcsubject = fsaverage
trgsubject = sub-v2s16x51234_ses-1
trglabel = ./lh.BA4a_exvivo.label
regmethod = surface

srchemi = lh
trghemi = lh
trgsurface = white
srcsurfreg = sphere.reg
trgsurfreg = sphere.reg
usehash = 1
Use ProjAbs  = 0, 0
Use ProjFrac = 0, 0
DoPaint 0

SUBJECTS_DIR    /out/sourcedata/freesurfer
FREESURFER_HOME /opt/freesurfer
Loading source label.
Found 5784 points in source label.
Starting surface-based mapping
Reading source registration 
 /out/sourcedata/freesurfer/fsaverage/surf/lh.sphere.reg
Rescaling ...  original radius = 100
Reading target surface 
 /out/sourcedata/freesurfer/sub-v2s16x51234_ses-1/surf/lh.white
Reading target registration 
 /out/sourcedata/freesurfer/sub-v2s16x51234_ses-1/surf/lh.sphere.reg
Rescaling ...  original radius = 100
Building target registration hash (res=16).
Building source registration hash (res=16).
INFO: found  5784 nlabel points
Performing mapping from target back to the source label 122823
Number of reverse mapping hits = 51
Checking for and removing duplicates
Writing label file ./lh.BA4a_exvivo.label 5835
mri_label2label: Done


 mri_label2label --srcsubject fsaverage --srclabel /out/sourcedata/freesurfer/fsaverage/label/lh.BA4p_exvivo.label --trgsubject sub-v2s16x51234_ses-1 --trglabel ./lh.BA4p_exvivo.label --hemi lh --regmethod surface 


srclabel = /out/sourcedata/freesurfer/fsaverage/label/lh.BA4p_exvivo.label
srcsubject = fsaverage
trgsubject = sub-v2s16x51234_ses-1
trglabel = ./lh.BA4p_exvivo.label
regmethod = surface

srchemi = lh
trghemi = lh
trgsurface = white
srcsurfreg = sphere.reg
trgsurfreg = sphere.reg
usehash = 1
Use ProjAbs  = 0, 0
Use ProjFrac = 0, 0
DoPaint 0

SUBJECTS_DIR    /out/sourcedata/freesurfer
FREESURFER_HOME /opt/freesurfer
Loading source label.
Found 4070 points in source label.
Starting surface-based mapping
Reading source registration 
 /out/sourcedata/freesurfer/fsaverage/surf/lh.sphere.reg
Rescaling ...  original radius = 100
Reading target surface 
 /out/sourcedata/freesurfer/sub-v2s16x51234_ses-1/surf/lh.white
Reading target registration 
 /out/sourcedata/freesurfer/sub-v2s16x51234_ses-1/surf/lh.sphere.reg
Rescaling ...  original radius = 100
Building target registration hash (res=16).
Building source registration hash (res=16).
INFO: found  4070 nlabel points
Performing mapping from target back to the source label 122823
Number of reverse mapping hits = 37
Checking for and removing duplicates
Writing label file ./lh.BA4p_exvivo.label 4107
mri_label2label: Done


 mri_label2label --srcsubject fsaverage --srclabel /out/sourcedata/freesurfer/fsaverage/label/lh.BA6_exvivo.label --trgsubject sub-v2s16x51234_ses-1 --trglabel ./lh.BA6_exvivo.label --hemi lh --regmethod surface 


srclabel = /out/sourcedata/freesurfer/fsaverage/label/lh.BA6_exvivo.label
srcsubject = fsaverage
trgsubject = sub-v2s16x51234_ses-1
trglabel = ./lh.BA6_exvivo.label
regmethod = surface

srchemi = lh
trghemi = lh
trgsurface = white
srcsurfreg = sphere.reg
trgsurfreg = sphere.reg
usehash = 1
Use ProjAbs  = 0, 0
Use ProjFrac = 0, 0
DoPaint 0

SUBJECTS_DIR    /out/sourcedata/freesurfer
FREESURFER_HOME /opt/freesurfer
Loading source label.
Found 13589 points in source label.
Starting surface-based mapping
Reading source registration 
 /out/sourcedata/freesurfer/fsaverage/surf/lh.sphere.reg
Rescaling ...  original radius = 100
Reading target surface 
 /out/sourcedata/freesurfer/sub-v2s16x51234_ses-1/surf/lh.white
Reading target registration 
 /out/sourcedata/freesurfer/sub-v2s16x51234_ses-1/surf/lh.sphere.reg
Rescaling ...  original radius = 100
Building target registration hash (res=16).
Building source registration hash (res=16).
INFO: found  13589 nlabel points
Performing mapping from target back to the source label 122823
Number of reverse mapping hits = 290
Checking for and removing duplicates
Writing label file ./lh.BA6_exvivo.label 13879
mri_label2label: Done


 mri_label2label --srcsubject fsaverage --srclabel /out/sourcedata/freesurfer/fsaverage/label/lh.BA44_exvivo.label --trgsubject sub-v2s16x51234_ses-1 --trglabel ./lh.BA44_exvivo.label --hemi lh --regmethod surface 


srclabel = /out/sourcedata/freesurfer/fsaverage/label/lh.BA44_exvivo.label
srcsubject = fsaverage
trgsubject = sub-v2s16x51234_ses-1
trglabel = ./lh.BA44_exvivo.label
regmethod = surface

srchemi = lh
trghemi = lh
trgsurface = white
srcsurfreg = sphere.reg
trgsurfreg = sphere.reg
usehash = 1
Use ProjAbs  = 0, 0
Use ProjFrac = 0, 0
DoPaint 0

SUBJECTS_DIR    /out/sourcedata/freesurfer
FREESURFER_HOME /opt/freesurfer
Loading source label.
Found 4181 points in source label.
Starting surface-based mapping
Reading source registration 
 /out/sourcedata/freesurfer/fsaverage/surf/lh.sphere.reg
Rescaling ...  original radius = 100
Reading target surface 
 /out/sourcedata/freesurfer/sub-v2s16x51234_ses-1/surf/lh.white
Reading target registration 
 /out/sourcedata/freesurfer/sub-v2s16x51234_ses-1/surf/lh.sphere.reg
Rescaling ...  original radius = 100
Building target registration hash (res=16).
Building source registration hash (res=16).
INFO: found  4181 nlabel points
Performing mapping from target back to the source label 122823
Number of reverse mapping hits = 17
Checking for and removing duplicates
Writing label file ./lh.BA44_exvivo.label 4198
mri_label2label: Done


 mri_label2label --srcsubject fsaverage --srclabel /out/sourcedata/freesurfer/fsaverage/label/lh.BA45_exvivo.label --trgsubject sub-v2s16x51234_ses-1 --trglabel ./lh.BA45_exvivo.label --hemi lh --regmethod surface 


srclabel = /out/sourcedata/freesurfer/fsaverage/label/lh.BA45_exvivo.label
srcsubject = fsaverage
trgsubject = sub-v2s16x51234_ses-1
trglabel = ./lh.BA45_exvivo.label
regmethod = surface

srchemi = lh
trghemi = lh
trgsurface = white
srcsurfreg = sphere.reg
trgsurfreg = sphere.reg
usehash = 1
Use ProjAbs  = 0, 0
Use ProjFrac = 0, 0
DoPaint 0

SUBJECTS_DIR    /out/sourcedata/freesurfer
FREESURFER_HOME /opt/freesurfer
Loading source label.
Found 3422 points in source label.
Starting surface-based mapping
Reading source registration 
 /out/sourcedata/freesurfer/fsaverage/surf/lh.sphere.reg
Rescaling ...  original radius = 100
Reading target surface 
 /out/sourcedata/freesurfer/sub-v2s16x51234_ses-1/surf/lh.white
Reading target registration 
 /out/sourcedata/freesurfer/sub-v2s16x51234_ses-1/surf/lh.sphere.reg
Rescaling ...  original radius = 100
Building target registration hash (res=16).
Building source registration hash (res=16).
INFO: found  3422 nlabel points
Performing mapping from target back to the source label 122823
Number of reverse mapping hits = 168
Checking for and removing duplicates
Writing label file ./lh.BA45_exvivo.label 3590
mri_label2label: Done


 mri_label2label --srcsubject fsaverage --srclabel /out/sourcedata/freesurfer/fsaverage/label/lh.V1_exvivo.label --trgsubject sub-v2s16x51234_ses-1 --trglabel ./lh.V1_exvivo.label --hemi lh --regmethod surface 


srclabel = /out/sourcedata/freesurfer/fsaverage/label/lh.V1_exvivo.label
srcsubject = fsaverage
trgsubject = sub-v2s16x51234_ses-1
trglabel = ./lh.V1_exvivo.label
regmethod = surface

srchemi = lh
trghemi = lh
trgsurface = white
srcsurfreg = sphere.reg
trgsurfreg = sphere.reg
usehash = 1
Use ProjAbs  = 0, 0
Use ProjFrac = 0, 0
DoPaint 0

SUBJECTS_DIR    /out/sourcedata/freesurfer
FREESURFER_HOME /opt/freesurfer
Loading source label.
Found 4641 points in source label.
Starting surface-based mapping
Reading source registration 
 /out/sourcedata/freesurfer/fsaverage/surf/lh.sphere.reg
Rescaling ...  original radius = 100
Reading target surface 
 /out/sourcedata/freesurfer/sub-v2s16x51234_ses-1/surf/lh.white
Reading target registration 
 /out/sourcedata/freesurfer/sub-v2s16x51234_ses-1/surf/lh.sphere.reg
Rescaling ...  original radius = 100
Building target registration hash (res=16).
Building source registration hash (res=16).
INFO: found  4641 nlabel points
Performing mapping from target back to the source label 122823
Number of reverse mapping hits = 462
Checking for and removing duplicates
Writing label file ./lh.V1_exvivo.label 5103
mri_label2label: Done


 mri_label2label --srcsubject fsaverage --srclabel /out/sourcedata/freesurfer/fsaverage/label/lh.V2_exvivo.label --trgsubject sub-v2s16x51234_ses-1 --trglabel ./lh.V2_exvivo.label --hemi lh --regmethod surface 


srclabel = /out/sourcedata/freesurfer/fsaverage/label/lh.V2_exvivo.label
srcsubject = fsaverage
trgsubject = sub-v2s16x51234_ses-1
trglabel = ./lh.V2_exvivo.label
regmethod = surface

srchemi = lh
trghemi = lh
trgsurface = white
srcsurfreg = sphere.reg
trgsurfreg = sphere.reg
usehash = 1
Use ProjAbs  = 0, 0
Use ProjFrac = 0, 0
DoPaint 0

SUBJECTS_DIR    /out/sourcedata/freesurfer
FREESURFER_HOME /opt/freesurfer
Loading source label.
Found 8114 points in source label.
Starting surface-based mapping
Reading source registration 
 /out/sourcedata/freesurfer/fsaverage/surf/lh.sphere.reg
Rescaling ...  original radius = 100
Reading target surface 
 /out/sourcedata/freesurfer/sub-v2s16x51234_ses-1/surf/lh.white
Reading target registration 
 /out/sourcedata/freesurfer/sub-v2s16x51234_ses-1/surf/lh.sphere.reg
Rescaling ...  original radius = 100
Building target registration hash (res=16).
Building source registration hash (res=16).
INFO: found  8114 nlabel points
Performing mapping from target back to the source label 122823
Number of reverse mapping hits = 1095
Checking for and removing duplicates
Writing label file ./lh.V2_exvivo.label 9209
mri_label2label: Done


 mri_label2label --srcsubject fsaverage --srclabel /out/sourcedata/freesurfer/fsaverage/label/lh.MT_exvivo.label --trgsubject sub-v2s16x51234_ses-1 --trglabel ./lh.MT_exvivo.label --hemi lh --regmethod surface 


srclabel = /out/sourcedata/freesurfer/fsaverage/label/lh.MT_exvivo.label
srcsubject = fsaverage
trgsubject = sub-v2s16x51234_ses-1
trglabel = ./lh.MT_exvivo.label
regmethod = surface

srchemi = lh
trghemi = lh
trgsurface = white
srcsurfreg = sphere.reg
trgsurfreg = sphere.reg
usehash = 1
Use ProjAbs  = 0, 0
Use ProjFrac = 0, 0
DoPaint 0

SUBJECTS_DIR    /out/sourcedata/freesurfer
FREESURFER_HOME /opt/freesurfer
Loading source label.
Found 2018 points in source label.
Starting surface-based mapping
Reading source registration 
 /out/sourcedata/freesurfer/fsaverage/surf/lh.sphere.reg
Rescaling ...  original radius = 100
Reading target surface 
 /out/sourcedata/freesurfer/sub-v2s16x51234_ses-1/surf/lh.white
Reading target registration 
 /out/sourcedata/freesurfer/sub-v2s16x51234_ses-1/surf/lh.sphere.reg
Rescaling ...  original radius = 100
Building target registration hash (res=16).
Building source registration hash (res=16).
INFO: found  2018 nlabel points
Performing mapping from target back to the source label 122823
Number of reverse mapping hits = 128
Checking for and removing duplicates
Writing label file ./lh.MT_exvivo.label 2146
mri_label2label: Done


 mri_label2label --srcsubject fsaverage --srclabel /out/sourcedata/freesurfer/fsaverage/label/lh.entorhinal_exvivo.label --trgsubject sub-v2s16x51234_ses-1 --trglabel ./lh.entorhinal_exvivo.label --hemi lh --regmethod surface 


srclabel = /out/sourcedata/freesurfer/fsaverage/label/lh.entorhinal_exvivo.label
srcsubject = fsaverage
trgsubject = sub-v2s16x51234_ses-1
trglabel = ./lh.entorhinal_exvivo.label
regmethod = surface

srchemi = lh
trghemi = lh
trgsurface = white
srcsurfreg = sphere.reg
trgsurfreg = sphere.reg
usehash = 1
Use ProjAbs  = 0, 0
Use ProjFrac = 0, 0
DoPaint 0

SUBJECTS_DIR    /out/sourcedata/freesurfer
FREESURFER_HOME /opt/freesurfer
Loading source label.
Found 1290 points in source label.
Starting surface-based mapping
Reading source registration 
 /out/sourcedata/freesurfer/fsaverage/surf/lh.sphere.reg
Rescaling ...  original radius = 100
Reading target surface 
 /out/sourcedata/freesurfer/sub-v2s16x51234_ses-1/surf/lh.white
Reading target registration 
 /out/sourcedata/freesurfer/sub-v2s16x51234_ses-1/surf/lh.sphere.reg
Rescaling ...  original radius = 100
Building target registration hash (res=16).
Building source registration hash (res=16).
INFO: found  1290 nlabel points
Performing mapping from target back to the source label 122823
Number of reverse mapping hits = 106
Checking for and removing duplicates
Writing label file ./lh.entorhinal_exvivo.label 1396
mri_label2label: Done


 mri_label2label --srcsubject fsaverage --srclabel /out/sourcedata/freesurfer/fsaverage/label/lh.perirhinal_exvivo.label --trgsubject sub-v2s16x51234_ses-1 --trglabel ./lh.perirhinal_exvivo.label --hemi lh --regmethod surface 


srclabel = /out/sourcedata/freesurfer/fsaverage/label/lh.perirhinal_exvivo.label
srcsubject = fsaverage
trgsubject = sub-v2s16x51234_ses-1
trglabel = ./lh.perirhinal_exvivo.label
regmethod = surface

srchemi = lh
trghemi = lh
trgsurface = white
srcsurfreg = sphere.reg
trgsurfreg = sphere.reg
usehash = 1
Use ProjAbs  = 0, 0
Use ProjFrac = 0, 0
DoPaint 0

SUBJECTS_DIR    /out/sourcedata/freesurfer
FREESURFER_HOME /opt/freesurfer
Loading source label.
Found 1199 points in source label.
Starting surface-based mapping
Reading source registration 
 /out/sourcedata/freesurfer/fsaverage/surf/lh.sphere.reg
Rescaling ...  original radius = 100
Reading target surface 
 /out/sourcedata/freesurfer/sub-v2s16x51234_ses-1/surf/lh.white
Reading target registration 
 /out/sourcedata/freesurfer/sub-v2s16x51234_ses-1/surf/lh.sphere.reg
Rescaling ...  original radius = 100
Building target registration hash (res=16).
Building source registration hash (res=16).
INFO: found  1199 nlabel points
Performing mapping from target back to the source label 122823
Number of reverse mapping hits = 81
Checking for and removing duplicates
Writing label file ./lh.perirhinal_exvivo.label 1280
mri_label2label: Done


 mri_label2label --srcsubject fsaverage --srclabel /out/sourcedata/freesurfer/fsaverage/label/lh.FG1.mpm.vpnl.label --trgsubject sub-v2s16x51234_ses-1 --trglabel ./lh.FG1.mpm.vpnl.label --hemi lh --regmethod surface 


srclabel = /out/sourcedata/freesurfer/fsaverage/label/lh.FG1.mpm.vpnl.label
srcsubject = fsaverage
trgsubject = sub-v2s16x51234_ses-1
trglabel = ./lh.FG1.mpm.vpnl.label
regmethod = surface

srchemi = lh
trghemi = lh
trgsurface = white
srcsurfreg = sphere.reg
trgsurfreg = sphere.reg
usehash = 1
Use ProjAbs  = 0, 0
Use ProjFrac = 0, 0
DoPaint 0

SUBJECTS_DIR    /out/sourcedata/freesurfer
FREESURFER_HOME /opt/freesurfer
Loading source label.
Found 414 points in source label.
Starting surface-based mapping
Reading source registration 
 /out/sourcedata/freesurfer/fsaverage/surf/lh.sphere.reg
Rescaling ...  original radius = 100
Reading target surface 
 /out/sourcedata/freesurfer/sub-v2s16x51234_ses-1/surf/lh.white
Reading target registration 
 /out/sourcedata/freesurfer/sub-v2s16x51234_ses-1/surf/lh.sphere.reg
Rescaling ...  original radius = 100
Building target registration hash (res=16).
Building source registration hash (res=16).
INFO: found  414 nlabel points
Performing mapping from target back to the source label 122823
Number of reverse mapping hits = 47
Checking for and removing duplicates
Writing label file ./lh.FG1.mpm.vpnl.label 461
mri_label2label: Done


 mri_label2label --srcsubject fsaverage --srclabel /out/sourcedata/freesurfer/fsaverage/label/lh.FG2.mpm.vpnl.label --trgsubject sub-v2s16x51234_ses-1 --trglabel ./lh.FG2.mpm.vpnl.label --hemi lh --regmethod surface 


srclabel = /out/sourcedata/freesurfer/fsaverage/label/lh.FG2.mpm.vpnl.label
srcsubject = fsaverage
trgsubject = sub-v2s16x51234_ses-1
trglabel = ./lh.FG2.mpm.vpnl.label
regmethod = surface

srchemi = lh
trghemi = lh
trgsurface = white
srcsurfreg = sphere.reg
trgsurfreg = sphere.reg
usehash = 1
Use ProjAbs  = 0, 0
Use ProjFrac = 0, 0
DoPaint 0

SUBJECTS_DIR    /out/sourcedata/freesurfer
FREESURFER_HOME /opt/freesurfer
Loading source label.
Found 703 points in source label.
Starting surface-based mapping
Reading source registration 
 /out/sourcedata/freesurfer/fsaverage/surf/lh.sphere.reg
Rescaling ...  original radius = 100
Reading target surface 
 /out/sourcedata/freesurfer/sub-v2s16x51234_ses-1/surf/lh.white
Reading target registration 
 /out/sourcedata/freesurfer/sub-v2s16x51234_ses-1/surf/lh.sphere.reg
Rescaling ...  original radius = 100
Building target registration hash (res=16).
Building source registration hash (res=16).
INFO: found  703 nlabel points
Performing mapping from target back to the source label 122823
Number of reverse mapping hits = 109
Checking for and removing duplicates
Writing label file ./lh.FG2.mpm.vpnl.label 812
mri_label2label: Done


 mri_label2label --srcsubject fsaverage --srclabel /out/sourcedata/freesurfer/fsaverage/label/lh.FG3.mpm.vpnl.label --trgsubject sub-v2s16x51234_ses-1 --trglabel ./lh.FG3.mpm.vpnl.label --hemi lh --regmethod surface 


srclabel = /out/sourcedata/freesurfer/fsaverage/label/lh.FG3.mpm.vpnl.label
srcsubject = fsaverage
trgsubject = sub-v2s16x51234_ses-1
trglabel = ./lh.FG3.mpm.vpnl.label
regmethod = surface

srchemi = lh
trghemi = lh
trgsurface = white
srcsurfreg = sphere.reg
trgsurfreg = sphere.reg
usehash = 1
Use ProjAbs  = 0, 0
Use ProjFrac = 0, 0
DoPaint 0

SUBJECTS_DIR    /out/sourcedata/freesurfer
FREESURFER_HOME /opt/freesurfer
Loading source label.
Found 1873 points in source label.
Starting surface-based mapping
Reading source registration 
 /out/sourcedata/freesurfer/fsaverage/surf/lh.sphere.reg
Rescaling ...  original radius = 100
Reading target surface 
 /out/sourcedata/freesurfer/sub-v2s16x51234_ses-1/surf/lh.white
Reading target registration 
 /out/sourcedata/freesurfer/sub-v2s16x51234_ses-1/surf/lh.sphere.reg
Rescaling ...  original radius = 100
Building target registration hash (res=16).
Building source registration hash (res=16).
INFO: found  1873 nlabel points
Performing mapping from target back to the source label 122823
Number of reverse mapping hits = 95
Checking for and removing duplicates
Writing label file ./lh.FG3.mpm.vpnl.label 1968
mri_label2label: Done


 mri_label2label --srcsubject fsaverage --srclabel /out/sourcedata/freesurfer/fsaverage/label/lh.FG4.mpm.vpnl.label --trgsubject sub-v2s16x51234_ses-1 --trglabel ./lh.FG4.mpm.vpnl.label --hemi lh --regmethod surface 


srclabel = /out/sourcedata/freesurfer/fsaverage/label/lh.FG4.mpm.vpnl.label
srcsubject = fsaverage
trgsubject = sub-v2s16x51234_ses-1
trglabel = ./lh.FG4.mpm.vpnl.label
regmethod = surface

srchemi = lh
trghemi = lh
trgsurface = white
srcsurfreg = sphere.reg
trgsurfreg = sphere.reg
usehash = 1
Use ProjAbs  = 0, 0
Use ProjFrac = 0, 0
DoPaint 0

SUBJECTS_DIR    /out/sourcedata/freesurfer
FREESURFER_HOME /opt/freesurfer
Loading source label.
Found 2101 points in source label.
Starting surface-based mapping
Reading source registration 
 /out/sourcedata/freesurfer/fsaverage/surf/lh.sphere.reg
Rescaling ...  original radius = 100
Reading target surface 
 /out/sourcedata/freesurfer/sub-v2s16x51234_ses-1/surf/lh.white
Reading target registration 
 /out/sourcedata/freesurfer/sub-v2s16x51234_ses-1/surf/lh.sphere.reg
Rescaling ...  original radius = 100
Building target registration hash (res=16).
Building source registration hash (res=16).
INFO: found  2101 nlabel points
Performing mapping from target back to the source label 122823
Number of reverse mapping hits = 232
Checking for and removing duplicates
Writing label file ./lh.FG4.mpm.vpnl.label 2333
mri_label2label: Done


 mri_label2label --srcsubject fsaverage --srclabel /out/sourcedata/freesurfer/fsaverage/label/lh.hOc1.mpm.vpnl.label --trgsubject sub-v2s16x51234_ses-1 --trglabel ./lh.hOc1.mpm.vpnl.label --hemi lh --regmethod surface 


srclabel = /out/sourcedata/freesurfer/fsaverage/label/lh.hOc1.mpm.vpnl.label
srcsubject = fsaverage
trgsubject = sub-v2s16x51234_ses-1
trglabel = ./lh.hOc1.mpm.vpnl.label
regmethod = surface

srchemi = lh
trghemi = lh
trgsurface = white
srcsurfreg = sphere.reg
trgsurfreg = sphere.reg
usehash = 1
Use ProjAbs  = 0, 0
Use ProjFrac = 0, 0
DoPaint 0

SUBJECTS_DIR    /out/sourcedata/freesurfer
FREESURFER_HOME /opt/freesurfer
Loading source label.
Found 3877 points in source label.
Starting surface-based mapping
Reading source registration 
 /out/sourcedata/freesurfer/fsaverage/surf/lh.sphere.reg
Rescaling ...  original radius = 100
Reading target surface 
 /out/sourcedata/freesurfer/sub-v2s16x51234_ses-1/surf/lh.white
Reading target registration 
 /out/sourcedata/freesurfer/sub-v2s16x51234_ses-1/surf/lh.sphere.reg
Rescaling ...  original radius = 100
Building target registration hash (res=16).
Building source registration hash (res=16).
INFO: found  3877 nlabel points
Performing mapping from target back to the source label 122823
Number of reverse mapping hits = 343
Checking for and removing duplicates
Writing label file ./lh.hOc1.mpm.vpnl.label 4220
mri_label2label: Done


 mri_label2label --srcsubject fsaverage --srclabel /out/sourcedata/freesurfer/fsaverage/label/lh.hOc2.mpm.vpnl.label --trgsubject sub-v2s16x51234_ses-1 --trglabel ./lh.hOc2.mpm.vpnl.label --hemi lh --regmethod surface 


srclabel = /out/sourcedata/freesurfer/fsaverage/label/lh.hOc2.mpm.vpnl.label
srcsubject = fsaverage
trgsubject = sub-v2s16x51234_ses-1
trglabel = ./lh.hOc2.mpm.vpnl.label
regmethod = surface

srchemi = lh
trghemi = lh
trgsurface = white
srcsurfreg = sphere.reg
trgsurfreg = sphere.reg
usehash = 1
Use ProjAbs  = 0, 0
Use ProjFrac = 0, 0
DoPaint 0

SUBJECTS_DIR    /out/sourcedata/freesurfer
FREESURFER_HOME /opt/freesurfer
Loading source label.
Found 2919 points in source label.
Starting surface-based mapping
Reading source registration 
 /out/sourcedata/freesurfer/fsaverage/surf/lh.sphere.reg
Rescaling ...  original radius = 100
Reading target surface 
 /out/sourcedata/freesurfer/sub-v2s16x51234_ses-1/surf/lh.white
Reading target registration 
 /out/sourcedata/freesurfer/sub-v2s16x51234_ses-1/surf/lh.sphere.reg
Rescaling ...  original radius = 100
Building target registration hash (res=16).
Building source registration hash (res=16).
INFO: found  2919 nlabel points
Performing mapping from target back to the source label 122823
Number of reverse mapping hits = 457
Checking for and removing duplicates
Writing label file ./lh.hOc2.mpm.vpnl.label 3376
mri_label2label: Done


 mri_label2label --srcsubject fsaverage --srclabel /out/sourcedata/freesurfer/fsaverage/label/lh.hOc3v.mpm.vpnl.label --trgsubject sub-v2s16x51234_ses-1 --trglabel ./lh.hOc3v.mpm.vpnl.label --hemi lh --regmethod surface 


srclabel = /out/sourcedata/freesurfer/fsaverage/label/lh.hOc3v.mpm.vpnl.label
srcsubject = fsaverage
trgsubject = sub-v2s16x51234_ses-1
trglabel = ./lh.hOc3v.mpm.vpnl.label
regmethod = surface

srchemi = lh
trghemi = lh
trgsurface = white
srcsurfreg = sphere.reg
trgsurfreg = sphere.reg
usehash = 1
Use ProjAbs  = 0, 0
Use ProjFrac = 0, 0
DoPaint 0

SUBJECTS_DIR    /out/sourcedata/freesurfer
FREESURFER_HOME /opt/freesurfer
Loading source label.
Found 1286 points in source label.
Starting surface-based mapping
Reading source registration 
 /out/sourcedata/freesurfer/fsaverage/surf/lh.sphere.reg
Rescaling ...  original radius = 100
Reading target surface 
 /out/sourcedata/freesurfer/sub-v2s16x51234_ses-1/surf/lh.white
Reading target registration 
 /out/sourcedata/freesurfer/sub-v2s16x51234_ses-1/surf/lh.sphere.reg
Rescaling ...  original radius = 100
Building target registration hash (res=16).
Building source registration hash (res=16).
INFO: found  1286 nlabel points
Performing mapping from target back to the source label 122823
Number of reverse mapping hits = 242
Checking for and removing duplicates
Writing label file ./lh.hOc3v.mpm.vpnl.label 1528
mri_label2label: Done


 mri_label2label --srcsubject fsaverage --srclabel /out/sourcedata/freesurfer/fsaverage/label/lh.hOc4v.mpm.vpnl.label --trgsubject sub-v2s16x51234_ses-1 --trglabel ./lh.hOc4v.mpm.vpnl.label --hemi lh --regmethod surface 


srclabel = /out/sourcedata/freesurfer/fsaverage/label/lh.hOc4v.mpm.vpnl.label
srcsubject = fsaverage
trgsubject = sub-v2s16x51234_ses-1
trglabel = ./lh.hOc4v.mpm.vpnl.label
regmethod = surface

srchemi = lh
trghemi = lh
trgsurface = white
srcsurfreg = sphere.reg
trgsurfreg = sphere.reg
usehash = 1
Use ProjAbs  = 0, 0
Use ProjFrac = 0, 0
DoPaint 0

SUBJECTS_DIR    /out/sourcedata/freesurfer
FREESURFER_HOME /opt/freesurfer
Loading source label.
Found 1006 points in source label.
Starting surface-based mapping
Reading source registration 
 /out/sourcedata/freesurfer/fsaverage/surf/lh.sphere.reg
Rescaling ...  original radius = 100
Reading target surface 
 /out/sourcedata/freesurfer/sub-v2s16x51234_ses-1/surf/lh.white
Reading target registration 
 /out/sourcedata/freesurfer/sub-v2s16x51234_ses-1/surf/lh.sphere.reg
Rescaling ...  original radius = 100
Building target registration hash (res=16).
Building source registration hash (res=16).
INFO: found  1006 nlabel points
Performing mapping from target back to the source label 122823
Number of reverse mapping hits = 170
Checking for and removing duplicates
Writing label file ./lh.hOc4v.mpm.vpnl.label 1176
mri_label2label: Done


 mris_label2annot --s sub-v2s16x51234_ses-1 --ctab /opt/freesurfer/average/colortable_vpnl.txt --hemi lh --a mpm.vpnl --maxstatwinner --noverbose --l lh.FG1.mpm.vpnl.label --l lh.FG2.mpm.vpnl.label --l lh.FG3.mpm.vpnl.label --l lh.FG4.mpm.vpnl.label --l lh.hOc1.mpm.vpnl.label --l lh.hOc2.mpm.vpnl.label --l lh.hOc3v.mpm.vpnl.label --l lh.hOc4v.mpm.vpnl.label 

Reading ctab /opt/freesurfer/average/colortable_vpnl.txt
Number of ctab entries 9

7.3.2
cwd /out/sourcedata/freesurfer/sub-v2s16x51234_ses-1/label
cmdline mris_label2annot --s sub-v2s16x51234_ses-1 --ctab /opt/freesurfer/average/colortable_vpnl.txt --hemi lh --a mpm.vpnl --maxstatwinner --noverbose --l lh.FG1.mpm.vpnl.label --l lh.FG2.mpm.vpnl.label --l lh.FG3.mpm.vpnl.label --l lh.FG4.mpm.vpnl.label --l lh.hOc1.mpm.vpnl.label --l lh.hOc2.mpm.vpnl.label --l lh.hOc3v.mpm.vpnl.label --l lh.hOc4v.mpm.vpnl.label 
sysname  Linux
hostname dna054
machine  x86_64
user     oesteban

subject sub-v2s16x51234_ses-1
hemi    lh
SUBJECTS_DIR /out/sourcedata/freesurfer
ColorTable /opt/freesurfer/average/colortable_vpnl.txt
AnnotName  mpm.vpnl
nlables 8
LabelThresh 0 0.000000
Loading /out/sourcedata/freesurfer/sub-v2s16x51234_ses-1/surf/lh.orig
 1 1376057 FG1
 2 16711935 FG2
 3 16711680 FG3
 4 1705837 FG4
 5 25600 hOc1
 6 255 hOc2
 7 16776960 hOc3v
 8 65535 hOc4v
Mapping unhit to unknown
Found 109500 unhit vertices
Writing annot to /out/sourcedata/freesurfer/sub-v2s16x51234_ses-1/label/lh.mpm.vpnl.annot

 mri_label2label --srcsubject fsaverage --srclabel /out/sourcedata/freesurfer/fsaverage/label/lh.BA1_exvivo.thresh.label --trgsubject sub-v2s16x51234_ses-1 --trglabel ./lh.BA1_exvivo.thresh.label --hemi lh --regmethod surface 


srclabel = /out/sourcedata/freesurfer/fsaverage/label/lh.BA1_exvivo.thresh.label
srcsubject = fsaverage
trgsubject = sub-v2s16x51234_ses-1
trglabel = ./lh.BA1_exvivo.thresh.label
regmethod = surface

srchemi = lh
trghemi = lh
trgsurface = white
srcsurfreg = sphere.reg
trgsurfreg = sphere.reg
usehash = 1
Use ProjAbs  = 0, 0
Use ProjFrac = 0, 0
DoPaint 0

SUBJECTS_DIR    /out/sourcedata/freesurfer
FREESURFER_HOME /opt/freesurfer
Loading source label.
Found 1014 points in source label.
Starting surface-based mapping
Reading source registration 
 /out/sourcedata/freesurfer/fsaverage/surf/lh.sphere.reg
Rescaling ...  original radius = 100
Reading target surface 
 /out/sourcedata/freesurfer/sub-v2s16x51234_ses-1/surf/lh.white
Reading target registration 
 /out/sourcedata/freesurfer/sub-v2s16x51234_ses-1/surf/lh.sphere.reg
Rescaling ...  original radius = 100
Building target registration hash (res=16).
Building source registration hash (res=16).
INFO: found  1014 nlabel points
Performing mapping from target back to the source label 122823
Number of reverse mapping hits = 31
Checking for and removing duplicates
Writing label file ./lh.BA1_exvivo.thresh.label 1045
mri_label2label: Done


 mri_label2label --srcsubject fsaverage --srclabel /out/sourcedata/freesurfer/fsaverage/label/lh.BA2_exvivo.thresh.label --trgsubject sub-v2s16x51234_ses-1 --trglabel ./lh.BA2_exvivo.thresh.label --hemi lh --regmethod surface 


srclabel = /out/sourcedata/freesurfer/fsaverage/label/lh.BA2_exvivo.thresh.label
srcsubject = fsaverage
trgsubject = sub-v2s16x51234_ses-1
trglabel = ./lh.BA2_exvivo.thresh.label
regmethod = surface

srchemi = lh
trghemi = lh
trgsurface = white
srcsurfreg = sphere.reg
trgsurfreg = sphere.reg
usehash = 1
Use ProjAbs  = 0, 0
Use ProjFrac = 0, 0
DoPaint 0

SUBJECTS_DIR    /out/sourcedata/freesurfer
FREESURFER_HOME /opt/freesurfer
Loading source label.
Found 2092 points in source label.
Starting surface-based mapping
Reading source registration 
 /out/sourcedata/freesurfer/fsaverage/surf/lh.sphere.reg
Rescaling ...  original radius = 100
Reading target surface 
 /out/sourcedata/freesurfer/sub-v2s16x51234_ses-1/surf/lh.white
Reading target registration 
 /out/sourcedata/freesurfer/sub-v2s16x51234_ses-1/surf/lh.sphere.reg
Rescaling ...  original radius = 100
Building target registration hash (res=16).
Building source registration hash (res=16).
INFO: found  2092 nlabel points
Performing mapping from target back to the source label 122823
Number of reverse mapping hits = 29
Checking for and removing duplicates
Writing label file ./lh.BA2_exvivo.thresh.label 2121
mri_label2label: Done


 mri_label2label --srcsubject fsaverage --srclabel /out/sourcedata/freesurfer/fsaverage/label/lh.BA3a_exvivo.thresh.label --trgsubject sub-v2s16x51234_ses-1 --trglabel ./lh.BA3a_exvivo.thresh.label --hemi lh --regmethod surface 


srclabel = /out/sourcedata/freesurfer/fsaverage/label/lh.BA3a_exvivo.thresh.label
srcsubject = fsaverage
trgsubject = sub-v2s16x51234_ses-1
trglabel = ./lh.BA3a_exvivo.thresh.label
regmethod = surface

srchemi = lh
trghemi = lh
trgsurface = white
srcsurfreg = sphere.reg
trgsurfreg = sphere.reg
usehash = 1
Use ProjAbs  = 0, 0
Use ProjFrac = 0, 0
DoPaint 0

SUBJECTS_DIR    /out/sourcedata/freesurfer
FREESURFER_HOME /opt/freesurfer
Loading source label.
Found 1504 points in source label.
Starting surface-based mapping
Reading source registration 
 /out/sourcedata/freesurfer/fsaverage/surf/lh.sphere.reg
Rescaling ...  original radius = 100
Reading target surface 
 /out/sourcedata/freesurfer/sub-v2s16x51234_ses-1/surf/lh.white
Reading target registration 
 /out/sourcedata/freesurfer/sub-v2s16x51234_ses-1/surf/lh.sphere.reg
Rescaling ...  original radius = 100
Building target registration hash (res=16).
Building source registration hash (res=16).
INFO: found  1504 nlabel points
Performing mapping from target back to the source label 122823
Number of reverse mapping hits = 2
Checking for and removing duplicates
Writing label file ./lh.BA3a_exvivo.thresh.label 1506
mri_label2label: Done


 mri_label2label --srcsubject fsaverage --srclabel /out/sourcedata/freesurfer/fsaverage/label/lh.BA3b_exvivo.thresh.label --trgsubject sub-v2s16x51234_ses-1 --trglabel ./lh.BA3b_exvivo.thresh.label --hemi lh --regmethod surface 


srclabel = /out/sourcedata/freesurfer/fsaverage/label/lh.BA3b_exvivo.thresh.label
srcsubject = fsaverage
trgsubject = sub-v2s16x51234_ses-1
trglabel = ./lh.BA3b_exvivo.thresh.label
regmethod = surface

srchemi = lh
trghemi = lh
trgsurface = white
srcsurfreg = sphere.reg
trgsurfreg = sphere.reg
usehash = 1
Use ProjAbs  = 0, 0
Use ProjFrac = 0, 0
DoPaint 0

SUBJECTS_DIR    /out/sourcedata/freesurfer
FREESURFER_HOME /opt/freesurfer
Loading source label.
Found 1996 points in source label.
Starting surface-based mapping
Reading source registration 
 /out/sourcedata/freesurfer/fsaverage/surf/lh.sphere.reg
Rescaling ...  original radius = 100
Reading target surface 
 /out/sourcedata/freesurfer/sub-v2s16x51234_ses-1/surf/lh.white
Reading target registration 
 /out/sourcedata/freesurfer/sub-v2s16x51234_ses-1/surf/lh.sphere.reg
Rescaling ...  original radius = 100
Building target registration hash (res=16).
Building source registration hash (res=16).
INFO: found  1996 nlabel points
Performing mapping from target back to the source label 122823
Number of reverse mapping hits = 16
Checking for and removing duplicates
Writing label file ./lh.BA3b_exvivo.thresh.label 2012
mri_label2label: Done


 mri_label2label --srcsubject fsaverage --srclabel /out/sourcedata/freesurfer/fsaverage/label/lh.BA4a_exvivo.thresh.label --trgsubject sub-v2s16x51234_ses-1 --trglabel ./lh.BA4a_exvivo.thresh.label --hemi lh --regmethod surface 


srclabel = /out/sourcedata/freesurfer/fsaverage/label/lh.BA4a_exvivo.thresh.label
srcsubject = fsaverage
trgsubject = sub-v2s16x51234_ses-1
trglabel = ./lh.BA4a_exvivo.thresh.label
regmethod = surface

srchemi = lh
trghemi = lh
trgsurface = white
srcsurfreg = sphere.reg
trgsurfreg = sphere.reg
usehash = 1
Use ProjAbs  = 0, 0
Use ProjFrac = 0, 0
DoPaint 0

SUBJECTS_DIR    /out/sourcedata/freesurfer
FREESURFER_HOME /opt/freesurfer
Loading source label.
Found 2319 points in source label.
Starting surface-based mapping
Reading source registration 
 /out/sourcedata/freesurfer/fsaverage/surf/lh.sphere.reg
Rescaling ...  original radius = 100
Reading target surface 
 /out/sourcedata/freesurfer/sub-v2s16x51234_ses-1/surf/lh.white
Reading target registration 
 /out/sourcedata/freesurfer/sub-v2s16x51234_ses-1/surf/lh.sphere.reg
Rescaling ...  original radius = 100
Building target registration hash (res=16).
Building source registration hash (res=16).
INFO: found  2319 nlabel points
Performing mapping from target back to the source label 122823
Number of reverse mapping hits = 11
Checking for and removing duplicates
Writing label file ./lh.BA4a_exvivo.thresh.label 2330
mri_label2label: Done


 mri_label2label --srcsubject fsaverage --srclabel /out/sourcedata/freesurfer/fsaverage/label/lh.BA4p_exvivo.thresh.label --trgsubject sub-v2s16x51234_ses-1 --trglabel ./lh.BA4p_exvivo.thresh.label --hemi lh --regmethod surface 


srclabel = /out/sourcedata/freesurfer/fsaverage/label/lh.BA4p_exvivo.thresh.label
srcsubject = fsaverage
trgsubject = sub-v2s16x51234_ses-1
trglabel = ./lh.BA4p_exvivo.thresh.label
regmethod = surface

srchemi = lh
trghemi = lh
trgsurface = white
srcsurfreg = sphere.reg
trgsurfreg = sphere.reg
usehash = 1
Use ProjAbs  = 0, 0
Use ProjFrac = 0, 0
DoPaint 0

SUBJECTS_DIR    /out/sourcedata/freesurfer
FREESURFER_HOME /opt/freesurfer
Loading source label.
Found 1549 points in source label.
Starting surface-based mapping
Reading source registration 
 /out/sourcedata/freesurfer/fsaverage/surf/lh.sphere.reg
Rescaling ...  original radius = 100
Reading target surface 
 /out/sourcedata/freesurfer/sub-v2s16x51234_ses-1/surf/lh.white
Reading target registration 
 /out/sourcedata/freesurfer/sub-v2s16x51234_ses-1/surf/lh.sphere.reg
Rescaling ...  original radius = 100
Building target registration hash (res=16).
Building source registration hash (res=16).
INFO: found  1549 nlabel points
Performing mapping from target back to the source label 122823
Number of reverse mapping hits = 11
Checking for and removing duplicates
Writing label file ./lh.BA4p_exvivo.thresh.label 1560
mri_label2label: Done


 mri_label2label --srcsubject fsaverage --srclabel /out/sourcedata/freesurfer/fsaverage/label/lh.BA6_exvivo.thresh.label --trgsubject sub-v2s16x51234_ses-1 --trglabel ./lh.BA6_exvivo.thresh.label --hemi lh --regmethod surface 


srclabel = /out/sourcedata/freesurfer/fsaverage/label/lh.BA6_exvivo.thresh.label
srcsubject = fsaverage
trgsubject = sub-v2s16x51234_ses-1
trglabel = ./lh.BA6_exvivo.thresh.label
regmethod = surface

srchemi = lh
trghemi = lh
trgsurface = white
srcsurfreg = sphere.reg
trgsurfreg = sphere.reg
usehash = 1
Use ProjAbs  = 0, 0
Use ProjFrac = 0, 0
DoPaint 0

SUBJECTS_DIR    /out/sourcedata/freesurfer
FREESURFER_HOME /opt/freesurfer
Loading source label.
Found 7035 points in source label.
Starting surface-based mapping
Reading source registration 
 /out/sourcedata/freesurfer/fsaverage/surf/lh.sphere.reg
Rescaling ...  original radius = 100
Reading target surface 
 /out/sourcedata/freesurfer/sub-v2s16x51234_ses-1/surf/lh.white
Reading target registration 
 /out/sourcedata/freesurfer/sub-v2s16x51234_ses-1/surf/lh.sphere.reg
Rescaling ...  original radius = 100
Building target registration hash (res=16).
Building source registration hash (res=16).
INFO: found  7035 nlabel points
Performing mapping from target back to the source label 122823
Number of reverse mapping hits = 79
Checking for and removing duplicates
Writing label file ./lh.BA6_exvivo.thresh.label 7114
mri_label2label: Done


 mri_label2label --srcsubject fsaverage --srclabel /out/sourcedata/freesurfer/fsaverage/label/lh.BA44_exvivo.thresh.label --trgsubject sub-v2s16x51234_ses-1 --trglabel ./lh.BA44_exvivo.thresh.label --hemi lh --regmethod surface 


srclabel = /out/sourcedata/freesurfer/fsaverage/label/lh.BA44_exvivo.thresh.label
srcsubject = fsaverage
trgsubject = sub-v2s16x51234_ses-1
trglabel = ./lh.BA44_exvivo.thresh.label
regmethod = surface

srchemi = lh
trghemi = lh
trgsurface = white
srcsurfreg = sphere.reg
trgsurfreg = sphere.reg
usehash = 1
Use ProjAbs  = 0, 0
Use ProjFrac = 0, 0
DoPaint 0

SUBJECTS_DIR    /out/sourcedata/freesurfer
FREESURFER_HOME /opt/freesurfer
Loading source label.
Found 1912 points in source label.
Starting surface-based mapping
Reading source registration 
 /out/sourcedata/freesurfer/fsaverage/surf/lh.sphere.reg
Rescaling ...  original radius = 100
Reading target surface 
 /out/sourcedata/freesurfer/sub-v2s16x51234_ses-1/surf/lh.white
Reading target registration 
 /out/sourcedata/freesurfer/sub-v2s16x51234_ses-1/surf/lh.sphere.reg
Rescaling ...  original radius = 100
Building target registration hash (res=16).
Building source registration hash (res=16).
INFO: found  1912 nlabel points
Performing mapping from target back to the source label 122823
Number of reverse mapping hits = 4
Checking for and removing duplicates
Writing label file ./lh.BA44_exvivo.thresh.label 1916
mri_label2label: Done


 mri_label2label --srcsubject fsaverage --srclabel /out/sourcedata/freesurfer/fsaverage/label/lh.BA45_exvivo.thresh.label --trgsubject sub-v2s16x51234_ses-1 --trglabel ./lh.BA45_exvivo.thresh.label --hemi lh --regmethod surface 


srclabel = /out/sourcedata/freesurfer/fsaverage/label/lh.BA45_exvivo.thresh.label
srcsubject = fsaverage
trgsubject = sub-v2s16x51234_ses-1
trglabel = ./lh.BA45_exvivo.thresh.label
regmethod = surface

srchemi = lh
trghemi = lh
trgsurface = white
srcsurfreg = sphere.reg
trgsurfreg = sphere.reg
usehash = 1
Use ProjAbs  = 0, 0
Use ProjFrac = 0, 0
DoPaint 0

SUBJECTS_DIR    /out/sourcedata/freesurfer
FREESURFER_HOME /opt/freesurfer
Loading source label.
Found 1151 points in source label.
Starting surface-based mapping
Reading source registration 
 /out/sourcedata/freesurfer/fsaverage/surf/lh.sphere.reg
Rescaling ...  original radius = 100
Reading target surface 
 /out/sourcedata/freesurfer/sub-v2s16x51234_ses-1/surf/lh.white
Reading target registration 
 /out/sourcedata/freesurfer/sub-v2s16x51234_ses-1/surf/lh.sphere.reg
Rescaling ...  original radius = 100
Building target registration hash (res=16).
Building source registration hash (res=16).
INFO: found  1151 nlabel points
Performing mapping from target back to the source label 122823
Number of reverse mapping hits = 57
Checking for and removing duplicates
Writing label file ./lh.BA45_exvivo.thresh.label 1208
mri_label2label: Done


 mri_label2label --srcsubject fsaverage --srclabel /out/sourcedata/freesurfer/fsaverage/label/lh.V1_exvivo.thresh.label --trgsubject sub-v2s16x51234_ses-1 --trglabel ./lh.V1_exvivo.thresh.label --hemi lh --regmethod surface 


srclabel = /out/sourcedata/freesurfer/fsaverage/label/lh.V1_exvivo.thresh.label
srcsubject = fsaverage
trgsubject = sub-v2s16x51234_ses-1
trglabel = ./lh.V1_exvivo.thresh.label
regmethod = surface

srchemi = lh
trghemi = lh
trgsurface = white
srcsurfreg = sphere.reg
trgsurfreg = sphere.reg
usehash = 1
Use ProjAbs  = 0, 0
Use ProjFrac = 0, 0
DoPaint 0

SUBJECTS_DIR    /out/sourcedata/freesurfer
FREESURFER_HOME /opt/freesurfer
Loading source label.
Found 3405 points in source label.
Starting surface-based mapping
Reading source registration 
 /out/sourcedata/freesurfer/fsaverage/surf/lh.sphere.reg
Rescaling ...  original radius = 100
Reading target surface 
 /out/sourcedata/freesurfer/sub-v2s16x51234_ses-1/surf/lh.white
Reading target registration 
 /out/sourcedata/freesurfer/sub-v2s16x51234_ses-1/surf/lh.sphere.reg
Rescaling ...  original radius = 100
Building target registration hash (res=16).
Building source registration hash (res=16).
INFO: found  3405 nlabel points
Performing mapping from target back to the source label 122823
Number of reverse mapping hits = 295
Checking for and removing duplicates
Writing label file ./lh.V1_exvivo.thresh.label 3700
mri_label2label: Done


 mri_label2label --srcsubject fsaverage --srclabel /out/sourcedata/freesurfer/fsaverage/label/lh.V2_exvivo.thresh.label --trgsubject sub-v2s16x51234_ses-1 --trglabel ./lh.V2_exvivo.thresh.label --hemi lh --regmethod surface 


srclabel = /out/sourcedata/freesurfer/fsaverage/label/lh.V2_exvivo.thresh.label
srcsubject = fsaverage
trgsubject = sub-v2s16x51234_ses-1
trglabel = ./lh.V2_exvivo.thresh.label
regmethod = surface

srchemi = lh
trghemi = lh
trgsurface = white
srcsurfreg = sphere.reg
trgsurfreg = sphere.reg
usehash = 1
Use ProjAbs  = 0, 0
Use ProjFrac = 0, 0
DoPaint 0

SUBJECTS_DIR    /out/sourcedata/freesurfer
FREESURFER_HOME /opt/freesurfer
Loading source label.
Found 3334 points in source label.
Starting surface-based mapping
Reading source registration 
 /out/sourcedata/freesurfer/fsaverage/surf/lh.sphere.reg
Rescaling ...  original radius = 100
Reading target surface 
 /out/sourcedata/freesurfer/sub-v2s16x51234_ses-1/surf/lh.white
Reading target registration 
 /out/sourcedata/freesurfer/sub-v2s16x51234_ses-1/surf/lh.sphere.reg
Rescaling ...  original radius = 100
Building target registration hash (res=16).
Building source registration hash (res=16).
INFO: found  3334 nlabel points
Performing mapping from target back to the source label 122823
Number of reverse mapping hits = 487
Checking for and removing duplicates
Writing label file ./lh.V2_exvivo.thresh.label 3821
mri_label2label: Done


 mri_label2label --srcsubject fsaverage --srclabel /out/sourcedata/freesurfer/fsaverage/label/lh.MT_exvivo.thresh.label --trgsubject sub-v2s16x51234_ses-1 --trglabel ./lh.MT_exvivo.thresh.label --hemi lh --regmethod surface 


srclabel = /out/sourcedata/freesurfer/fsaverage/label/lh.MT_exvivo.thresh.label
srcsubject = fsaverage
trgsubject = sub-v2s16x51234_ses-1
trglabel = ./lh.MT_exvivo.thresh.label
regmethod = surface

srchemi = lh
trghemi = lh
trgsurface = white
srcsurfreg = sphere.reg
trgsurfreg = sphere.reg
usehash = 1
Use ProjAbs  = 0, 0
Use ProjFrac = 0, 0
DoPaint 0

SUBJECTS_DIR    /out/sourcedata/freesurfer
FREESURFER_HOME /opt/freesurfer
Loading source label.
Found 513 points in source label.
Starting surface-based mapping
Reading source registration 
 /out/sourcedata/freesurfer/fsaverage/surf/lh.sphere.reg
Rescaling ...  original radius = 100
Reading target surface 
 /out/sourcedata/freesurfer/sub-v2s16x51234_ses-1/surf/lh.white
Reading target registration 
 /out/sourcedata/freesurfer/sub-v2s16x51234_ses-1/surf/lh.sphere.reg
Rescaling ...  original radius = 100
Building target registration hash (res=16).
Building source registration hash (res=16).
INFO: found  513 nlabel points
Performing mapping from target back to the source label 122823
Number of reverse mapping hits = 20
Checking for and removing duplicates
Writing label file ./lh.MT_exvivo.thresh.label 533
mri_label2label: Done


 mri_label2label --srcsubject fsaverage --srclabel /out/sourcedata/freesurfer/fsaverage/label/lh.entorhinal_exvivo.thresh.label --trgsubject sub-v2s16x51234_ses-1 --trglabel ./lh.entorhinal_exvivo.thresh.label --hemi lh --regmethod surface 


srclabel = /out/sourcedata/freesurfer/fsaverage/label/lh.entorhinal_exvivo.thresh.label
srcsubject = fsaverage
trgsubject = sub-v2s16x51234_ses-1
trglabel = ./lh.entorhinal_exvivo.thresh.label
regmethod = surface

srchemi = lh
trghemi = lh
trgsurface = white
srcsurfreg = sphere.reg
trgsurfreg = sphere.reg
usehash = 1
Use ProjAbs  = 0, 0
Use ProjFrac = 0, 0
DoPaint 0

SUBJECTS_DIR    /out/sourcedata/freesurfer
FREESURFER_HOME /opt/freesurfer
Loading source label.
Found 470 points in source label.
Starting surface-based mapping
Reading source registration 
 /out/sourcedata/freesurfer/fsaverage/surf/lh.sphere.reg
Rescaling ...  original radius = 100
Reading target surface 
 /out/sourcedata/freesurfer/sub-v2s16x51234_ses-1/surf/lh.white
Reading target registration 
 /out/sourcedata/freesurfer/sub-v2s16x51234_ses-1/surf/lh.sphere.reg
Rescaling ...  original radius = 100
Building target registration hash (res=16).
Building source registration hash (res=16).
INFO: found  470 nlabel points
Performing mapping from target back to the source label 122823
Number of reverse mapping hits = 91
Checking for and removing duplicates
Writing label file ./lh.entorhinal_exvivo.thresh.label 561
mri_label2label: Done


 mri_label2label --srcsubject fsaverage --srclabel /out/sourcedata/freesurfer/fsaverage/label/lh.perirhinal_exvivo.thresh.label --trgsubject sub-v2s16x51234_ses-1 --trglabel ./lh.perirhinal_exvivo.thresh.label --hemi lh --regmethod surface 


srclabel = /out/sourcedata/freesurfer/fsaverage/label/lh.perirhinal_exvivo.thresh.label
srcsubject = fsaverage
trgsubject = sub-v2s16x51234_ses-1
trglabel = ./lh.perirhinal_exvivo.thresh.label
regmethod = surface

srchemi = lh
trghemi = lh
trgsurface = white
srcsurfreg = sphere.reg
trgsurfreg = sphere.reg
usehash = 1
Use ProjAbs  = 0, 0
Use ProjFrac = 0, 0
DoPaint 0

SUBJECTS_DIR    /out/sourcedata/freesurfer
FREESURFER_HOME /opt/freesurfer
Loading source label.
Found 450 points in source label.
Starting surface-based mapping
Reading source registration 
 /out/sourcedata/freesurfer/fsaverage/surf/lh.sphere.reg
Rescaling ...  original radius = 100
Reading target surface 
 /out/sourcedata/freesurfer/sub-v2s16x51234_ses-1/surf/lh.white
Reading target registration 
 /out/sourcedata/freesurfer/sub-v2s16x51234_ses-1/surf/lh.sphere.reg
Rescaling ...  original radius = 100
Building target registration hash (res=16).
Building source registration hash (res=16).
INFO: found  450 nlabel points
Performing mapping from target back to the source label 122823
Number of reverse mapping hits = 25
Checking for and removing duplicates
Writing label file ./lh.perirhinal_exvivo.thresh.label 475
mri_label2label: Done


 mris_label2annot --s sub-v2s16x51234_ses-1 --hemi lh --ctab /opt/freesurfer/average/colortable_BA.txt --l lh.BA1_exvivo.label --l lh.BA2_exvivo.label --l lh.BA3a_exvivo.label --l lh.BA3b_exvivo.label --l lh.BA4a_exvivo.label --l lh.BA4p_exvivo.label --l lh.BA6_exvivo.label --l lh.BA44_exvivo.label --l lh.BA45_exvivo.label --l lh.V1_exvivo.label --l lh.V2_exvivo.label --l lh.MT_exvivo.label --l lh.perirhinal_exvivo.label --l lh.entorhinal_exvivo.label --a BA_exvivo --maxstatwinner --noverbose 

Reading ctab /opt/freesurfer/average/colortable_BA.txt
Number of ctab entries 15

7.3.2
cwd /out/sourcedata/freesurfer/sub-v2s16x51234_ses-1/label
cmdline mris_label2annot --s sub-v2s16x51234_ses-1 --hemi lh --ctab /opt/freesurfer/average/colortable_BA.txt --l lh.BA1_exvivo.label --l lh.BA2_exvivo.label --l lh.BA3a_exvivo.label --l lh.BA3b_exvivo.label --l lh.BA4a_exvivo.label --l lh.BA4p_exvivo.label --l lh.BA6_exvivo.label --l lh.BA44_exvivo.label --l lh.BA45_exvivo.label --l lh.V1_exvivo.label --l lh.V2_exvivo.label --l lh.MT_exvivo.label --l lh.perirhinal_exvivo.label --l lh.entorhinal_exvivo.label --a BA_exvivo --maxstatwinner --noverbose 
sysname  Linux
hostname dna054
machine  x86_64
user     oesteban

subject sub-v2s16x51234_ses-1
hemi    lh
SUBJECTS_DIR /out/sourcedata/freesurfer
ColorTable /opt/freesurfer/average/colortable_BA.txt
AnnotName  BA_exvivo
nlables 14
LabelThresh 0 0.000000
Loading /out/sourcedata/freesurfer/sub-v2s16x51234_ses-1/surf/lh.orig
 1 1530880 BA1_exvivo
 2 16749699 BA2_exvivo
 3 16711680 BA3a_exvivo
 4 3368703 BA3b_exvivo
 5 1376196 BA4a_exvivo
 6 13382655 BA4p_exvivo
 7 10036737 BA6_exvivo
 8 2490521 BA44_exvivo
 9 39283 BA45_exvivo
10 3993 V1_exvivo
11 8508928 V2_exvivo
12 10027163 MT_exvivo
13 16422433 perirhinal_exvivo
14 16392598 entorhinal_exvivo
Mapping unhit to unknown
Found 88900 unhit vertices
Writing annot to /out/sourcedata/freesurfer/sub-v2s16x51234_ses-1/label/lh.BA_exvivo.annot

 mris_label2annot --s sub-v2s16x51234_ses-1 --hemi lh --ctab /opt/freesurfer/average/colortable_BA.txt --l lh.BA1_exvivo.thresh.label --l lh.BA2_exvivo.thresh.label --l lh.BA3a_exvivo.thresh.label --l lh.BA3b_exvivo.thresh.label --l lh.BA4a_exvivo.thresh.label --l lh.BA4p_exvivo.thresh.label --l lh.BA6_exvivo.thresh.label --l lh.BA44_exvivo.thresh.label --l lh.BA45_exvivo.thresh.label --l lh.V1_exvivo.thresh.label --l lh.V2_exvivo.thresh.label --l lh.MT_exvivo.thresh.label --l lh.perirhinal_exvivo.thresh.label --l lh.entorhinal_exvivo.thresh.label --a BA_exvivo.thresh --maxstatwinner --noverbose 

Reading ctab /opt/freesurfer/average/colortable_BA.txt
Number of ctab entries 15

7.3.2
cwd /out/sourcedata/freesurfer/sub-v2s16x51234_ses-1/label
cmdline mris_label2annot --s sub-v2s16x51234_ses-1 --hemi lh --ctab /opt/freesurfer/average/colortable_BA.txt --l lh.BA1_exvivo.thresh.label --l lh.BA2_exvivo.thresh.label --l lh.BA3a_exvivo.thresh.label --l lh.BA3b_exvivo.thresh.label --l lh.BA4a_exvivo.thresh.label --l lh.BA4p_exvivo.thresh.label --l lh.BA6_exvivo.thresh.label --l lh.BA44_exvivo.thresh.label --l lh.BA45_exvivo.thresh.label --l lh.V1_exvivo.thresh.label --l lh.V2_exvivo.thresh.label --l lh.MT_exvivo.thresh.label --l lh.perirhinal_exvivo.thresh.label --l lh.entorhinal_exvivo.thresh.label --a BA_exvivo.thresh --maxstatwinner --noverbose 
sysname  Linux
hostname dna054
machine  x86_64
user     oesteban

subject sub-v2s16x51234_ses-1
hemi    lh
SUBJECTS_DIR /out/sourcedata/freesurfer
ColorTable /opt/freesurfer/average/colortable_BA.txt
AnnotName  BA_exvivo.thresh
nlables 14
LabelThresh 0 0.000000
Loading /out/sourcedata/freesurfer/sub-v2s16x51234_ses-1/surf/lh.orig
 1 1530880 BA1_exvivo
 2 16749699 BA2_exvivo
 3 16711680 BA3a_exvivo
 4 3368703 BA3b_exvivo
 5 1376196 BA4a_exvivo
 6 13382655 BA4p_exvivo
 7 10036737 BA6_exvivo
 8 2490521 BA44_exvivo
 9 39283 BA45_exvivo
10 3993 V1_exvivo
11 8508928 V2_exvivo
12 10027163 MT_exvivo
13 16422433 perirhinal_exvivo
14 16392598 entorhinal_exvivo
Mapping unhit to unknown
Found 103353 unhit vertices
Writing annot to /out/sourcedata/freesurfer/sub-v2s16x51234_ses-1/label/lh.BA_exvivo.thresh.annot

 mris_anatomical_stats -th3 -mgz -noglobal -f ../stats/lh.BA_exvivo.stats -b -a ./lh.BA_exvivo.annot -c ./BA_exvivo.ctab sub-v2s16x51234_ses-1 lh white 

computing statistics for each annotation in ./lh.BA_exvivo.annot.
reading volume /out/sourcedata/freesurfer/sub-v2s16x51234_ses-1/mri/wm.mgz...
reading input surface /out/sourcedata/freesurfer/sub-v2s16x51234_ses-1/surf/lh.white...
reading input pial surface /out/sourcedata/freesurfer/sub-v2s16x51234_ses-1/surf/lh.pial...
reading input white surface /out/sourcedata/freesurfer/sub-v2s16x51234_ses-1/surf/lh.white...
INFO: using TH3 volume calc
INFO: assuming MGZ format for volumes.
INFO: not computing global stats
Using TH3 vertex volume calc
Total face volume 262154
Total vertex volume 261933 (mask=0)
Saving annotation colortable ./BA_exvivo.ctab

table columns are:
    number of vertices
    total surface area (mm^2)
    total gray matter volume (mm^3)
    average cortical thickness +- standard deviation (mm)
    integrated rectified mean curvature
    integrated rectified Gaussian curvature
    folding index
    intrinsic curvature index
    structure name

  969    676   1908  2.169 0.799     0.130     0.027       12     1.2  BA1_exvivo
 3182   2132   5540  2.418 0.535     0.112     0.021       30     2.8  BA2_exvivo
  917    602    921  2.036 0.611     0.125     0.027        7     1.0  BA3a_exvivo
 2039   1441   3406  2.041 0.733     0.112     0.021       19     1.9  BA3b_exvivo
 1284    800   2893  2.924 0.562     0.103     0.021        9     1.1  BA4a_exvivo
 1087    705   1761  2.666 0.472     0.087     0.016        4     0.7  BA4p_exvivo
 8134   5584  20234  3.034 0.681     0.106     0.018       66     6.0  BA6_exvivo
 1513   1071   3813  3.021 0.529     0.102     0.018       13     1.2  BA44_exvivo
 2246   1604   4942  2.598 0.704     0.104     0.019       23     1.6  BA45_exvivo
 2787   2067   3451  1.702 0.483     0.139     0.033       34     4.1  V1_exvivo
 6766   4904  11976  2.203 0.622     0.145     0.031       85     9.0  V2_exvivo
 1668   1220   3724  2.524 0.661     0.125     0.023       21     1.6  MT_exvivo
  640    425   1494  3.110 1.053     0.083     0.017        4     0.4  perirhinal_exvivo
  691    452   1589  2.621 1.306     0.147     0.052        9     1.7  entorhinal_exvivo

 mris_anatomical_stats -th3 -mgz -f ../stats/lh.BA_exvivo.thresh.stats -noglobal -b -a ./lh.BA_exvivo.thresh.annot -c ./BA_exvivo.thresh.ctab sub-v2s16x51234_ses-1 lh white 

computing statistics for each annotation in ./lh.BA_exvivo.thresh.annot.
reading volume /out/sourcedata/freesurfer/sub-v2s16x51234_ses-1/mri/wm.mgz...
reading input surface /out/sourcedata/freesurfer/sub-v2s16x51234_ses-1/surf/lh.white...
reading input pial surface /out/sourcedata/freesurfer/sub-v2s16x51234_ses-1/surf/lh.pial...
reading input white surface /out/sourcedata/freesurfer/sub-v2s16x51234_ses-1/surf/lh.white...
INFO: using TH3 volume calc
INFO: assuming MGZ format for volumes.
INFO: not computing global stats
Using TH3 vertex volume calc
Total face volume 262154
Total vertex volume 261933 (mask=0)
Saving annotation colortable ./BA_exvivo.thresh.ctab

table columns are:
    number of vertices
    total surface area (mm^2)
    total gray matter volume (mm^3)
    average cortical thickness +- standard deviation (mm)
    integrated rectified mean curvature
    integrated rectified Gaussian curvature
    folding index
    intrinsic curvature index
    structure name

  620    414   1278  2.206 0.752     0.156     0.032       11     1.1  BA1_exvivo
 1275    836   2021  2.252 0.493     0.101     0.017        8     1.1  BA2_exvivo
  748    481    678  1.969 0.568     0.127     0.027        6     0.8  BA3a_exvivo
 1172    834   1389  1.584 0.363     0.087     0.014        6     0.8  BA3b_exvivo
 1209    780   2734  2.922 0.582     0.091     0.018        6     0.9  BA4a_exvivo
  887    582   1413  2.616 0.506     0.095     0.018        4     0.7  BA4p_exvivo
 4329   2973  11129  3.081 0.608     0.112     0.020       40     3.5  BA6_exvivo
  941    698   2669  3.004 0.482     0.106     0.019       10     0.8  BA44_exvivo
  819    613   2423  2.987 0.747     0.123     0.027       10     0.8  BA45_exvivo
 2955   2186   3794  1.716 0.479     0.134     0.032       34     4.2  V1_exvivo
 3343   2520   5727  2.092 0.559     0.157     0.037       47     5.2  V2_exvivo
  436    299    681  2.316 0.479     0.096     0.012        2     0.2  MT_exvivo
  258    179    594  3.428 0.812     0.075     0.011        1     0.1  perirhinal_exvivo
  478    305   1350  3.147 1.026     0.149     0.055        7     1.3  entorhinal_exvivo

Started at Wed Mar 11 12:45:14 CET 2026 
Ended   at Wed Mar 11 12:48:08 CET 2026
#@#%# recon-all-run-time-hours 0.048
recon-all -s sub-v2s16x51234_ses-1 finished without error at Wed Mar 11 12:48:08 CET 2026
