#!ascii label  , from subject sub-v2s16x51298_ses-1 vox2ras=TkReg
2714
74635  47.240  6.965  61.009 0.0000000000
54106  39.175  -12.856  83.487 0.0000000000
46565  31.172  -19.142  83.518 0.0000000000
49402  24.103  -16.071  84.009 0.0000000000
52797  34.810  -14.206  88.487 0.0000000000
41475  31.167  -23.740  80.636 0.0000000000
70431  39.662  2.254  63.331 0.0000000000
77931  57.108  9.336  61.452 0.0000000000
69267  47.951  2.176  75.902 0.0000000000
59663  37.385  -7.376  74.638 0.0000000000
49512  27.659  -16.067  74.335 0.0000000000
52800  30.715  -12.929  89.209 0.0000000000
52910  28.521  -13.598  82.355 0.0000000000
142954  26.348  -13.868  90.393 0.0000000000
47483  35.094  -19.007  86.701 0.0000000000
71387  49.007  4.166  71.534 0.0000000000
60560  41.817  -6.744  87.679 0.0000000000
61635  45.493  -5.357  84.337 0.0000000000
64948  43.890  -2.468  78.989 0.0000000000
57419  38.482  -9.678  79.489 0.0000000000
56427  31.716  -10.692  75.210 0.0000000000
135284  32.219  -14.014  80.164 0.0000000000
43615  25.134  -22.067  80.879 0.0000000000
44713  25.428  -21.459  75.368 0.0000000000
159496  52.230  8.556  60.898 0.0000000000
153739  50.661  12.583  55.487 0.0000000000
42388  25.470  -23.975  87.636 0.0000000000
45595  26.382  -20.384  82.828 0.0000000000
51560  40.363  -15.200  86.192 0.0000000000
47506  34.240  -18.426  83.175 0.0000000000
43520  37.321  -23.225  86.568 0.0000000000
41376  31.337  -24.019  88.123 0.0000000000
72547  42.391  4.617  61.328 0.0000000000
47418  23.977  -18.562  92.136 0.0000000000
48351  19.017  -16.768  87.991 0.0000000000
76747  51.880  8.362  66.294 0.0000000000
160301  48.592  3.751  64.587 0.0000000000
156865  45.439  2.717  67.242 0.0000000000
69313  42.036  2.175  70.712 0.0000000000
65066  40.227  -2.476  71.722 0.0000000000
69216  51.416  0.722  79.014 0.0000000000
61731  45.079  -6.306  74.628 0.0000000000
58622  37.321  -8.421  69.027 0.0000000000
58624  30.441  -8.151  69.266 0.0000000000
46663  30.237  -20.179  76.782 0.0000000000
53976  29.015  -12.063  94.256 0.0000000000
157018  28.247  -12.269  90.431 0.0000000000
53978  26.663  -12.178  94.490 0.0000000000
51499  31.543  -13.948  91.661 0.0000000000
56319  42.664  -10.327  86.170 0.0000000000
57390  42.582  -9.312  83.601 0.0000000000
59564  41.551  -7.581  81.869 0.0000000000
55243  38.375  -11.160  81.284 0.0000000000
55276  34.844  -11.595  79.656 0.0000000000
138620  34.733  -13.774  82.138 0.0000000000
43617  22.934  -22.952  80.767 0.0000000000
43656  23.259  -22.440  78.370 0.0000000000
75733  49.467  7.844  60.843 0.0000000000
79095  49.190  10.079  58.043 0.0000000000
76860  45.951  9.001  57.577 0.0000000000
45551  28.582  -21.018  86.651 0.0000000000
44547  26.373  -21.542  85.988 0.0000000000
46578  28.638  -19.220  82.938 0.0000000000
51610  26.462  -14.556  83.137 0.0000000000
50470  26.127  -15.651  79.280 0.0000000000
154596  23.642  -15.662  80.546 0.0000000000
49431  21.177  -16.307  81.405 0.0000000000
56294  38.027  -9.655  87.290 0.0000000000
50412  37.518  -15.571  87.013 0.0000000000
47482  38.911  -18.849  87.333 0.0000000000
46514  39.042  -19.609  89.444 0.0000000000
46551  33.172  -19.569  84.668 0.0000000000
43522  33.327  -22.836  86.532 0.0000000000
152907  30.704  -21.766  87.161 0.0000000000
42366  28.201  -23.412  87.881 0.0000000000
71478  40.744  3.248  61.960 0.0000000000
69418  42.059  1.769  58.211 0.0000000000
67390  40.797  0.233  59.551 0.0000000000
141106  17.095  -17.331  89.089 0.0000000000
157103  47.174  2.784  65.728 0.0000000000
71425  47.496  3.338  68.203 0.0000000000
134476  47.992  4.091  74.044 0.0000000000
71390  45.896  3.489  72.263 0.0000000000
70303  44.865  2.027  74.184 0.0000000000
155818  40.994  0.146  71.558 0.0000000000
67252  43.474  -0.092  74.223 0.0000000000
145644  41.086  -5.355  77.068 0.0000000000
62655  45.030  -4.940  77.011 0.0000000000
60724  41.855  -7.224  74.357 0.0000000000
58574  41.282  -8.157  71.272 0.0000000000
59705  36.866  -7.635  71.357 0.0000000000
135287  33.571  -7.328  68.858 0.0000000000
151342  33.819  -7.853  72.301 0.0000000000
55414  28.419  -11.542  72.409 0.0000000000
44590  33.979  -21.650  81.706 0.0000000000
46606  31.612  -19.296  80.612 0.0000000000
137269  31.641  -22.195  77.883 0.0000000000
149608  26.031  -22.180  72.581 0.0000000000
80164  58.404  11.860  57.107 0.0000000000
80150  56.380  11.293  57.586 0.0000000000
160197  32.157  -14.886  84.329 0.0000000000
155752  30.798  -15.995  82.272 0.0000000000
54078  30.202  -12.576  85.766 0.0000000000
52829  27.454  -13.916  86.510 0.0000000000
50403  26.220  -15.525  87.091 0.0000000000
52785  33.655  -13.293  90.744 0.0000000000
47456  35.444  -18.267  89.660 0.0000000000
49328  33.005  -16.061  90.090 0.0000000000
50414  32.766  -15.582  87.386 0.0000000000
72434  48.840  4.505  69.975 0.0000000000
140747  51.392  3.643  75.620 0.0000000000
63730  44.019  -3.417  81.894 0.0000000000
61659  40.887  -5.950  79.910 0.0000000000
137194  37.263  -8.479  77.070 0.0000000000
132840  34.368  -9.232  74.826 0.0000000000
145575  34.913  -10.510  77.393 0.0000000000
54219  31.798  -12.214  77.868 0.0000000000
51660  29.260  -14.847  77.209 0.0000000000
138349  28.813  -23.067  80.402 0.0000000000
42555  28.784  -23.481  78.126 0.0000000000
44667  26.171  -21.516  78.029 0.0000000000
76834  54.308  8.966  60.959 0.0000000000
79101  53.897  10.718  57.737 0.0000000000
79104  51.337  10.493  57.775 0.0000000000
48438  28.050  -17.807  80.804 0.0000000000
56308  40.509  -10.391  86.970 0.0000000000
51591  40.371  -14.695  85.350 0.0000000000
152076  35.702  -15.529  83.513 0.0000000000
143922  36.748  -17.496  84.981 0.0000000000
45569  35.879  -20.954  84.839 0.0000000000
42435  34.700  -23.718  83.230 0.0000000000
44517  36.970  -22.048  87.921 0.0000000000
41389  34.167  -24.563  86.546 0.0000000000
41408  30.861  -24.144  83.904 0.0000000000
43557  28.642  -22.845  83.612 0.0000000000
42441  25.560  -23.023  83.642 0.0000000000
74631  45.050  6.128  61.175 0.0000000000
74652  43.891  6.874  57.424 0.0000000000
72570  42.853  4.638  57.676 0.0000000000
50347  25.633  -16.295  91.358 0.0000000000
48346  23.976  -17.222  88.252 0.0000000000
48313  22.332  -17.901  89.415 0.0000000000
137485  21.245  -16.555  85.606 0.0000000000
141224  55.320  7.365  65.446 0.0000000000
157678  53.159  6.151  65.235 0.0000000000
74607  51.292  5.430  63.727 0.0000000000
72525  49.543  3.927  63.678 0.0000000000
71472  46.170  3.556  63.274 0.0000000000
143065  44.441  3.051  64.189 0.0000000000
141392  42.723  3.022  65.931 0.0000000000
71417  47.481  3.234  69.507 0.0000000000
70357  44.539  2.888  69.375 0.0000000000
70388  40.908  2.342  67.498 0.0000000000
139828  38.569  0.618  68.089 0.0000000000
66291  37.778  -1.211  68.916 0.0000000000
68225  49.896  0.362  77.243 0.0000000000
66120  48.760  -1.635  79.532 0.0000000000
63778  48.515  -3.736  77.571 0.0000000000
66186  46.433  -1.678  76.073 0.0000000000
63814  41.788  -4.068  73.216 0.0000000000
138269  39.414  -5.914  70.428 0.0000000000
57500  30.675  -9.530  72.509 0.0000000000
49424  33.273  -16.254  81.875 0.0000000000
48489  30.065  -17.370  79.089 0.0000000000
47596  28.523  -18.271  75.548 0.0000000000
152251  28.459  -23.041  74.897 0.0000000000
44745  28.969  -21.802  73.008 0.0000000000
53977  27.763  -11.991  93.870 0.0000000000
53955  26.422  -11.583  95.438 0.0000000000
54104  41.266  -12.289  84.410 0.0000000000
158367  42.773  -10.129  84.807 0.0000000000
56333  41.093  -10.864  83.101 0.0000000000
56340  40.809  -10.363  82.419 0.0000000000
55234  38.412  -11.651  82.124 0.0000000000
54142  36.785  -12.083  81.956 0.0000000000
151893  36.949  -13.147  83.010 0.0000000000
75734  48.588  7.702  60.684 0.0000000000
76849  47.666  8.699  59.348 0.0000000000
76850  46.653  8.477  59.244 0.0000000000
45574  30.044  -20.206  84.627 0.0000000000
45576  28.294  -20.380  84.876 0.0000000000
47510  30.192  -18.527  82.991 0.0000000000
50438  25.212  -15.376  83.499 0.0000000000
50454  25.256  -15.157  81.882 0.0000000000
50447  24.006  -15.791  82.569 0.0000000000
49429  22.891  -15.925  81.022 0.0000000000
49417  22.544  -16.259  82.618 0.0000000000
55176  34.157  -11.736  88.688 0.0000000000
55183  34.639  -11.814  87.654 0.0000000000
54058  35.501  -12.516  86.345 0.0000000000
51543  36.247  -15.233  87.192 0.0000000000
49344  37.749  -16.809  88.254 0.0000000000
49334  36.842  -17.405  88.960 0.0000000000
46564  31.977  -18.924  83.727 0.0000000000
44557  32.283  -21.295  84.832 0.0000000000
45573  30.962  -20.472  84.360 0.0000000000
154582  29.550  -21.348  87.399 0.0000000000
143539  40.301  2.605  62.884 0.0000000000
69389  40.013  2.093  60.198 0.0000000000
70471  39.561  1.685  60.774 0.0000000000
73497  47.263  4.872  67.540 0.0000000000
149210  47.321  4.147  66.951 0.0000000000
72458  47.665  3.957  68.032 0.0000000000
71351  48.279  3.535  75.051 0.0000000000
70311  46.268  3.416  73.863 0.0000000000
141771  46.245  2.056  75.085 0.0000000000
69285  44.518  1.144  74.426 0.0000000000
68248  45.173  0.878  74.993 0.0000000000
60701  38.706  -6.804  75.924 0.0000000000
60673  40.914  -6.060  75.781 0.0000000000
140647  39.255  -6.970  74.280 0.0000000000
154455  39.777  -7.935  72.695 0.0000000000
59687  37.396  -7.325  73.040 0.0000000000
59689  35.308  -7.392  72.017 0.0000000000
134724  35.899  -7.576  73.291 0.0000000000
42505  33.195  -23.165  80.598 0.0000000000
44643  32.637  -22.116  79.424 0.0000000000
43629  31.682  -23.065  79.137 0.0000000000
79078  57.850  10.181  59.571 0.0000000000
79079  56.925  10.113  59.394 0.0000000000
51583  31.824  -14.070  86.303 0.0000000000
52869  31.310  -13.525  84.823 0.0000000000
54048  30.241  -12.505  87.604 0.0000000000
52789  26.976  -13.304  90.042 0.0000000000
54037  28.246  -12.833  88.244 0.0000000000
51521  26.854  -14.329  88.588 0.0000000000
51546  27.054  -14.548  86.935 0.0000000000
151846  26.418  -15.029  88.898 0.0000000000
136973  32.777  -12.503  91.758 0.0000000000
51508  33.788  -14.771  90.652 0.0000000000
52760  32.884  -14.002  91.700 0.0000000000
52775  31.298  -14.006  91.109 0.0000000000
145535  32.144  -15.273  89.101 0.0000000000
51545  31.953  -14.673  88.099 0.0000000000
50421  32.767  -15.328  85.638 0.0000000000
60580  45.411  -6.194  85.288 0.0000000000
63683  46.045  -3.751  85.282 0.0000000000
63708  46.344  -3.356  84.492 0.0000000000
64891  45.649  -2.458  82.925 0.0000000000
62612  44.768  -4.663  83.252 0.0000000000
58497  40.212  -8.322  80.737 0.0000000000
60627  41.181  -6.251  80.701 0.0000000000
59587  39.509  -7.716  79.580 0.0000000000
60653  39.542  -6.773  78.514 0.0000000000
58519  38.211  -8.567  78.498 0.0000000000
152084  36.537  -9.689  77.443 0.0000000000
56380  36.528  -10.401  78.414 0.0000000000
54164  33.681  -12.558  80.042 0.0000000000
54201  32.984  -12.108  78.844 0.0000000000
52937  31.930  -13.046  79.043 0.0000000000
52948  30.094  -13.675  77.575 0.0000000000
51648  30.703  -14.197  78.710 0.0000000000
43613  27.324  -22.180  81.136 0.0000000000
43631  27.644  -22.180  79.671 0.0000000000
44646  25.303  -21.555  79.376 0.0000000000
76822  53.692  8.604  61.515 0.0000000000
77961  53.205  9.381  59.571 0.0000000000
77962  51.742  9.258  59.605 0.0000000000
79113  48.329  10.845  56.424 0.0000000000
42421  24.371  -23.876  84.973 0.0000000000
41363  24.886  -24.270  87.356 0.0000000000
51626  30.041  -14.549  81.795 0.0000000000
49427  29.517  -16.272  81.327 0.0000000000
50453  28.575  -14.693  80.828 0.0000000000
48491  25.084  -16.675  78.409 0.0000000000
47550  26.344  -17.784  79.338 0.0000000000
54076  37.852  -12.544  85.482 0.0000000000
56309  39.599  -10.317  86.847 0.0000000000
52846  39.927  -13.685  85.644 0.0000000000
54073  40.847  -12.905  85.359 0.0000000000
50419  40.488  -15.241  85.870 0.0000000000
49382  38.671  -16.096  85.233 0.0000000000
49368  39.037  -16.855  85.937 0.0000000000
139248  38.376  -20.823  87.335 0.0000000000
146870  36.896  -20.072  85.869 0.0000000000
44554  36.474  -22.091  85.124 0.0000000000
43556  35.515  -22.494  83.616 0.0000000000
139976  36.060  -23.613  84.840 0.0000000000
47476  35.299  -18.305  88.651 0.0000000000
46529  36.657  -19.857  88.455 0.0000000000
46535  35.729  -20.108  87.126 0.0000000000
43490  32.362  -23.794  88.553 0.0000000000
42381  33.939  -24.042  88.081 0.0000000000
145588  32.986  -24.455  87.629 0.0000000000
41406  32.558  -24.519  84.745 0.0000000000
41391  31.247  -24.304  85.959 0.0000000000
42438  29.829  -23.581  83.363 0.0000000000
143226  29.768  -23.624  85.263 0.0000000000
42367  27.259  -23.198  88.566 0.0000000000
42404  26.651  -23.449  85.745 0.0000000000
133976  25.842  -23.619  85.563 0.0000000000
139953  43.720  5.373  61.354 0.0000000000
73587  42.820  6.019  59.021 0.0000000000
73588  42.445  5.426  59.656 0.0000000000
68408  43.581  1.022  57.664 0.0000000000
48291  25.089  -17.336  91.823 0.0000000000
154496  25.134  -17.186  90.132 0.0000000000
48310  24.554  -17.595  90.007 0.0000000000
48315  19.752  -17.516  89.689 0.0000000000
48332  20.895  -17.278  88.586 0.0000000000
48349  21.356  -17.067  87.923 0.0000000000
49349  20.185  -16.661  87.123 0.0000000000
49392  19.769  -16.438  84.561 0.0000000000
142493  19.074  -16.518  86.164 0.0000000000
75698  56.249  7.734  65.397 0.0000000000
76745  53.729  7.633  66.842 0.0000000000
75684  52.632  6.482  65.608 0.0000000000
73539  52.015  5.539  64.601 0.0000000000
74586  51.913  5.875  65.222 0.0000000000
74598  48.939  5.594  64.719 0.0000000000
73542  49.959  4.424  64.431 0.0000000000
71456  49.398  3.476  63.975 0.0000000000
72527  47.617  4.237  62.873 0.0000000000
71464  48.696  3.204  64.068 0.0000000000
70395  46.812  2.680  66.292 0.0000000000
70408  45.978  2.621  65.316 0.0000000000
70409  45.307  2.700  65.417 0.0000000000
70421  43.791  3.031  64.828 0.0000000000
70397  44.160  3.018  66.885 0.0000000000
72422  49.241  4.412  70.544 0.0000000000
71416  48.205  3.589  69.432 0.0000000000
71399  47.637  3.524  70.845 0.0000000000
70333  44.305  3.022  71.818 0.0000000000
146510  45.037  3.138  70.466 0.0000000000
70343  43.583  2.729  70.562 0.0000000000
70373  42.581  2.620  68.639 0.0000000000
69321  41.311  2.082  69.318 0.0000000000
69329  39.470  1.491  67.767 0.0000000000
137560  40.687  1.360  69.839 0.0000000000
142319  40.428  -1.214  71.647 0.0000000000
67289  38.980  -0.822  69.869 0.0000000000
65082  38.966  -1.988  70.402 0.0000000000
144699  38.548  -2.884  70.307 0.0000000000
68216  51.504  0.414  78.150 0.0000000000
66104  45.214  -1.355  80.120 0.0000000000
143255  46.949  -0.581  80.078 0.0000000000
64964  45.557  -2.313  78.460 0.0000000000
61701  45.307  -6.102  76.128 0.0000000000
62653  47.317  -4.935  77.173 0.0000000000
62673  46.703  -5.400  75.915 0.0000000000
64989  47.934  -2.946  76.698 0.0000000000
63789  45.223  -4.148  75.219 0.0000000000
150830  44.381  -3.178  74.942 0.0000000000
62686  43.795  -5.080  74.190 0.0000000000
58619  39.892  -8.271  69.782 0.0000000000
60770  40.756  -7.156  70.926 0.0000000000
59733  38.911  -7.842  68.747 0.0000000000
60792  37.893  -6.254  68.707 0.0000000000
58647  37.720  -8.381  67.664 0.0000000000
58636  36.266  -8.254  67.878 0.0000000000
59739  31.908  -7.490  69.133 0.0000000000
59768  32.291  -7.341  67.280 0.0000000000
57469  32.943  -9.912  74.937 0.0000000000
57486  32.423  -9.256  73.508 0.0000000000
56456  31.034  -10.260  73.914 0.0000000000
56492  28.540  -10.665  71.246 0.0000000000
49399  34.803  -16.889  83.365 0.0000000000
49412  34.510  -16.159  82.917 0.0000000000
48419  33.385  -17.650  82.354 0.0000000000
46638  31.053  -20.074  78.968 0.0000000000
47549  30.578  -18.369  79.675 0.0000000000
47578  29.936  -19.042  78.056 0.0000000000
48506  29.360  -17.440  77.788 0.0000000000
47588  29.272  -18.709  76.727 0.0000000000
43690  27.774  -22.641  76.665 0.0000000000
42595  28.727  -23.389  76.518 0.0000000000
43728  27.177  -22.143  74.966 0.0000000000
43760  27.616  -22.491  72.516 0.0000000000
45746  29.251  -20.582  72.213 0.0000000000
80170  52.681  11.873  56.703 0.0000000000
80169  53.486  12.053  56.607 0.0000000000
74656  44.905  6.667  56.060 0.0000000000
54001  29.746  -12.495  91.722 0.0000000000
54012  29.696  -12.262  90.485 0.0000000000
54002  28.706  -12.027  91.968 0.0000000000
54003  27.551  -12.363  91.565 0.0000000000
52764  26.081  -13.431  92.170 0.0000000000
150952  30.585  -12.952  93.005 0.0000000000
57352  43.076  -9.203  87.052 0.0000000000
135917  43.490  -6.508  86.757 0.0000000000
57365  43.828  -8.741  86.293 0.0000000000
58428  44.479  -8.011  85.584 0.0000000000
59531  44.045  -7.535  84.113 0.0000000000
60598  43.536  -6.325  82.987 0.0000000000
58470  41.889  -8.393  82.485 0.0000000000
57404  40.261  -9.643  81.399 0.0000000000
56356  37.932  -10.717  80.222 0.0000000000
55273  36.995  -10.811  79.550 0.0000000000
55255  36.708  -11.433  80.742 0.0000000000
134965  34.720  -12.500  80.994 0.0000000000
135043  33.616  -13.642  81.106 0.0000000000
43616  24.213  -22.364  80.670 0.0000000000
43634  23.963  -22.199  79.784 0.0000000000
43636  22.421  -23.183  79.427 0.0000000000
76825  51.149  8.191  61.184 0.0000000000
77963  50.937  9.203  59.455 0.0000000000
77965  49.240  9.166  59.192 0.0000000000
140547  47.439  9.715  57.710 0.0000000000
44522  27.774  -21.912  88.132 0.0000000000
43509  26.054  -22.696  88.027 0.0000000000
44546  27.162  -21.387  86.322 0.0000000000
152453  27.484  -20.652  84.790 0.0000000000
45594  27.271  -20.164  83.225 0.0000000000
52911  27.676  -13.839  82.501 0.0000000000
51629  27.595  -14.318  81.148 0.0000000000
51639  26.281  -14.864  80.512 0.0000000000
50463  24.937  -15.395  79.749 0.0000000000
140714  21.170  -16.231  79.905 0.0000000000
54077  36.569  -12.300  85.657 0.0000000000
50411  39.200  -15.749  87.022 0.0000000000
48377  39.861  -16.828  86.772 0.0000000000
48343  39.554  -18.033  88.125 0.0000000000
47474  39.538  -19.341  88.750 0.0000000000
45541  38.527  -21.902  88.199 0.0000000000
46543  33.977  -19.750  85.299 0.0000000000
45558  34.269  -20.706  85.563 0.0000000000
44556  33.140  -21.278  84.960 0.0000000000
43523  32.402  -22.595  86.750 0.0000000000
43491  31.422  -23.275  88.890 0.0000000000
153443  29.865  -23.536  88.464 0.0000000000
44509  29.810  -22.680  89.406 0.0000000000
44511  28.180  -22.525  88.970 0.0000000000
71487  41.923  4.017  61.903 0.0000000000
159446  41.578  4.416  59.645 0.0000000000
71517  40.835  3.472  59.883 0.0000000000
68393  41.591  0.653  58.804 0.0000000000
158381  18.695  -17.775  90.785 0.0000000000
48334  18.409  -16.998  88.706 0.0000000000
49364  17.592  -16.663  86.700 0.0000000000
134320  16.717  -17.102  87.786 0.0000000000
140934  47.183  5.176  65.939 0.0000000000
72495  47.965  3.442  64.857 0.0000000000
71441  47.308  3.585  66.256 0.0000000000
71434  47.288  3.268  67.229 0.0000000000
159368  47.249  2.954  67.679 0.0000000000
71377  48.463  4.204  72.678 0.0000000000
71388  47.734  3.902  72.233 0.0000000000
71378  47.310  3.840  73.310 0.0000000000
70322  45.077  3.190  73.019 0.0000000000
70324  43.641  2.496  72.373 0.0000000000
69307  41.516  1.477  71.131 0.0000000000
159383  42.787  1.261  72.946 0.0000000000
67266  42.214  0.001  73.063 0.0000000000
66210  41.682  -1.523  73.103 0.0000000000
62645  42.167  -4.324  78.084 0.0000000000
63759  44.509  -3.328  77.819 0.0000000000
62656  43.262  -4.551  76.988 0.0000000000
61713  43.619  -6.221  75.755 0.0000000000
60722  43.784  -7.185  73.831 0.0000000000
60743  43.163  -7.238  73.040 0.0000000000
153598  41.882  -8.020  72.678 0.0000000000
58595  39.302  -8.431  71.314 0.0000000000
59719  37.547  -8.140  70.562 0.0000000000
59751  35.334  -7.711  68.575 0.0000000000
138351  34.816  -7.423  70.171 0.0000000000
59722  33.299  -7.506  70.521 0.0000000000
58609  32.158  -8.082  71.274 0.0000000000
55362  29.798  -11.856  75.092 0.0000000000
56442  29.945  -11.009  73.991 0.0000000000
55380  28.895  -11.961  73.971 0.0000000000
54272  27.636  -12.758  72.242 0.0000000000
53020  26.682  -13.882  70.363 0.0000000000
45593  33.819  -20.654  82.361 0.0000000000
46577  33.000  -19.101  82.193 0.0000000000
45621  32.801  -20.963  80.657 0.0000000000
45638  31.988  -21.022  79.346 0.0000000000
45675  31.512  -21.207  77.814 0.0000000000
44746  25.700  -21.706  73.922 0.0000000000
146692  24.529  -22.469  72.774 0.0000000000
79084  59.425  10.698  59.101 0.0000000000
152854  57.850  11.543  57.477 0.0000000000
81199  56.094  12.304  56.476 0.0000000000
48406  32.162  -17.275  83.584 0.0000000000
48420  31.144  -17.238  82.784 0.0000000000
51617  31.474  -14.948  83.121 0.0000000000
152141  30.701  -13.514  83.530 0.0000000000
159822  29.533  -13.175  83.220 0.0000000000
54036  29.132  -12.300  88.430 0.0000000000
154472  28.725  -12.739  85.941 0.0000000000
52872  28.287  -13.246  84.613 0.0000000000
51596  27.085  -14.221  84.590 0.0000000000
50422  26.155  -15.215  85.415 0.0000000000
49370  25.008  -15.924  85.218 0.0000000000
51533  34.474  -14.473  89.574 0.0000000000
49335  35.612  -16.746  89.395 0.0000000000
51518  34.171  -14.918  90.239 0.0000000000
48308  33.985  -16.698  89.802 0.0000000000
140392  34.437  -17.701  87.398 0.0000000000
51519  32.277  -15.224  90.662 0.0000000000
49345  33.346  -16.545  88.512 0.0000000000
48364  34.051  -17.364  86.495 0.0000000000
48381  33.681  -17.451  85.347 0.0000000000
48394  32.727  -17.065  84.140 0.0000000000
69345  38.041  1.326  63.773 0.0000000000
68349  38.639  0.864  61.695 0.0000000000
67342  38.011  -0.354  62.049 0.0000000000
72435  48.481  4.614  69.484 0.0000000000
72401  50.357  4.774  71.827 0.0000000000
72393  50.567  4.786  72.771 0.0000000000
71364  49.825  4.010  74.852 0.0000000000
70286  49.543  2.800  75.974 0.0000000000
64909  45.137  -2.048  81.946 0.0000000000
63737  43.805  -2.834  80.885 0.0000000000
61644  42.895  -5.846  82.317 0.0000000000
62622  42.667  -4.602  81.132 0.0000000000
62630  42.387  -4.234  80.119 0.0000000000
61677  41.195  -5.151  78.728 0.0000000000
60662  39.222  -6.633  77.280 0.0000000000
138518  37.490  -7.670  76.106 0.0000000000
58556  35.406  -8.493  74.591 0.0000000000
57467  35.928  -9.094  76.088 0.0000000000
57457  34.883  -9.792  76.249 0.0000000000
56412  32.775  -10.725  76.211 0.0000000000
55296  35.385  -11.118  78.960 0.0000000000
55320  33.485  -11.304  77.787 0.0000000000
55343  31.614  -11.433  76.359 0.0000000000
54234  30.309  -12.573  76.629 0.0000000000
52964  28.823  -13.964  75.947 0.0000000000
50503  28.298  -15.646  75.622 0.0000000000
42507  30.165  -23.842  80.487 0.0000000000
42530  30.031  -23.706  79.501 0.0000000000
42532  28.946  -23.424  79.416 0.0000000000
43672  27.005  -21.834  77.669 0.0000000000
44695  25.645  -21.421  76.358 0.0000000000
43655  23.894  -21.873  78.005 0.0000000000
43673  24.038  -21.747  77.106 0.0000000000
77932  56.064  9.218  61.291 0.0000000000
77959  55.233  9.845  59.155 0.0000000000
136200  54.719  9.520  59.680 0.0000000000
79102  53.043  10.634  57.720 0.0000000000
80172  50.753  11.600  56.727 0.0000000000
79094  50.104  10.047  58.187 0.0000000000
80173  49.701  11.603  56.408 0.0000000000
48422  29.807  -17.722  82.179 0.0000000000
47529  28.395  -18.314  81.519 0.0000000000
46592  27.380  -19.253  81.599 0.0000000000
49441  27.848  -16.056  79.954 0.0000000000
47541  26.696  -18.411  80.008 0.0000000000
58368  41.807  -9.194  87.690 0.0000000000
55191  41.502  -10.956  86.264 0.0000000000
54072  41.165  -12.735  85.206 0.0000000000
52887  39.340  -13.698  84.058 0.0000000000
51603  37.525  -14.266  83.692 0.0000000000
50427  37.806  -15.464  84.424 0.0000000000
49384  36.415  -16.807  84.445 0.0000000000
136232  35.413  -18.288  84.235 0.0000000000
47488  38.187  -18.306  86.428 0.0000000000
47497  36.432  -18.807  85.242 0.0000000000
46561  35.192  -19.724  84.182 0.0000000000
45583  34.541  -20.917  83.153 0.0000000000
43591  34.481  -22.893  81.925 0.0000000000
42459  33.126  -23.723  81.947 0.0000000000
47466  37.352  -19.271  89.575 0.0000000000
149743  37.774  -21.198  88.571 0.0000000000
43488  37.254  -23.287  87.666 0.0000000000
44529  35.291  -22.224  86.616 0.0000000000
42379  36.154  -23.659  87.392 0.0000000000
151690  35.913  -24.370  86.471 0.0000000000
41405  34.443  -24.484  85.362 0.0000000000
41425  32.907  -24.359  83.711 0.0000000000
41441  31.440  -24.242  82.640 0.0000000000
42483  29.617  -23.552  81.718 0.0000000000
43593  28.405  -22.616  82.143 0.0000000000
43575  27.689  -22.524  82.845 0.0000000000
42402  28.342  -23.193  85.407 0.0000000000
43537  27.213  -22.828  84.202 0.0000000000
43577  25.728  -22.632  82.702 0.0000000000
42463  24.270  -22.950  82.560 0.0000000000
74636  46.365  6.830  60.876 0.0000000000
75743  45.219  7.682  59.403 0.0000000000
74648  43.883  7.141  58.886 0.0000000000
71525  42.078  3.538  58.098 0.0000000000
70512  44.209  2.254  57.023 0.0000000000
66372  40.496  -0.997  60.216 0.0000000000
53967  25.087  -12.411  95.621 0.0000000000
52745  25.182  -13.549  94.281 0.0000000000
51501  25.619  -14.550  92.155 0.0000000000
50337  25.348  -15.764  92.319 0.0000000000
51511  25.806  -15.258  91.308 0.0000000000
50376  25.783  -16.224  89.709 0.0000000000
146822  25.301  -16.376  87.849 0.0000000000
49357  24.282  -16.485  86.270 0.0000000000
47443  23.650  -18.687  91.189 0.0000000000
48329  23.548  -17.606  88.895 0.0000000000
49358  23.199  -16.870  87.066 0.0000000000
49389  22.882  -16.490  84.770 0.0000000000
133556  21.171  -16.474  83.680 0.0000000000
76806  57.026  8.685  63.155 0.0000000000
76796  56.184  8.390  63.760 0.0000000000
76797  55.189  8.310  63.322 0.0000000000
155744  53.834  7.575  63.714 0.0000000000
75651  54.552  7.533  67.316 0.0000000000
74583  53.770  6.558  65.401 0.0000000000
159460  52.655  7.724  62.630 0.0000000000
75719  51.070  7.061  62.468 0.0000000000
74625  50.265  6.845  62.213 0.0000000000
74626  49.440  6.636  61.929 0.0000000000
74587  51.061  5.655  65.013 0.0000000000
73565  49.762  4.895  63.232 0.0000000000
74620  48.133  5.676  62.146 0.0000000000
73574  46.560  5.598  61.853 0.0000000000
73568  46.026  4.952  62.252 0.0000000000
72530  44.672  4.330  62.512 0.0000000000
70417  47.299  2.760  64.434 0.0000000000
156319  45.501  3.374  63.461 0.0000000000
71474  44.246  3.794  62.919 0.0000000000
71469  42.847  3.394  63.386 0.0000000000
132771  41.665  2.927  63.814 0.0000000000
70423  40.760  2.519  64.722 0.0000000000
71424  48.078  3.735  68.847 0.0000000000
71426  47.647  3.257  68.854 0.0000000000
152738  46.354  2.760  68.440 0.0000000000
71400  46.327  3.433  71.195 0.0000000000
70356  45.388  2.989  69.707 0.0000000000
133417  44.734  2.877  68.120 0.0000000000
142012  43.247  3.007  67.379 0.0000000000
70399  41.406  2.589  66.798 0.0000000000
151627  39.979  2.255  65.185 0.0000000000
69334  39.128  1.739  65.969 0.0000000000
68302  37.671  0.869  66.260 0.0000000000
152181  40.209  0.502  70.237 0.0000000000
67303  38.167  -0.597  68.847 0.0000000000
70285  50.857  2.749  76.268 0.0000000000
152071  48.202  0.840  76.449 0.0000000000
67198  50.322  -0.634  79.686 0.0000000000
133765  46.684  -3.173  78.156 0.0000000000
63756  48.364  -3.799  78.043 0.0000000000
66151  50.621  -1.245  78.708 0.0000000000
66153  49.578  -1.817  77.711 0.0000000000
67224  48.146  -1.037  76.776 0.0000000000
68227  46.785  -0.175  76.185 0.0000000000
66188  44.882  -1.374  75.300 0.0000000000
66201  42.986  -1.781  74.207 0.0000000000
142310  41.096  -3.340  72.625 0.0000000000
61768  41.988  -5.906  72.662 0.0000000000
62713  40.904  -4.767  72.287 0.0000000000
62732  39.685  -3.792  71.350 0.0000000000
62756  37.896  -4.394  69.709 0.0000000000
59766  34.154  -7.448  67.299 0.0000000000
59794  32.512  -7.551  65.979 0.0000000000
58564  33.773  -8.678  73.578 0.0000000000
58580  32.341  -8.797  72.824 0.0000000000
58599  30.877  -8.639  71.149 0.0000000000
56477  29.417  -10.492  72.480 0.0000000000
57517  29.577  -9.568  71.211 0.0000000000
51614  35.255  -14.335  82.717 0.0000000000
51616  33.919  -14.936  82.097 0.0000000000
50458  32.453  -15.557  81.075 0.0000000000
48434  32.241  -17.652  81.461 0.0000000000
49438  31.424  -16.492  80.466 0.0000000000
50467  31.211  -15.699  80.007 0.0000000000
49464  29.739  -16.221  78.491 0.0000000000
49489  28.696  -16.338  76.568 0.0000000000
144728  27.772  -16.985  74.487 0.0000000000
43670  30.143  -23.080  77.461 0.0000000000
43689  30.151  -22.775  76.625 0.0000000000
44710  30.581  -21.563  75.734 0.0000000000
140116  26.888  -22.161  73.906 0.0000000000
43725  29.121  -22.417  73.993 0.0000000000
45705  29.874  -20.264  75.122 0.0000000000
46681  29.234  -19.661  74.499 0.0000000000
47612  28.318  -18.880  73.634 0.0000000000
144687  55.048  11.300  57.393 0.0000000000
81200  55.205  12.265  56.487 0.0000000000
82234  54.002  13.441  55.041 0.0000000000
75748  44.803  8.047  57.580 0.0000000000
149530  39.950  -12.519  83.609 0.0000000000
55224  41.556  -11.353  83.966 0.0000000000
55226  39.994  -11.741  83.080 0.0000000000
54124  38.308  -12.382  82.890 0.0000000000
52906  37.517  -12.772  82.979 0.0000000000
75735  47.690  7.589  60.552 0.0000000000
75741  47.203  8.087  59.942 0.0000000000
75742  46.231  7.907  59.731 0.0000000000
46554  30.644  -19.772  83.879 0.0000000000
46555  29.763  -19.634  83.948 0.0000000000
46566  30.367  -19.110  83.444 0.0000000000
50439  24.477  -15.722  83.422 0.0000000000
49403  23.876  -16.025  83.367 0.0000000000
133845  23.323  -16.160  82.994 0.0000000000
149654  23.459  -16.271  83.733 0.0000000000
54047  34.457  -12.705  88.397 0.0000000000
52811  34.684  -13.431  88.183 0.0000000000
52810  35.081  -13.826  87.511 0.0000000000
142116  35.402  -14.730  87.758 0.0000000000
50400  35.740  -15.658  88.128 0.0000000000
46553  31.527  -19.822  83.886 0.0000000000
70441  39.550  2.194  62.397 0.0000000000
70455  39.487  2.033  61.527 0.0000000000
69371  38.988  1.573  61.985 0.0000000000
73482  47.487  4.971  68.440 0.0000000000
151397  47.802  2.840  75.443 0.0000000000
70288  47.044  2.300  75.440 0.0000000000
69269  45.741  1.470  75.074 0.0000000000
141539  46.466  1.392  75.517 0.0000000000
59646  37.966  -7.188  75.434 0.0000000000
60727  38.875  -6.756  75.090 0.0000000000
59662  38.343  -6.999  74.451 0.0000000000
134337  37.936  -7.174  73.714 0.0000000000
135106  37.187  -7.338  73.857 0.0000000000
59674  36.595  -7.470  73.572 0.0000000000
59664  36.623  -7.675  74.375 0.0000000000
42481  32.190  -23.513  80.662 0.0000000000
159148  32.609  -23.069  80.037 0.0000000000
42506  31.872  -23.317  79.882 0.0000000000
77945  57.424  9.595  60.718 0.0000000000
77957  57.239  9.816  60.062 0.0000000000
52813  30.821  -12.951  88.309 0.0000000000
52826  31.354  -13.431  86.499 0.0000000000
52788  27.232  -13.509  89.132 0.0000000000
137445  26.525  -14.304  89.520 0.0000000000
56257  32.036  -10.639  91.743 0.0000000000
53998  32.890  -13.303  91.817 0.0000000000
53999  32.455  -12.916  92.226 0.0000000000
52787  30.955  -13.507  90.165 0.0000000000
52799  31.316  -13.841  89.246 0.0000000000
52812  31.450  -13.791  88.126 0.0000000000
51565  31.682  -13.922  87.202 0.0000000000
60588  45.572  -5.872  84.887 0.0000000000
61620  45.782  -4.975  85.202 0.0000000000
62592  46.157  -4.334  85.027 0.0000000000
63696  46.334  -3.676  84.871 0.0000000000
62604  45.779  -4.591  84.279 0.0000000000
63709  45.891  -3.899  83.911 0.0000000000
62605  45.342  -4.903  83.794 0.0000000000
57418  39.072  -9.204  79.808 0.0000000000
155116  39.927  -7.830  80.232 0.0000000000
58509  39.131  -8.484  79.546 0.0000000000
58518  38.840  -7.961  78.956 0.0000000000
57429  38.044  -9.400  78.806 0.0000000000
57430  37.449  -9.783  78.452 0.0000000000
57420  37.871  -10.064  79.140 0.0000000000
133680  32.764  -13.491  80.196 0.0000000000
52929  33.024  -12.908  79.848 0.0000000000
51641  31.623  -13.866  79.473 0.0000000000
142340  31.123  -14.008  79.103 0.0000000000
51642  31.074  -14.500  79.332 0.0000000000
43614  26.309  -21.915  80.888 0.0000000000
43632  26.738  -21.740  79.865 0.0000000000
44628  25.740  -21.641  80.055 0.0000000000
76823  52.742  8.508  61.272 0.0000000000
77949  52.482  9.205  59.869 0.0000000000
76844  51.942  8.976  60.152 0.0000000000
42405  25.326  -24.080  86.471 0.0000000000
149846  29.256  -13.567  82.311 0.0000000000
51627  29.244  -14.404  81.359 0.0000000000
52921  28.920  -13.801  81.737 0.0000000000
47562  25.154  -17.592  78.551 0.0000000000
51580  39.465  -14.408  86.012 0.0000000000
54075  39.082  -12.631  85.522 0.0000000000
51579  40.459  -14.656  85.781 0.0000000000
50409  40.431  -15.447  86.192 0.0000000000
49353  40.379  -15.634  86.165 0.0000000000
45547  38.347  -21.899  87.568 0.0000000000
148189  37.657  -21.859  86.577 0.0000000000
44540  37.219  -22.390  86.074 0.0000000000
43534  36.820  -22.884  85.577 0.0000000000
42414  36.684  -23.456  85.705 0.0000000000
140470  34.979  -18.254  87.595 0.0000000000
47475  35.733  -18.930  87.843 0.0000000000
41362  31.808  -23.557  88.669 0.0000000000
41361  32.859  -23.965  88.571 0.0000000000
144084  32.170  -24.275  88.122 0.0000000000
141084  32.049  -24.519  86.722 0.0000000000
41377  30.785  -24.070  86.697 0.0000000000
142762  30.470  -23.947  85.470 0.0000000000
42400  29.949  -23.722  86.236 0.0000000000
42387  26.284  -23.589  87.856 0.0000000000
143096  26.014  -23.759  86.722 0.0000000000
42420  25.069  -23.763  85.290 0.0000000000
73577  42.967  5.173  61.148 0.0000000000
73583  43.175  5.677  60.536 0.0000000000
73584  42.407  5.092  60.540 0.0000000000
49293  24.772  -17.182  92.361 0.0000000000
48292  24.672  -17.902  91.833 0.0000000000
48296  24.797  -17.780  90.907 0.0000000000
47430  24.180  -18.462  91.516 0.0000000000
48333  19.355  -17.083  88.894 0.0000000000
138474  20.262  -17.308  89.081 0.0000000000
136008  19.981  -16.956  88.343 0.0000000000
48350  20.528  -16.873  87.838 0.0000000000
146867  19.789  -16.735  87.664 0.0000000000
49362  19.837  -16.534  86.334 0.0000000000
49350  19.221  -16.604  87.000 0.0000000000
75630  56.226  7.896  68.423 0.0000000000
76704  56.106  8.383  69.041 0.0000000000
76722  52.297  8.801  66.992 0.0000000000
76746  52.814  8.042  66.448 0.0000000000
75670  52.375  7.417  65.900 0.0000000000
152025  51.524  7.860  65.784 0.0000000000
73543  48.778  4.521  64.655 0.0000000000
72494  49.368  3.724  64.267 0.0000000000
71457  48.745  3.362  64.250 0.0000000000
135578  46.153  2.660  66.983 0.0000000000
70396  45.877  2.610  66.052 0.0000000000
144547  45.185  2.758  66.758 0.0000000000
140226  44.678  2.831  66.006 0.0000000000
133646  44.832  2.848  67.449 0.0000000000
71397  49.588  4.477  71.109 0.0000000000
71398  48.782  3.885  70.697 0.0000000000
70334  43.574  2.679  71.486 0.0000000000
70344  42.784  2.504  70.186 0.0000000000
70345  41.993  2.328  69.832 0.0000000000
69314  41.365  1.754  70.259 0.0000000000
66251  40.108  -1.774  71.452 0.0000000000
66252  39.565  -1.803  70.928 0.0000000000
65081  39.303  -2.548  70.856 0.0000000000
68200  51.518  0.456  78.894 0.0000000000
64947  44.589  -1.953  79.230 0.0000000000
66122  45.600  -1.608  79.073 0.0000000000
64965  44.587  -2.612  78.405 0.0000000000
60694  45.453  -6.282  75.057 0.0000000000
61712  46.076  -5.917  75.624 0.0000000000
61730  45.586  -5.997  74.923 0.0000000000
63788  46.323  -4.512  75.629 0.0000000000
62685  45.122  -5.460  74.740 0.0000000000
157389  44.461  -5.204  74.470 0.0000000000
61732  44.630  -6.005  74.251 0.0000000000
58621  38.296  -8.519  69.050 0.0000000000
59732  39.635  -7.911  69.468 0.0000000000
58633  38.581  -8.280  68.468 0.0000000000
58646  38.219  -8.265  67.908 0.0000000000
58634  37.975  -8.508  68.290 0.0000000000
58648  37.081  -8.469  67.333 0.0000000000
58623  31.234  -7.820  69.657 0.0000000000
59740  31.089  -7.686  68.725 0.0000000000
56426  32.508  -10.451  75.430 0.0000000000
56439  32.177  -10.158  74.685 0.0000000000
56440  31.385  -10.422  74.491 0.0000000000
48405  34.492  -17.677  83.270 0.0000000000
141133  34.088  -17.046  82.732 0.0000000000
48418  33.974  -17.874  82.816 0.0000000000
46655  30.386  -19.921  77.639 0.0000000000
46639  30.525  -19.574  78.466 0.0000000000
46656  29.758  -19.325  77.214 0.0000000000
46664  29.630  -19.557  76.396 0.0000000000
44712  26.405  -21.623  75.614 0.0000000000
43711  27.380  -22.251  75.981 0.0000000000
44729  26.122  -21.621  74.709 0.0000000000
81204  51.123  12.333  56.147 0.0000000000
140212  50.663  12.883  54.765 0.0000000000
133831  29.526  -12.452  92.711 0.0000000000
53989  28.789  -12.114  93.277 0.0000000000
53990  27.662  -12.105  92.628 0.0000000000
133007  26.926  -12.320  93.270 0.0000000000
53991  26.795  -12.623  92.296 0.0000000000
52744  26.072  -12.918  93.457 0.0000000000
53964  28.844  -11.719  94.599 0.0000000000
53975  29.701  -12.172  94.108 0.0000000000
53988  29.941  -12.528  93.548 0.0000000000
52763  30.327  -13.042  92.702 0.0000000000
57367  42.828  -9.646  86.994 0.0000000000
58388  43.553  -8.770  86.637 0.0000000000
56304  43.049  -9.759  86.526 0.0000000000
57382  43.040  -9.558  84.471 0.0000000000
57381  43.670  -9.040  85.031 0.0000000000
58449  43.886  -8.301  84.500 0.0000000000
59519  44.473  -7.830  84.905 0.0000000000
57389  43.262  -8.832  84.024 0.0000000000
59532  43.324  -8.007  83.612 0.0000000000
58469  42.606  -8.524  83.225 0.0000000000
56347  39.548  -10.758  81.669 0.0000000000
157052  40.680  -9.878  81.970 0.0000000000
154260  39.772  -10.190  81.325 0.0000000000
133034  39.614  -9.791  80.827 0.0000000000
56355  38.534  -10.630  80.624 0.0000000000
55254  37.316  -11.066  80.298 0.0000000000
55253  37.929  -11.039  80.742 0.0000000000
54143  35.998  -12.513  82.080 0.0000000000
54162  35.518  -12.133  81.244 0.0000000000
52919  35.120  -12.931  81.727 0.0000000000
52920  34.344  -13.315  81.418 0.0000000000
43598  23.615  -22.747  81.190 0.0000000000
145107  23.433  -22.611  80.331 0.0000000000
43618  22.827  -22.869  80.059 0.0000000000
75732  50.315  8.025  61.029 0.0000000000
76847  49.623  8.717  59.770 0.0000000000
76839  49.969  8.381  60.390 0.0000000000
76856  46.949  8.915  58.768 0.0000000000
77967  47.525  9.274  58.556 0.0000000000
77980  46.714  9.283  58.063 0.0000000000
76865  45.864  9.037  56.708 0.0000000000
44533  28.404  -21.401  87.539 0.0000000000
155044  27.217  -21.698  87.303 0.0000000000
44534  27.859  -21.310  86.929 0.0000000000
45584  28.502  -20.010  84.218 0.0000000000
45585  27.811  -20.265  84.111 0.0000000000
132766  27.059  -20.582  84.078 0.0000000000
46568  28.176  -19.770  83.499 0.0000000000
149451  27.012  -14.237  82.630 0.0000000000
51619  27.280  -14.183  81.858 0.0000000000
51620  26.516  -14.497  82.146 0.0000000000
142109  24.373  -15.450  80.653 0.0000000000
137127  25.311  -15.141  80.762 0.0000000000
50472  24.533  -15.599  79.063 0.0000000000
49453  23.736  -15.719  79.020 0.0000000000
49467  23.625  -16.151  78.469 0.0000000000
50465  23.201  -15.786  79.845 0.0000000000
49430  21.966  -16.162  81.205 0.0000000000
49442  22.145  -16.020  80.059 0.0000000000
49443  20.383  -16.389  79.986 0.0000000000
49432  20.304  -16.396  81.492 0.0000000000
57360  36.168  -9.190  87.884 0.0000000000
52825  36.046  -13.400  85.925 0.0000000000
55197  35.806  -11.508  86.247 0.0000000000
52824  36.679  -14.148  85.954 0.0000000000
52848  37.334  -13.485  85.604 0.0000000000
147419  38.138  -15.135  86.582 0.0000000000
50398  38.423  -16.259  87.521 0.0000000000
49333  38.485  -17.780  88.791 0.0000000000
147575  39.349  -18.522  88.933 0.0000000000
47465  39.469  -19.266  89.126 0.0000000000
45533  39.135  -20.748  88.867 0.0000000000
45534  39.023  -20.722  89.060 0.0000000000
152191  33.728  -18.863  85.134 0.0000000000
45570  33.507  -20.502  85.008 0.0000000000
136277  30.932  -21.493  85.998 0.0000000000
44544  31.842  -21.801  85.689 0.0000000000
44530  31.466  -22.219  87.010 0.0000000000
43508  31.952  -23.124  88.341 0.0000000000
44518  31.001  -22.539  88.484 0.0000000000
44508  30.373  -22.904  89.457 0.0000000000
44519  30.315  -22.491  89.057 0.0000000000
45550  29.236  -20.915  86.557 0.0000000000
44532  28.991  -21.280  87.552 0.0000000000
71488  41.145  3.645  61.557 0.0000000000
71505  40.880  3.661  60.694 0.0000000000
68381  40.426  0.744  59.690 0.0000000000
69408  40.414  1.538  59.604 0.0000000000
68380  40.961  0.931  59.188 0.0000000000
67402  42.007  0.180  58.770 0.0000000000
67389  41.453  0.019  59.196 0.0000000000
48299  18.199  -17.528  90.253 0.0000000000
139813  18.774  -17.317  89.546 0.0000000000
48316  17.825  -17.246  89.324 0.0000000000
48335  17.448  -17.054  88.441 0.0000000000
72480  47.428  4.061  65.703 0.0000000000
72469  47.227  4.559  66.241 0.0000000000
72394  49.158  4.401  73.120 0.0000000000
70312  45.376  2.880  73.885 0.0000000000
70313  44.557  2.484  73.511 0.0000000000
70323  44.354  2.815  72.710 0.0000000000
70314  43.815  2.171  73.161 0.0000000000
69300  43.139  1.876  72.753 0.0000000000
69291  44.149  1.717  73.804 0.0000000000
68250  43.947  0.433  74.358 0.0000000000
68261  43.381  0.527  73.850 0.0000000000
67253  42.841  -0.223  73.759 0.0000000000
67254  42.197  -0.842  73.380 0.0000000000
143115  42.710  -1.063  73.888 0.0000000000
61691  41.551  -4.860  77.747 0.0000000000
62657  42.473  -4.596  77.225 0.0000000000
61690  42.024  -5.097  76.749 0.0000000000
60698  41.289  -6.589  75.114 0.0000000000
61714  42.550  -6.249  75.580 0.0000000000
60697  42.327  -6.796  74.918 0.0000000000
60696  43.542  -6.891  74.750 0.0000000000
60723  42.936  -7.388  74.107 0.0000000000
59660  42.382  -7.589  73.492 0.0000000000
138834  41.314  -7.534  73.757 0.0000000000
158918  37.822  -7.511  72.490 0.0000000000
58577  39.137  -8.070  72.134 0.0000000000
59704  38.277  -7.863  71.902 0.0000000000
58596  38.481  -8.358  70.889 0.0000000000
152593  37.668  -7.863  71.381 0.0000000000
59721  35.891  -7.593  70.316 0.0000000000
59706  35.977  -7.464  71.247 0.0000000000
59691  34.391  -7.507  71.711 0.0000000000
59708  33.588  -7.641  71.496 0.0000000000
59723  32.394  -7.704  70.568 0.0000000000
59709  32.809  -7.836  71.378 0.0000000000
54245  29.395  -12.565  75.405 0.0000000000
54251  29.148  -12.257  74.672 0.0000000000
54252  28.562  -12.645  74.250 0.0000000000
51745  27.128  -14.132  72.110 0.0000000000
53009  27.240  -13.359  71.747 0.0000000000
53010  26.873  -14.010  71.281 0.0000000000
45607  33.340  -20.884  81.492 0.0000000000
43649  32.143  -22.219  78.695 0.0000000000
45637  32.512  -21.441  79.714 0.0000000000
44666  31.868  -21.735  78.124 0.0000000000
45656  31.663  -20.979  78.629 0.0000000000
44681  31.471  -21.697  77.379 0.0000000000
79098  56.937  10.900  58.154 0.0000000000
80141  57.847  11.040  58.147 0.0000000000
80149  57.185  11.428  57.540 0.0000000000
80166  56.637  11.822  57.008 0.0000000000
49400  32.255  -16.418  83.658 0.0000000000
50436  31.711  -15.888  83.144 0.0000000000
144587  32.161  -15.454  83.809 0.0000000000
52870  30.782  -12.932  85.253 0.0000000000
52890  31.261  -13.754  83.983 0.0000000000
52891  30.629  -13.084  84.261 0.0000000000
143864  30.087  -13.108  83.436 0.0000000000
54108  29.879  -12.762  84.176 0.0000000000
54013  28.888  -12.072  90.010 0.0000000000
54025  29.504  -12.138  89.401 0.0000000000
54026  28.536  -12.442  89.098 0.0000000000
52801  27.941  -13.221  87.594 0.0000000000
54061  28.676  -12.741  86.600 0.0000000000
52828  28.005  -13.246  86.060 0.0000000000
54080  28.500  -12.930  85.361 0.0000000000
52851  27.891  -13.439  85.376 0.0000000000
52873  27.528  -13.826  85.020 0.0000000000
52852  27.434  -13.909  85.772 0.0000000000
51567  26.644  -15.021  86.629 0.0000000000
51585  26.636  -14.900  85.849 0.0000000000
50415  26.210  -15.359  86.253 0.0000000000
50423  25.642  -15.644  85.762 0.0000000000
50416  25.708  -15.830  86.635 0.0000000000
55160  33.042  -11.796  90.946 0.0000000000
56265  32.902  -10.445  90.712 0.0000000000
54023  33.609  -12.245  90.372 0.0000000000
144659  33.957  -12.261  89.636 0.0000000000
147459  34.209  -13.627  89.898 0.0000000000
50386  34.480  -15.569  89.895 0.0000000000
52784  34.079  -14.210  90.310 0.0000000000
50357  33.417  -15.386  90.696 0.0000000000
155321  33.759  -16.380  90.149 0.0000000000
49327  33.423  -16.339  89.985 0.0000000000
48326  33.906  -17.037  89.114 0.0000000000
49336  33.469  -16.596  89.484 0.0000000000
52761  31.658  -13.560  92.237 0.0000000000
51498  32.264  -14.124  91.720 0.0000000000
52774  31.859  -14.655  91.076 0.0000000000
51544  32.399  -15.403  88.199 0.0000000000
153831  32.517  -15.797  88.966 0.0000000000
50401  33.130  -16.117  87.606 0.0000000000
49355  33.537  -16.615  87.160 0.0000000000
49369  33.559  -16.662  85.857 0.0000000000
50429  32.595  -15.426  84.685 0.0000000000
50420  33.149  -15.995  85.249 0.0000000000
49386  32.747  -16.178  84.346 0.0000000000
68322  37.758  0.788  62.979 0.0000000000
153807  50.024  4.554  72.432 0.0000000000
72392  50.869  5.180  72.583 0.0000000000
71362  51.899  4.482  74.891 0.0000000000
71363  50.751  4.222  74.814 0.0000000000
71350  49.200  3.492  75.293 0.0000000000
71349  50.196  3.482  75.499 0.0000000000
60568  44.371  -6.726  86.357 0.0000000000
64892  44.837  -2.924  82.426 0.0000000000
64910  44.417  -2.489  81.466 0.0000000000
63731  43.459  -3.505  81.124 0.0000000000
60599  42.774  -6.672  82.565 0.0000000000
156405  43.591  -5.530  82.674 0.0000000000
60611  42.232  -6.191  81.887 0.0000000000
61650  41.754  -5.778  81.115 0.0000000000
61658  41.455  -5.506  80.294 0.0000000000
62631  41.752  -4.841  79.826 0.0000000000
62639  41.557  -4.847  79.177 0.0000000000
61669  40.691  -5.728  79.100 0.0000000000
59598  38.475  -7.827  78.250 0.0000000000
146482  39.231  -6.824  77.946 0.0000000000
59612  38.631  -7.300  77.630 0.0000000000
60676  38.634  -6.968  76.770 0.0000000000
59629  37.553  -7.879  76.780 0.0000000000
58538  36.951  -8.296  76.393 0.0000000000
58539  36.426  -8.883  76.407 0.0000000000
57445  35.951  -9.907  77.156 0.0000000000
57456  35.614  -9.600  76.497 0.0000000000
56410  34.402  -10.394  76.797 0.0000000000
56411  33.549  -10.531  76.457 0.0000000000
56397  33.736  -10.801  77.138 0.0000000000
55275  35.698  -11.345  79.790 0.0000000000
56367  36.328  -10.822  79.106 0.0000000000
54202  32.328  -12.296  78.485 0.0000000000
55299  32.962  -11.747  78.321 0.0000000000
55321  32.479  -11.641  77.627 0.0000000000
55342  32.274  -11.299  76.693 0.0000000000
55322  31.550  -11.853  77.117 0.0000000000
141019  30.856  -11.826  76.338 0.0000000000
159074  30.866  -12.340  77.045 0.0000000000
51659  29.766  -14.409  77.729 0.0000000000
52949  29.521  -14.009  77.066 0.0000000000
51673  29.036  -14.369  76.489 0.0000000000
51674  28.505  -14.783  75.748 0.0000000000
51661  28.835  -15.019  76.575 0.0000000000
42508  29.486  -23.561  80.877 0.0000000000
42531  29.455  -23.612  79.986 0.0000000000
43630  28.386  -22.795  79.561 0.0000000000
44645  26.177  -21.531  79.048 0.0000000000
155253  26.860  -21.716  78.404 0.0000000000
44682  26.336  -21.566  77.102 0.0000000000
44683  25.443  -21.403  77.416 0.0000000000
137906  23.850  -22.062  78.879 0.0000000000
149767  23.619  -22.291  76.451 0.0000000000
141966  24.203  -21.703  76.365 0.0000000000
76833  55.195  9.108  61.164 0.0000000000
77947  54.917  9.293  60.428 0.0000000000
79092  51.851  10.041  58.352 0.0000000000
79091  52.725  10.088  58.304 0.0000000000
79103  52.172  10.554  57.771 0.0000000000
80155  51.562  11.125  57.309 0.0000000000
80156  50.854  10.957  57.331 0.0000000000
77978  49.689  9.595  58.680 0.0000000000
77977  50.562  9.557  58.819 0.0000000000
79112  49.162  11.047  56.821 0.0000000000
44536  25.781  -22.166  86.855 0.0000000000
43510  25.217  -22.887  87.826 0.0000000000
49415  30.672  -16.693  82.336 0.0000000000
48421  30.436  -17.451  82.444 0.0000000000
48436  30.096  -16.943  81.890 0.0000000000
49428  28.981  -16.837  81.075 0.0000000000
148910  29.412  -17.262  81.588 0.0000000000
47518  28.058  -18.950  81.880 0.0000000000
47530  27.710  -18.576  81.145 0.0000000000
51638  27.106  -14.714  80.516 0.0000000000
50461  27.437  -15.181  80.088 0.0000000000
50469  26.928  -15.738  79.540 0.0000000000
47542  25.865  -18.693  79.644 0.0000000000
46607  26.303  -19.177  80.464 0.0000000000
57358  38.633  -9.218  88.057 0.0000000000
56293  39.155  -9.713  87.481 0.0000000000
55193  40.011  -11.055  86.208 0.0000000000
56292  40.069  -9.808  87.572 0.0000000000
56291  40.784  -9.892  87.544 0.0000000000
56290  41.445  -9.873  87.459 0.0000000000
143097  41.819  -9.572  87.510 0.0000000000
56307  41.218  -10.428  86.980 0.0000000000
51577  40.560  -14.258  85.381 0.0000000000
52844  40.711  -13.700  85.247 0.0000000000
52867  40.780  -13.714  84.898 0.0000000000
51592  39.537  -14.478  84.535 0.0000000000
51593  38.482  -14.837  84.328 0.0000000000
49383  37.585  -16.802  85.108 0.0000000000
50428  37.122  -16.112  84.452 0.0000000000
48392  35.837  -17.524  84.382 0.0000000000
152003  39.328  -18.045  87.187 0.0000000000
48378  39.199  -17.480  86.582 0.0000000000
46549  36.136  -20.112  85.156 0.0000000000
160003  36.417  -19.425  85.344 0.0000000000
47498  35.735  -19.188  84.698 0.0000000000
46550  35.554  -20.099  84.602 0.0000000000
45582  35.212  -20.677  84.017 0.0000000000
43555  35.608  -23.137  83.781 0.0000000000
159797  35.337  -22.889  83.014 0.0000000000
42457  34.564  -23.299  82.373 0.0000000000
42458  33.849  -23.556  82.069 0.0000000000
42436  34.097  -23.771  82.728 0.0000000000
48306  35.666  -17.744  89.621 0.0000000000
48324  36.133  -17.811  89.654 0.0000000000
135724  36.443  -18.569  89.479 0.0000000000
45542  36.633  -20.894  87.855 0.0000000000
44516  37.946  -22.306  88.187 0.0000000000
145760  37.402  -22.807  88.117 0.0000000000
44541  34.470  -21.805  85.914 0.0000000000
43521  34.153  -22.669  86.320 0.0000000000
41359  34.100  -24.160  87.958 0.0000000000
134006  34.983  -24.020  87.928 0.0000000000
42380  34.789  -23.933  87.826 0.0000000000
41373  35.560  -24.249  87.249 0.0000000000
41388  35.107  -24.508  86.427 0.0000000000
41407  31.595  -24.387  84.342 0.0000000000
153689  32.089  -24.450  83.879 0.0000000000
146927  32.192  -24.270  83.124 0.0000000000
41427  30.796  -24.197  83.079 0.0000000000
41442  30.723  -24.165  82.238 0.0000000000
42460  30.258  -23.901  82.770 0.0000000000
42439  29.135  -23.214  84.016 0.0000000000
42461  29.228  -23.112  83.149 0.0000000000
43574  28.561  -22.687  82.977 0.0000000000
43594  27.495  -22.383  81.992 0.0000000000
42365  28.999  -23.354  88.722 0.0000000000
42384  29.257  -23.529  87.216 0.0000000000
42385  28.290  -23.386  86.509 0.0000000000
42419  26.502  -23.239  84.808 0.0000000000
42418  27.527  -23.113  84.973 0.0000000000
42440  26.310  -22.936  84.016 0.0000000000
43560  26.224  -22.714  83.330 0.0000000000
43578  24.917  -22.696  82.378 0.0000000000
42462  24.879  -23.042  83.123 0.0000000000
74637  45.463  6.704  60.717 0.0000000000
75737  44.919  7.156  60.050 0.0000000000
74638  44.552  6.582  60.490 0.0000000000
73595  42.672  5.150  58.051 0.0000000000
74649  43.314  6.498  58.566 0.0000000000
73594  43.262  5.311  57.498 0.0000000000
139851  41.448  3.176  58.667 0.0000000000
72566  41.730  3.980  58.649 0.0000000000
70498  41.991  2.656  58.105 0.0000000000
69434  43.913  1.640  57.346 0.0000000000
149381  44.692  1.598  57.129 0.0000000000
67354  39.064  -0.325  61.024 0.0000000000
68348  38.998  0.520  61.092 0.0000000000
66373  39.736  -0.670  60.591 0.0000000000
55130  25.235  -11.464  95.761 0.0000000000
52734  24.692  -13.109  95.189 0.0000000000
52753  25.472  -13.902  93.127 0.0000000000
51483  24.806  -14.479  93.894 0.0000000000
50360  25.882  -15.841  90.477 0.0000000000
49319  25.609  -16.631  90.622 0.0000000000
48327  24.889  -17.070  89.358 0.0000000000
49338  25.220  -16.614  88.612 0.0000000000
49347  24.659  -16.745  87.862 0.0000000000
49346  25.071  -16.344  87.034 0.0000000000
49348  23.915  -16.920  87.469 0.0000000000
47459  21.827  -18.298  90.167 0.0000000000
47432  21.867  -18.855  91.208 0.0000000000
138044  22.579  -18.757  90.867 0.0000000000
142547  23.138  -19.090  91.459 0.0000000000
47458  22.769  -18.361  90.145 0.0000000000
47457  23.482  -18.326  90.323 0.0000000000
48366  21.608  -16.851  87.239 0.0000000000
48365  22.399  -16.899  87.123 0.0000000000
49360  21.793  -16.683  86.464 0.0000000000
49373  22.772  -16.576  85.587 0.0000000000
49374  22.061  -16.538  85.078 0.0000000000
49390  22.148  -16.499  84.122 0.0000000000
134595  21.243  -16.510  84.614 0.0000000000
49407  19.592  -16.451  83.771 0.0000000000
49378  17.731  -16.645  85.868 0.0000000000
76794  57.962  8.618  63.928 0.0000000000
76783  56.991  8.184  65.002 0.0000000000
75682  55.634  7.258  66.314 0.0000000000
75707  55.476  7.893  64.501 0.0000000000
75717  54.241  8.125  63.186 0.0000000000
75708  54.534  7.711  64.018 0.0000000000
76720  55.008  8.062  68.164 0.0000000000
76721  54.015  8.463  67.723 0.0000000000
74573  53.284  6.535  65.787 0.0000000000
74572  54.010  6.664  66.179 0.0000000000
74604  53.255  6.308  64.786 0.0000000000
75709  53.244  7.043  63.939 0.0000000000
75710  52.610  7.152  63.358 0.0000000000
140271  51.928  7.298  62.733 0.0000000000
74615  52.100  6.552  63.491 0.0000000000
73554  51.510  5.226  64.246 0.0000000000
74616  51.499  6.394  63.234 0.0000000000
74617  50.756  6.180  63.003 0.0000000000
74618  49.955  5.967  62.730 0.0000000000
75686  51.183  6.525  65.283 0.0000000000
75687  50.278  6.714  65.095 0.0000000000
72510  49.720  3.654  63.949 0.0000000000
73555  50.265  4.041  63.978 0.0000000000
144520  48.925  4.807  62.865 0.0000000000
74619  49.092  5.784  62.402 0.0000000000
73573  47.310  5.886  61.807 0.0000000000
73566  48.147  4.797  62.627 0.0000000000
72513  47.323  3.402  63.463 0.0000000000
134968  46.816  4.885  62.379 0.0000000000
72528  46.580  4.214  62.777 0.0000000000
73569  45.121  4.925  62.108 0.0000000000
72529  45.601  4.291  62.640 0.0000000000
71448  47.520  3.001  65.381 0.0000000000
158815  47.566  2.852  64.826 0.0000000000
70407  47.197  2.690  65.138 0.0000000000
70419  45.500  2.773  64.683 0.0000000000
70418  46.319  2.810  64.199 0.0000000000
70426  45.429  3.038  63.916 0.0000000000
71467  44.755  3.391  63.464 0.0000000000
71468  43.816  3.423  63.473 0.0000000000
71475  43.326  3.765  62.820 0.0000000000
70410  43.014  3.028  65.095 0.0000000000
70422  42.494  2.985  64.602 0.0000000000
70411  42.190  2.902  65.286 0.0000000000
151789  41.170  2.706  64.027 0.0000000000
70412  41.390  2.651  65.410 0.0000000000
72447  48.188  4.319  68.893 0.0000000000
71415  48.542  4.041  69.432 0.0000000000
70370  46.960  2.874  68.961 0.0000000000
71389  47.028  3.655  71.782 0.0000000000
134277  44.418  2.914  70.098 0.0000000000
70371  45.243  2.848  68.764 0.0000000000
133786  44.075  2.902  68.686 0.0000000000
70385  44.021  3.018  67.805 0.0000000000
135775  43.259  2.838  68.216 0.0000000000
138664  41.757  2.441  68.462 0.0000000000
70387  41.688  2.555  67.598 0.0000000000
70413  40.611  2.413  65.695 0.0000000000
70400  40.494  2.302  66.664 0.0000000000
157561  39.461  1.997  65.474 0.0000000000
69331  39.493  1.752  66.868 0.0000000000
68293  39.147  1.000  68.302 0.0000000000
68297  38.782  1.154  67.484 0.0000000000
138618  38.121  0.911  67.033 0.0000000000
68299  37.466  0.290  67.123 0.0000000000
68298  38.170  0.614  67.589 0.0000000000
68276  41.756  1.056  71.960 0.0000000000
68285  40.891  1.033  70.672 0.0000000000
68278  40.646  0.302  71.043 0.0000000000
66283  38.356  -1.181  69.444 0.0000000000
67297  38.705  -0.525  69.335 0.0000000000
67308  37.062  -0.542  67.556 0.0000000000
69250  51.588  1.149  77.592 0.0000000000
152750  51.234  1.849  76.957 0.0000000000
70264  49.982  1.974  76.502 0.0000000000
69251  49.177  1.165  76.658 0.0000000000
66121  47.492  -1.471  79.285 0.0000000000
67183  48.640  -0.013  80.704 0.0000000000
67182  49.246  -0.839  79.980 0.0000000000
67181  49.751  -0.168  80.143 0.0000000000
66119  49.569  -1.659  79.469 0.0000000000
63770  44.433  -4.010  77.424 0.0000000000
63758  45.567  -3.256  77.883 0.0000000000
63769  45.425  -4.193  77.467 0.0000000000
62652  47.765  -4.559  77.260 0.0000000000
62644  47.773  -4.353  77.530 0.0000000000
147775  48.644  -3.703  77.851 0.0000000000
64962  49.543  -2.578  78.605 0.0000000000
144179  48.955  -3.384  77.807 0.0000000000
66152  50.013  -1.857  78.263 0.0000000000
64988  48.687  -3.099  77.357 0.0000000000
64990  46.981  -2.640  76.290 0.0000000000
66172  47.345  -1.687  76.457 0.0000000000
67225  47.249  -0.693  76.395 0.0000000000
67233  46.013  -1.014  75.832 0.0000000000
67234  45.418  -0.769  75.514 0.0000000000
66187  45.668  -1.676  75.651 0.0000000000
63799  42.858  -3.326  74.116 0.0000000000
154074  43.621  -2.293  74.567 0.0000000000
63813  42.298  -3.429  73.632 0.0000000000
143559  41.745  -2.972  73.265 0.0000000000
60753  42.465  -7.506  72.519 0.0000000000
61767  42.709  -6.731  72.740 0.0000000000
140783  42.110  -6.896  72.174 0.0000000000
60771  40.093  -6.540  70.645 0.0000000000
141972  40.406  -6.125  71.233 0.0000000000
61789  40.015  -5.199  71.322 0.0000000000
62731  40.247  -4.414  71.762 0.0000000000
61805  39.453  -5.078  70.848 0.0000000000
63860  38.548  -3.885  70.359 0.0000000000
61811  38.193  -5.312  69.643 0.0000000000
60808  37.504  -7.539  67.039 0.0000000000
59736  34.424  -7.421  69.303 0.0000000000
59752  34.333  -7.429  68.294 0.0000000000
59753  33.411  -7.271  68.016 0.0000000000
152561  31.969  -7.477  66.585 0.0000000000
59781  32.636  -7.384  66.677 0.0000000000
59795  31.732  -7.767  65.847 0.0000000000
57475  34.983  -9.029  75.045 0.0000000000
58557  34.585  -8.716  74.247 0.0000000000
57476  33.822  -9.181  74.348 0.0000000000
57499  31.605  -9.286  72.930 0.0000000000
58581  31.821  -8.741  72.336 0.0000000000
143933  31.663  -8.474  71.605 0.0000000000
57515  31.139  -8.905  72.082 0.0000000000
55396  29.306  -11.364  73.609 0.0000000000
56458  29.684  -10.753  73.262 0.0000000000
55413  29.034  -11.125  72.851 0.0000000000
56502  28.278  -10.580  70.342 0.0000000000
56491  29.148  -10.227  71.656 0.0000000000
57518  28.889  -9.996  70.795 0.0000000000
51604  36.650  -14.513  83.515 0.0000000000
51605  35.825  -14.821  83.304 0.0000000000
49413  33.857  -16.217  82.374 0.0000000000
50443  34.232  -15.466  82.461 0.0000000000
50450  33.622  -15.557  82.005 0.0000000000
51624  33.454  -14.899  81.662 0.0000000000
50451  33.058  -15.567  81.541 0.0000000000
46591  32.116  -19.177  81.261 0.0000000000
47526  32.492  -18.580  81.714 0.0000000000
47527  31.852  -18.471  81.181 0.0000000000
48471  30.476  -17.631  79.634 0.0000000000
48453  31.311  -17.429  80.592 0.0000000000
48470  30.849  -17.094  80.102 0.0000000000
49448  30.892  -16.363  79.937 0.0000000000
50468  30.593  -15.862  79.443 0.0000000000
49463  30.079  -16.470  79.007 0.0000000000
47589  28.784  -18.131  76.279 0.0000000000
48507  29.022  -16.891  77.187 0.0000000000
48527  28.490  -17.594  75.879 0.0000000000
136199  28.408  -16.851  75.869 0.0000000000
48535  28.163  -17.443  75.205 0.0000000000
42574  30.135  -23.348  78.185 0.0000000000
42575  29.344  -23.540  77.942 0.0000000000
43709  28.662  -23.245  75.612 0.0000000000
42614  29.396  -23.208  76.112 0.0000000000
43708  29.409  -22.901  75.369 0.0000000000
43707  30.143  -22.470  75.820 0.0000000000
44711  30.055  -22.116  75.060 0.0000000000
133971  25.241  -21.920  73.194 0.0000000000
43745  26.142  -21.979  73.270 0.0000000000
43759  28.324  -22.347  72.795 0.0000000000
43743  28.708  -22.431  73.454 0.0000000000
44744  29.433  -21.552  73.570 0.0000000000
44728  29.755  -21.800  74.327 0.0000000000
45719  29.813  -20.661  74.150 0.0000000000
45733  29.564  -20.640  73.405 0.0000000000
138969  29.169  -20.176  71.577 0.0000000000
46695  28.813  -19.513  73.183 0.0000000000
47613  27.780  -18.236  73.357 0.0000000000
80163  59.441  11.908  57.037 0.0000000000
77972  54.730  10.150  58.563 0.0000000000
79088  55.594  10.405  58.465 0.0000000000
79100  54.784  10.699  57.868 0.0000000000
81201  54.291  12.299  56.433 0.0000000000
144327  54.134  12.873  55.732 0.0000000000
81218  54.812  12.667  55.992 0.0000000000
75749  44.236  7.496  58.077 0.0000000000
142203  44.936  7.982  58.487 0.0000000000
75752  44.416  7.454  57.151 0.0000000000
144497  27.843  -11.722  94.656 0.0000000000
53965  26.857  -11.739  95.060 0.0000000000
53966  25.986  -12.087  95.326 0.0000000000
55218  41.851  -11.711  84.873 0.0000000000
56324  42.757  -10.341  85.471 0.0000000000
56325  42.280  -10.807  84.570 0.0000000000
56332  41.776  -10.542  83.548 0.0000000000
133337  41.849  -9.739  83.066 0.0000000000
55233  40.292  -11.024  82.495 0.0000000000
54123  39.395  -11.392  82.302 0.0000000000
55242  38.943  -11.166  81.705 0.0000000000
138749  37.407  -11.530  81.378 0.0000000000
54141  37.508  -12.135  82.316 0.0000000000
54125  36.815  -12.623  82.517 0.0000000000
52907  35.542  -13.452  82.425 0.0000000000
76840  49.091  8.282  60.251 0.0000000000
76841  48.167  8.203  60.095 0.0000000000
76857  46.222  8.750  58.453 0.0000000000
45560  29.587  -20.566  85.562 0.0000000000
45561  28.805  -20.570  85.688 0.0000000000
45575  29.138  -20.122  84.694 0.0000000000
46567  29.514  -19.056  83.231 0.0000000000
50437  25.869  -14.936  83.716 0.0000000000
51621  25.707  -14.960  82.662 0.0000000000
50446  24.874  -15.441  82.660 0.0000000000
50455  24.589  -15.442  81.711 0.0000000000
50456  23.755  -15.688  81.457 0.0000000000
49416  23.147  -15.984  82.101 0.0000000000
147611  22.448  -16.147  81.837 0.0000000000
49418  21.709  -16.325  82.164 0.0000000000
56297  34.669  -10.756  87.846 0.0000000000
55182  35.222  -11.043  86.997 0.0000000000
142098  35.130  -11.905  86.878 0.0000000000
153572  35.370  -13.368  86.702 0.0000000000
50399  36.840  -16.055  87.659 0.0000000000
48323  38.174  -18.646  89.551 0.0000000000
138880  32.627  -18.981  84.242 0.0000000000
45571  32.736  -20.516  84.579 0.0000000000
45572  31.873  -20.572  84.337 0.0000000000
44558  31.341  -21.176  84.936 0.0000000000
44531  30.187  -21.757  87.936 0.0000000000
45559  30.422  -20.820  85.310 0.0000000000
70439  40.737  3.019  62.539 0.0000000000
71489  40.463  3.181  61.240 0.0000000000
70440  40.138  2.705  61.931 0.0000000000
68365  39.864  1.039  60.173 0.0000000000
48300  17.156  -17.526  89.892 0.0000000000
145480  47.080  5.478  66.813 0.0000000000
71366  47.012  3.568  74.226 0.0000000000
70301  47.343  3.317  74.934 0.0000000000
70302  46.423  2.906  74.719 0.0000000000
69283  45.655  2.264  74.577 0.0000000000
69284  45.189  1.542  74.646 0.0000000000
68249  44.580  0.274  74.848 0.0000000000
60674  40.076  -6.185  76.098 0.0000000000
61705  40.634  -5.785  76.527 0.0000000000
60699  40.367  -6.452  75.344 0.0000000000
60725  40.769  -6.908  74.598 0.0000000000
59661  40.221  -7.205  74.066 0.0000000000
59673  38.901  -7.289  73.590 0.0000000000
59686  38.447  -7.533  72.809 0.0000000000
141075  37.255  -7.505  72.136 0.0000000000
140627  36.279  -7.371  72.017 0.0000000000
59688  36.551  -7.385  72.760 0.0000000000
59675  35.225  -7.647  72.937 0.0000000000
59690  34.525  -7.724  72.563 0.0000000000
43610  33.485  -22.572  80.615 0.0000000000
44626  33.520  -21.780  80.926 0.0000000000
43611  32.934  -22.573  80.016 0.0000000000
43628  32.362  -22.676  79.396 0.0000000000
43650  31.613  -22.684  78.519 0.0000000000
79077  58.906  10.353  59.791 0.0000000000
79087  56.529  10.435  58.714 0.0000000000
51594  32.295  -14.776  85.054 0.0000000000
51595  31.781  -14.261  84.536 0.0000000000
145142  31.832  -14.125  85.386 0.0000000000
52850  30.851  -12.903  86.160 0.0000000000
54059  30.262  -12.570  86.654 0.0000000000
54014  27.530  -12.612  90.619 0.0000000000
54027  27.815  -12.948  88.855 0.0000000000
52802  27.481  -13.571  88.185 0.0000000000
52815  27.470  -13.853  87.280 0.0000000000
145684  26.984  -14.447  87.729 0.0000000000
51534  26.511  -15.102  88.218 0.0000000000
51547  26.590  -15.103  87.417 0.0000000000
55161  32.554  -11.330  91.423 0.0000000000
54010  33.268  -12.871  91.252 0.0000000000
147661  33.694  -14.020  90.796 0.0000000000
52773  33.296  -13.685  91.308 0.0000000000
51509  33.274  -14.560  91.148 0.0000000000
142893  33.106  -15.750  90.453 0.0000000000
51520  31.906  -15.029  90.428 0.0000000000
52786  31.520  -14.389  90.324 0.0000000000
143199  31.753  -14.528  88.858 0.0000000000
50413  33.167  -15.902  86.463 0.0000000000
51564  32.308  -14.787  87.104 0.0000000000
51582  32.346  -14.699  85.985 0.0000000000
61611  45.213  -5.835  85.732 0.0000000000
62578  45.534  -5.055  85.474 0.0000000000
64808  45.470  -3.415  85.606 0.0000000000
64870  46.596  -2.450  84.225 0.0000000000
66063  46.957  -1.565  83.848 0.0000000000
64871  46.243  -2.956  83.811 0.0000000000
63720  45.467  -3.369  83.280 0.0000000000
62620  44.100  -4.345  82.525 0.0000000000
59565  40.785  -7.969  81.273 0.0000000000
60612  41.592  -6.614  81.473 0.0000000000
144159  40.409  -7.497  80.608 0.0000000000
60628  40.615  -6.695  80.294 0.0000000000
152260  40.076  -7.144  79.917 0.0000000000
60640  40.353  -6.419  79.518 0.0000000000
137874  39.339  -7.306  78.933 0.0000000000
151129  37.307  -8.901  77.520 0.0000000000
57443  36.809  -9.059  77.052 0.0000000000
133766  37.099  -9.478  77.770 0.0000000000
57444  36.269  -10.192  77.802 0.0000000000
56395  35.592  -10.368  77.587 0.0000000000
54163  34.388  -12.182  80.246 0.0000000000
54182  34.039  -11.893  79.521 0.0000000000
54183  33.332  -12.277  79.390 0.0000000000
133238  32.659  -12.643  79.235 0.0000000000
54203  31.510  -12.817  78.360 0.0000000000
54220  31.144  -12.573  77.670 0.0000000000
52947  30.753  -13.390  78.113 0.0000000000
139317  30.256  -14.095  78.122 0.0000000000
51649  30.071  -14.858  78.362 0.0000000000
43612  28.228  -22.511  81.248 0.0000000000
150141  27.241  -22.003  80.395 0.0000000000
76835  53.393  8.840  60.741 0.0000000000
77948  53.945  9.244  60.144 0.0000000000
157854  53.108  9.110  60.186 0.0000000000
77975  52.401  9.576  59.029 0.0000000000
77983  47.838  10.211  57.296 0.0000000000
79107  48.596  10.503  57.277 0.0000000000
44559  26.198  -21.252  84.953 0.0000000000
50445  30.498  -15.300  82.023 0.0000000000
49426  30.298  -16.105  81.827 0.0000000000
50452  29.817  -15.290  81.483 0.0000000000
49439  29.089  -15.275  80.889 0.0000000000
49440  28.746  -16.075  80.607 0.0000000000
49452  25.649  -16.069  78.756 0.0000000000
49451  26.402  -16.271  79.079 0.0000000000
48473  25.934  -17.005  78.728 0.0000000000
151035  25.730  -17.929  79.006 0.0000000000
55195  37.936  -10.950  85.961 0.0000000000
56310  38.525  -10.263  86.650 0.0000000000
55194  38.999  -10.974  86.069 0.0000000000
55209  39.514  -11.798  85.663 0.0000000000
55208  40.481  -11.883  85.653 0.0000000000
54074  40.171  -12.763  85.520 0.0000000000
52845  40.536  -13.862  85.429 0.0000000000
51578  40.483  -14.744  85.818 0.0000000000
50426  39.776  -15.135  85.098 0.0000000000
49381  39.946  -15.668  85.633 0.0000000000
46534  38.767  -19.939  87.566 0.0000000000
144956  38.080  -19.186  86.753 0.0000000000
46541  37.777  -19.971  86.634 0.0000000000
45557  36.787  -21.155  85.712 0.0000000000
44555  35.708  -21.776  84.283 0.0000000000
43535  36.228  -22.886  84.599 0.0000000000
42415  35.323  -23.666  84.018 0.0000000000
47468  35.350  -18.073  89.351 0.0000000000
47467  36.243  -18.570  89.448 0.0000000000
143505  36.113  -18.843  88.890 0.0000000000
45548  36.050  -21.243  87.209 0.0000000000
43507  32.889  -23.598  88.118 0.0000000000
43506  33.993  -23.809  87.861 0.0000000000
42382  33.242  -24.059  88.510 0.0000000000
41360  33.575  -24.089  88.287 0.0000000000
41375  33.865  -24.396  87.589 0.0000000000
158576  33.431  -24.573  86.703 0.0000000000
41390  32.692  -24.592  86.085 0.0000000000
142516  31.823  -24.468  85.378 0.0000000000
141082  30.999  -24.208  84.837 0.0000000000
42437  30.372  -23.901  83.472 0.0000000000
158789  30.093  -23.729  84.352 0.0000000000
42416  29.186  -23.339  84.859 0.0000000000
42386  27.339  -23.507  87.314 0.0000000000
42403  27.453  -23.341  86.039 0.0000000000
156963  26.731  -23.593  86.725 0.0000000000
145479  25.656  -23.359  84.548 0.0000000000
42442  24.806  -23.448  84.133 0.0000000000
73582  44.105  6.012  60.962 0.0000000000
74639  43.709  6.347  60.181 0.0000000000
143170  43.071  6.049  59.741 0.0000000000
73591  42.426  5.300  58.714 0.0000000000
68392  42.225  0.816  58.413 0.0000000000
68409  42.788  1.303  57.907 0.0000000000
68391  43.136  0.502  58.143 0.0000000000
143330  25.398  -17.012  91.345 0.0000000000
147883  25.492  -16.813  90.147 0.0000000000
48309  25.294  -17.159  90.759 0.0000000000
48328  24.286  -17.433  89.145 0.0000000000
48297  20.184  -17.988  90.390 0.0000000000
48314  20.762  -17.803  89.790 0.0000000000
133920  21.433  -17.684  89.292 0.0000000000
48331  21.848  -17.458  88.629 0.0000000000
48367  20.914  -16.779  87.351 0.0000000000
49361  20.843  -16.628  86.559 0.0000000000
49375  20.400  -16.456  85.020 0.0000000000
149149  20.337  -16.499  85.766 0.0000000000
49376  19.432  -16.458  85.367 0.0000000000
76770  57.225  7.993  65.737 0.0000000000
151237  56.806  7.588  67.081 0.0000000000
139580  56.209  7.408  66.956 0.0000000000
75666  55.557  7.297  67.116 0.0000000000
153277  53.161  8.465  67.109 0.0000000000
75669  53.226  6.999  66.159 0.0000000000
74597  52.685  5.829  65.044 0.0000000000
74585  52.630  6.026  65.301 0.0000000000
73524  52.009  5.560  64.958 0.0000000000
73540  51.371  5.243  64.552 0.0000000000
146022  49.123  6.718  64.941 0.0000000000
74588  50.170  5.554  64.750 0.0000000000
72493  49.933  3.797  63.987 0.0000000000
72511  49.213  3.412  63.940 0.0000000000
72526  48.694  3.988  63.274 0.0000000000
72512  48.341  3.338  63.698 0.0000000000
140693  47.907  2.902  63.993 0.0000000000
154987  46.675  2.605  65.582 0.0000000000
70420  44.563  2.866  65.102 0.0000000000
152547  43.710  3.028  65.678 0.0000000000
70398  43.339  3.084  66.512 0.0000000000
71406  48.735  3.911  70.011 0.0000000000
71407  48.104  3.498  70.060 0.0000000000
70332  45.018  3.302  72.133 0.0000000000
133150  45.191  3.297  71.225 0.0000000000
70342  44.327  3.034  70.933 0.0000000000
70358  43.621  2.750  69.585 0.0000000000
70372  43.242  2.731  68.891 0.0000000000
70359  42.712  2.563  69.357 0.0000000000
70360  42.047  2.440  69.111 0.0000000000
153782  41.059  2.174  68.639 0.0000000000
69328  40.118  1.965  67.598 0.0000000000
69324  40.597  2.055  68.237 0.0000000000
69325  39.880  1.471  68.492 0.0000000000
68289  40.016  1.063  69.383 0.0000000000
67275  41.171  -0.211  72.039 0.0000000000
67287  40.178  -0.214  70.820 0.0000000000
67277  39.944  -1.006  71.026 0.0000000000
66271  39.308  -1.233  70.432 0.0000000000
66284  37.819  -1.700  69.208 0.0000000000
66292  37.193  -1.747  68.620 0.0000000000
65095  38.265  -2.055  69.766 0.0000000000
144015  37.811  -2.895  69.669 0.0000000000
69239  52.108  1.314  78.077 0.0000000000
68224  50.899  0.509  77.553 0.0000000000
66103  46.136  -0.756  80.517 0.0000000000
154110  46.831  -0.420  80.859 0.0000000000
134885  46.254  -1.131  79.531 0.0000000000
66136  46.510  -1.957  78.726 0.0000000000
62665  45.013  -5.666  76.524 0.0000000000
62654  46.244  -5.137  77.161 0.0000000000
61688  46.761  -5.384  76.742 0.0000000000
61687  47.298  -5.095  76.811 0.0000000000
62663  47.672  -4.613  76.861 0.0000000000
63779  48.238  -3.920  77.056 0.0000000000
62664  47.120  -4.709  76.206 0.0000000000
63787  46.548  -3.460  75.937 0.0000000000
65002  45.705  -2.628  75.607 0.0000000000
138001  45.107  -2.109  75.375 0.0000000000
65003  45.042  -2.907  75.312 0.0000000000
145561  43.381  -3.986  74.311 0.0000000000
62687  42.761  -4.361  73.814 0.0000000000
58593  40.777  -8.300  70.904 0.0000000000
60769  41.278  -7.771  71.196 0.0000000000
59718  40.255  -7.965  69.992 0.0000000000
60783  39.735  -7.056  69.963 0.0000000000
60790  39.197  -7.269  69.338 0.0000000000
60784  38.832  -6.170  69.731 0.0000000000
60791  38.561  -6.782  69.016 0.0000000000
59764  37.909  -8.060  67.423 0.0000000000
59776  37.400  -8.042  66.786 0.0000000000
59778  35.201  -7.914  66.714 0.0000000000
150995  33.123  -7.352  69.211 0.0000000000
133810  32.678  -7.273  67.842 0.0000000000
59755  31.856  -7.388  68.112 0.0000000000
59769  31.506  -7.526  67.252 0.0000000000
160044  33.758  -9.639  75.100 0.0000000000
157977  33.268  -9.514  74.493 0.0000000000
57477  32.622  -9.620  74.241 0.0000000000
57478  31.734  -9.794  73.894 0.0000000000
57487  30.926  -9.872  73.323 0.0000000000
55415  27.862  -12.020  71.920 0.0000000000
55421  28.211  -11.330  71.596 0.0000000000
55422  27.695  -11.813  70.990 0.0000000000
152183  35.236  -16.126  83.445 0.0000000000
146760  33.482  -16.840  82.234 0.0000000000
46623  31.278  -19.707  79.739 0.0000000000
47548  30.945  -18.820  80.078 0.0000000000
46624  30.643  -19.104  79.272 0.0000000000
47560  30.232  -18.803  78.679 0.0000000000
47561  29.746  -18.072  78.470 0.0000000000
48490  29.666  -17.007  78.494 0.0000000000
47579  29.471  -18.414  77.562 0.0000000000
47595  29.057  -19.015  75.883 0.0000000000
42577  28.273  -23.126  76.980 0.0000000000
42596  28.169  -23.076  76.149 0.0000000000
43710  27.986  -22.962  75.302 0.0000000000
139400  26.049  -22.326  71.896 0.0000000000
44761  28.176  -22.056  72.023 0.0000000000
44760  28.861  -21.531  72.388 0.0000000000
80153  53.426  11.356  57.199 0.0000000000
73598  44.359  5.238  56.515 0.0000000000
74657  44.344  6.712  56.683 0.0000000000
72573  45.099  4.982  56.120 0.0000000000
54011  30.556  -13.188  91.132 0.0000000000
54024  30.288  -12.561  89.799 0.0000000000
134622  29.046  -11.915  90.948 0.0000000000
154791  28.194  -12.154  91.065 0.0000000000
54004  26.688  -13.109  91.133 0.0000000000
52752  31.075  -13.146  92.885 0.0000000000
52743  30.393  -12.593  93.468 0.0000000000
52762  30.981  -13.452  92.328 0.0000000000
148411  31.028  -13.737  91.786 0.0000000000
59471  42.933  -8.287  87.140 0.0000000000
59470  43.684  -8.261  86.623 0.0000000000
59489  44.372  -7.533  86.244 0.0000000000
158505  43.565  -9.346  85.756 0.0000000000
58409  44.356  -8.198  86.025 0.0000000000
59503  44.819  -7.149  85.865 0.0000000000
59517  45.059  -6.882  85.500 0.0000000000
60581  45.276  -6.647  85.030 0.0000000000
60589  45.044  -6.195  84.253 0.0000000000
61637  44.260  -5.906  83.376 0.0000000000
60590  44.200  -6.718  83.772 0.0000000000
59549  42.526  -7.606  82.727 0.0000000000
57397  41.524  -9.140  82.378 0.0000000000
57403  40.939  -9.315  81.830 0.0000000000
58484  41.228  -8.562  81.816 0.0000000000
58485  40.585  -8.840  81.290 0.0000000000
57413  39.454  -9.358  80.352 0.0000000000
56365  38.263  -10.287  79.851 0.0000000000
56366  37.596  -10.556  79.645 0.0000000000
55274  36.520  -11.193  79.990 0.0000000000
55256  35.968  -11.582  80.623 0.0000000000
55244  36.362  -11.831  81.377 0.0000000000
55257  35.152  -11.819  80.458 0.0000000000
52925  34.006  -12.906  80.712 0.0000000000
52926  33.332  -13.249  80.452 0.0000000000
51634  32.870  -14.007  80.786 0.0000000000
43633  24.789  -21.811  80.043 0.0000000000
43635  23.154  -22.597  79.376 0.0000000000
43657  22.620  -23.014  78.619 0.0000000000
42557  22.066  -23.663  78.688 0.0000000000
76824  51.934  8.326  61.300 0.0000000000
76845  51.269  8.895  60.052 0.0000000000
76846  50.466  8.794  59.910 0.0000000000
77964  50.105  9.166  59.330 0.0000000000
143220  48.829  9.603  58.531 0.0000000000
76848  48.717  8.688  59.614 0.0000000000
156830  48.098  9.577  58.349 0.0000000000
77979  48.331  9.964  57.883 0.0000000000
77984  47.182  10.021  56.697 0.0000000000
43494  26.600  -23.044  88.572 0.0000000000
144636  25.611  -23.545  88.086 0.0000000000
44523  26.910  -22.418  88.100 0.0000000000
44535  26.545  -21.897  87.099 0.0000000000
45562  27.916  -20.866  85.770 0.0000000000
45563  27.006  -21.106  85.350 0.0000000000
159248  26.820  -20.884  84.646 0.0000000000
151919  26.585  -20.572  83.579 0.0000000000
52922  28.087  -13.876  81.713 0.0000000000
51630  26.785  -14.506  81.201 0.0000000000
51631  25.957  -14.754  81.453 0.0000000000
139312  25.810  -15.269  79.769 0.0000000000
50471  25.337  -15.578  79.102 0.0000000000
49466  24.311  -16.387  78.341 0.0000000000
49455  21.682  -16.219  79.024 0.0000000000
56312  36.206  -10.541  86.576 0.0000000000
55196  36.825  -11.141  85.944 0.0000000000
55211  37.468  -11.708  85.632 0.0000000000
156919  38.297  -13.950  85.705 0.0000000000
51561  39.343  -15.133  86.482 0.0000000000
49354  40.125  -16.050  86.611 0.0000000000
50397  39.795  -16.371  87.160 0.0000000000
49342  39.696  -17.103  87.378 0.0000000000
47481  39.511  -18.462  88.054 0.0000000000
49343  39.217  -17.070  87.872 0.0000000000
135485  39.514  -18.755  88.642 0.0000000000
153558  39.369  -19.329  88.161 0.0000000000
46528  39.335  -20.170  88.643 0.0000000000
45540  38.891  -21.146  88.323 0.0000000000
44527  38.160  -22.534  87.840 0.0000000000
47490  34.383  -18.980  85.806 0.0000000000
46536  34.777  -19.940  86.030 0.0000000000
153309  33.771  -21.199  85.344 0.0000000000
44542  33.620  -21.936  85.579 0.0000000000
44543  32.759  -22.023  85.503 0.0000000000
42383  30.328  -23.749  87.579 0.0000000000
42364  30.790  -23.483  88.921 0.0000000000
42353  29.841  -23.134  89.439 0.0000000000
42354  28.757  -23.010  89.391 0.0000000000
44520  29.516  -21.827  88.584 0.0000000000
44510  28.996  -22.441  89.242 0.0000000000
43483  28.492  -22.860  89.306 0.0000000000
153714  27.838  -22.917  89.083 0.0000000000
42356  27.258  -22.956  88.794 0.0000000000
157402  41.863  4.616  60.596 0.0000000000
72558  41.337  4.214  60.154 0.0000000000
144533  41.012  3.160  59.271 0.0000000000
70487  41.027  2.621  58.994 0.0000000000
71506  40.369  2.975  60.412 0.0000000000
69407  40.891  1.895  59.028 0.0000000000
69419  41.467  1.396  58.662 0.0000000000
48298  19.261  -17.756  90.476 0.0000000000
49351  18.293  -16.635  87.283 0.0000000000
155363  18.118  -16.796  88.006 0.0000000000
48352  17.479  -16.790  87.538 0.0000000000
146287  16.618  -17.325  88.546 0.0000000000
73528  47.673  4.628  65.157 0.0000000000
70394  47.205  2.931  66.294 0.0000000000
70382  47.033  2.839  67.032 0.0000000000
70383  46.728  2.735  67.688 0.0000000000
139776  48.090  3.752  71.377 0.0000000000
146497  46.640  3.653  72.787 0.0000000000
71379  45.796  3.401  73.207 0.0000000000
70325  42.909  2.253  72.003 0.0000000000
69306  42.211  1.860  71.576 0.0000000000
69293  42.492  1.535  72.344 0.0000000000
68269  42.286  0.789  72.680 0.0000000000
69286  43.860  1.045  73.993 0.0000000000
68262  42.789  0.638  73.320 0.0000000000
68270  41.702  0.249  72.407 0.0000000000
67267  41.553  -0.663  72.705 0.0000000000
66228  41.205  -1.460  72.558 0.0000000000
66229  40.650  -1.825  72.112 0.0000000000
68202  50.595  0.563  79.588 0.0000000000
157428  43.110  -3.342  78.676 0.0000000000
63760  43.758  -2.961  78.457 0.0000000000
63771  43.534  -3.570  77.864 0.0000000000
144981  43.844  -4.305  77.230 0.0000000000
62666  44.100  -5.040  76.700 0.0000000000
61704  41.608  -5.699  76.188 0.0000000000
61703  43.169  -5.234  76.524 0.0000000000
61702  44.380  -5.905  76.215 0.0000000000
60672  44.642  -6.361  75.632 0.0000000000
154997  44.391  -6.674  75.083 0.0000000000
153895  44.253  -7.004  73.914 0.0000000000
60742  43.868  -7.056  73.665 0.0000000000
59658  43.355  -7.236  73.363 0.0000000000
59671  42.679  -7.567  72.892 0.0000000000
59684  41.670  -8.168  71.867 0.0000000000
137410  40.655  -7.794  73.202 0.0000000000
144321  40.426  -8.370  72.067 0.0000000000
58575  40.864  -8.377  71.511 0.0000000000
58594  40.229  -8.502  70.959 0.0000000000
58607  38.542  -8.553  69.890 0.0000000000
58608  37.772  -8.454  69.672 0.0000000000
59750  36.356  -8.114  68.762 0.0000000000
59734  36.397  -7.929  69.526 0.0000000000
59735  35.506  -7.639  69.456 0.0000000000
59707  35.066  -7.397  71.049 0.0000000000
135727  34.173  -7.431  70.823 0.0000000000
59737  33.512  -7.377  69.616 0.0000000000
59738  32.693  -7.464  69.668 0.0000000000
59724  31.940  -7.648  69.932 0.0000000000
58610  31.551  -8.085  70.621 0.0000000000
55361  30.532  -11.547  75.444 0.0000000000
56428  30.947  -10.966  74.984 0.0000000000
55378  30.244  -11.298  74.682 0.0000000000
55397  28.672  -11.755  73.204 0.0000000000
54261  27.894  -13.005  73.025 0.0000000000
54271  28.126  -12.246  72.734 0.0000000000
54280  27.418  -12.591  71.397 0.0000000000
46563  34.077  -19.209  83.120 0.0000000000
47507  33.594  -18.585  82.658 0.0000000000
46576  33.580  -19.590  82.585 0.0000000000
45608  32.809  -20.266  81.354 0.0000000000
46605  32.271  -19.961  80.965 0.0000000000
45622  31.963  -20.423  80.089 0.0000000000
139744  31.574  -20.444  79.370 0.0000000000
45657  30.991  -20.470  78.137 0.0000000000
45676  31.011  -20.902  77.171 0.0000000000
44731  24.578  -21.801  74.388 0.0000000000
44730  25.194  -21.549  74.556 0.0000000000
44747  24.994  -21.667  73.937 0.0000000000
42661  24.179  -23.051  71.829 0.0000000000
43762  25.265  -22.272  72.267 0.0000000000
80140  58.824  11.033  58.343 0.0000000000
79085  58.373  10.571  58.945 0.0000000000
80148  58.398  11.400  57.720 0.0000000000
81198  56.985  12.337  56.467 0.0000000000
81216  56.473  12.826  55.796 0.0000000000
82232  55.584  13.356  55.183 0.0000000000
81227  50.071  12.599  54.158 0.0000000000
47508  31.876  -18.010  83.487 0.0000000000
47509  31.315  -17.940  83.119 0.0000000000
49401  31.703  -16.760  83.182 0.0000000000
49414  31.248  -16.350  82.671 0.0000000000
50444  31.117  -15.481  82.578 0.0000000000
51606  31.687  -14.547  83.802 0.0000000000
51607  31.083  -14.083  83.242 0.0000000000
51618  30.671  -14.482  82.467 0.0000000000
52908  30.381  -13.671  82.850 0.0000000000
52892  29.744  -13.421  82.754 0.0000000000
52893  28.995  -13.287  82.995 0.0000000000
54035  30.126  -12.361  88.650 0.0000000000
154457  29.553  -12.357  87.818 0.0000000000
54049  29.487  -12.477  87.051 0.0000000000
54050  28.704  -12.669  87.497 0.0000000000
54079  29.332  -12.608  85.481 0.0000000000
54094  29.185  -12.747  84.713 0.0000000000
52871  29.201  -12.973  83.803 0.0000000000
154546  28.449  -13.333  83.750 0.0000000000
52894  27.735  -13.677  84.140 0.0000000000
51608  27.196  -14.071  83.488 0.0000000000
51609  26.518  -14.560  84.132 0.0000000000
51566  27.032  -14.499  86.190 0.0000000000
51597  26.606  -14.748  85.043 0.0000000000
50430  26.037  -15.037  84.595 0.0000000000
152021  25.500  -15.322  84.197 0.0000000000
50432  24.871  -15.722  84.291 0.0000000000
49387  24.322  -16.206  84.778 0.0000000000
55168  33.735  -11.240  89.454 0.0000000000
54034  34.216  -12.848  89.377 0.0000000000
52798  34.455  -13.568  89.028 0.0000000000
51532  35.058  -15.119  88.861 0.0000000000
50370  34.591  -16.519  89.837 0.0000000000
48307  34.805  -17.233  89.704 0.0000000000
50356  33.914  -15.539  90.451 0.0000000000
49326  34.240  -16.621  89.922 0.0000000000
48325  34.675  -17.352  89.489 0.0000000000
48344  34.602  -17.686  88.606 0.0000000000
146745  32.492  -13.528  92.054 0.0000000000
51497  32.757  -14.569  91.378 0.0000000000
50373  32.624  -15.653  90.336 0.0000000000
50374  32.167  -15.422  90.055 0.0000000000
50387  32.547  -15.786  89.674 0.0000000000
49337  32.951  -16.228  89.352 0.0000000000
48345  33.948  -17.143  87.933 0.0000000000
48363  34.539  -18.223  86.512 0.0000000000
48380  34.052  -18.148  85.644 0.0000000000
47491  33.583  -18.140  85.032 0.0000000000
47499  33.149  -18.562  84.610 0.0000000000
49385  33.270  -16.805  84.861 0.0000000000
48393  33.184  -17.682  84.634 0.0000000000
47500  32.556  -18.075  84.017 0.0000000000
150289  38.926  1.866  63.830 0.0000000000
69358  38.936  1.778  62.812 0.0000000000
69359  38.417  1.153  62.415 0.0000000000
67355  38.506  0.070  61.529 0.0000000000
66354  38.576  -0.798  61.559 0.0000000000
72411  50.158  4.838  71.361 0.0000000000
71386  49.859  4.567  71.483 0.0000000000
72402  49.606  4.407  72.021 0.0000000000
159762  49.850  4.508  73.286 0.0000000000
72379  51.367  4.851  73.664 0.0000000000
72380  50.207  4.462  73.997 0.0000000000
71365  49.134  4.203  74.329 0.0000000000
70287  48.572  2.826  75.684 0.0000000000
66090  46.451  -0.670  81.686 0.0000000000
64926  44.806  -1.741  81.070 0.0000000000
64927  44.341  -2.085  80.448 0.0000000000
64928  43.798  -2.533  79.861 0.0000000000
61643  44.187  -5.117  83.001 0.0000000000
153574  43.623  -4.829  82.385 0.0000000000
61649  42.420  -5.398  81.513 0.0000000000
62621  43.385  -4.219  81.683 0.0000000000
62629  42.978  -3.872  80.748 0.0000000000
63739  42.878  -3.578  79.995 0.0000000000
63747  42.666  -3.671  79.299 0.0000000000
62638  42.021  -4.259  79.102 0.0000000000
62646  41.654  -4.660  78.592 0.0000000000
61678  40.626  -5.558  78.101 0.0000000000
60652  40.112  -6.234  78.725 0.0000000000
139555  39.792  -6.214  77.859 0.0000000000
60661  39.868  -6.130  76.920 0.0000000000
60675  39.316  -6.510  76.438 0.0000000000
59628  38.056  -7.332  76.334 0.0000000000
59647  37.095  -7.763  75.564 0.0000000000
59648  36.678  -7.881  75.051 0.0000000000
58548  36.382  -8.439  75.684 0.0000000000
58549  35.657  -8.771  75.364 0.0000000000
142267  35.291  -9.316  75.777 0.0000000000
137060  36.224  -9.407  76.763 0.0000000000
57468  34.562  -9.507  75.484 0.0000000000
56424  34.078  -10.026  75.945 0.0000000000
56425  33.287  -10.236  75.657 0.0000000000
55359  32.045  -10.972  75.936 0.0000000000
56379  37.129  -10.368  78.878 0.0000000000
56381  35.862  -10.617  78.322 0.0000000000
56382  34.952  -10.824  78.146 0.0000000000
55297  34.511  -11.396  78.866 0.0000000000
55319  34.184  -11.231  78.204 0.0000000000
56396  34.275  -10.837  77.581 0.0000000000
55341  33.047  -11.045  76.991 0.0000000000
55360  31.306  -11.253  75.706 0.0000000000
54244  30.090  -12.192  75.846 0.0000000000
54235  29.636  -12.885  76.170 0.0000000000
54221  30.494  -12.958  77.354 0.0000000000
52963  29.313  -13.622  76.382 0.0000000000
52975  29.043  -13.305  75.694 0.0000000000
42529  30.922  -23.539  79.746 0.0000000000
153482  29.411  -23.604  79.270 0.0000000000
43652  28.610  -23.227  78.734 0.0000000000
43653  28.006  -22.509  78.845 0.0000000000
42556  28.270  -23.015  77.932 0.0000000000
43691  27.175  -22.000  76.864 0.0000000000
44694  26.594  -21.667  76.374 0.0000000000
44669  24.563  -21.715  79.210 0.0000000000
156152  24.411  -21.666  78.469 0.0000000000
44668  25.228  -21.451  78.483 0.0000000000
43674  23.429  -22.350  77.458 0.0000000000
44684  24.606  -21.516  77.711 0.0000000000
140634  24.737  -21.460  76.789 0.0000000000
44696  24.723  -21.483  75.926 0.0000000000
44714  24.612  -21.630  75.112 0.0000000000
77946  56.515  9.505  60.538 0.0000000000
157208  55.666  9.342  60.671 0.0000000000
143477  54.536  9.778  59.067 0.0000000000
77973  54.044  9.947  58.696 0.0000000000
77960  53.961  9.580  59.332 0.0000000000
79090  53.539  10.222  58.241 0.0000000000
80154  52.445  11.239  57.281 0.0000000000
80171  51.773  11.770  56.737 0.0000000000
77976  51.429  9.580  58.901 0.0000000000
79105  50.507  10.509  57.704 0.0000000000
79106  49.606  10.559  57.540 0.0000000000
80157  50.083  11.093  57.126 0.0000000000
42369  25.013  -23.918  88.122 0.0000000000
41364  24.510  -24.098  87.930 0.0000000000
47516  30.718  -17.969  82.810 0.0000000000
134800  30.141  -18.039  82.609 0.0000000000
157478  29.068  -18.858  82.777 0.0000000000
47528  29.119  -18.058  81.866 0.0000000000
136477  28.716  -18.724  82.278 0.0000000000
46579  27.818  -19.476  82.525 0.0000000000
46580  26.932  -19.863  82.190 0.0000000000
51637  27.884  -14.647  80.634 0.0000000000
50460  28.292  -15.270  80.422 0.0000000000
48455  27.664  -17.185  80.087 0.0000000000
49450  27.103  -16.594  79.511 0.0000000000
48456  27.011  -17.543  79.695 0.0000000000
47540  27.387  -18.108  80.379 0.0000000000
47531  27.034  -18.877  80.781 0.0000000000
46593  26.615  -19.529  81.292 0.0000000000
45609  26.006  -20.184  81.848 0.0000000000
57357  39.594  -9.316  88.064 0.0000000000
160259  41.330  -8.207  87.991 0.0000000000
59472  42.026  -7.822  87.576 0.0000000000
57353  42.422  -9.443  87.313 0.0000000000
56289  42.189  -9.869  87.222 0.0000000000
55190  42.084  -10.741  86.266 0.0000000000
55207  41.151  -11.829  85.605 0.0000000000
55206  41.607  -11.588  85.522 0.0000000000
54092  41.500  -12.394  85.033 0.0000000000
52886  40.109  -13.356  84.226 0.0000000000
54107  38.343  -13.187  83.439 0.0000000000
51602  38.448  -14.008  83.907 0.0000000000
151233  37.374  -14.864  83.988 0.0000000000
50435  36.591  -15.341  83.867 0.0000000000
159960  38.981  -15.482  84.900 0.0000000000
49397  36.013  -16.087  83.995 0.0000000000
49398  35.543  -16.829  83.895 0.0000000000
48404  35.149  -17.585  83.775 0.0000000000
146096  34.804  -18.312  83.652 0.0000000000
48379  37.900  -17.510  85.720 0.0000000000
46542  37.147  -19.094  86.002 0.0000000000
47489  36.995  -18.209  85.537 0.0000000000
151123  36.155  -18.244  84.809 0.0000000000
47505  35.043  -19.016  83.968 0.0000000000
154631  34.537  -18.934  83.519 0.0000000000
46562  34.616  -19.780  83.601 0.0000000000
156566  34.360  -21.538  82.421 0.0000000000
44573  35.193  -21.611  83.550 0.0000000000
44574  34.951  -22.164  82.854 0.0000000000
144917  34.494  -22.332  82.077 0.0000000000
42479  34.143  -23.132  81.577 0.0000000000
140107  33.574  -23.351  81.340 0.0000000000
139114  32.677  -23.667  81.369 0.0000000000
157401  37.281  -18.079  89.385 0.0000000000
46515  38.292  -19.329  89.649 0.0000000000
46523  36.840  -19.220  89.313 0.0000000000
46522  37.688  -20.123  89.231 0.0000000000
46521  38.564  -20.076  89.418 0.0000000000
44507  38.426  -21.605  88.446 0.0000000000
44515  38.353  -22.116  88.133 0.0000000000
43519  37.608  -23.094  87.463 0.0000000000
45549  35.201  -21.144  86.370 0.0000000000
44528  36.010  -22.115  87.148 0.0000000000
43505  34.938  -23.004  86.797 0.0000000000
43504  35.953  -23.350  87.448 0.0000000000
148965  36.723  -22.780  87.704 0.0000000000
43489  36.838  -23.409  87.659 0.0000000000
42378  36.895  -23.929  87.177 0.0000000000
42398  36.934  -23.754  86.721 0.0000000000
42399  36.409  -24.091  86.008 0.0000000000
41404  35.541  -24.248  85.279 0.0000000000
41423  34.642  -24.123  84.233 0.0000000000
148183  33.460  -24.574  85.618 0.0000000000
142294  33.641  -24.405  84.468 0.0000000000
41424  33.901  -24.102  83.463 0.0000000000
41440  33.194  -23.987  82.746 0.0000000000
41458  32.328  -23.977  82.255 0.0000000000
41459  31.543  -23.966  81.596 0.0000000000
41460  30.541  -23.984  81.386 0.0000000000
42482  29.975  -23.878  81.276 0.0000000000
42484  29.147  -23.050  82.334 0.0000000000
151345  29.004  -23.024  81.446 0.0000000000
43595  26.515  -22.320  81.861 0.0000000000
42401  29.137  -23.419  85.811 0.0000000000
42417  28.505  -23.050  84.678 0.0000000000
43536  28.174  -22.841  84.204 0.0000000000
43559  26.996  -22.648  83.476 0.0000000000
43576  26.761  -22.517  82.708 0.0000000000
43596  25.486  -22.376  81.733 0.0000000000
43597  24.454  -22.589  81.645 0.0000000000
42485  23.670  -22.948  82.023 0.0000000000
42486  23.036  -23.109  81.549 0.0000000000
137517  46.761  7.462  60.435 0.0000000000
75736  45.810  7.337  60.267 0.0000000000
75744  44.499  7.334  59.394 0.0000000000
149118  43.697  6.918  58.155 0.0000000000
74645  43.445  6.544  59.361 0.0000000000
74653  43.421  6.257  57.765 0.0000000000
73593  43.903  5.911  56.933 0.0000000000
72561  41.856  4.681  59.146 0.0000000000
72565  42.287  4.471  58.243 0.0000000000
71535  42.730  3.894  57.615 0.0000000000
69435  42.638  2.137  57.743 0.0000000000
70513  43.389  2.423  57.354 0.0000000000
71534  43.345  3.345  57.255 0.0000000000
70533  43.873  2.886  57.006 0.0000000000
141715  39.130  1.291  61.266 0.0000000000
67372  39.519  0.246  60.580 0.0000000000
67371  40.232  -0.002  60.040 0.0000000000
139887  41.300  -1.267  59.948 0.0000000000
55129  26.026  -11.354  95.639 0.0000000000
53979  25.569  -12.776  94.831 0.0000000000
51500  26.026  -14.121  91.209 0.0000000000
51490  25.134  -14.860  92.964 0.0000000000
51510  26.092  -14.812  90.373 0.0000000000
50359  26.130  -15.399  89.575 0.0000000000
50375  26.124  -15.675  88.855 0.0000000000
50388  26.109  -15.682  88.027 0.0000000000
49329  25.412  -16.679  89.491 0.0000000000
50389  25.756  -16.175  88.837 0.0000000000
50404  25.731  -15.992  87.485 0.0000000000
49356  25.081  -16.106  86.060 0.0000000000
49371  24.499  -16.274  85.506 0.0000000000
47442  24.144  -18.195  90.633 0.0000000000
48311  23.863  -17.836  89.774 0.0000000000
48330  22.727  -17.618  88.720 0.0000000000
48347  23.156  -17.369  88.147 0.0000000000
155648  23.432  -17.122  87.698 0.0000000000
132825  23.373  -16.636  86.247 0.0000000000
49372  23.686  -16.472  85.343 0.0000000000
49388  23.594  -16.358  84.444 0.0000000000
49404  22.731  -16.377  83.443 0.0000000000
49405  21.888  -16.398  83.138 0.0000000000
133555  21.032  -16.421  82.798 0.0000000000
49391  20.415  -16.469  84.169 0.0000000000
49406  20.310  -16.444  83.281 0.0000000000
49363  18.403  -16.568  86.442 0.0000000000
49377  18.510  -16.528  85.655 0.0000000000
77915  58.257  9.231  62.480 0.0000000000
76805  58.048  8.970  63.091 0.0000000000
76819  57.454  9.113  62.360 0.0000000000
158302  56.413  8.967  62.144 0.0000000000
160467  55.809  8.763  62.260 0.0000000000
137693  55.315  8.622  62.405 0.0000000000
76784  56.393  8.174  64.575 0.0000000000
76821  54.678  8.701  61.800 0.0000000000
76809  53.942  8.381  62.371 0.0000000000
76810  53.102  8.255  62.132 0.0000000000
76705  55.532  8.563  68.997 0.0000000000
75650  55.148  7.624  67.740 0.0000000000
139323  54.878  7.017  66.591 0.0000000000
75683  54.676  6.866  65.932 0.0000000000
75700  53.863  7.091  64.473 0.0000000000
75718  53.356  7.794  63.042 0.0000000000
75725  52.298  8.068  61.998 0.0000000000
75726  51.500  7.787  61.878 0.0000000000
75727  50.683  7.569  61.690 0.0000000000
138130  49.845  7.389  61.498 0.0000000000
75728  48.973  7.211  61.300 0.0000000000
75729  48.102  7.083  61.142 0.0000000000
142412  50.944  8.483  66.195 0.0000000000
73525  51.384  5.346  64.724 0.0000000000
147527  50.980  4.917  64.420 0.0000000000
73526  50.811  4.971  64.510 0.0000000000
73541  50.494  4.445  64.147 0.0000000000
73564  50.592  5.090  63.541 0.0000000000
74627  48.551  6.489  61.703 0.0000000000
74628  47.682  6.432  61.526 0.0000000000
74629  46.851  6.347  61.412 0.0000000000
74630  45.983  6.213  61.320 0.0000000000
73575  45.572  5.549  61.700 0.0000000000
73576  44.638  5.483  61.555 0.0000000000
72545  44.213  4.872  61.955 0.0000000000
72546  43.318  4.772  61.741 0.0000000000
71458  48.018  3.018  64.458 0.0000000000
71465  46.954  2.950  63.829 0.0000000000
148368  46.530  2.646  64.880 0.0000000000
71473  45.145  3.738  62.995 0.0000000000
72531  43.761  4.321  62.392 0.0000000000
72532  42.827  4.247  62.185 0.0000000000
71476  42.383  3.667  62.662 0.0000000000
71477  41.425  3.416  62.466 0.0000000000
70427  43.245  3.135  64.190 0.0000000000
70428  42.326  3.059  63.950 0.0000000000
71470  41.946  3.268  63.277 0.0000000000
70429  41.110  2.933  63.273 0.0000000000
70430  40.491  2.543  63.765 0.0000000000
70424  39.850  2.290  64.284 0.0000000000
70369  47.200  2.900  68.278 0.0000000000
70384  45.642  2.712  67.824 0.0000000000
71408  47.044  3.296  70.258 0.0000000000
70341  45.909  3.232  70.416 0.0000000000
70355  46.503  3.063  69.661 0.0000000000
151326  46.098  2.860  69.117 0.0000000000
70386  42.479  2.715  67.868 0.0000000000
148384  42.368  2.890  66.894 0.0000000000
141391  41.858  2.793  66.074 0.0000000000
69339  39.292  2.003  64.813 0.0000000000
69340  38.516  1.618  64.647 0.0000000000
69332  38.581  1.346  66.547 0.0000000000
67296  39.545  0.327  69.552 0.0000000000
67288  39.608  -0.383  70.236 0.0000000000
158963  39.154  -0.250  69.574 0.0000000000
68290  38.841  0.185  68.852 0.0000000000
67307  37.911  -0.010  68.102 0.0000000000
70265  48.861  2.127  76.238 0.0000000000
69252  48.277  1.553  76.285 0.0000000000
153187  50.117  0.239  79.968 0.0000000000
68201  50.990  0.147  79.408 0.0000000000
64946  47.788  -2.928  78.549 0.0000000000
146203  46.820  -4.449  77.572 0.0000000000
63757  47.629  -3.971  78.008 0.0000000000
64963  48.745  -3.099  78.551 0.0000000000
64944  49.276  -2.526  78.994 0.0000000000
150882  50.387  -1.258  79.334 0.0000000000
67196  51.259  -0.132  79.116 0.0000000000
67215  50.997  -0.478  78.464 0.0000000000
68217  50.614  -0.332  77.814 0.0000000000
68218  49.652  -0.425  77.397 0.0000000000
66171  48.234  -2.158  76.890 0.0000000000
67217  49.140  -1.048  77.316 0.0000000000
156730  48.785  0.018  76.897 0.0000000000
69268  47.405  1.306  76.039 0.0000000000
68235  45.870  0.703  75.465 0.0000000000
67235  45.272  0.071  75.337 0.0000000000
159667  43.807  -0.979  74.641 0.0000000000
65015  44.339  -2.131  75.010 0.0000000000
142957  43.717  -1.525  74.613 0.0000000000
67243  43.330  -0.854  74.329 0.0000000000
66209  42.316  -1.676  73.590 0.0000000000
65051  41.277  -2.283  72.737 0.0000000000
65052  40.680  -2.646  72.263 0.0000000000
61750  43.338  -6.577  73.336 0.0000000000
61751  42.414  -5.411  73.228 0.0000000000
62712  41.556  -4.973  72.753 0.0000000000
60755  41.277  -6.776  71.581 0.0000000000
61769  41.374  -5.762  72.242 0.0000000000
63827  41.196  -4.191  72.641 0.0000000000
63828  40.693  -3.990  72.305 0.0000000000
146421  40.318  -3.356  71.928 0.0000000000
63843  39.736  -2.969  71.348 0.0000000000
63859  39.168  -3.368  70.838 0.0000000000
63873  38.011  -3.522  69.933 0.0000000000
138953  38.163  -5.913  69.270 0.0000000000
59765  35.235  -7.787  67.637 0.0000000000
59779  34.240  -7.612  66.428 0.0000000000
59767  33.147  -7.289  67.175 0.0000000000
59780  33.337  -7.483  66.303 0.0000000000
59665  35.938  -7.898  74.124 0.0000000000
58563  34.548  -8.207  73.376 0.0000000000
58578  34.006  -8.211  72.939 0.0000000000
57485  33.162  -9.204  73.891 0.0000000000
58565  32.985  -8.787  73.244 0.0000000000
58597  33.136  -8.090  72.132 0.0000000000
58598  32.405  -8.378  72.045 0.0000000000
58611  30.650  -8.367  70.204 0.0000000000
56457  30.387  -10.476  73.609 0.0000000000
56476  30.153  -10.184  72.875 0.0000000000
56478  28.730  -10.848  72.075 0.0000000000
57501  29.830  -9.809  72.096 0.0000000000
57516  30.358  -9.233  71.621 0.0000000000
57528  30.057  -8.911  70.736 0.0000000000
52889  36.783  -13.760  83.260 0.0000000000
51613  36.006  -13.992  83.063 0.0000000000
50442  34.995  -15.279  83.007 0.0000000000
51615  34.498  -14.648  82.385 0.0000000000
51623  33.959  -14.196  81.767 0.0000000000
154633  33.336  -14.299  81.329 0.0000000000
51635  32.287  -14.791  80.644 0.0000000000
47515  33.022  -18.347  82.197 0.0000000000
155751  32.784  -17.845  81.924 0.0000000000
48433  32.884  -17.048  81.798 0.0000000000
47538  31.318  -18.306  80.661 0.0000000000
48452  31.819  -17.066  81.016 0.0000000000
142789  32.329  -16.856  81.356 0.0000000000
49437  32.082  -16.298  80.992 0.0000000000
50459  31.820  -15.594  80.550 0.0000000000
51636  31.582  -14.790  79.986 0.0000000000
136587  31.000  -15.171  79.569 0.0000000000
51643  30.578  -15.035  79.041 0.0000000000
50484  29.311  -15.596  77.565 0.0000000000
49478  29.386  -16.403  77.869 0.0000000000
49479  29.065  -16.146  77.246 0.0000000000
50485  28.931  -15.572  76.944 0.0000000000
49499  28.389  -16.146  75.910 0.0000000000
49511  28.067  -16.356  75.209 0.0000000000
42553  30.727  -23.317  78.805 0.0000000000
43651  30.911  -22.812  77.968 0.0000000000
42594  29.349  -23.382  76.992 0.0000000000
43669  31.041  -22.319  77.082 0.0000000000
44693  31.025  -21.610  76.608 0.0000000000
45690  30.740  -20.916  76.207 0.0000000000
43727  27.883  -22.796  74.408 0.0000000000
43761  26.980  -22.440  72.916 0.0000000000
43744  27.852  -22.673  73.430 0.0000000000
43726  28.451  -22.841  74.152 0.0000000000
44727  30.314  -21.182  74.890 0.0000000000
45691  30.128  -20.300  75.941 0.0000000000
139015  29.588  -19.740  75.724 0.0000000000
46672  29.292  -19.541  75.266 0.0000000000
46673  28.746  -18.978  75.093 0.0000000000
45734  29.332  -20.206  72.891 0.0000000000
149898  28.815  -19.412  73.881 0.0000000000
155919  28.255  -18.298  74.829 0.0000000000
47605  27.989  -18.297  74.128 0.0000000000
48536  27.634  -17.593  73.898 0.0000000000
48546  27.399  -17.453  73.092 0.0000000000
79080  56.074  9.988  59.255 0.0000000000
80151  55.620  11.028  57.723 0.0000000000
154407  54.068  11.708  56.884 0.0000000000
80168  54.778  11.733  56.919 0.0000000000
80167  55.686  11.679  57.076 0.0000000000
82233  54.840  13.175  55.409 0.0000000000
134368  54.862  13.696  54.599 0.0000000000
82255  50.728  13.058  53.912 0.0000000000
76858  45.436  8.494  58.042 0.0000000000
76861  45.354  8.530  57.153 0.0000000000
75755  44.707  7.299  56.507 0.0000000000
75751  44.901  7.949  56.756 0.0000000000
41374  34.620  -24.355  87.383 0.0000000000
41387  36.461  -24.059  87.094 0.0000000000
41426  31.447  -24.335  83.493 0.0000000000
41443  30.119  -23.944  81.974 0.0000000000
42352  30.759  -23.051  89.347 0.0000000000
42355  27.917  -22.932  89.126 0.0000000000
42362  37.292  -23.350  87.554 0.0000000000
42363  36.955  -23.493  87.529 0.0000000000
42368  26.363  -23.141  88.449 0.0000000000
42397  37.301  -23.732  86.981 0.0000000000
42456  35.175  -23.261  83.035 0.0000000000
42480  33.820  -23.026  80.977 0.0000000000
42554  29.719  -23.565  78.745 0.0000000000
42576  28.755  -23.454  77.398 0.0000000000
43481  30.062  -22.922  89.553 0.0000000000
43482  29.345  -22.920  89.505 0.0000000000
43492  30.793  -22.943  89.318 0.0000000000
43493  27.425  -22.809  88.776 0.0000000000
43495  25.647  -23.368  88.241 0.0000000000
43558  27.893  -22.645  83.594 0.0000000000
43573  34.949  -22.877  82.458 0.0000000000
43592  34.052  -22.572  81.318 0.0000000000
43654  27.228  -21.866  79.011 0.0000000000
43671  27.710  -22.487  77.382 0.0000000000
43688  30.723  -22.124  76.318 0.0000000000
44506  38.723  -21.292  88.545 0.0000000000
44521  28.647  -21.775  88.460 0.0000000000
44539  37.834  -22.647  87.121 0.0000000000
44545  30.027  -21.171  86.542 0.0000000000
44627  33.110  -21.955  80.117 0.0000000000
44644  32.212  -21.674  78.922 0.0000000000
44759  29.407  -21.042  72.861 0.0000000000
45535  38.533  -20.892  88.943 0.0000000000
45556  37.669  -20.955  86.555 0.0000000000
45704  30.486  -20.857  75.500 0.0000000000
46520  39.337  -20.069  89.128 0.0000000000
46552  32.338  -19.754  84.173 0.0000000000
46556  28.967  -19.592  83.808 0.0000000000
46575  34.079  -20.024  83.000 0.0000000000
46589  33.143  -20.001  81.971 0.0000000000
46590  32.608  -19.515  81.601 0.0000000000
46682  28.519  -18.924  74.365 0.0000000000
46694  29.375  -19.974  73.637 0.0000000000
46706  28.942  -19.672  72.216 0.0000000000
47454  39.029  -19.127  89.479 0.0000000000
47455  37.385  -18.931  89.700 0.0000000000
47517  29.527  -18.449  82.570 0.0000000000
47539  30.799  -17.955  80.199 0.0000000000
48295  25.071  -17.449  91.367 0.0000000000
48305  36.788  -18.407  89.547 0.0000000000
48312  23.134  -17.985  89.521 0.0000000000
48348  22.290  -17.215  87.899 0.0000000000
48362  39.575  -17.532  87.423 0.0000000000
48407  31.638  -17.423  83.244 0.0000000000
48435  31.671  -17.771  81.028 0.0000000000
48437  28.733  -17.553  81.249 0.0000000000
48454  28.361  -16.931  80.578 0.0000000000
48472  26.600  -17.023  79.191 0.0000000000
48517  29.054  -17.817  77.020 0.0000000000
48518  28.711  -17.266  76.475 0.0000000000
49325  35.043  -17.253  89.721 0.0000000000
49332  39.441  -17.782  88.180 0.0000000000
49359  22.596  -16.697  86.388 0.0000000000
49367  39.990  -16.189  86.169 0.0000000000
49425  32.674  -16.263  81.442 0.0000000000
49449  30.488  -16.782  79.541 0.0000000000
49465  24.856  -15.895  78.662 0.0000000000
50358  32.845  -15.234  90.882 0.0000000000
50371  34.018  -16.180  90.250 0.0000000000
50372  33.509  -16.035  90.353 0.0000000000
50384  36.233  -16.546  88.549 0.0000000000
50385  35.207  -16.102  89.181 0.0000000000
50402  32.800  -15.976  88.376 0.0000000000
50410  40.129  -15.753  86.556 0.0000000000
50431  25.557  -15.506  84.899 0.0000000000
50462  26.635  -15.208  79.891 0.0000000000
50464  24.078  -15.580  79.749 0.0000000000
50475  30.118  -15.666  78.763 0.0000000000
50476  29.655  -15.616  78.185 0.0000000000
50492  28.586  -15.577  76.244 0.0000000000
51559  40.564  -15.130  86.031 0.0000000000
51562  36.951  -14.853  86.465 0.0000000000
51563  35.820  -14.282  86.661 0.0000000000
51581  37.956  -14.451  86.048 0.0000000000
51584  27.037  -14.389  85.438 0.0000000000
51625  32.876  -14.833  81.208 0.0000000000
51628  28.375  -14.222  81.210 0.0000000000
51650  29.580  -15.051  77.844 0.0000000000
51761  26.640  -14.705  70.767 0.0000000000
52742  31.017  -12.809  93.128 0.0000000000
52751  31.579  -13.147  92.629 0.0000000000
52814  27.986  -13.253  86.904 0.0000000000
52827  30.968  -13.060  87.193 0.0000000000
52843  41.182  -13.134  84.988 0.0000000000
52847  38.629  -13.447  85.580 0.0000000000
52849  31.358  -13.435  85.720 0.0000000000
52868  40.330  -14.133  84.744 0.0000000000
52885  40.720  -12.942  84.371 0.0000000000
52888  37.544  -13.503  83.385 0.0000000000
52909  29.796  -13.874  82.073 0.0000000000
52930  32.379  -13.323  79.666 0.0000000000
52938  31.258  -13.546  78.805 0.0000000000
52962  29.870  -13.260  76.906 0.0000000000
53957  24.773  -11.998  95.807 0.0000000000
54000  30.585  -13.346  92.074 0.0000000000
54022  34.013  -13.021  90.150 0.0000000000
54046  34.883  -12.790  87.368 0.0000000000
54060  29.454  -12.521  86.240 0.0000000000
54093  30.059  -12.646  84.910 0.0000000000
54105  39.164  -12.031  82.909 0.0000000000
54126  36.328  -13.249  82.711 0.0000000000
54260  28.360  -12.455  73.522 0.0000000000
55192  40.888  -11.072  86.279 0.0000000000
55205  42.248  -10.990  85.536 0.0000000000
55210  38.452  -11.734  85.626 0.0000000000
55225  40.789  -11.581  83.451 0.0000000000
55298  33.624  -11.666  78.731 0.0000000000
55379  29.546  -11.599  74.351 0.0000000000
55430  28.101  -11.133  70.907 0.0000000000
56228  25.674  -11.002  95.625 0.0000000000
56229  25.063  -11.147  95.679 0.0000000000
56296  35.592  -10.067  87.334 0.0000000000
56305  42.490  -10.133  86.752 0.0000000000
56306  41.863  -10.349  86.896 0.0000000000
56318  43.195  -9.734  85.312 0.0000000000
56331  42.470  -10.085  83.987 0.0000000000
56339  41.194  -9.783  82.388 0.0000000000
56346  40.226  -10.323  81.858 0.0000000000
56348  38.929  -10.815  81.239 0.0000000000
56354  38.979  -9.949  80.235 0.0000000000
56409  35.276  -10.113  76.925 0.0000000000
56441  30.628  -10.714  74.297 0.0000000000
57355  40.861  -9.546  87.832 0.0000000000
57356  40.305  -9.423  87.960 0.0000000000
57366  43.336  -9.240  86.659 0.0000000000
57374  43.530  -9.285  86.231 0.0000000000
57396  42.091  -9.032  82.904 0.0000000000
57412  39.978  -9.118  80.773 0.0000000000
57431  36.864  -10.014  78.102 0.0000000000
58366  43.244  -8.793  86.988 0.0000000000
58367  42.658  -9.014  87.352 0.0000000000
58387  44.089  -8.238  86.293 0.0000000000
58410  44.014  -8.740  85.805 0.0000000000
58429  44.171  -8.407  85.215 0.0000000000
58498  39.598  -8.582  80.163 0.0000000000
58510  38.629  -8.898  79.187 0.0000000000
58520  37.626  -9.081  78.116 0.0000000000
58529  37.822  -8.159  77.642 0.0000000000
58555  36.101  -8.237  74.877 0.0000000000
58562  35.250  -8.117  73.787 0.0000000000
58576  39.982  -8.416  71.781 0.0000000000
58579  33.425  -8.384  72.816 0.0000000000
58605  40.309  -8.286  70.373 0.0000000000
58606  39.524  -8.524  70.273 0.0000000000
58620  39.154  -8.377  69.299 0.0000000000
58635  37.197  -8.516  68.105 0.0000000000
58658  37.499  -8.263  67.122 0.0000000000
59504  44.695  -7.546  85.763 0.0000000000
59518  44.857  -7.339  85.299 0.0000000000
59530  44.713  -7.069  84.582 0.0000000000
59548  43.389  -7.139  83.305 0.0000000000
59597  39.016  -7.315  78.381 0.0000000000
59659  43.089  -7.421  73.507 0.0000000000
59672  39.725  -7.420  73.593 0.0000000000
59683  42.226  -7.947  72.266 0.0000000000
59685  40.998  -8.289  72.258 0.0000000000
59717  40.832  -8.023  70.644 0.0000000000
59720  36.938  -8.036  69.972 0.0000000000
59749  38.434  -8.003  67.980 0.0000000000
59754  32.735  -7.320  68.688 0.0000000000
60558  43.684  -7.510  86.684 0.0000000000
60573  45.158  -6.406  85.627 0.0000000000
60613  40.950  -7.072  81.092 0.0000000000
60641  39.809  -6.903  79.200 0.0000000000
60671  45.673  -6.141  75.548 0.0000000000
60695  45.085  -6.509  75.142 0.0000000000
60700  39.498  -6.521  75.627 0.0000000000
60721  44.921  -6.510  74.643 0.0000000000
60726  39.780  -6.701  74.839 0.0000000000
60741  44.468  -6.704  74.208 0.0000000000
60754  41.889  -7.813  71.795 0.0000000000
60782  40.376  -7.430  70.407 0.0000000000
60799  38.316  -7.287  68.307 0.0000000000
60800  37.951  -7.508  67.664 0.0000000000
61613  44.197  -5.834  86.450 0.0000000000
61621  45.468  -5.672  85.404 0.0000000000
61628  45.840  -4.966  84.868 0.0000000000
61636  44.902  -5.400  83.636 0.0000000000
61648  43.051  -5.051  81.989 0.0000000000
61657  42.059  -5.041  80.655 0.0000000000
61668  41.250  -5.334  79.515 0.0000000000
61689  45.874  -5.655  76.572 0.0000000000
61699  46.732  -5.497  76.275 0.0000000000
61700  46.184  -5.912  76.126 0.0000000000
61711  47.138  -5.150  76.445 0.0000000000
61715  41.710  -6.249  75.547 0.0000000000
61749  44.028  -6.358  73.841 0.0000000000
61788  40.668  -5.478  71.770 0.0000000000
62577  45.941  -4.387  85.240 0.0000000000
62603  46.170  -4.132  84.690 0.0000000000
62651  48.167  -4.166  77.419 0.0000000000
62674  45.931  -5.439  75.374 0.0000000000
62698  43.279  -5.561  73.681 0.0000000000
62746  39.192  -4.246  70.818 0.0000000000
62747  38.731  -4.993  70.273 0.0000000000
63673  45.504  -4.329  85.622 0.0000000000
63682  46.251  -3.893  85.067 0.0000000000
63710  45.403  -4.239  83.569 0.0000000000
63721  44.760  -3.859  82.830 0.0000000000
63738  43.323  -3.216  80.348 0.0000000000
63746  43.276  -3.056  79.389 0.0000000000
63754  49.288  -3.155  78.124 0.0000000000
63755  49.029  -3.231  78.320 0.0000000000
63761  42.656  -3.794  78.425 0.0000000000
63768  48.171  -4.135  77.583 0.0000000000
63772  42.927  -4.080  77.565 0.0000000000
63780  47.527  -3.830  76.500 0.0000000000
63797  44.251  -4.275  74.669 0.0000000000
63798  43.630  -3.157  74.537 0.0000000000
64830  46.313  -3.133  85.046 0.0000000000
64943  49.912  -1.913  79.173 0.0000000000
64945  48.564  -2.470  78.996 0.0000000000
64977  49.686  -2.506  78.335 0.0000000000
64978  49.435  -2.703  77.859 0.0000000000
65001  46.244  -2.383  75.916 0.0000000000
65016  43.057  -2.612  74.276 0.0000000000
65033  42.442  -2.566  73.753 0.0000000000
65034  41.860  -2.209  73.316 0.0000000000
65067  39.786  -2.310  71.278 0.0000000000
65096  37.529  -2.341  69.188 0.0000000000
66091  45.520  -1.253  81.278 0.0000000000
66118  49.998  -1.122  79.705 0.0000000000
66134  50.717  -1.203  79.075 0.0000000000
66135  50.195  -1.895  78.837 0.0000000000
66170  48.887  -1.983  77.335 0.0000000000
66200  44.222  -1.153  74.917 0.0000000000
66272  38.778  -1.442  70.009 0.0000000000
66352  40.063  -1.517  60.873 0.0000000000
67180  50.451  -0.122  79.764 0.0000000000
67184  47.573  -0.223  80.793 0.0000000000
67197  50.790  -0.559  79.368 0.0000000000
67199  48.050  -0.645  80.036 0.0000000000
67207  51.399  0.072  78.699 0.0000000000
67208  51.078  -0.658  78.940 0.0000000000
67216  49.977  -1.145  77.815 0.0000000000
67226  46.603  -0.873  76.152 0.0000000000
67241  44.698  -0.545  75.149 0.0000000000
67242  43.999  -0.409  74.650 0.0000000000
67268  40.885  -0.967  72.134 0.0000000000
67276  40.583  -0.459  71.482 0.0000000000
67304  37.436  -0.888  68.347 0.0000000000
68215  51.748  0.730  78.476 0.0000000000
68226  47.561  0.133  76.403 0.0000000000
68233  46.669  0.551  75.920 0.0000000000
68234  46.071  -0.198  75.768 0.0000000000
68277  41.183  0.733  71.374 0.0000000000
68335  38.110  0.433  62.187 0.0000000000
69228  51.899  1.029  78.468 0.0000000000
69249  52.095  1.919  77.530 0.0000000000
69292  43.394  1.341  73.427 0.0000000000
70335  42.799  2.416  71.124 0.0000000000
70374  41.199  2.333  68.088 0.0000000000
70414  39.858  2.128  65.995 0.0000000000
70454  39.902  2.522  60.985 0.0000000000
70488  40.581  2.562  59.585 0.0000000000
71466  46.081  3.126  63.730 0.0000000000
72548  41.521  4.206  61.053 0.0000000000
72557  41.842  4.796  59.947 0.0000000000
72562  41.353  3.893  59.323 0.0000000000
73567  47.404  5.230  62.258 0.0000000000
73590  42.892  5.821  58.259 0.0000000000
73597  44.626  5.886  56.296 0.0000000000
73606  45.340  5.855  55.759 0.0000000000
74584  53.153  6.285  65.483 0.0000000000
74605  52.572  6.202  64.219 0.0000000000
74606  51.890  5.755  63.927 0.0000000000
74644  44.127  6.907  59.745 0.0000000000
75665  56.374  7.599  67.647 0.0000000000
75667  54.804  7.185  67.054 0.0000000000
75668  53.982  6.940  66.533 0.0000000000
75681  56.621  7.587  66.373 0.0000000000
75685  51.737  6.959  65.539 0.0000000000
75699  54.605  7.197  64.987 0.0000000000
76706  54.667  8.878  68.747 0.0000000000
76795  57.103  8.412  64.241 0.0000000000
76807  55.982  8.607  62.810 0.0000000000
76808  54.674  8.442  62.595 0.0000000000
76820  55.573  8.893  61.816 0.0000000000
76836  52.521  8.807  60.519 0.0000000000
76837  51.700  8.602  60.639 0.0000000000
76838  50.815  8.494  60.526 0.0000000000
76851  45.736  8.287  58.940 0.0000000000
77958  56.481  9.762  59.823 0.0000000000
77966  48.358  9.186  58.982 0.0000000000
77974  53.315  9.746  58.831 0.0000000000
79086  57.413  10.500  58.823 0.0000000000
79089  54.199  10.340  58.217 0.0000000000
79093  50.982  10.022  58.290 0.0000000000
79099  56.209  10.804  58.099 0.0000000000
79108  47.869  10.466  56.756 0.0000000000
80152  54.340  11.263  57.345 0.0000000000
80165  57.482  11.893  56.997 0.0000000000
81217  55.579  12.790  55.811 0.0000000000
133085  41.350  -10.270  82.862 0.0000000000
133317  39.229  -10.366  80.968 0.0000000000
133630  27.834  -12.654  89.709 0.0000000000
134070  20.761  -16.321  80.711 0.0000000000
134190  24.780  -22.555  71.830 0.0000000000
134846  40.511  -14.344  85.540 0.0000000000
135227  29.067  -23.608  78.694 0.0000000000
135782  50.938  4.760  64.180 0.0000000000
135822  50.483  -1.056  78.247 0.0000000000
136262  30.248  -18.239  79.152 0.0000000000
136750  31.789  -14.833  89.705 0.0000000000
136919  38.096  -7.505  77.039 0.0000000000
138110  40.563  1.700  69.008 0.0000000000
138548  30.898  -18.540  83.174 0.0000000000
139695  32.709  -15.256  86.517 0.0000000000
139894  45.746  -3.487  75.538 0.0000000000
140209  44.445  -6.746  74.367 0.0000000000
140574  27.551  -22.230  78.205 0.0000000000
140631  29.190  -22.756  74.657 0.0000000000
141792  27.441  -16.742  73.701 0.0000000000
141949  41.427  2.267  58.580 0.0000000000
141965  37.709  -22.882  87.776 0.0000000000
143362  42.052  -8.654  87.627 0.0000000000
143763  29.727  -23.555  82.542 0.0000000000
144133  41.154  2.549  66.123 0.0000000000
144368  36.630  -7.728  70.703 0.0000000000
144412  42.627  3.003  57.626 0.0000000000
145145  37.762  -6.666  68.092 0.0000000000
145753  44.508  7.574  58.845 0.0000000000
146141  55.665  9.562  59.923 0.0000000000
147998  23.155  -18.684  90.769 0.0000000000
148584  50.484  1.156  77.084 0.0000000000
148647  22.897  -17.129  87.575 0.0000000000
149064  27.987  -22.396  80.394 0.0000000000
149218  43.248  1.692  57.582 0.0000000000
149321  38.357  1.406  63.111 0.0000000000
149505  57.942  9.324  61.913 0.0000000000
150016  32.420  -14.800  91.145 0.0000000000
150415  34.025  -7.366  70.088 0.0000000000
150424  28.081  -13.580  83.194 0.0000000000
151344  43.957  3.040  66.267 0.0000000000
151401  39.362  0.963  60.731 0.0000000000
152392  24.626  -17.032  88.656 0.0000000000
153094  20.838  -17.510  89.173 0.0000000000
153135  32.857  -8.500  72.634 0.0000000000
153244  42.101  -6.913  82.145 0.0000000000
153479  40.567  -12.239  83.747 0.0000000000
153850  22.085  -16.597  85.808 0.0000000000
154324  43.200  -9.849  86.002 0.0000000000
154569  41.723  2.809  64.542 0.0000000000
155074  33.943  -13.643  90.406 0.0000000000
155142  42.573  -5.666  76.165 0.0000000000
155164  25.647  -16.156  88.183 0.0000000000
155302  39.843  -5.741  70.926 0.0000000000
155402  22.981  -16.430  84.103 0.0000000000
155585  38.960  1.768  65.309 0.0000000000
155602  23.819  -16.726  86.836 0.0000000000
156081  45.656  -5.607  84.960 0.0000000000
156272  39.682  -4.514  71.237 0.0000000000
156613  39.478  0.819  68.932 0.0000000000
156722  46.891  -5.122  77.197 0.0000000000
157325  45.872  2.925  74.331 0.0000000000
157356  43.984  -2.663  74.764 0.0000000000
157680  28.883  -23.126  75.111 0.0000000000
157711  40.370  -5.762  77.296 0.0000000000
157856  28.299  -19.109  82.393 0.0000000000
157937  55.999  13.111  55.485 0.0000000000
157950  33.690  -7.423  66.807 0.0000000000
157994  31.520  -24.328  87.146 0.0000000000
158056  44.521  -7.759  86.054 0.0000000000
158171  24.362  -16.649  87.094 0.0000000000
158287  37.282  -3.004  69.127 0.0000000000
158357  31.459  -18.493  83.410 0.0000000000
158453  35.855  -7.439  72.585 0.0000000000
158611  32.030  -22.628  78.902 0.0000000000
158980  41.409  -8.825  87.998 0.0000000000
158988  50.532  0.191  79.715 0.0000000000
159365  41.357  0.396  71.870 0.0000000000
159685  27.901  -17.736  74.526 0.0000000000
159849  28.150  -23.191  88.970 0.0000000000
159993  45.592  3.410  71.689 0.0000000000
160355  36.732  -23.818  87.228 0.0000000000
