#!ascii label  , from subject sub-v2s16x51298_ses-1 vox2ras=TkReg
4637
10  10.136  -85.512  32.702 0.6000000238
1854  11.927  -76.512  42.169 1.0000000000
1512  12.247  -77.020  43.124 1.0000000000
160073  11.822  -76.248  41.612 1.0000000000
1877  12.448  -76.215  41.015 1.0000000000
1546  13.129  -77.013  40.652 1.0000000000
145828  14.276  -78.004  41.653 1.0000000000
1511  14.392  -77.472  43.622 1.0000000000
406  12.843  -83.743  39.003 0.8999999762
1  11.157  -85.027  35.298 0.6000000238
57  9.359  -85.130  33.073 0.6000000238
1198  11.498  -79.147  43.398 1.0000000000
1520  11.152  -77.573  42.239 1.0000000000
1191  12.098  -79.530  44.240 1.0000000000
1532  11.319  -76.609  41.530 1.0000000000
1878  11.604  -76.143  40.197 1.0000000000
1234  12.353  -77.138  39.445 1.0000000000
1224  12.281  -78.503  39.385 1.0000000000
1235  11.565  -77.666  38.511 1.0000000000
1575  11.072  -76.882  38.077 1.0000000000
158121  15.256  -77.294  43.342 0.6999999881
1209  15.093  -78.604  41.786 0.8000000119
132924  13.647  -82.137  35.335 0.6000000238
2710  7.569  -73.885  27.284 0.8000000119
149195  11.499  -84.625  35.414 0.6000000238
5  10.071  -85.216  34.255 0.6000000238
268  8.826  -84.715  28.723 0.8000000119
146459  10.166  -83.440  26.560 0.6999999881
728  9.708  -79.788  25.724 0.8999999762
490  9.846  -81.783  24.290 0.8000000119
751  9.362  -79.890  23.615 0.8999999762
906  10.934  -80.266  42.479 1.0000000000
1204  10.113  -79.123  41.424 1.0000000000
1902  9.427  -76.443  37.719 1.0000000000
1901  10.379  -76.616  37.911 1.0000000000
136582  15.238  -79.630  41.541 0.6999999881
613  14.881  -81.337  41.233 0.6999999881
2379  7.621  -77.033  26.048 0.8999999762
227  11.159  -83.563  35.014 0.8000000119
119  9.755  -84.585  35.286 0.6999999881
3628  5.882  -71.734  23.056 0.8999999762
4059  5.936  -70.912  24.245 0.8999999762
120  9.532  -84.681  34.174 0.6999999881
715  9.067  -81.636  27.482 0.8999999762
600  10.833  -82.126  43.096 1.0000000000
601  9.679  -82.180  42.477 1.0000000000
894  12.068  -80.686  44.338 1.0000000000
1203  10.901  -79.068  42.387 1.0000000000
149121  9.702  -77.765  40.414 1.0000000000
1521  10.378  -77.690  41.183 1.0000000000
1547  9.719  -77.052  39.923 1.0000000000
1865  13.089  -76.436  41.990 1.0000000000
1531  14.396  -77.303  42.381 1.0000000000
919  13.732  -80.560  41.119 1.0000000000
404  14.760  -82.205  40.204 0.6000000238
138398  14.575  -82.005  41.249 0.8000000119
159698  13.171  -80.566  37.089 0.6999999881
145740  13.067  -81.591  35.328 0.8000000119
142607  6.679  -74.722  27.141 0.8000000119
2389  7.395  -75.912  25.503 0.8999999762
223  11.202  -83.992  35.470 0.6999999881
53  9.887  -84.577  35.158 0.6000000238
64  9.760  -85.511  30.775 0.6000000238
240  9.151  -83.620  32.975 0.8000000119
163  12.673  -82.840  27.040 0.6000000238
273  11.609  -82.684  27.986 0.6000000238
274  10.421  -83.571  28.085 0.6000000238
3648  6.653  -72.488  21.920 0.8999999762
723  9.119  -81.475  26.658 1.0000000000
1044  9.677  -78.962  24.629 0.8999999762
508  9.903  -81.659  22.625 0.8000000119
773  9.627  -79.720  20.584 0.8000000119
2052  11.210  -74.583  19.287 0.8999999762
907  10.064  -80.557  41.616 1.0000000000
1868  10.829  -76.279  40.143 1.0000000000
147293  10.829  -76.238  39.492 1.0000000000
924  12.958  -79.542  40.365 1.0000000000
1216  13.745  -78.905  41.066 1.0000000000
619  12.568  -81.119  40.504 1.0000000000
192  13.434  -82.828  41.010 0.8999999762
191  14.218  -82.598  41.003 0.8000000119
626  13.695  -80.863  38.107 0.6000000238
412  13.361  -82.305  38.478 0.6999999881
632  12.702  -81.476  37.347 0.8000000119
425  12.540  -81.939  35.131 0.8000000119
228  10.141  -83.619  34.145 0.6999999881
440  8.960  -82.740  32.194 0.8999999762
160060  9.542  -82.793  32.912 0.6999999881
703  10.350  -80.198  29.853 1.0000000000
246  8.532  -83.250  31.105 0.8999999762
3156  7.091  -73.893  22.960 0.8999999762
137267  9.428  -84.348  27.610 0.6000000238
276  9.148  -84.587  28.081 0.6000000238
3627  6.642  -73.059  22.611 0.8999999762
292  9.940  -82.774  25.436 0.6999999881
158309  9.121  -82.824  26.172 0.6999999881
709  10.260  -80.175  27.962 1.0000000000
298  11.744  -82.854  24.167 0.6000000238
144259  10.605  -82.275  24.617 0.6999999881
299  10.971  -82.377  23.760 0.6999999881
4099  7.705  -71.939  20.247 0.8999999762
4073  5.827  -70.486  23.249 0.8999999762
157656  10.163  -81.970  23.157 0.8000000119
316  10.637  -82.493  22.612 0.8000000119
2045  10.963  -75.266  20.611 0.8999999762
523  10.343  -81.873  19.796 0.8000000119
760  9.463  -80.491  22.776 0.8000000119
1063  9.157  -78.866  22.086 0.8000000119
1368  9.628  -77.292  22.036 0.8999999762
782  10.623  -80.985  19.333 0.8000000119
2436  12.219  -74.299  19.560 0.8999999762
781  11.059  -79.978  19.211 0.8999999762
1378  9.793  -77.532  19.985 0.8999999762
2437  11.698  -74.484  18.668 0.8999999762
377  10.685  -82.450  44.399 0.8999999762
605  9.496  -81.643  41.783 1.0000000000
915  9.253  -80.260  40.951 1.0000000000
916  8.174  -80.318  40.899 1.0000000000
1534  8.473  -78.533  40.004 1.0000000000
133291  7.426  -78.667  39.986 1.0000000000
1559  8.479  -76.878  38.637 1.0000000000
1900  11.203  -76.594  38.583 1.0000000000
1903  7.881  -76.338  36.999 1.0000000000
933  11.252  -79.285  38.720 1.0000000000
1576  9.685  -76.949  37.142 1.0000000000
1913  8.118  -76.143  36.257 1.0000000000
925  12.148  -79.731  39.650 1.0000000000
158393  8.174  -76.271  36.114 1.0000000000
614  13.552  -81.928  41.123 1.0000000000
142543  13.663  -83.444  39.898 0.8999999762
413  12.058  -82.860  37.601 1.0000000000
405  14.105  -82.988  39.647 0.6999999881
199  12.676  -83.867  39.636 1.0000000000
417  11.736  -82.099  36.250 1.0000000000
657  12.578  -81.254  34.907 1.0000000000
132746  12.572  -81.289  35.385 1.0000000000
664  11.703  -80.923  32.849 1.0000000000
233  11.182  -82.819  34.058 0.8999999762
226  11.837  -82.890  35.076 0.8000000119
675  10.131  -81.182  31.737 1.0000000000
433  10.459  -82.380  33.221 1.0000000000
446  9.078  -81.846  31.609 1.0000000000
704  9.543  -80.848  29.325 1.0000000000
694  9.160  -81.389  30.090 1.0000000000
286  10.956  -82.682  26.023 0.6999999881
714  9.589  -80.402  27.228 1.0000000000
158150  13.336  -84.497  24.960 0.6000000238
140663  9.456  -80.564  24.294 0.8999999762
1026  10.250  -79.476  26.226 1.0000000000
179  11.189  -82.867  22.964 0.6999999881
1043  10.668  -78.841  24.922 0.8999999762
1056  9.521  -78.754  23.734 0.8999999762
1346  10.483  -78.546  24.232 0.8999999762
148814  10.645  -83.041  20.899 0.6999999881
133912  9.369  -78.051  22.759 0.8999999762
1070  9.311  -78.717  21.193 0.8999999762
4114  12.245  -70.945  18.486 0.8999999762
538  11.743  -81.525  16.953 0.6999999881
2790  12.722  -73.801  18.110 0.8999999762
1385  11.175  -77.528  18.636 0.8999999762
151113  13.116  -78.495  17.888 0.8000000119
1416  15.021  -78.302  15.759 0.8000000119
383  9.467  -82.325  43.108 1.0000000000
1211  7.810  -79.396  40.440 1.0000000000
1879  9.759  -76.501  39.252 1.0000000000
1880  7.267  -77.437  38.761 1.0000000000
137274  9.073  -76.515  38.282 1.0000000000
2288  7.234  -74.950  36.721 1.0000000000
1244  10.648  -77.483  37.754 1.0000000000
2629  9.008  -73.986  36.644 1.0000000000
156350  11.502  -80.517  39.505 1.0000000000
194  12.346  -83.624  40.266 1.0000000000
642  10.490  -82.070  36.189 1.0000000000
152271  11.369  -84.352  37.901 1.0000000000
142332  11.402  -81.489  35.965 1.0000000000
133055  12.619  -80.526  35.243 1.0000000000
151131  12.492  -81.239  34.269 1.0000000000
663  12.456  -80.745  33.564 1.0000000000
438  10.798  -81.427  32.596 1.0000000000
684  10.556  -80.425  31.411 1.0000000000
1010  12.060  -79.404  28.438 1.0000000000
1006  11.450  -79.908  29.281 1.0000000000
998  11.214  -79.940  30.405 1.0000000000
1324  13.172  -78.184  26.281 1.0000000000
1011  11.223  -79.982  28.216 1.0000000000
142501  9.794  -80.674  30.266 1.0000000000
150238  11.142  -79.469  26.854 1.0000000000
1325  12.321  -78.748  26.241 1.0000000000
178  11.931  -84.088  22.681 0.6999999881
1360  11.520  -78.272  23.881 0.8999999762
325  10.936  -83.198  21.695 0.6999999881
515  9.727  -80.995  21.766 0.8000000119
766  9.348  -79.805  21.401 0.8000000119
1367  10.007  -77.547  22.681 0.8999999762
186  11.090  -83.850  20.231 0.6000000238
141579  10.836  -82.919  19.181 0.6999999881
1710  9.745  -76.648  20.585 0.8999999762
5018  8.691  -68.747  17.604 0.8999999762
812  12.288  -80.713  15.946 0.6999999881
1103  13.279  -79.634  15.243 0.8000000119
1834  6.954  -76.471  45.860 1.0000000000
1833  6.963  -75.827  45.219 1.0000000000
1892  6.517  -76.610  38.375 1.0000000000
2199  8.163  -75.424  45.273 1.0000000000
1891  7.588  -76.853  37.935 1.0000000000
1904  6.645  -76.117  37.282 1.0000000000
2276  6.426  -75.170  37.061 1.0000000000
2934  7.407  -74.085  45.912 1.0000000000
1920  8.534  -76.113  35.882 1.0000000000
1585  8.194  -76.802  35.932 1.0000000000
2300  8.543  -74.661  36.296 1.0000000000
138688  7.523  -73.466  45.970 1.0000000000
2299  8.834  -75.153  35.844 1.0000000000
3007  8.611  -73.656  37.253 1.0000000000
934  9.540  -79.678  37.897 1.0000000000
1577  8.277  -77.857  36.302 1.0000000000
2628  9.945  -73.875  36.697 1.0000000000
2979  11.891  -73.295  39.424 1.0000000000
141600  10.288  -80.742  38.787 1.0000000000
1245  9.228  -78.371  37.136 1.0000000000
2990  13.433  -73.571  38.625 1.0000000000
150377  11.488  -72.873  39.486 1.0000000000
620  11.185  -81.984  39.784 1.0000000000
2978  12.825  -72.915  39.490 1.0000000000
158494  10.273  -83.344  39.626 1.0000000000
5327  18.136  -69.260  35.657 1.0000000000
196  9.970  -84.128  39.200 1.0000000000
653  10.402  -80.694  36.044 1.0000000000
213  9.264  -83.688  36.693 1.0000000000
204  10.214  -84.606  37.155 1.0000000000
98  10.570  -84.447  39.088 1.0000000000
4844  17.634  -69.102  34.956 1.0000000000
959  11.910  -79.666  35.426 1.0000000000
212  9.520  -84.072  36.426 1.0000000000
2378  8.940  -77.364  26.459 0.8999999762
133824  17.545  -69.339  33.343 1.0000000000
2367  8.248  -77.835  27.357 0.8999999762
132986  12.868  -80.445  34.403 1.0000000000
155297  7.109  -77.035  26.831 0.8999999762
972  12.976  -79.839  33.402 1.0000000000
1283  12.901  -78.972  31.987 1.0000000000
2733  8.518  -76.064  24.703 0.8999999762
2368  6.600  -76.050  27.491 0.8000000119
997  11.924  -79.450  30.989 1.0000000000
2702  6.208  -74.864  27.785 0.8000000119
1305  12.824  -78.809  29.690 1.0000000000
2748  8.097  -75.508  23.994 0.8999999762
2734  7.463  -75.498  24.739 0.8999999762
2723  6.384  -74.016  25.847 0.8000000119
140094  13.266  -78.308  27.806 1.0000000000
2747  9.534  -75.498  24.262 0.8999999762
3144  7.659  -74.689  23.481 0.8999999762
2749  6.909  -74.680  24.466 0.8999999762
2350  5.917  -75.440  28.629 0.8000000119
3142  10.522  -75.052  23.729 0.8999999762
1999  14.731  -76.756  25.202 1.0000000000
1318  12.512  -78.831  27.747 1.0000000000
3646  9.761  -73.567  21.665 0.8999999762
3155  8.553  -74.460  22.777 0.8999999762
1666  13.449  -77.844  25.484 1.0000000000
3657  10.207  -72.912  20.953 0.8999999762
3659  7.289  -72.309  21.052 0.8999999762
3167  7.896  -73.660  22.148 0.8999999762
143976  5.496  -74.170  28.776 0.8000000119
3542  5.082  -72.918  29.330 0.6999999881
2009  15.216  -76.124  24.507 0.8999999762
1344  12.762  -78.054  24.568 0.8999999762
4098  9.149  -72.291  20.000 0.8999999762
148917  5.719  -72.975  28.341 0.6999999881
3090  5.320  -72.695  28.680 0.6999999881
4100  6.603  -71.086  20.807 0.8999999762
3541  6.739  -72.678  28.659 0.6999999881
135818  5.094  -72.146  28.828 0.6999999881
1689  12.513  -77.896  23.520 0.8999999762
4106  9.558  -71.348  19.430 0.8999999762
145853  8.519  -70.690  18.985 0.8999999762
4108  7.028  -70.774  20.153 0.8999999762
3550  5.948  -72.373  28.255 0.6999999881
151667  5.126  -72.252  29.571 0.6999999881
4105  11.081  -71.010  19.685 0.8999999762
4542  7.882  -70.116  19.157 0.8999999762
4434  5.036  -70.599  30.227 0.6999999881
2025  13.110  -76.204  21.707 0.8999999762
4540  10.939  -70.544  18.910 0.8999999762
4550  10.372  -70.110  17.639 0.8999999762
4467  5.560  -69.866  27.628 0.6000000238
4539  11.738  -70.607  18.959 0.8999999762
4551  8.343  -69.726  18.475 0.8999999762
4521  6.867  -69.440  21.783 0.6999999881
4442  6.149  -70.917  27.792 0.6000000238
4909  4.696  -69.655  29.421 0.5000000000
1104  12.615  -80.085  15.694 0.8000000119
1396  12.362  -78.183  18.374 0.8999999762
1718  11.487  -76.731  18.314 0.8999999762
144875  13.077  -72.768  18.058 0.8999999762
4549  11.154  -70.532  17.196 0.8999999762
2797  12.948  -73.837  17.426 0.8999999762
4121  12.393  -71.610  17.798 0.8999999762
4122  11.836  -70.923  16.494 0.8999999762
4561  10.121  -69.315  15.665 0.8999999762
5017  9.322  -68.971  16.621 0.8999999762
5026  9.236  -68.201  16.449 0.8999999762
146947  12.103  -75.004  18.067 0.8999999762
3689  13.079  -72.436  16.217 0.8999999762
4560  11.185  -69.832  15.046 0.8999999762
1109  13.136  -80.001  14.973 0.6999999881
1733  13.839  -77.157  17.664 0.8000000119
153171  12.392  -76.590  17.911 0.8000000119
2447  13.059  -74.452  17.335 0.8000000119
1422  14.650  -79.232  14.550 0.6000000238
1421  15.429  -78.359  14.743 0.6999999881
2065  14.116  -76.033  17.251 0.8000000119
2796  13.473  -74.018  16.550 0.8000000119
3210  13.249  -73.236  16.478 0.8000000119
4132  12.205  -70.218  14.485 0.8999999762
2068  15.084  -76.379  16.519 0.8000000119
1735  15.268  -77.320  16.345 0.6999999881
597  8.985  -81.614  43.667 1.0000000000
606  8.827  -81.730  41.922 1.0000000000
903  7.765  -80.532  42.427 1.0000000000
134166  5.954  -76.107  39.081 1.0000000000
2267  5.784  -75.394  37.995 1.0000000000
2613  5.515  -74.147  38.668 1.0000000000
2994  7.573  -73.536  37.759 1.0000000000
2630  7.943  -74.258  36.782 1.0000000000
2308  8.976  -75.880  35.254 1.0000000000
2298  9.544  -74.979  35.630 1.0000000000
2642  10.255  -74.233  36.048 1.0000000000
2993  8.877  -73.183  38.558 1.0000000000
2641  11.246  -74.485  36.413 1.0000000000
2991  11.046  -73.338  39.341 1.0000000000
2981  9.325  -72.633  39.152 1.0000000000
407  9.635  -82.184  38.918 1.0000000000
941  8.392  -79.793  37.015 1.0000000000
633  8.939  -81.017  37.843 1.0000000000
3462  15.932  -72.880  37.821 1.0000000000
3901  17.155  -71.659  37.795 1.0000000000
154354  15.293  -72.293  39.137 1.0000000000
627  9.047  -82.292  38.171 1.0000000000
3900  17.858  -71.203  37.236 1.0000000000
961  8.890  -79.774  35.438 1.0000000000
409  9.084  -83.101  37.808 1.0000000000
4355  18.459  -70.487  36.385 1.0000000000
960  10.437  -79.746  35.525 1.0000000000
643  9.277  -81.093  36.418 1.0000000000
135706  18.454  -69.947  35.379 1.0000000000
1270  13.278  -78.682  34.996 1.0000000000
153559  9.271  -77.793  28.310 0.8999999762
5353  17.198  -68.977  34.366 1.0000000000
965  13.560  -78.971  34.373 1.0000000000
966  12.977  -79.526  34.926 1.0000000000
979  13.145  -79.183  32.803 1.0000000000
142809  13.313  -79.597  34.189 1.0000000000
1982  8.166  -78.000  28.326 0.8999999762
2366  10.315  -77.001  26.823 0.8999999762
1291  12.536  -79.089  31.329 1.0000000000
2377  10.221  -76.563  26.100 0.8999999762
2388  8.823  -76.657  25.518 0.8999999762
1304  13.519  -78.281  29.320 1.0000000000
1299  13.343  -78.427  30.257 1.0000000000
2357  6.605  -76.537  28.495 0.8000000119
1310  13.599  -78.158  28.491 1.0000000000
2746  10.657  -75.307  24.578 0.8999999762
1638  14.082  -77.885  27.891 1.0000000000
3141  11.633  -75.001  24.290 0.8999999762
1648  14.641  -77.486  27.091 1.0000000000
1655  14.720  -77.139  26.131 1.0000000000
3645  11.013  -73.477  21.832 0.8999999762
3082  5.437  -73.808  30.464 0.8000000119
159992  12.565  -72.859  21.749 0.8999999762
3089  5.219  -73.584  28.937 0.8000000119
4392  5.255  -70.636  34.932 0.8999999762
1678  13.797  -77.367  24.672 1.0000000000
3658  8.647  -73.049  20.863 0.8999999762
149388  13.505  -77.213  23.540 0.8999999762
4085  11.683  -72.531  21.285 0.8999999762
4107  7.995  -71.143  19.506 0.8999999762
4864  5.505  -69.680  34.489 0.8999999762
2024  14.176  -76.141  22.254 0.8999999762
152972  5.692  -69.387  33.184 0.8999999762
139499  12.656  -71.589  20.531 0.8999999762
4543  7.159  -69.788  19.878 0.8999999762
3988  5.236  -71.390  28.321 0.6999999881
3968  5.273  -71.728  30.500 0.6999999881
142440  12.670  -71.217  19.769 0.8999999762
4552  7.948  -69.456  18.919 0.8000000119
4443  4.896  -70.485  28.595 0.6999999881
2044  11.581  -74.737  20.132 0.8999999762
2777  13.479  -73.869  19.513 0.8999999762
3675  13.596  -72.280  19.549 0.8999999762
5025  9.872  -68.333  15.270 0.8000000119
132727  12.741  -75.881  17.735 0.8000000119
2066  12.958  -75.097  17.533 0.8000000119
5035  10.394  -68.052  14.429 0.6999999881
4567  11.884  -68.779  13.581 0.6999999881
3209  14.163  -73.096  15.256 0.8000000119
2803  15.229  -74.323  15.059 0.6999999881
3697  14.462  -71.946  14.285 0.6999999881
1738  16.340  -76.907  14.451 0.6000000238
2453  15.965  -74.598  14.380 0.5000000000
1523  6.660  -77.496  42.222 1.0000000000
139603  7.279  -79.743  40.945 1.0000000000
1855  6.477  -76.740  41.799 1.0000000000
1869  6.441  -76.890  40.721 1.0000000000
2268  5.526  -75.056  39.462 1.0000000000
3429  6.265  -71.086  40.350 1.0000000000
3445  6.377  -71.539  39.716 1.0000000000
145001  6.437  -73.793  37.908 1.0000000000
2992  10.079  -73.275  39.122 1.0000000000
145042  11.631  -75.228  36.027 1.0000000000
2640  12.332  -74.915  36.837 1.0000000000
3004  11.685  -73.825  38.278 1.0000000000
2306  13.648  -75.652  36.315 1.0000000000
3003  12.766  -74.037  37.991 1.0000000000
136826  12.630  -76.714  35.348 1.0000000000
140850  9.878  -76.491  34.709 1.0000000000
153339  10.955  -75.755  35.218 1.0000000000
3001  14.630  -73.774  37.740 1.0000000000
1594  10.319  -77.532  34.714 1.0000000000
1595  8.865  -77.232  34.477 1.0000000000
1246  8.032  -78.933  36.177 1.0000000000
1586  7.982  -78.094  35.391 1.0000000000
2988  15.151  -73.220  38.125 1.0000000000
1263  8.298  -78.801  35.025 1.0000000000
2999  16.272  -73.175  37.106 1.0000000000
952  8.269  -79.711  35.912 1.0000000000
644  8.530  -80.734  36.703 1.0000000000
942  8.124  -79.737  36.314 1.0000000000
3460  17.442  -71.987  37.008 1.0000000000
140966  9.005  -79.007  34.873 1.0000000000
419  9.064  -82.306  36.895 1.0000000000
3905  18.324  -71.106  36.543 1.0000000000
1275  14.174  -77.862  33.942 1.0000000000
1260  12.281  -78.511  35.222 1.0000000000
1276  13.877  -78.497  33.741 1.0000000000
5354  16.377  -68.577  34.402 1.0000000000
1621  14.462  -77.528  31.746 1.0000000000
1622  13.855  -78.056  31.461 1.0000000000
1970  8.727  -77.800  29.146 0.8999999762
4859  15.511  -69.323  33.611 1.0000000000
3500  11.266  -71.993  33.148 1.0000000000
1290  13.196  -78.570  31.200 1.0000000000
2721  11.138  -75.834  25.928 0.8999999762
2356  7.360  -77.376  27.912 0.8999999762
1632  14.341  -77.812  28.885 1.0000000000
1628  14.134  -77.943  29.969 1.0000000000
3116  11.761  -75.022  25.887 0.8999999762
159758  10.144  -76.026  25.084 0.8999999762
1961  7.197  -77.113  29.690 0.8000000119
1637  14.945  -77.480  28.064 1.0000000000
2732  11.322  -75.298  25.198 0.8999999762
2340  6.735  -76.720  30.152 0.8000000119
1981  15.342  -77.092  27.493 1.0000000000
158136  11.312  -74.702  23.701 0.8999999762
1991  15.255  -76.624  25.904 1.0000000000
3606  15.875  -72.315  24.182 1.0000000000
3152  12.981  -74.052  23.675 0.8999999762
2387  15.591  -76.131  25.339 1.0000000000
3644  12.977  -73.267  22.330 0.8999999762
3626  10.463  -74.081  22.401 0.8999999762
2399  15.648  -75.494  23.996 0.8999999762
3643  13.821  -73.109  22.482 0.8999999762
133344  5.376  -72.819  30.769 0.8000000119
3640  16.038  -73.045  22.962 0.8999999762
155813  12.665  -72.139  21.185 0.8999999762
2023  14.973  -75.799  22.762 0.8999999762
3173  15.385  -73.492  21.612 0.8999999762
4095  13.319  -72.251  21.209 0.8999999762
2032  14.808  -75.541  21.931 0.8999999762
2771  15.336  -74.172  21.414 0.8999999762
3668  13.519  -72.018  20.536 0.8999999762
4097  10.742  -71.870  20.337 0.8999999762
3978  5.012  -71.478  29.204 0.6999999881
2033  13.846  -75.708  21.403 0.8999999762
149447  14.119  -72.647  20.198 0.8999999762
4104  12.043  -70.864  19.906 0.8999999762
4541  9.623  -70.536  18.801 0.8999999762
3674  14.079  -72.990  19.753 0.8999999762
5404  4.792  -69.495  28.241 0.5000000000
4568  10.556  -68.530  14.158 0.8000000119
4141  13.273  -70.368  13.803 0.6999999881
2450  14.768  -74.904  16.104 0.8000000119
2815  15.111  -73.261  14.415 0.8000000119
3705  14.422  -70.099  13.563 0.6999999881
2452  16.837  -74.956  13.654 0.5000000000
902  8.277  -81.058  43.001 1.0000000000
1514  6.790  -77.786  43.397 1.0000000000
2237  6.223  -74.810  42.924 1.0000000000
2257  5.952  -75.980  40.357 1.0000000000
2598  6.206  -73.637  42.244 1.0000000000
2608  5.274  -73.880  40.027 1.0000000000
147591  7.034  -71.907  41.756 1.0000000000
2972  5.578  -72.970  41.642 1.0000000000
3421  7.606  -71.068  41.318 1.0000000000
2189  7.491  -75.293  45.600 1.0000000000
3422  6.475  -71.271  41.189 1.0000000000
3875  9.301  -70.219  40.561 1.0000000000
3883  7.189  -70.702  39.948 1.0000000000
3880  9.769  -70.041  39.620 1.0000000000
3893  8.227  -70.442  39.634 1.0000000000
3444  7.459  -71.276  39.552 1.0000000000
2980  10.569  -73.122  39.179 1.0000000000
2639  13.530  -75.125  36.950 1.0000000000
2626  11.968  -74.237  37.226 1.0000000000
1928  12.086  -76.113  35.525 1.0000000000
3440  11.940  -71.914  39.527 1.0000000000
3000  15.471  -73.524  37.473 1.0000000000
3474  17.027  -72.730  36.673 1.0000000000
3896  16.782  -71.248  38.671 1.0000000000
1592  13.290  -77.240  35.166 1.0000000000
1593  12.303  -77.405  35.123 1.0000000000
1259  13.203  -77.960  35.133 1.0000000000
1262  8.856  -78.193  34.509 1.0000000000
3473  17.649  -72.204  36.256 1.0000000000
3472  18.250  -71.611  35.927 1.0000000000
4835  18.446  -69.860  36.112 1.0000000000
1268  13.896  -77.634  34.696 1.0000000000
4371  18.601  -70.436  34.780 1.0000000000
1614  14.441  -77.391  32.605 1.0000000000
136194  10.926  -76.711  27.598 1.0000000000
1951  15.084  -77.013  32.110 1.0000000000
1607  14.019  -77.887  33.111 1.0000000000
2709  11.646  -75.646  27.675 1.0000000000
4876  17.053  -69.335  32.592 1.0000000000
4877  16.064  -69.517  32.927 1.0000000000
2720  11.646  -75.342  26.675 0.8999999762
2365  11.083  -76.237  26.779 0.8999999762
2355  10.501  -77.183  28.412 0.8999999762
3950  11.981  -71.826  32.990 1.0000000000
141540  15.873  -76.797  29.058 1.0000000000
158541  14.657  -77.617  30.177 1.0000000000
3114  13.026  -73.701  26.196 1.0000000000
152061  9.312  -77.340  29.881 0.8999999762
142931  10.999  -72.572  32.805 1.0000000000
1965  15.251  -77.355  28.886 1.0000000000
1971  7.734  -77.502  28.972 0.8999999762
2339  7.447  -76.980  30.704 0.8999999762
134803  8.295  -76.907  31.052 0.8999999762
2376  16.212  -76.037  26.847 1.0000000000
3140  13.301  -73.779  24.525 0.8999999762
3129  12.146  -74.770  25.126 0.8999999762
2331  7.523  -76.532  31.379 0.8999999762
3501  10.358  -72.282  33.185 1.0000000000
3607  14.964  -72.436  24.215 1.0000000000
149521  12.515  -74.356  24.431 0.8999999762
3048  7.159  -73.677  33.393 1.0000000000
159743  16.645  -75.044  25.759 1.0000000000
3936  7.298  -72.292  34.449 1.0000000000
2386  16.225  -75.437  25.292 1.0000000000
2745  16.908  -74.100  24.419 0.8999999762
138696  12.563  -73.875  22.869 0.8999999762
147913  12.107  -73.425  22.093 0.8999999762
2676  6.785  -75.888  31.816 0.8999999762
3073  5.769  -74.870  31.825 0.8000000119
2398  16.277  -74.929  24.375 1.0000000000
3621  16.013  -72.722  23.495 0.8999999762
2405  15.987  -74.915  23.597 0.8999999762
4083  13.989  -72.793  21.872 0.8999999762
2406  15.550  -75.335  23.208 0.8999999762
2412  15.446  -75.138  22.444 0.8999999762
2427  14.806  -74.595  21.061 0.8999999762
2776  14.607  -74.105  20.542 0.8999999762
4900  4.905  -69.565  30.785 0.6999999881
137027  4.572  -68.781  28.891 0.5000000000
5396  4.646  -68.961  30.066 0.5000000000
4573  13.100  -69.102  13.348 0.6999999881
155558  12.945  -69.341  13.391 0.6000000238
2814  15.897  -73.528  13.960 0.6000000238
1828  6.978  -76.324  46.477 1.0000000000
133087  7.105  -78.482  43.916 1.0000000000
896  7.790  -79.619  43.685 1.0000000000
2599  5.797  -74.151  41.929 1.0000000000
3420  8.853  -71.000  41.456 1.0000000000
2971  6.127  -72.319  41.808 1.0000000000
2600  5.354  -73.667  41.147 1.0000000000
134321  10.475  -70.236  40.451 1.0000000000
3876  8.196  -70.295  40.641 1.0000000000
3430  5.789  -71.981  40.045 1.0000000000
3443  8.700  -71.072  39.126 1.0000000000
4338  11.979  -69.694  38.974 1.0000000000
3879  11.029  -70.165  39.431 1.0000000000
3441  10.830  -71.377  38.949 1.0000000000
142830  12.859  -71.931  39.718 1.0000000000
2651  15.025  -75.237  36.229 1.0000000000
2638  14.601  -74.832  36.863 1.0000000000
1925  15.019  -76.053  35.118 1.0000000000
2624  14.098  -74.362  37.392 1.0000000000
3897  15.961  -71.868  39.022 1.0000000000
2637  15.448  -74.581  36.517 1.0000000000
3018  15.856  -73.916  36.847 1.0000000000
3002  13.741  -73.962  37.913 1.0000000000
1926  14.225  -76.454  35.285 1.0000000000
3027  16.743  -73.748  35.555 1.0000000000
147615  13.518  -76.741  35.324 1.0000000000
3016  17.224  -72.926  35.792 1.0000000000
4824  18.311  -69.874  37.005 1.0000000000
1943  15.425  -76.232  33.325 1.0000000000
1944  14.850  -76.665  33.770 1.0000000000
3481  18.274  -71.787  35.066 1.0000000000
4857  17.994  -69.447  33.978 1.0000000000
1606  14.424  -77.264  33.421 1.0000000000
3514  18.316  -72.093  32.603 1.0000000000
4875  17.795  -69.533  32.188 1.0000000000
1954  15.713  -76.565  31.605 1.0000000000
1950  15.582  -76.406  32.480 1.0000000000
2699  11.758  -75.331  28.769 1.0000000000
4896  16.526  -69.506  31.726 1.0000000000
1958  15.805  -76.685  30.725 1.0000000000
4404  14.834  -70.317  32.243 1.0000000000
4860  14.736  -69.517  33.512 1.0000000000
3934  10.573  -71.375  33.489 1.0000000000
2345  16.446  -76.130  29.311 1.0000000000
140322  12.434  -74.027  26.784 1.0000000000
2347  10.881  -76.664  29.340 1.0000000000
135198  10.174  -76.872  30.116 0.8999999762
143268  12.162  -72.185  32.579 1.0000000000
2353  16.247  -76.336  28.558 1.0000000000
3127  13.677  -73.288  25.475 1.0000000000
2338  9.232  -77.021  30.682 0.8999999762
160309  9.910  -72.717  32.939 1.0000000000
3595  14.591  -72.533  25.171 1.0000000000
3128  12.852  -74.068  25.270 1.0000000000
2346  10.975  -75.888  30.187 1.0000000000
2337  10.642  -75.374  31.070 1.0000000000
2330  9.123  -76.412  31.263 0.8999999762
2375  16.744  -75.135  26.445 1.0000000000
2718  17.125  -74.469  25.862 1.0000000000
3609  13.606  -73.465  23.856 0.8999999762
2675  7.774  -75.867  31.789 0.8999999762
3920  7.488  -71.632  35.109 1.0000000000
3605  16.677  -72.567  24.291 1.0000000000
2666  8.328  -75.076  32.261 0.8999999762
3622  15.222  -72.716  23.361 0.8999999762
3623  14.270  -73.054  23.434 0.8999999762
2667  6.999  -75.270  32.369 0.8999999762
3063  6.450  -74.569  33.089 0.8999999762
2668  6.125  -75.230  32.607 0.8999999762
146650  6.822  -73.035  34.055 1.0000000000
2756  16.492  -74.261  23.560 0.8999999762
144672  6.001  -74.474  33.345 0.8999999762
2761  16.235  -74.087  22.781 0.8999999762
156938  14.991  -72.869  22.746 0.8999999762
153359  5.637  -73.031  32.211 0.8999999762
3953  5.618  -71.711  33.002 0.8999999762
3655  15.143  -72.993  21.897 0.8999999762
3532  5.580  -72.155  31.885 0.6999999881
135878  5.457  -71.146  31.677 0.6999999881
4094  14.018  -72.549  21.395 0.8999999762
1847  6.816  -76.586  44.201 1.0000000000
2200  6.789  -75.921  45.858 1.0000000000
158558  6.705  -75.059  43.190 1.0000000000
2226  6.699  -75.585  43.365 1.0000000000
1840  7.296  -75.764  44.466 1.0000000000
2591  7.037  -74.377  42.835 1.0000000000
2969  8.287  -72.306  42.031 1.0000000000
3411  10.877  -72.340  42.200 1.0000000000
3418  11.313  -71.168  41.765 1.0000000000
3874  11.719  -70.216  40.883 1.0000000000
3882  7.899  -70.289  40.061 1.0000000000
3881  8.728  -70.036  39.880 1.0000000000
4331  11.932  -69.547  39.721 1.0000000000
3891  10.303  -70.344  39.006 1.0000000000
4337  12.483  -69.322  39.118 1.0000000000
4344  14.473  -70.411  39.581 1.0000000000
3439  13.677  -72.197  39.689 1.0000000000
3886  16.061  -71.053  39.422 1.0000000000
2304  15.253  -75.541  35.584 1.0000000000
4347  17.500  -70.205  38.297 1.0000000000
138284  17.865  -69.588  37.832 1.0000000000
2313  16.039  -75.355  34.183 1.0000000000
2659  16.252  -74.867  34.872 1.0000000000
5322  17.842  -68.308  37.020 1.0000000000
5321  18.150  -69.177  36.564 1.0000000000
1937  15.382  -76.039  34.229 1.0000000000
2649  16.363  -74.404  35.405 1.0000000000
158071  17.488  -72.731  35.242 1.0000000000
138849  17.793  -72.298  35.512 1.0000000000
2319  16.340  -75.250  33.377 1.0000000000
2657  17.134  -73.737  34.168 1.0000000000
3918  18.606  -71.217  34.531 1.0000000000
5340  17.128  -68.151  34.852 1.0000000000
2320  15.833  -75.740  33.607 1.0000000000
139617  17.545  -73.841  31.942 1.0000000000
3499  17.955  -72.768  33.068 1.0000000000
3490  17.886  -72.604  33.894 1.0000000000
145541  18.641  -70.699  33.978 1.0000000000
135339  18.451  -70.039  33.891 1.0000000000
137464  15.723  -68.239  34.077 1.0000000000
2327  16.764  -75.332  31.438 1.0000000000
2328  16.335  -76.075  31.098 1.0000000000
3524  18.341  -71.981  31.714 1.0000000000
4856  18.290  -69.945  32.333 1.0000000000
5355  15.064  -68.765  33.802 1.0000000000
4895  17.100  -69.383  30.897 1.0000000000
2336  16.404  -76.172  30.233 1.0000000000
3582  14.456  -72.300  26.871 1.0000000000
3103  12.450  -73.888  27.654 1.0000000000
2698  12.068  -74.591  28.173 1.0000000000
3094  12.476  -73.775  28.547 1.0000000000
3931  13.130  -71.145  32.835 1.0000000000
150846  16.747  -75.555  28.429 1.0000000000
154525  16.874  -75.410  29.232 1.0000000000
3583  13.675  -73.040  26.544 1.0000000000
2689  12.008  -74.383  29.094 1.0000000000
2681  11.879  -74.147  29.991 1.0000000000
140685  12.903  -71.631  32.357 1.0000000000
136629  11.470  -75.908  29.348 1.0000000000
140124  10.039  -76.223  30.835 1.0000000000
134924  17.231  -74.579  27.859 1.0000000000
2329  9.831  -75.751  31.364 1.0000000000
138997  9.650  -71.807  33.589 1.0000000000
2708  17.285  -74.345  26.776 1.0000000000
3594  15.560  -72.014  24.931 1.0000000000
2674  9.019  -75.676  31.750 1.0000000000
2717  17.453  -73.702  25.944 1.0000000000
3604  17.187  -72.733  24.744 1.0000000000
3503  7.934  -72.764  33.715 1.0000000000
3061  9.001  -74.158  32.576 1.0000000000
3062  7.703  -74.350  32.733 1.0000000000
3049  6.145  -73.891  33.921 0.8999999762
4848  5.250  -70.005  35.591 0.8999999762
3506  5.760  -73.197  34.036 0.8999999762
3505  5.999  -73.281  34.286 0.8999999762
3937  5.562  -72.313  34.140 0.8999999762
4409  5.591  -70.724  32.815 0.8999999762
159265  5.571  -69.936  32.669 0.8000000119
139787  4.532  -68.172  29.909 0.5000000000
1193  7.607  -78.479  44.640 1.0000000000
2236  7.750  -75.326  43.333 1.0000000000
2225  6.940  -75.718  43.925 1.0000000000
2962  9.314  -73.598  42.389 1.0000000000
2589  9.941  -74.498  42.949 1.0000000000
2198  9.720  -75.333  45.266 1.0000000000
2188  9.303  -75.079  45.602 1.0000000000
2933  8.620  -74.115  45.988 1.0000000000
3867  12.029  -71.225  42.158 1.0000000000
3873  12.430  -70.240  41.600 1.0000000000
159702  12.456  -70.500  42.332 1.0000000000
4809  12.868  -68.953  39.738 1.0000000000
153347  13.044  -69.472  39.105 1.0000000000
4817  13.475  -69.046  39.015 1.0000000000
139875  15.258  -70.859  39.742 1.0000000000
5312  15.489  -68.159  38.813 1.0000000000
5304  15.029  -68.877  39.093 1.0000000000
5875  14.848  -67.492  38.367 1.0000000000
4815  15.528  -69.599  39.392 1.0000000000
4343  15.885  -70.296  39.519 1.0000000000
5874  15.988  -67.487  38.297 1.0000000000
157920  16.700  -67.656  38.422 1.0000000000
5873  17.147  -67.906  38.400 1.0000000000
4820  17.374  -69.439  38.544 1.0000000000
153296  16.476  -66.348  37.209 1.0000000000
5886  17.467  -67.621  37.742 1.0000000000
5317  17.691  -68.612  38.063 1.0000000000
2314  15.672  -75.513  34.973 1.0000000000
7205  16.651  -65.553  36.077 1.0000000000
6535  16.942  -66.179  36.665 1.0000000000
135233  17.537  -67.503  35.474 1.0000000000
7216  17.045  -65.459  35.183 1.0000000000
6545  17.320  -65.977  34.991 1.0000000000
2658  16.667  -74.604  34.002 1.0000000000
3036  17.215  -73.251  34.936 1.0000000000
3489  18.266  -71.928  34.239 1.0000000000
6574  16.660  -66.612  33.656 1.0000000000
6575  15.997  -67.156  33.477 1.0000000000
3057  17.599  -73.575  32.782 1.0000000000
149500  18.528  -71.465  33.010 1.0000000000
3946  18.571  -70.576  33.016 1.0000000000
2335  16.806  -75.473  30.529 1.0000000000
2664  16.662  -75.177  32.460 1.0000000000
4402  18.449  -70.490  31.952 1.0000000000
2680  17.160  -74.595  30.765 1.0000000000
4416  18.294  -70.340  31.127 1.0000000000
158997  12.979  -69.823  33.411 1.0000000000
2688  17.096  -74.859  29.789 1.0000000000
3568  13.659  -72.833  27.492 1.0000000000
140506  13.031  -73.268  28.021 1.0000000000
3948  13.428  -71.334  32.132 1.0000000000
3933  11.643  -71.296  33.337 1.0000000000
3086  12.451  -73.610  29.432 1.0000000000
3515  12.985  -71.871  31.763 1.0000000000
3058  12.002  -72.791  32.080 1.0000000000
2696  17.500  -73.816  28.392 1.0000000000
3102  13.067  -73.457  27.128 1.0000000000
3556  13.594  -72.704  28.392 1.0000000000
2682  11.338  -74.837  30.587 1.0000000000
3059  11.171  -73.267  32.370 1.0000000000
2707  17.561  -73.636  27.407 1.0000000000
3580  17.405  -72.061  26.331 1.0000000000
3581  15.138  -71.930  25.855 1.0000000000
4391  9.416  -71.060  33.966 1.0000000000
140696  17.546  -72.865  26.041 1.0000000000
3592  17.290  -72.423  25.444 1.0000000000
3077  12.445  -73.310  30.346 1.0000000000
3070  10.919  -74.100  31.939 1.0000000000
3519  9.563  -73.261  32.773 1.0000000000
3502  9.234  -72.551  33.346 1.0000000000
2672  11.118  -74.517  31.399 1.0000000000
3060  10.187  -73.956  32.329 1.0000000000
3047  8.453  -73.418  33.036 1.0000000000
3138  17.174  -73.365  24.584 1.0000000000
3504  6.509  -72.646  34.602 0.8999999762
4837  6.296  -70.034  36.741 0.8999999762
5975  4.812  -67.755  31.145 0.5000000000
6613  4.939  -66.959  31.377 0.5000000000
5374  5.545  -68.530  32.533 0.6999999881
2224  8.276  -75.694  43.765 1.0000000000
2961  10.435  -73.451  42.555 1.0000000000
2590  8.719  -74.622  42.819 1.0000000000
3404  12.002  -72.879  43.205 1.0000000000
3409  12.172  -72.042  42.936 1.0000000000
2588  10.993  -74.278  43.189 1.0000000000
3866  12.285  -71.094  42.714 1.0000000000
4320  12.637  -69.952  42.077 1.0000000000
144081  13.143  -68.478  39.784 1.0000000000
5305  14.162  -68.845  39.046 1.0000000000
4816  14.533  -69.597  39.282 1.0000000000
3889  12.219  -70.484  38.951 1.0000000000
5270  5.264  -68.767  43.575 1.0000000000
6510  14.428  -66.677  38.176 1.0000000000
4821  16.794  -69.382  38.987 1.0000000000
6522  15.688  -66.270  37.406 1.0000000000
7217  16.379  -64.906  35.500 1.0000000000
5935  17.070  -66.993  34.277 1.0000000000
2663  17.186  -74.373  32.582 1.0000000000
158284  17.414  -74.043  31.251 1.0000000000
3067  17.659  -73.362  31.223 1.0000000000
5937  15.226  -67.670  33.400 1.0000000000
3076  17.514  -73.475  29.843 1.0000000000
153919  18.057  -72.273  30.237 1.0000000000
157235  15.795  -69.930  30.544 1.0000000000
135624  13.985  -67.491  33.013 1.0000000000
2687  17.324  -74.009  29.318 1.0000000000
4894  17.652  -69.583  31.247 1.0000000000
135581  11.988  -69.345  33.533 1.0000000000
3084  17.640  -73.169  28.997 1.0000000000
136847  17.918  -72.260  28.835 1.0000000000
4011  15.032  -71.656  27.465 1.0000000000
149126  15.626  -71.104  27.909 1.0000000000
3992  15.353  -71.034  28.699 1.0000000000
3982  15.221  -70.794  29.535 1.0000000000
3973  15.135  -70.513  30.503 1.0000000000
3526  13.095  -72.165  31.038 1.0000000000
4026  15.443  -71.578  26.590 1.0000000000
3993  14.759  -71.671  28.335 1.0000000000
3555  14.098  -72.187  28.733 1.0000000000
3546  13.977  -72.093  29.236 1.0000000000
3536  13.850  -71.979  29.755 1.0000000000
3527  12.595  -72.506  31.546 1.0000000000
137379  11.207  -69.298  33.744 1.0000000000
3113  17.643  -72.769  26.912 1.0000000000
4025  16.496  -71.382  26.266 1.0000000000
3537  13.141  -72.487  30.201 1.0000000000
3538  12.697  -72.752  30.879 1.0000000000
4390  10.157  -70.462  33.857 1.0000000000
3069  11.531  -73.649  31.703 1.0000000000
3078  11.719  -73.920  30.889 1.0000000000
3935  8.484  -71.794  34.078 1.0000000000
137469  7.553  -70.975  35.835 1.0000000000
4847  7.480  -70.264  36.418 1.0000000000
4377  5.407  -71.385  35.072 0.8999999762
3922  5.823  -71.907  35.183 0.8999999762
4393  5.464  -71.329  34.233 0.8999999762
4883  5.819  -68.784  33.887 0.8999999762
5961  5.998  -67.935  33.351 0.8999999762
5962  5.404  -67.573  32.211 0.5000000000
2581  9.226  -75.314  43.393 1.0000000000
1841  6.879  -76.566  45.019 1.0000000000
2549  6.575  -74.650  46.641 1.0000000000
5297  12.909  -68.482  40.914 1.0000000000
142004  13.234  -67.986  40.179 1.0000000000
6534  17.334  -66.639  36.579 1.0000000000
136718  17.446  -66.652  35.249 1.0000000000
11172  6.016  -59.894  42.184 1.0000000000
147128  15.633  -65.721  32.691 1.0000000000
11896  5.087  -58.464  43.062 1.0000000000
5955  14.624  -67.104  32.964 1.0000000000
3535  17.695  -73.029  30.441 1.0000000000
3534  18.284  -71.746  30.827 1.0000000000
3972  18.330  -70.910  30.556 1.0000000000
4449  17.453  -70.498  28.654 1.0000000000
151588  16.958  -69.879  29.167 1.0000000000
10501  5.557  -61.384  41.980 1.0000000000
3975  13.705  -71.792  30.560 1.0000000000
5358  12.142  -68.375  33.564 1.0000000000
3092  17.788  -72.742  27.954 1.0000000000
3554  17.847  -71.786  28.126 1.0000000000
4451  16.626  -70.747  27.682 1.0000000000
4372  9.917  -69.853  34.296 1.0000000000
4009  17.102  -71.068  27.003 1.0000000000
4024  17.134  -71.537  26.405 1.0000000000
4373  9.282  -70.301  34.531 1.0000000000
4374  8.436  -70.220  35.446 1.0000000000
5344  8.353  -69.438  36.123 1.0000000000
4375  6.517  -70.734  36.317 0.8999999762
146412  5.076  -66.076  31.546 0.5000000000
2222  10.512  -75.264  44.295 1.0000000000
3403  12.246  -72.449  43.613 1.0000000000
2579  11.310  -74.736  44.090 1.0000000000
2210  10.961  -75.127  44.836 1.0000000000
2187  10.479  -75.006  45.762 1.0000000000
3850  12.203  -71.266  44.458 1.0000000000
151585  12.262  -73.193  44.914 1.0000000000
2945  11.638  -74.189  46.214 1.0000000000
2556  11.092  -74.717  46.371 1.0000000000
2916  10.690  -73.947  47.508 1.0000000000
147056  11.707  -69.684  44.691 1.0000000000
139305  12.220  -70.873  43.687 1.0000000000
158509  12.220  -73.273  45.578 1.0000000000
2907  11.228  -73.263  48.208 1.0000000000
3362  8.809  -72.554  47.176 1.0000000000
2917  8.656  -73.306  46.326 1.0000000000
4797  12.403  -69.443  42.373 1.0000000000
3832  8.441  -72.109  46.930 1.0000000000
3370  7.967  -72.777  46.217 1.0000000000
3838  6.883  -72.339  45.009 1.0000000000
4795  11.354  -69.086  43.794 1.0000000000
154680  11.379  -71.668  48.968 1.0000000000
3353  9.886  -72.735  48.557 1.0000000000
158781  8.669  -72.168  47.796 1.0000000000
3837  7.673  -72.129  45.868 1.0000000000
3840  5.583  -71.412  44.783 1.0000000000
5290  11.375  -68.673  43.125 1.0000000000
5298  12.748  -67.715  41.024 1.0000000000
159116  11.172  -70.601  49.285 1.0000000000
4305  6.500  -70.829  43.841 1.0000000000
5847  11.719  -67.305  41.860 1.0000000000
147652  8.167  -70.215  47.235 1.0000000000
4294  8.212  -71.244  46.761 1.0000000000
4300  7.590  -71.463  45.179 1.0000000000
4301  7.296  -70.762  44.392 1.0000000000
4790  5.467  -69.839  43.754 1.0000000000
5856  12.216  -66.751  41.139 1.0000000000
6497  13.239  -66.577  39.576 1.0000000000
5876  13.898  -67.206  38.701 1.0000000000
5245  9.265  -68.085  47.648 1.0000000000
5268  6.818  -69.166  43.597 1.0000000000
5269  6.036  -69.360  43.025 1.0000000000
5279  5.751  -68.422  42.915 1.0000000000
6523  14.876  -66.160  37.652 1.0000000000
6498  12.518  -65.693  40.137 1.0000000000
7182  12.968  -64.914  38.918 1.0000000000
6524  14.164  -65.894  38.008 1.0000000000
7192  15.366  -65.617  37.147 1.0000000000
7193  14.638  -65.413  37.457 1.0000000000
7860  15.661  -64.461  35.942 1.0000000000
11907  6.355  -59.038  42.323 1.0000000000
12655  5.313  -57.908  43.409 1.0000000000
152935  4.620  -56.750  44.371 1.0000000000
8515  13.108  -63.537  38.050 1.0000000000
7207  15.137  -64.899  36.836 1.0000000000
7230  16.735  -64.887  34.551 1.0000000000
6594  14.771  -66.169  32.695 1.0000000000
152991  4.705  -57.582  43.925 1.0000000000
7872  16.184  -64.135  34.732 1.0000000000
148896  16.748  -65.018  33.788 1.0000000000
8516  12.554  -63.446  38.963 1.0000000000
7861  14.835  -64.067  36.413 1.0000000000
7873  15.468  -63.655  35.337 1.0000000000
7888  16.120  -63.886  33.620 1.0000000000
7264  15.641  -65.050  32.587 1.0000000000
11184  6.894  -60.132  41.731 1.0000000000
4436  18.104  -70.721  29.727 1.0000000000
8557  14.844  -63.222  35.699 1.0000000000
8570  15.039  -62.647  33.861 1.0000000000
7916  15.206  -64.580  32.541 1.0000000000
133947  13.026  -66.818  33.150 1.0000000000
5956  13.839  -66.677  32.890 1.0000000000
11197  8.285  -59.873  40.132 1.0000000000
11173  5.344  -60.138  42.337 1.0000000000
8576  15.198  -63.758  32.717 1.0000000000
5940  12.413  -67.413  33.471 1.0000000000
9857  8.304  -61.608  38.538 1.0000000000
152587  18.092  -72.015  29.511 1.0000000000
9259  14.238  -62.275  33.519 1.0000000000
8586  14.247  -63.393  32.661 1.0000000000
7902  13.474  -63.982  32.644 1.0000000000
6577  12.402  -66.447  33.418 1.0000000000
5941  11.480  -67.716  33.846 1.0000000000
8578  13.909  -62.602  32.922 1.0000000000
157393  13.494  -63.152  32.727 1.0000000000
7247  13.351  -65.046  32.752 1.0000000000
5360  10.635  -68.942  34.110 1.0000000000
3991  17.752  -71.105  28.345 1.0000000000
140270  13.038  -62.569  32.905 1.0000000000
135144  11.875  -65.114  33.527 1.0000000000
6558  11.017  -66.306  34.170 1.0000000000
9845  6.885  -62.130  40.833 1.0000000000
9834  5.545  -62.219  41.749 1.0000000000
151036  11.710  -63.698  33.390 1.0000000000
7231  11.114  -65.463  33.975 1.0000000000
5341  10.601  -68.030  34.393 1.0000000000
4845  10.104  -69.348  34.367 1.0000000000
9194  7.120  -63.397  39.740 1.0000000000
6559  10.320  -66.588  34.676 1.0000000000
5342  9.922  -68.726  34.713 1.0000000000
4846  9.313  -69.481  34.935 1.0000000000
5922  9.589  -67.959  35.226 1.0000000000
5343  9.222  -68.793  35.432 1.0000000000
8517  7.481  -63.881  39.032 1.0000000000
144976  6.603  -64.431  40.034 1.0000000000
4836  7.120  -69.752  37.020 0.8999999762
5330  7.372  -69.068  37.042 1.0000000000
5331  5.946  -69.309  37.031 0.8999999762
4838  5.426  -69.570  36.325 0.8999999762
5345  5.331  -69.073  35.423 0.8999999762
6599  6.204  -67.027  33.028 0.6000000238
6600  5.454  -66.752  32.127 0.5000000000
3384  12.259  -71.595  45.197 1.0000000000
3844  12.100  -70.764  45.293 1.0000000000
3369  12.197  -72.504  46.846 1.0000000000
2931  12.012  -73.467  46.345 1.0000000000
133360  11.960  -69.955  45.242 1.0000000000
154723  12.377  -71.423  46.161 1.0000000000
3831  12.351  -71.660  47.413 1.0000000000
135018  11.624  -73.370  47.432 1.0000000000
3825  10.669  -72.248  48.959 1.0000000000
2909  10.127  -73.253  48.242 1.0000000000
5285  11.250  -68.301  43.725 1.0000000000
5848  11.288  -67.090  42.450 1.0000000000
4288  8.502  -70.597  48.110 1.0000000000
6473  11.343  -66.785  42.957 1.0000000000
133734  11.443  -69.968  49.329 1.0000000000
4764  8.533  -69.585  47.838 1.0000000000
4784  7.584  -69.589  45.101 1.0000000000
154105  11.685  -65.847  41.715 1.0000000000
4762  10.403  -69.417  49.028 1.0000000000
7174  12.422  -64.960  39.739 1.0000000000
7146  11.741  -65.628  41.949 1.0000000000
7181  13.531  -65.479  38.452 1.0000000000
7838  12.982  -64.224  38.521 1.0000000000
154538  13.512  -64.715  41.704 1.0000000000
7798  11.917  -64.490  41.082 1.0000000000
7850  13.603  -64.301  37.688 1.0000000000
12654  6.747  -57.801  42.633 1.0000000000
14231  3.867  -56.009  44.393 1.0000000000
7161  15.921  -65.348  40.864 1.0000000000
7839  12.463  -64.236  39.376 1.0000000000
7849  14.395  -64.648  37.231 1.0000000000
11920  7.261  -59.044  41.829 1.0000000000
7900  16.345  -64.640  33.176 1.0000000000
7862  14.126  -64.004  37.015 1.0000000000
6595  14.062  -65.619  32.614 1.0000000000
10518  8.516  -60.763  38.683 1.0000000000
9220  14.381  -62.710  35.835 1.0000000000
10508  7.740  -60.983  40.493 1.0000000000
9869  8.582  -61.742  37.569 1.0000000000
9260  13.378  -61.912  33.418 1.0000000000
9885  8.806  -61.960  36.613 1.0000000000
7249  11.739  -65.971  33.706 1.0000000000
6578  11.630  -66.831  33.799 1.0000000000
9858  7.555  -62.372  39.579 1.0000000000
9208  8.650  -62.997  37.046 1.0000000000
158975  8.498  -62.488  37.494 1.0000000000
142630  8.192  -63.381  37.994 1.0000000000
7904  11.332  -64.572  33.725 1.0000000000
7233  9.764  -66.174  35.195 1.0000000000
7889  10.511  -64.798  34.339 1.0000000000
6560  9.624  -67.013  35.255 1.0000000000
5908  8.943  -67.644  36.198 1.0000000000
7219  8.686  -66.469  36.982 1.0000000000
5909  7.727  -68.401  37.284 1.0000000000
5897  6.867  -68.142  37.907 1.0000000000
5332  5.337  -68.958  36.365 0.8999999762
137652  5.963  -67.571  35.067 0.8999999762
5942  5.883  -68.209  34.592 0.8999999762
6579  6.755  -66.822  33.983 0.8000000119
7917  6.313  -65.282  32.911 0.5000000000
4304  12.565  -70.322  46.073 1.0000000000
4788  12.538  -69.577  45.540 1.0000000000
4793  11.575  -69.086  44.395 1.0000000000
4284  12.417  -70.643  48.689 1.0000000000
5278  12.016  -68.388  44.362 1.0000000000
4293  12.868  -70.447  47.862 1.0000000000
3827  8.638  -71.691  48.133 1.0000000000
5824  12.757  -67.976  44.264 1.0000000000
5277  13.329  -68.441  44.844 1.0000000000
3826  9.663  -71.928  48.826 1.0000000000
4789  6.666  -70.107  43.643 1.0000000000
5241  9.458  -68.822  48.252 1.0000000000
4773  8.032  -69.479  46.787 1.0000000000
6472  11.922  -66.284  42.969 1.0000000000
5239  11.375  -68.405  49.174 1.0000000000
7133  12.137  -65.492  42.263 1.0000000000
7132  12.982  -65.177  42.217 1.0000000000
5240  10.494  -68.546  48.789 1.0000000000
7815  11.944  -64.446  40.728 1.0000000000
12668  8.113  -57.516  41.971 1.0000000000
13432  6.271  -57.309  43.007 1.0000000000
15021  4.207  -55.469  44.949 1.0000000000
7797  12.297  -63.968  41.286 1.0000000000
12684  8.837  -57.627  41.622 1.0000000000
7812  15.071  -64.705  40.845 1.0000000000
11935  8.743  -58.851  40.604 1.0000000000
7160  16.727  -65.388  40.574 1.0000000000
11196  9.088  -59.147  39.509 1.0000000000
7825  17.819  -65.000  39.591 1.0000000000
8546  13.639  -63.462  37.232 1.0000000000
9221  13.784  -62.537  36.556 1.0000000000
11212  8.714  -59.971  39.001 1.0000000000
11909  5.123  -59.109  42.349 1.0000000000
9882  13.508  -61.543  35.960 1.0000000000
157753  8.294  -60.585  39.510 1.0000000000
10489  5.911  -60.717  42.084 1.0000000000
9249  13.866  -61.670  34.063 1.0000000000
9884  9.208  -61.116  35.917 1.0000000000
9238  8.971  -62.740  36.185 1.0000000000
10490  5.300  -60.831  42.103 1.0000000000
10502  5.093  -61.541  41.825 1.0000000000
8580  11.281  -63.007  33.534 1.0000000000
153371  9.530  -62.062  35.147 1.0000000000
7905  10.894  -63.866  33.853 1.0000000000
8558  9.566  -63.645  35.175 1.0000000000
9183  6.407  -63.202  40.760 1.0000000000
137564  9.793  -65.321  34.970 1.0000000000
7218  9.356  -65.781  35.919 1.0000000000
7851  7.955  -65.307  38.167 1.0000000000
6547  8.307  -67.474  37.164 1.0000000000
5898  6.368  -67.845  38.245 0.8999999762
5899  5.395  -68.159  37.692 0.8999999762
5911  5.306  -68.228  36.688 0.8999999762
6561  6.543  -66.565  34.851 0.8999999762
4783  12.983  -70.212  46.974 1.0000000000
149234  12.557  -71.063  47.991 1.0000000000
5266  13.331  -69.063  45.627 1.0000000000
4782  13.343  -69.604  46.514 1.0000000000
5823  13.710  -67.953  44.323 1.0000000000
5238  13.418  -68.661  48.762 1.0000000000
134996  10.499  -70.341  49.179 1.0000000000
5835  13.285  -67.486  43.832 1.0000000000
4751  12.674  -68.657  49.192 1.0000000000
4763  9.424  -69.893  48.621 1.0000000000
6448  5.167  -66.817  43.746 1.0000000000
6460  14.108  -67.017  43.299 1.0000000000
5777  12.904  -67.951  49.239 1.0000000000
156090  7.133  -68.180  44.199 1.0000000000
141256  6.300  -68.458  42.993 1.0000000000
6471  13.058  -65.993  42.680 1.0000000000
157407  13.528  -66.519  42.998 1.0000000000
5246  8.532  -68.650  47.249 1.0000000000
5778  11.523  -67.696  49.094 1.0000000000
5792  8.893  -67.763  46.909 1.0000000000
6440  4.641  -66.158  44.339 1.0000000000
5791  9.615  -67.372  47.398 1.0000000000
8487  12.162  -63.485  40.300 1.0000000000
7796  13.231  -63.791  41.439 1.0000000000
144596  12.322  -63.085  39.559 1.0000000000
9157  12.739  -62.534  40.720 1.0000000000
11949  10.714  -58.045  38.307 1.0000000000
12701  10.231  -57.454  40.790 1.0000000000
9193  12.544  -62.607  38.958 1.0000000000
11950  9.860  -58.483  38.868 1.0000000000
11919  8.331  -58.439  41.399 1.0000000000
7811  16.842  -64.865  39.809 1.0000000000
11963  10.147  -58.815  37.850 1.0000000000
7824  18.497  -64.781  39.624 1.0000000000
7837  18.272  -64.522  38.862 1.0000000000
8500  17.285  -64.410  39.073 1.0000000000
9207  12.886  -62.258  38.097 1.0000000000
11236  11.904  -59.098  36.216 1.0000000000
11225  9.630  -59.561  37.502 1.0000000000
11226  9.007  -60.151  38.073 1.0000000000
7823  18.900  -64.408  39.056 1.0000000000
9222  13.287  -61.925  37.121 1.0000000000
10555  10.930  -59.783  35.336 1.0000000000
145544  9.813  -59.756  36.772 1.0000000000
10545  9.548  -60.349  36.327 1.0000000000
9899  13.387  -61.310  34.801 1.0000000000
10568  11.267  -60.694  34.310 1.0000000000
10556  10.073  -60.447  35.427 1.0000000000
11185  5.050  -60.214  42.016 0.8999999762
9923  12.625  -61.379  33.770 1.0000000000
9903  9.194  -61.951  35.715 1.0000000000
10500  6.607  -61.218  41.587 1.0000000000
9261  12.508  -61.972  33.297 1.0000000000
9263  10.932  -62.329  33.742 1.0000000000
9901  10.322  -60.933  34.634 1.0000000000
9170  5.104  -63.029  41.383 1.0000000000
139905  10.214  -63.859  34.428 1.0000000000
7875  9.154  -64.236  36.162 1.0000000000
7874  9.463  -64.793  35.596 1.0000000000
8532  8.432  -64.087  37.583 1.0000000000
141704  8.992  -65.341  36.608 1.0000000000
8533  7.715  -64.567  38.526 1.0000000000
7863  8.657  -64.773  37.148 1.0000000000
7840  6.687  -65.235  39.620 1.0000000000
6537  7.564  -67.325  37.915 1.0000000000
6549  5.140  -67.234  37.052 0.8999999762
6562  5.422  -67.424  36.285 0.8999999762
7250  7.040  -65.908  33.931 0.8000000119
137051  6.513  -66.224  33.223 0.6000000238
4771  13.309  -69.813  47.664 1.0000000000
5265  14.234  -68.549  45.614 1.0000000000
5244  13.946  -69.043  47.632 1.0000000000
4760  12.789  -69.310  49.017 1.0000000000
158613  14.948  -68.158  45.745 1.0000000000
4761  12.070  -69.141  49.314 1.0000000000
5834  14.429  -67.617  44.036 1.0000000000
5247  7.979  -68.829  46.309 1.0000000000
6469  15.211  -66.822  42.927 1.0000000000
5779  10.788  -67.754  48.679 1.0000000000
5256  7.635  -68.548  45.252 1.0000000000
5811  6.913  -67.272  43.952 1.0000000000
5812  5.936  -67.503  42.994 1.0000000000
6447  5.852  -66.687  43.221 1.0000000000
7131  14.132  -65.579  42.059 1.0000000000
137771  13.751  -66.206  48.865 1.0000000000
137936  12.206  -67.212  49.203 1.0000000000
6439  6.323  -66.420  43.258 1.0000000000
7109  6.854  -65.391  43.276 1.0000000000
7116  5.602  -65.211  43.401 1.0000000000
7110  4.996  -64.910  44.574 0.8999999762
7144  15.346  -65.598  41.489 1.0000000000
7130  15.218  -66.254  42.234 1.0000000000
13446  8.836  -56.936  41.988 1.0000000000
147127  7.172  -56.705  42.636 1.0000000000
14229  4.895  -56.063  44.383 1.0000000000
15015  3.817  -54.724  45.036 1.0000000000
7129  16.918  -66.338  42.150 1.0000000000
12683  9.836  -57.186  41.495 1.0000000000
7143  16.612  -65.866  41.339 1.0000000000
7813  14.591  -63.745  40.694 1.0000000000
8475  12.354  -63.313  40.725 1.0000000000
12713  11.342  -57.492  38.969 1.0000000000
15016  3.467  -54.394  44.614 1.0000000000
7159  17.558  -65.347  40.305 1.0000000000
7826  15.325  -64.063  40.225 1.0000000000
9833  12.876  -61.927  40.316 1.0000000000
12724  11.498  -57.879  38.020 1.0000000000
147714  18.438  -65.214  41.463 1.0000000000
9180  15.870  -63.119  39.077 1.0000000000
10517  13.198  -60.270  38.852 1.0000000000
11977  11.639  -58.660  36.815 1.0000000000
13448  3.856  -56.206  42.513 1.0000000000
13435  4.197  -56.778  44.138 1.0000000000
15755  3.203  -53.479  44.650 1.0000000000
142916  12.773  -61.803  38.633 1.0000000000
10531  12.924  -59.803  37.711 1.0000000000
9883  13.165  -61.006  36.539 1.0000000000
142304  12.981  -60.421  37.093 1.0000000000
11250  11.720  -59.617  35.503 1.0000000000
12688  4.273  -57.408  42.159 1.0000000000
13463  4.784  -56.399  40.458 0.6000000238
8499  19.495  -63.875  38.868 1.0000000000
7848  18.811  -63.881  37.846 1.0000000000
7836  18.204  -63.968  38.041 1.0000000000
9204  17.176  -62.443  37.138 1.0000000000
9900  12.995  -60.794  35.450 1.0000000000
10553  12.330  -60.133  35.157 1.0000000000
8512  19.537  -63.621  38.156 1.0000000000
10567  11.984  -60.421  34.442 1.0000000000
143322  4.955  -60.937  41.794 0.8000000119
149695  11.500  -61.209  33.868 1.0000000000
9184  5.420  -63.694  41.295 1.0000000000
146708  8.078  -66.192  37.838 1.0000000000
6525  6.718  -67.234  38.422 0.8999999762
7183  6.230  -66.302  39.447 1.0000000000
138528  5.603  -67.025  38.811 0.8999999762
7208  4.938  -66.856  37.596 0.8999999762
7220  6.403  -65.627  35.573 0.6999999881
7221  5.320  -66.306  36.520 0.8999999762
7891  6.896  -64.771  35.177 0.6999999881
7906  6.915  -64.702  33.958 0.5000000000
5243  14.427  -68.305  47.743 1.0000000000
5254  14.745  -68.376  46.421 1.0000000000
5808  16.143  -67.292  45.016 1.0000000000
5776  13.658  -67.789  48.830 1.0000000000
155341  15.998  -67.260  44.267 1.0000000000
5775  14.417  -67.575  48.273 1.0000000000
5780  9.955  -67.915  48.175 1.0000000000
5802  8.432  -67.330  46.088 1.0000000000
5803  7.753  -67.674  45.317 1.0000000000
6438  7.284  -66.181  43.952 1.0000000000
6458  16.241  -66.927  43.541 1.0000000000
6400  11.204  -67.029  48.598 1.0000000000
6427  7.870  -66.800  45.124 1.0000000000
158447  7.568  -65.534  43.856 1.0000000000
5790  10.379  -67.115  47.968 1.0000000000
7750  4.901  -64.282  45.410 0.8000000119
6468  16.160  -66.579  42.621 1.0000000000
6399  11.738  -66.277  48.617 1.0000000000
13445  9.713  -56.789  41.680 1.0000000000
15020  5.422  -54.893  43.649 1.0000000000
12700  11.227  -57.050  40.341 1.0000000000
9155  13.879  -62.351  40.914 1.0000000000
151795  15.994  -64.331  39.809 1.0000000000
9168  14.280  -61.978  40.568 1.0000000000
10499  13.234  -61.039  39.833 1.0000000000
11948  12.234  -58.001  38.169 1.0000000000
9843  15.093  -61.330  39.655 1.0000000000
11223  12.618  -59.133  37.449 1.0000000000
15764  3.357  -53.693  42.982 1.0000000000
9205  16.554  -62.142  37.741 1.0000000000
9856  12.872  -61.397  39.195 1.0000000000
11235  12.563  -59.542  36.699 1.0000000000
14252  4.104  -55.859  41.004 0.8999999762
16561  4.421  -52.739  40.450 0.8999999762
148047  3.554  -52.808  41.015 0.8999999762
140274  17.378  -63.568  38.100 1.0000000000
11249  12.297  -59.676  35.886 1.0000000000
10543  12.742  -60.222  36.078 1.0000000000
9190  20.102  -62.744  38.553 1.0000000000
8529  18.533  -63.572  37.367 1.0000000000
11921  4.685  -59.016  41.111 0.8000000119
8527  19.840  -63.148  37.590 1.0000000000
145096  4.738  -60.064  41.078 0.8000000119
8541  19.960  -62.894  36.921 1.0000000000
9835  4.908  -62.276  41.329 0.8999999762
156456  4.593  -62.943  40.961 1.0000000000
8504  5.036  -64.595  40.823 1.0000000000
7184  4.973  -66.504  39.384 0.8999999762
151840  4.675  -65.921  39.858 1.0000000000
136371  4.577  -66.379  38.150 0.8999999762
148944  4.837  -65.954  37.067 0.8000000119
7876  5.983  -65.224  36.102 0.6999999881
137055  6.506  -64.016  35.779 0.6000000238
5809  15.871  -67.293  46.341 1.0000000000
5801  15.339  -67.843  46.411 1.0000000000
6446  16.622  -66.863  44.511 1.0000000000
6424  16.343  -66.696  46.329 1.0000000000
139111  15.081  -66.999  47.856 1.0000000000
6412  9.988  -66.420  47.091 1.0000000000
6425  9.383  -66.109  46.231 1.0000000000
6437  8.180  -65.827  44.735 1.0000000000
7767  6.457  -64.940  42.957 1.0000000000
6445  17.110  -66.509  43.914 1.0000000000
7760  5.633  -64.372  43.626 0.8999999762
7122  18.037  -65.480  43.408 1.0000000000
155008  17.506  -66.132  43.427 1.0000000000
138631  8.183  -56.525  42.177 1.0000000000
14241  6.316  -55.334  42.868 1.0000000000
15763  4.479  -54.376  44.771 1.0000000000
9167  14.856  -62.169  40.002 1.0000000000
12682  11.259  -56.429  40.894 1.0000000000
134685  10.667  -56.752  41.183 1.0000000000
7779  18.729  -64.665  42.186 1.0000000000
8485  14.910  -63.117  40.171 1.0000000000
9831  14.095  -61.174  40.572 1.0000000000
11182  14.091  -59.179  40.021 1.0000000000
14240  7.317  -55.893  42.450 1.0000000000
141777  6.591  -54.105  42.425 1.0000000000
7794  18.929  -64.425  41.325 1.0000000000
139990  15.323  -62.848  39.617 1.0000000000
11194  14.023  -58.177  40.187 1.0000000000
8471  19.211  -63.593  41.331 1.0000000000
9192  16.122  -62.404  38.436 1.0000000000
9855  15.577  -61.434  38.808 1.0000000000
159427  15.423  -60.105  39.008 1.0000000000
11195  13.592  -58.612  39.576 1.0000000000
15771  3.607  -54.119  41.617 1.0000000000
16542  3.308  -52.739  42.157 1.0000000000
9179  19.600  -63.447  39.719 1.0000000000
9867  16.548  -61.512  37.262 1.0000000000
9218  18.452  -63.042  36.064 1.0000000000
11937  4.389  -57.932  40.087 0.6000000238
9203  20.183  -62.746  37.851 1.0000000000
146962  20.461  -62.229  37.255 1.0000000000
8548  4.789  -64.567  37.648 0.8000000119
9196  4.096  -64.039  40.096 0.8999999762
156420  5.471  -64.744  36.732 0.8000000119
160187  15.970  -66.792  46.871 1.0000000000
7070  13.244  -65.559  48.834 1.0000000000
6436  16.719  -66.644  45.510 1.0000000000
6411  10.846  -66.287  47.858 1.0000000000
7097  9.461  -65.286  45.758 1.0000000000
7098  8.782  -64.997  44.877 1.0000000000
7758  7.744  -64.771  43.723 1.0000000000
159353  6.985  -64.748  43.089 1.0000000000
7114  17.234  -66.245  44.820 1.0000000000
6410  15.100  -66.045  48.127 1.0000000000
7759  6.852  -64.179  43.209 1.0000000000
144738  5.674  -63.640  44.065 0.8999999762
8435  5.041  -63.194  45.218 0.8000000119
14238  9.182  -56.310  41.607 1.0000000000
14239  8.206  -55.553  41.729 1.0000000000
7766  18.334  -64.804  43.763 1.0000000000
16516  3.645  -52.998  45.149 1.0000000000
8462  18.924  -63.919  42.834 1.0000000000
10496  14.746  -60.389  39.945 1.0000000000
12680  12.723  -56.804  40.181 1.0000000000
15762  5.672  -53.936  43.488 1.0000000000
134191  19.457  -63.112  40.671 1.0000000000
9181  15.445  -62.229  39.234 1.0000000000
15781  3.866  -53.523  40.961 1.0000000000
17295  3.370  -52.013  41.389 1.0000000000
140243  19.535  -62.233  40.959 1.0000000000
136293  20.202  -62.117  38.860 1.0000000000
9219  17.690  -62.461  36.248 1.0000000000
7730  14.473  -64.174  48.166 1.0000000000
141987  16.239  -66.142  47.001 1.0000000000
7083  15.068  -65.020  48.189 1.0000000000
7715  12.762  -64.830  48.473 1.0000000000
7716  11.783  -64.704  47.865 1.0000000000
7085  10.581  -65.446  47.018 1.0000000000
7086  9.895  -65.637  46.470 1.0000000000
146868  7.634  -63.912  43.838 1.0000000000
6423  16.793  -65.945  46.355 1.0000000000
7095  16.424  -65.160  47.006 1.0000000000
7745  16.062  -64.207  47.239 1.0000000000
7713  14.201  -64.802  48.466 1.0000000000
7108  17.630  -65.318  45.098 1.0000000000
7744  16.657  -64.339  46.705 1.0000000000
7729  15.303  -64.172  47.743 1.0000000000
7071  12.253  -65.514  48.555 1.0000000000
151732  9.659  -55.684  41.011 1.0000000000
15032  8.869  -55.143  40.985 1.0000000000
8410  4.808  -63.260  46.913 0.8000000119
153647  17.977  -64.617  44.875 1.0000000000
143176  18.181  -63.025  44.948 1.0000000000
8419  17.127  -63.927  46.238 1.0000000000
14257  12.934  -56.223  39.708 1.0000000000
14258  12.337  -56.215  40.307 1.0000000000
14260  11.075  -55.659  40.548 1.0000000000
16528  5.198  -53.118  44.282 1.0000000000
159314  19.138  -63.130  43.005 1.0000000000
9123  18.577  -62.755  44.219 1.0000000000
10506  15.296  -60.573  39.284 1.0000000000
146059  15.165  -59.663  39.497 1.0000000000
13459  12.162  -56.438  40.322 1.0000000000
14248  11.483  -56.086  40.948 1.0000000000
15045  9.573  -54.806  40.241 1.0000000000
15778  8.009  -53.679  40.821 1.0000000000
16527  6.036  -51.999  43.184 1.0000000000
9135  18.971  -62.584  43.490 1.0000000000
11931  14.607  -58.031  40.184 1.0000000000
12679  13.656  -57.360  40.006 1.0000000000
15044  10.370  -55.136  39.976 1.0000000000
15776  8.641  -53.997  40.374 1.0000000000
156107  7.625  -53.174  40.989 1.0000000000
17276  3.855  -51.995  45.227 1.0000000000
150400  3.282  -50.856  44.235 1.0000000000
8461  19.222  -63.176  42.160 1.0000000000
9808  19.332  -61.695  42.466 1.0000000000
11193  15.313  -58.850  39.239 1.0000000000
16541  6.712  -52.250  41.903 1.0000000000
16543  3.142  -51.704  43.008 1.0000000000
9829  19.637  -61.399  40.774 1.0000000000
10542  16.528  -60.756  36.765 1.0000000000
10530  16.122  -60.643  37.541 1.0000000000
11221  16.236  -59.903  37.044 1.0000000000
13489  15.111  -57.357  37.169 1.0000000000
16578  4.321  -51.882  39.794 0.8000000119
17314  3.647  -51.324  40.541 0.8999999762
17296  3.236  -51.046  41.755 0.8999999762
138209  19.750  -61.909  40.296 1.0000000000
9881  17.037  -61.607  36.481 1.0000000000
158748  16.536  -60.120  36.405 1.0000000000
133937  20.490  -61.502  38.409 1.0000000000
9842  20.191  -61.341  39.219 1.0000000000
9234  18.173  -62.555  35.591 1.0000000000
10552  16.931  -60.747  35.915 1.0000000000
136032  20.630  -61.694  37.714 1.0000000000
9232  19.698  -62.709  35.287 1.0000000000
9233  18.879  -62.933  35.321 1.0000000000
9897  18.361  -62.258  34.911 1.0000000000
10528  20.984  -60.320  37.196 1.0000000000
9880  20.595  -62.043  36.308 1.0000000000
9246  19.811  -62.380  34.524 1.0000000000
9909  17.869  -61.441  34.646 1.0000000000
11214  4.119  -58.565  38.963 0.6000000238
9879  20.854  -61.361  35.956 1.0000000000
9896  20.612  -61.870  35.439 1.0000000000
10551  21.056  -60.676  35.497 1.0000000000
9257  20.043  -62.080  34.138 1.0000000000
9085  14.161  -62.842  47.691 1.0000000000
8405  12.982  -63.519  47.906 1.0000000000
137463  11.776  -64.011  47.475 1.0000000000
139882  11.343  -63.554  46.971 1.0000000000
8402  15.559  -63.427  47.394 1.0000000000
7084  11.136  -64.880  47.238 1.0000000000
7096  10.072  -64.867  46.132 1.0000000000
7748  9.377  -64.402  45.361 1.0000000000
8422  10.064  -63.172  46.091 1.0000000000
9115  8.277  -62.843  45.399 1.0000000000
9116  7.365  -62.797  45.039 1.0000000000
9117  6.287  -62.674  45.027 1.0000000000
14259  11.808  -55.782  40.296 1.0000000000
9106  5.526  -62.543  45.894 0.8000000119
8394  4.905  -63.017  47.794 0.6999999881
151232  16.977  -63.090  46.276 1.0000000000
15770  6.331  -53.073  42.783 1.0000000000
9797  18.963  -61.176  43.716 1.0000000000
148447  18.254  -62.062  44.835 1.0000000000
13481  13.982  -56.928  39.322 1.0000000000
134388  6.484  -51.491  42.184 1.0000000000
18071  4.433  -50.348  44.972 1.0000000000
9820  19.451  -61.527  41.611 1.0000000000
9809  19.257  -61.209  43.034 1.0000000000
11209  15.590  -58.903  38.336 1.0000000000
11946  15.382  -58.221  38.911 1.0000000000
15788  10.089  -54.312  39.227 1.0000000000
15789  9.226  -53.774  39.543 1.0000000000
15777  8.020  -53.030  40.260 1.0000000000
18091  3.415  -49.907  43.950 1.0000000000
147875  16.696  -59.830  35.833 1.0000000000
15813  11.445  -53.620  37.301 1.0000000000
15814  10.649  -53.287  37.569 1.0000000000
16611  9.535  -52.365  37.684 1.0000000000
143257  4.025  -51.117  39.621 0.8999999762
18911  3.126  -49.514  43.004 0.8999999762
10495  19.794  -60.638  40.499 1.0000000000
11234  16.379  -59.408  36.443 1.0000000000
135430  3.151  -50.214  42.037 0.8999999762
10515  20.532  -60.505  38.746 1.0000000000
133730  17.112  -60.219  35.221 1.0000000000
11975  16.220  -58.675  36.221 1.0000000000
11206  21.041  -58.993  38.134 1.0000000000
9908  18.639  -61.855  34.019 1.0000000000
9247  19.174  -62.541  34.589 1.0000000000
10541  21.040  -60.580  36.339 1.0000000000
144254  18.671  -61.232  33.460 1.0000000000
10565  18.032  -61.035  33.862 1.0000000000
11246  21.469  -59.144  35.447 1.0000000000
9919  20.798  -61.002  34.062 1.0000000000
9921  19.908  -61.697  33.641 1.0000000000
156285  21.315  -59.956  34.898 1.0000000000
146000  14.400  -62.045  47.544 1.0000000000
156262  13.674  -62.335  47.595 1.0000000000
147422  12.726  -62.962  47.560 1.0000000000
9087  12.174  -62.542  47.354 1.0000000000
148911  16.744  -61.129  46.436 1.0000000000
9760  16.450  -61.606  46.637 1.0000000000
9100  15.784  -62.622  47.160 1.0000000000
8403  14.732  -63.463  47.768 1.0000000000
7746  10.767  -63.750  46.441 1.0000000000
9101  10.651  -62.603  46.527 1.0000000000
155243  17.446  -60.401  45.826 1.0000000000
9775  17.001  -61.722  46.244 1.0000000000
9099  16.522  -62.391  46.585 1.0000000000
149910  8.451  -62.332  45.930 1.0000000000
9766  6.186  -61.880  46.269 0.8999999762
9774  17.617  -61.700  45.559 1.0000000000
9113  17.758  -62.505  45.390 1.0000000000
9102  9.822  -62.455  46.275 1.0000000000
9764  8.175  -61.818  46.303 1.0000000000
8420  16.391  -63.415  46.808 1.0000000000
142629  13.508  -56.474  39.271 1.0000000000
9753  5.125  -62.227  47.705 0.6999999881
13491  13.799  -56.377  38.390 1.0000000000
15043  11.039  -55.055  39.443 1.0000000000
10457  18.762  -60.329  44.147 1.0000000000
18874  4.260  -49.678  44.431 1.0000000000
11165  19.347  -59.866  42.665 1.0000000000
10483  19.388  -60.803  42.308 1.0000000000
12723  15.256  -57.799  38.162 1.0000000000
138607  14.689  -57.221  38.182 1.0000000000
15069  11.789  -54.297  37.743 1.0000000000
16575  8.302  -52.599  39.452 1.0000000000
16576  7.748  -52.159  39.925 1.0000000000
16560  6.819  -51.534  41.277 1.0000000000
18893  3.771  -48.997  43.823 1.0000000000
11915  19.933  -59.025  40.791 1.0000000000
18171  4.200  -50.452  38.261 0.6000000238
18149  3.685  -49.751  39.417 0.8000000119
155289  20.209  -59.020  40.058 1.0000000000
10505  20.123  -60.537  39.685 1.0000000000
148033  17.266  -59.889  34.586 1.0000000000
18964  4.070  -49.547  38.037 0.6999999881
11945  20.819  -58.746  38.876 1.0000000000
11248  16.528  -59.164  35.828 1.0000000000
12732  16.025  -57.903  35.739 1.0000000000
142999  3.207  -48.570  42.735 0.8999999762
11219  21.121  -59.350  37.385 1.0000000000
11262  17.170  -59.156  34.263 1.0000000000
144650  21.323  -58.869  36.861 1.0000000000
9933  19.077  -60.988  32.945 1.0000000000
10579  17.707  -60.048  33.826 1.0000000000
11989  21.972  -57.903  35.732 1.0000000000
143085  21.272  -59.862  35.826 1.0000000000
10576  20.857  -60.455  33.520 1.0000000000
155083  21.528  -59.146  34.771 1.0000000000
10564  21.148  -60.297  34.089 1.0000000000
10588  19.603  -60.495  32.771 1.0000000000
10589  18.902  -60.215  32.713 1.0000000000
11261  21.445  -59.472  34.105 1.0000000000
11283  20.886  -59.846  32.937 1.0000000000
10433  16.140  -60.915  46.860 1.0000000000
9743  15.266  -61.201  47.349 1.0000000000
9744  14.429  -61.251  47.542 1.0000000000
9088  11.421  -62.886  46.941 1.0000000000
9762  10.219  -61.898  46.688 1.0000000000
11133  17.397  -59.712  45.918 1.0000000000
9747  11.326  -61.992  47.092 1.0000000000
9748  9.572  -61.335  47.102 1.0000000000
9750  7.781  -61.312  46.896 0.8000000119
11145  18.383  -59.755  44.825 1.0000000000
15729  14.110  -53.136  45.639 0.8999999762
9752  5.737  -61.634  47.118 0.6999999881
11144  18.755  -59.359  44.214 1.0000000000
10458  18.273  -60.585  44.912 1.0000000000
14272  12.604  -55.534  38.966 1.0000000000
15058  11.468  -54.610  38.536 1.0000000000
142427  19.055  -58.936  43.692 1.0000000000
17293  6.458  -50.784  41.935 1.0000000000
17294  6.145  -50.909  43.045 1.0000000000
11158  19.341  -58.927  42.935 0.8999999762
10470  19.183  -60.512  43.258 1.0000000000
15057  12.213  -54.884  38.326 1.0000000000
17313  6.706  -50.784  40.849 1.0000000000
18110  6.183  -50.020  42.952 1.0000000000
18090  5.667  -50.117  44.132 1.0000000000
12733  15.566  -57.587  36.418 1.0000000000
14283  13.455  -55.611  37.718 1.0000000000
18892  5.042  -48.905  44.301 1.0000000000
13501  15.199  -56.798  36.111 1.0000000000
14294  14.249  -55.697  36.393 1.0000000000
19696  4.412  -48.001  43.560 0.8999999762
11914  20.341  -58.310  40.302 1.0000000000
15079  12.766  -54.317  36.902 1.0000000000
12695  20.783  -57.837  39.842 1.0000000000
12005  16.427  -57.916  34.731 1.0000000000
151816  15.670  -57.233  35.695 1.0000000000
14293  14.749  -56.121  36.054 1.0000000000
15827  11.871  -53.289  36.614 1.0000000000
11958  21.403  -58.419  37.518 1.0000000000
151384  17.247  -58.703  33.853 1.0000000000
14307  14.645  -55.426  35.597 1.0000000000
12722  21.858  -57.747  37.330 1.0000000000
154065  21.595  -57.831  37.977 1.0000000000
143440  20.208  -59.922  32.639 1.0000000000
11285  18.209  -59.722  33.053 1.0000000000
138299  18.759  -59.349  32.491 1.0000000000
155393  22.430  -57.605  35.239 1.0000000000
141911  21.776  -58.633  34.317 1.0000000000
12019  21.670  -58.835  33.395 1.0000000000
134482  21.327  -59.242  32.972 1.0000000000
157905  20.596  -59.508  32.573 1.0000000000
12018  22.228  -57.981  33.796 1.0000000000
12036  21.637  -58.569  32.724 1.0000000000
141602  16.150  -58.664  47.015 1.0000000000
11106  15.383  -59.255  47.425 1.0000000000
11126  16.009  -59.528  47.047 1.0000000000
10414  15.495  -60.211  47.278 1.0000000000
148498  13.804  -60.525  47.738 1.0000000000
143703  12.698  -60.905  47.754 1.0000000000
9746  12.373  -61.722  47.488 1.0000000000
10432  16.856  -60.378  46.347 1.0000000000
11866  17.824  -58.271  45.587 0.8999999762
15720  13.587  -53.602  46.220 0.8999999762
14985  13.063  -54.080  46.770 0.8999999762
9749  8.622  -61.345  46.985 1.0000000000
10422  7.369  -60.569  47.484 0.8000000119
12638  18.650  -57.501  44.713 0.8999999762
11132  17.997  -59.152  45.392 0.8999999762
16490  14.624  -52.771  44.862 0.8999999762
9076  5.026  -62.678  48.094 0.6999999881
11887  19.245  -58.267  43.495 0.8999999762
16491  13.698  -52.778  44.796 0.8999999762
15730  13.229  -53.102  45.448 0.8999999762
15800  10.316  -53.710  38.319 1.0000000000
15801  9.582  -53.412  38.705 1.0000000000
10424  5.485  -61.286  47.982 0.6999999881
11886  19.492  -58.150  42.847 0.8999999762
18909  6.244  -49.268  42.955 1.0000000000
13431  19.926  -56.991  42.894 0.8999999762
18109  6.366  -49.943  41.755 1.0000000000
140249  5.933  -49.168  44.059 1.0000000000
19695  5.681  -48.194  44.000 0.8999999762
11904  20.131  -58.116  41.038 1.0000000000
12756  16.358  -57.111  34.226 1.0000000000
17363  9.460  -51.615  37.150 1.0000000000
18170  6.703  -49.320  39.178 1.0000000000
18943  6.433  -48.753  40.196 1.0000000000
18910  6.193  -48.490  43.369 1.0000000000
12677  20.620  -57.660  40.604 0.8999999762
15077  13.999  -54.742  35.896 1.0000000000
16628  10.841  -52.238  36.552 1.0000000000
18945  3.475  -48.901  39.822 0.8999999762
19728  3.405  -47.904  40.406 0.8999999762
19709  3.530  -47.564  42.072 0.8999999762
12694  21.359  -57.524  39.453 1.0000000000
11286  18.075  -58.812  32.909 1.0000000000
12744  15.564  -56.632  35.209 1.0000000000
15841  13.467  -53.841  35.813 1.0000000000
16644  11.604  -52.449  36.176 1.0000000000
12709  21.583  -57.605  38.705 1.0000000000
12020  17.409  -58.224  33.481 1.0000000000
13511  15.930  -56.560  34.460 1.0000000000
15091  15.121  -55.296  34.878 1.0000000000
15840  14.116  -53.902  35.270 1.0000000000
12040  17.924  -57.884  32.771 1.0000000000
141967  17.278  -57.266  33.131 1.0000000000
12731  22.190  -57.602  36.585 1.0000000000
12038  19.369  -58.869  32.059 1.0000000000
12035  22.106  -58.162  32.991 1.0000000000
12764  22.817  -57.444  33.736 1.0000000000
12053  20.726  -58.511  32.011 1.0000000000
138185  22.603  -57.572  33.009 1.0000000000
12775  22.115  -57.738  32.381 1.0000000000
11844  15.320  -58.345  47.502 0.8999999762
11855  16.627  -57.859  46.600 0.8999999762
12617  15.928  -57.689  47.156 0.8999999762
12600  15.181  -57.455  47.534 0.8999999762
11845  14.554  -58.056  47.838 0.8999999762
144189  13.794  -59.533  48.013 1.0000000000
10417  12.008  -60.428  48.109 1.0000000000
13412  18.196  -56.953  45.301 0.8999999762
12629  17.129  -57.173  46.262 0.8999999762
15728  15.039  -53.412  45.734 0.8999999762
15719  14.396  -53.769  46.270 0.8999999762
133438  13.829  -58.619  48.166 0.8999999762
135411  12.244  -59.765  48.367 1.0000000000
10418  11.055  -60.589  47.872 1.0000000000
137901  17.389  -58.858  46.028 0.8999999762
147969  11.848  -55.136  47.554 0.8999999762
10420  9.106  -60.692  47.488 0.8999999762
11112  8.747  -60.089  47.952 0.8999999762
13411  18.682  -56.502  44.782 0.8999999762
16496  15.355  -52.664  44.414 0.8999999762
15721  12.680  -53.568  45.981 0.8999999762
10419  10.069  -60.657  47.629 1.0000000000
10423  6.282  -60.875  47.453 0.8000000119
147540  12.158  -54.074  46.488 0.8000000119
12645  19.202  -57.587  43.979 0.8999999762
153034  14.951  -52.454  42.811 0.8999999762
16510  12.986  -52.832  42.623 0.8000000119
16498  13.117  -52.763  43.845 0.8000000119
15731  12.223  -53.171  44.946 0.6999999881
13421  19.575  -56.767  43.705 0.8999999762
17333  7.940  -51.890  39.107 1.0000000000
15799  11.028  -54.023  37.953 1.0000000000
16592  9.227  -52.669  38.328 1.0000000000
17349  8.255  -51.472  38.345 1.0000000000
18168  7.792  -50.486  37.859 1.0000000000
19708  4.396  -47.153  42.927 0.8999999762
12676  21.234  -57.318  40.209 0.8999999762
17381  10.273  -51.677  36.534 1.0000000000
19727  6.704  -48.082  42.763 0.8999999762
13454  22.293  -56.302  40.321 0.8999999762
13468  21.852  -56.959  39.743 0.8999999762
12765  16.719  -56.984  33.604 1.0000000000
15842  12.926  -53.100  35.659 1.0000000000
20588  3.763  -46.970  40.933 0.8000000119
20562  4.032  -46.771  42.074 0.8999999762
14270  23.008  -56.159  39.030 1.0000000000
12708  22.036  -57.346  38.041 1.0000000000
13479  22.179  -56.935  38.895 0.8999999762
14317  15.924  -55.943  34.057 1.0000000000
16641  13.630  -53.167  35.188 1.0000000000
16642  13.158  -52.369  35.115 1.0000000000
16643  12.389  -52.382  35.594 1.0000000000
13488  23.098  -56.617  37.309 1.0000000000
152729  17.836  -57.190  32.531 1.0000000000
159883  16.623  -56.079  33.250 1.0000000000
14333  15.625  -55.267  34.150 1.0000000000
13500  22.841  -57.104  36.620 1.0000000000
12791  18.865  -57.166  31.732 1.0000000000
137079  18.395  -57.556  32.171 1.0000000000
13542  17.533  -56.503  32.545 1.0000000000
14332  16.325  -55.441  33.418 1.0000000000
12741  23.153  -57.192  35.178 1.0000000000
12753  23.274  -57.131  34.164 1.0000000000
12790  19.765  -57.217  31.505 1.0000000000
12787  22.300  -57.071  31.771 1.0000000000
12789  20.862  -57.682  31.647 1.0000000000
140132  16.390  -56.990  46.734 0.8999999762
12584  13.129  -57.326  48.357 0.8999999762
14197  17.427  -55.563  45.687 0.8999999762
14198  16.705  -55.188  46.049 0.8999999762
14188  16.250  -55.581  46.459 0.8999999762
14189  15.598  -55.450  46.807 0.8999999762
14970  14.340  -54.881  47.241 0.8999999762
14971  13.403  -54.820  47.365 0.8999999762
11831  12.338  -58.416  48.516 0.8999999762
11092  11.878  -59.158  48.536 1.0000000000
11093  10.879  -59.272  48.494 0.8999999762
11832  11.362  -58.358  48.540 0.8999999762
11094  9.908  -59.422  48.371 0.8999999762
14208  18.731  -55.546  44.737 0.8999999762
16508  15.151  -52.464  43.596 0.8999999762
14159  11.676  -55.821  48.042 0.8999999762
11113  8.044  -59.957  47.952 0.8000000119
143900  7.434  -59.616  48.068 0.6999999881
144141  6.624  -60.029  47.941 0.6999999881
16525  13.993  -52.705  41.653 0.8000000119
11834  9.361  -58.808  48.424 0.8999999762
11114  5.780  -59.451  48.439 0.6999999881
144575  19.885  -55.051  43.841 0.8999999762
14207  19.381  -55.233  44.274 0.8999999762
15012  20.185  -54.490  43.501 0.8999999762
14219  19.779  -55.820  43.825 0.8999999762
16540  14.281  -52.688  40.697 0.8999999762
135210  12.631  -52.503  41.180 0.8000000119
151168  12.267  -52.803  42.711 0.6999999881
18928  6.303  -48.828  41.697 1.0000000000
15019  20.858  -54.731  43.018 0.8999999762
14218  20.370  -55.464  43.336 0.8999999762
14226  21.441  -55.099  42.458 0.8999999762
13532  16.379  -56.394  33.723 1.0000000000
20548  5.248  -47.326  43.488 0.8999999762
14235  22.666  -54.762  41.239 0.8999999762
13455  21.662  -56.702  40.623 0.8999999762
17382  9.682  -50.907  36.421 1.0000000000
18190  8.265  -50.133  37.175 1.0000000000
18169  7.132  -49.937  38.376 1.0000000000
18944  6.571  -48.395  41.266 0.8999999762
14256  22.892  -55.871  40.026 0.8999999762
15103  15.199  -54.417  34.372 1.0000000000
18205  10.337  -50.952  35.905 1.0000000000
18963  7.234  -49.137  38.531 1.0000000000
13467  22.451  -56.459  39.592 1.0000000000
14331  16.996  -55.833  32.770 1.0000000000
151371  15.430  -53.971  33.936 1.0000000000
17395  11.792  -51.650  35.545 1.0000000000
14292  24.155  -56.053  36.415 1.0000000000
13477  23.400  -56.037  38.055 1.0000000000
146138  23.224  -57.032  36.003 1.0000000000
12763  23.148  -57.020  33.268 1.0000000000
145971  17.611  -55.792  32.316 1.0000000000
13521  23.850  -56.651  34.620 1.0000000000
13554  21.494  -56.842  31.463 1.0000000000
13556  19.998  -56.296  31.367 1.0000000000
14363  19.533  -55.598  31.472 1.0000000000
14347  18.082  -55.221  31.920 1.0000000000
13553  22.268  -56.317  31.472 1.0000000000
14362  20.419  -55.627  31.328 1.0000000000
138222  23.537  -56.478  32.747 1.0000000000
151643  22.762  -56.511  31.802 1.0000000000
146696  20.034  -54.927  31.422 1.0000000000
14996  17.137  -54.634  45.477 0.8999999762
15740  16.210  -53.069  44.705 0.8999999762
150192  13.989  -55.573  47.624 0.8999999762
146670  12.690  -55.141  47.599 0.8999999762
13355  12.210  -56.300  48.239 0.8999999762
12587  10.618  -57.735  48.480 0.8999999762
15738  18.190  -54.057  44.504 0.8999999762
15007  17.462  -54.037  44.869 0.8999999762
11096  8.545  -59.236  48.290 0.8000000119
15014  18.760  -53.999  44.152 0.8999999762
11847  7.918  -59.225  48.228 0.6999999881
15749  19.712  -53.655  43.409 0.8999999762
14236  21.791  -55.593  41.777 0.8999999762
18207  8.781  -49.859  36.729 1.0000000000
18191  7.758  -49.651  37.802 1.0000000000
14244  23.130  -55.034  40.568 0.8999999762
160354  14.182  -53.283  34.799 1.0000000000
154768  9.801  -50.298  35.916 1.0000000000
19726  6.952  -47.772  41.984 0.8999999762
20560  5.873  -46.712  43.063 0.8999999762
20561  4.778  -46.567  42.723 0.8999999762
15056  24.328  -54.962  38.790 1.0000000000
15029  23.683  -54.458  40.331 0.8999999762
14255  23.463  -55.337  39.723 0.8999999762
20653  4.500  -47.470  38.363 0.6999999881
20587  4.372  -46.192  41.487 0.8999999762
14268  24.239  -55.381  37.962 1.0000000000
15113  16.466  -54.550  33.115 1.0000000000
155485  24.640  -55.575  36.253 1.0000000000
14305  23.841  -56.530  35.658 1.0000000000
13530  23.808  -56.631  33.621 1.0000000000
14316  24.403  -56.034  35.023 1.0000000000
13520  24.423  -56.114  34.050 1.0000000000
145262  20.900  -54.970  31.279 1.0000000000
15722  11.738  -53.683  45.613 0.6999999881
12586  11.443  -57.402  48.473 0.8999999762
15760  18.420  -52.968  43.201 0.8999999762
15752  17.512  -53.361  44.068 0.8999999762
16523  16.798  -52.654  42.977 0.8999999762
16524  15.216  -52.533  42.088 0.8999999762
13357  10.670  -56.835  48.354 0.8999999762
15759  19.044  -52.907  42.954 0.8999999762
16557  13.495  -52.078  39.212 0.6999999881
147185  12.672  -51.864  39.901 0.8000000119
14973  11.035  -54.929  47.204 0.8000000119
13380  10.080  -55.997  47.830 0.8000000119
13358  9.755  -56.902  48.280 0.8000000119
12589  8.743  -58.249  48.370 0.8000000119
16521  19.005  -52.658  41.893 0.8999999762
15758  19.828  -53.023  42.740 0.8999999762
16574  15.684  -52.320  38.374 0.6999999881
16556  15.642  -52.666  39.462 0.6999999881
145022  11.557  -52.096  41.256 0.6000000238
16499  12.065  -52.947  43.658 0.6999999881
15742  11.172  -53.046  44.019 0.6999999881
14999  11.218  -54.072  46.177 0.6999999881
14174  10.088  -55.063  47.093 0.6999999881
144517  9.846  -54.501  46.315 0.6000000238
12604  8.085  -57.769  48.258 0.6999999881
11835  5.891  -58.271  48.436 0.6999999881
15768  20.705  -53.092  42.423 0.8999999762
16590  16.226  -51.254  37.213 0.5000000000
17310  14.352  -52.006  38.540 0.6999999881
16511  11.251  -52.376  42.236 0.6000000238
132965  10.912  -52.768  42.934 0.6000000238
15732  10.770  -53.779  45.224 0.6999999881
15000  10.276  -54.090  45.850 0.6000000238
13382  8.147  -56.711  47.855 0.6000000238
160191  21.409  -53.417  42.309 0.8999999762
17331  14.711  -51.338  37.691 0.6000000238
18128  13.662  -50.112  38.652 0.6999999881
16558  12.739  -50.799  39.002 0.6999999881
17292  11.914  -50.125  40.519 0.6000000238
15733  9.744  -53.698  44.987 0.6000000238
14175  9.157  -55.504  47.272 0.6999999881
12605  7.441  -57.358  48.078 0.6999999881
16550  22.415  -52.574  41.225 0.8999999762
144889  21.928  -53.662  42.070 0.8999999762
19001  10.993  -48.744  35.051 1.0000000000
18992  9.300  -49.296  36.582 1.0000000000
18979  8.561  -49.344  37.293 1.0000000000
19742  7.333  -48.200  40.028 0.8999999762
15030  23.158  -54.125  40.994 0.8999999762
15025  22.575  -53.914  41.586 0.8999999762
17406  13.408  -51.483  34.592 1.0000000000
17407  12.749  -50.756  34.599 1.0000000000
17394  12.585  -51.608  35.067 1.0000000000
17396  11.134  -50.775  35.401 1.0000000000
20585  7.410  -47.052  42.668 0.8999999762
21476  5.960  -45.871  42.441 0.8999999762
15042  24.060  -54.789  39.516 0.8999999762
15774  23.649  -53.379  40.704 0.8999999762
15879  16.845  -53.184  32.668 1.0000000000
15866  15.632  -53.447  33.624 1.0000000000
16655  14.631  -53.050  34.353 1.0000000000
19762  8.354  -48.438  38.617 1.0000000000
19741  8.156  -48.143  39.689 0.8999999762
20604  7.396  -47.699  41.430 0.8999999762
15055  24.822  -54.618  38.390 1.0000000000
143158  19.060  -54.838  31.580 1.0000000000
15122  17.607  -54.533  32.262 1.0000000000
17405  14.124  -51.499  34.172 1.0000000000
18226  11.515  -50.175  34.851 1.0000000000
20625  8.851  -48.128  39.343 0.8999999762
14291  24.495  -55.516  36.985 1.0000000000
153606  20.528  -54.366  31.400 1.0000000000
16664  16.180  -52.856  33.139 1.0000000000
17416  15.368  -51.755  33.480 1.0000000000
20628  6.083  -46.716  38.769 0.6999999881
21537  5.506  -46.088  39.794 0.8000000119
21513  5.218  -45.628  40.573 0.8000000119
15075  25.585  -54.602  36.050 1.0000000000
14330  24.270  -56.038  33.089 1.0000000000
14360  22.294  -55.593  31.264 1.0000000000
145263  21.795  -54.965  31.150 1.0000000000
15135  19.829  -54.160  31.518 1.0000000000
154451  17.932  -54.049  31.972 1.0000000000
160246  25.240  -55.114  34.588 1.0000000000
14329  24.993  -55.342  33.597 1.0000000000
15877  18.331  -53.640  31.840 1.0000000000
135384  25.069  -54.932  32.797 1.0000000000
14345  24.531  -55.367  32.601 1.0000000000
15134  21.243  -54.249  31.268 1.0000000000
135781  25.403  -49.073  30.064 1.0000000000
16537  18.362  -52.657  40.848 0.8999999762
16522  18.126  -52.683  42.085 0.8999999762
139900  16.956  -52.589  41.905 0.8999999762
16536  19.224  -52.606  40.809 0.8999999762
141237  16.361  -52.627  40.613 0.8999999762
13381  9.081  -56.349  47.827 0.6999999881
16552  19.902  -52.488  40.325 0.8999999762
16589  17.024  -51.834  37.522 0.6999999881
16573  16.885  -52.538  38.589 0.8000000119
134707  16.891  -52.626  39.620 0.8999999762
15001  9.313  -54.050  45.716 0.6000000238
16535  20.265  -52.481  41.434 0.8999999762
16501  9.574  -52.435  43.728 0.6000000238
16551  21.458  -52.172  40.458 0.8999999762
18145  14.587  -50.373  38.069 0.5000000000
17281  11.449  -50.775  41.022 0.6000000238
16512  10.473  -51.708  42.408 0.6000000238
15743  10.265  -53.210  44.275 0.6000000238
145352  22.828  -52.270  40.853 0.8999999762
19810  10.644  -48.478  35.829 1.0000000000
19795  9.709  -48.689  36.813 1.0000000000
16549  23.575  -52.376  40.640 0.8999999762
152904  13.431  -50.572  34.246 1.0000000000
15787  24.275  -53.903  40.072 0.8999999762
19025  13.686  -49.557  33.756 1.0000000000
18225  12.149  -50.004  34.566 1.0000000000
19811  9.917  -48.850  36.075 1.0000000000
19796  9.143  -48.854  37.156 1.0000000000
20602  9.008  -47.572  40.548 0.8999999762
153076  7.929  -46.898  42.270 0.8999999762
15798  25.215  -53.802  38.939 0.8999999762
19825  11.734  -48.381  34.743 1.0000000000
19780  9.621  -48.407  37.703 0.8999999762
21475  6.862  -45.688  42.506 0.8999999762
15076  25.052  -55.071  36.550 1.0000000000
15133  22.119  -54.234  31.096 1.0000000000
15878  17.608  -53.565  32.237 1.0000000000
17415  15.979  -51.979  33.069 1.0000000000
18235  15.717  -51.009  33.082 1.0000000000
21512  6.249  -45.441  40.530 0.8000000119
15839  26.093  -54.054  35.593 1.0000000000
15119  24.681  -54.686  32.201 1.0000000000
15131  23.503  -54.615  31.315 1.0000000000
16677  16.678  -52.286  32.676 1.0000000000
15089  25.617  -54.630  35.101 1.0000000000
15890  25.263  -53.257  31.828 1.0000000000
15897  18.984  -53.055  31.781 1.0000000000
16694  18.979  -52.112  31.851 1.0000000000
17427  17.235  -51.699  32.372 1.0000000000
15101  25.581  -54.575  34.155 1.0000000000
15112  25.468  -54.503  33.221 1.0000000000
15895  20.619  -53.566  31.500 1.0000000000
16538  17.506  -52.637  40.841 0.8999999762
16553  19.083  -52.737  39.533 0.8999999762
143464  17.898  -52.678  40.017 0.8999999762
16555  17.876  -52.703  39.022 0.8999999762
16586  20.802  -52.364  37.721 0.8999999762
16500  10.238  -52.600  43.249 0.6000000238
17326  21.875  -51.718  38.622 0.8999999762
16570  21.149  -52.159  39.291 0.8999999762
17344  18.743  -51.605  36.886 0.5000000000
14988  8.990  -54.693  46.429 0.6000000238
142542  8.137  -55.131  46.934 0.6000000238
17325  22.869  -51.394  39.168 0.8999999762
16608  18.345  -52.083  36.890 0.6999999881
14989  8.055  -54.409  46.257 0.6000000238
17305  23.193  -51.657  40.194 0.8999999762
17304  24.138  -51.711  40.279 0.8999999762
18224  12.874  -49.769  34.200 1.0000000000
15786  25.165  -52.975  39.679 0.8999999762
19809  11.427  -48.151  35.358 1.0000000000
153297  8.198  -45.511  42.630 0.8999999762
15797  25.774  -53.494  38.339 0.8999999762
152830  17.051  -50.986  32.427 1.0000000000
18236  15.099  -50.167  33.265 1.0000000000
19013  13.009  -48.635  33.973 1.0000000000
19793  11.432  -48.094  36.446 1.0000000000
20669  11.060  -48.179  37.553 0.8999999762
20624  9.738  -47.977  39.716 0.8999999762
15825  26.051  -53.955  36.527 1.0000000000
15824  26.451  -53.304  36.976 1.0000000000
138131  23.393  -52.198  31.058 1.0000000000
155929  20.278  -52.684  31.696 1.0000000000
17426  17.973  -51.907  31.908 1.0000000000
17428  16.511  -51.428  32.687 1.0000000000
19023  15.268  -49.427  32.995 1.0000000000
159862  11.994  -47.870  34.952 1.0000000000
142419  12.734  -47.901  35.883 0.8999999762
20668  12.448  -48.091  36.784 0.8999999762
20649  9.941  -48.177  38.672 0.8999999762
21499  6.020  -45.316  41.313 0.8999999762
15852  26.524  -53.486  35.132 1.0000000000
16691  24.833  -52.736  31.284 1.0000000000
147033  21.125  -52.717  31.545 1.0000000000
18248  15.795  -49.994  32.792 1.0000000000
147955  19.900  -51.983  31.839 1.0000000000
15874  26.154  -53.240  33.116 1.0000000000
145259  20.705  -51.964  31.696 1.0000000000
17442  18.534  -51.203  31.841 1.0000000000
15892  23.520  -53.749  31.115 1.0000000000
146509  22.966  -52.895  31.088 1.0000000000
17440  20.295  -51.265  31.731 1.0000000000
19056  26.489  -49.952  30.549 1.0000000000
136576  19.844  -52.606  37.406 0.8000000119
134780  18.409  -52.619  38.044 0.8999999762
144372  18.553  -52.389  37.195 0.8000000119
148181  22.544  -51.417  37.647 0.8000000119
151269  21.683  -51.795  36.543 0.8000000119
18166  19.509  -51.121  36.823 0.5000000000
17342  23.334  -50.892  37.573 0.8999999762
16626  18.885  -51.967  36.559 0.6000000238
17323  24.694  -51.124  39.701 0.8999999762
17324  23.853  -50.934  39.243 0.8999999762
19794  10.711  -48.297  36.676 1.0000000000
142866  10.620  -47.981  39.452 0.8999999762
17322  25.668  -51.490  39.585 0.8999999762
16569  24.999  -52.129  39.945 0.8999999762
19824  12.539  -48.076  34.504 1.0000000000
159502  8.821  -46.985  41.526 0.8999999762
15796  26.311  -53.115  37.886 0.8999999762
132902  11.535  -48.024  39.096 0.8999999762
21473  8.942  -45.258  42.631 0.8999999762
16622  27.005  -52.838  36.509 1.0000000000
18258  23.140  -50.099  31.165 1.0000000000
19839  13.963  -47.722  33.949 1.0000000000
20698  13.244  -47.803  34.565 1.0000000000
20623  11.347  -47.269  40.559 0.8999999762
16640  27.046  -52.916  35.550 1.0000000000
15838  26.554  -53.448  36.052 1.0000000000
17456  24.644  -51.137  30.725 1.0000000000
18268  23.768  -50.615  30.879 1.0000000000
136414  17.682  -51.058  32.062 1.0000000000
19035  15.801  -49.070  32.713 1.0000000000
19837  15.174  -48.600  33.042 1.0000000000
16652  26.932  -52.427  33.764 1.0000000000
155303  25.373  -51.915  31.198 1.0000000000
141905  22.258  -51.202  31.423 1.0000000000
157042  21.627  -51.221  31.528 1.0000000000
18261  19.892  -50.534  31.705 1.0000000000
18245  18.125  -50.381  31.821 1.0000000000
18246  17.272  -50.180  32.240 1.0000000000
153321  26.405  -52.182  32.608 1.0000000000
16689  26.096  -52.113  31.916 1.0000000000
17439  21.082  -51.242  31.612 1.0000000000
19034  17.812  -49.621  31.877 1.0000000000
18257  26.539  -50.635  31.067 1.0000000000
16624  20.352  -52.112  35.704 0.6999999881
16606  19.728  -52.401  36.509 0.6999999881
17343  22.820  -51.123  35.974 0.6999999881
17379  20.244  -51.624  35.496 0.6000000238
17360  22.302  -51.243  34.954 0.8000000119
18204  21.047  -50.783  34.933 0.6000000238
18160  25.523  -49.807  38.993 0.6000000238
18162  24.152  -50.182  36.751 0.6000000238
146317  25.834  -50.672  39.521 0.6999999881
18138  25.121  -50.441  39.247 0.8000000119
17321  26.610  -51.201  39.298 0.8000000119
20685  13.339  -47.831  35.463 1.0000000000
20667  13.485  -48.182  36.868 0.8999999762
16584  27.302  -52.082  37.946 0.8999999762
16567  26.348  -52.078  39.129 0.8999999762
19854  15.718  -48.284  32.829 1.0000000000
146702  13.776  -48.339  33.690 1.0000000000
20697  14.018  -47.723  34.804 1.0000000000
20583  9.415  -46.320  41.786 0.8999999762
16604  27.462  -52.223  37.009 1.0000000000
15810  26.882  -52.694  37.454 0.8999999762
19046  22.590  -49.565  31.266 1.0000000000
144852  22.130  -48.993  31.321 1.0000000000
16653  26.931  -52.873  34.554 1.0000000000
141298  21.118  -49.799  31.593 1.0000000000
20710  15.705  -47.394  33.481 1.0000000000
152087  14.619  -47.608  34.322 1.0000000000
17413  27.362  -51.796  33.742 1.0000000000
141617  20.326  -49.817  31.636 1.0000000000
147638  17.207  -49.115  32.146 1.0000000000
17424  27.330  -50.851  32.314 1.0000000000
17455  25.699  -51.026  30.843 1.0000000000
18260  21.580  -50.569  31.538 1.0000000000
19048  19.067  -48.997  31.644 1.0000000000
17435  26.835  -50.980  31.752 1.0000000000
146128  25.252  -50.399  30.501 1.0000000000
138325  19.482  -49.782  31.659 1.0000000000
18975  25.205  -48.119  34.411 0.5000000000
18184  24.748  -49.280  35.104 0.6000000238
18202  23.062  -49.764  34.313 0.4000000060
18161  24.918  -49.549  37.534 0.6000000238
18137  26.319  -50.264  39.442 0.6999999881
20642  16.587  -47.496  38.740 0.8999999762
21529  16.430  -45.867  40.630 0.8999999762
20619  15.747  -47.140  40.219 0.8999999762
18159  27.410  -51.074  38.905 0.6999999881
152864  28.343  -50.897  37.747 0.6999999881
17340  27.541  -51.499  38.343 0.6999999881
133377  16.295  -48.171  37.162 1.0000000000
20643  16.074  -47.402  39.407 0.8999999762
20666  14.468  -48.265  37.532 0.8999999762
20646  13.072  -48.173  38.105 0.8999999762
21509  10.259  -46.184  41.755 0.8999999762
18201  28.941  -50.575  36.484 0.6999999881
17359  27.892  -51.516  37.574 0.8999999762
17341  27.005  -51.761  38.697 0.8000000119
20695  16.311  -47.025  33.805 1.0000000000
139255  16.603  -47.399  34.758 1.0000000000
148295  14.938  -47.747  35.144 1.0000000000
20684  14.397  -48.123  36.169 1.0000000000
144785  28.235  -51.043  34.332 1.0000000000
17393  27.961  -51.731  35.511 1.0000000000
151604  23.259  -49.394  30.971 1.0000000000
19865  23.344  -48.555  30.751 1.0000000000
150942  21.747  -48.474  31.351 1.0000000000
20709  16.362  -47.096  33.120 1.0000000000
18223  27.850  -51.173  33.730 1.0000000000
19851  18.073  -48.746  31.811 1.0000000000
20696  15.540  -47.456  34.324 1.0000000000
156498  24.057  -49.323  30.561 1.0000000000
146321  19.937  -49.104  31.617 1.0000000000
19870  18.758  -48.228  31.695 1.0000000000
20723  18.074  -47.515  31.933 1.0000000000
19852  17.265  -48.051  32.173 1.0000000000
19057  25.742  -49.819  30.293 1.0000000000
19045  27.050  -50.061  30.948 1.0000000000
19055  27.133  -49.371  30.537 1.0000000000
19878  26.810  -48.661  30.002 1.0000000000
143448  25.843  -48.083  35.683 0.4000000060
18938  26.730  -49.674  39.275 0.6000000238
18958  26.339  -48.834  38.584 0.6000000238
18158  27.893  -50.307  38.930 0.6000000238
21553  17.006  -46.583  40.290 0.8999999762
21505  14.962  -45.341  41.081 0.8999999762
18990  29.291  -49.934  37.057 0.6999999881
18973  29.052  -49.799  38.013 0.6999999881
18200  29.350  -50.026  36.140 0.6999999881
21571  18.008  -47.314  38.098 1.0000000000
20621  13.740  -47.587  39.598 0.8999999762
21532  13.455  -46.897  40.972 0.8999999762
19000  29.516  -49.598  35.290 0.6999999881
20663  18.117  -47.451  36.652 1.0000000000
151005  17.144  -47.880  35.812 1.0000000000
20682  16.144  -47.997  35.701 1.0000000000
20665  15.460  -48.196  37.696 1.0000000000
20644  15.057  -47.886  38.782 0.8999999762
21533  12.357  -47.150  40.682 0.8999999762
19011  29.505  -49.387  34.270 0.8000000119
20751  23.026  -47.633  30.732 1.0000000000
136417  17.865  -46.651  32.341 1.0000000000
20622  12.694  -47.777  39.357 0.8999999762
153713  11.073  -46.210  41.742 0.8999999762
18233  28.382  -50.121  32.994 1.0000000000
20749  24.849  -48.138  29.940 1.0000000000
20736  21.709  -47.780  31.242 1.0000000000
20739  19.033  -47.421  31.668 1.0000000000
19869  19.566  -48.329  31.611 1.0000000000
21632  16.872  -46.816  32.846 1.0000000000
19033  28.621  -49.515  32.544 1.0000000000
159310  24.672  -48.950  30.261 1.0000000000
20738  20.141  -47.553  31.508 1.0000000000
21615  16.910  -46.712  33.334 1.0000000000
19043  28.241  -49.308  31.702 1.0000000000
155513  28.396  -48.663  31.324 1.0000000000
19044  27.611  -49.737  31.280 1.0000000000
21657  28.516  -46.569  30.321 1.0000000000
20765  25.794  -47.555  29.590 1.0000000000
20748  27.310  -47.965  29.902 1.0000000000
21676  26.362  -46.740  29.304 1.0000000000
19755  28.734  -48.510  38.708 0.4000000060
18972  29.543  -49.241  37.605 0.5000000000
19792  29.958  -48.748  37.248 0.6999999881
18989  29.755  -49.295  36.503 0.6999999881
136594  17.117  -47.983  36.786 1.0000000000
21660  23.547  -46.918  30.430 1.0000000000
20735  22.268  -47.357  30.936 1.0000000000
21646  18.501  -46.557  31.983 1.0000000000
21599  17.146  -46.869  34.195 1.0000000000
20722  29.362  -47.917  32.036 1.0000000000
21645  19.404  -46.492  31.708 1.0000000000
21630  18.272  -46.042  32.598 1.0000000000
148124  24.268  -47.306  30.114 1.0000000000
19863  28.774  -48.034  31.368 1.0000000000
20746  28.597  -47.368  30.792 1.0000000000
20766  24.888  -47.231  29.765 1.0000000000
20737  21.070  -47.284  31.337 1.0000000000
19754  29.417  -48.163  38.462 0.4000000060
20662  30.701  -47.341  37.127 0.5000000000
22419  16.850  -44.387  39.167 0.8000000119
22404  16.424  -44.594  40.079 0.8999999762
151616  30.562  -47.841  36.574 0.6000000238
21550  19.777  -45.897  38.947 1.0000000000
21551  18.917  -46.323  39.376 0.8999999762
22403  17.340  -45.390  40.082 0.8999999762
21580  31.195  -46.605  35.378 0.6000000238
19806  30.524  -48.031  35.709 0.6999999881
21549  20.461  -45.176  38.218 1.0000000000
136628  30.811  -47.019  34.095 0.8000000119
19807  30.047  -48.809  35.555 0.6999999881
21568  20.882  -45.329  37.353 1.0000000000
21582  19.844  -46.367  36.638 1.0000000000
148121  19.226  -46.924  37.076 1.0000000000
160152  29.835  -47.716  32.537 0.8999999762
20721  30.162  -47.767  33.152 0.8000000119
147058  23.652  -46.116  30.314 1.0000000000
22456  21.704  -44.526  36.687 1.0000000000
22474  20.371  -45.519  34.883 1.0000000000
21597  19.416  -46.363  35.384 1.0000000000
20733  29.706  -47.232  32.057 1.0000000000
19850  28.901  -48.716  32.086 1.0000000000
21642  22.124  -46.508  30.847 1.0000000000
22494  18.320  -45.888  33.232 1.0000000000
21640  29.544  -46.540  31.551 1.0000000000
21659  24.338  -46.519  29.953 1.0000000000
21629  18.976  -45.751  32.169 1.0000000000
136574  28.774  -45.806  30.312 1.0000000000
22551  25.709  -45.971  29.187 1.0000000000
21643  21.300  -46.389  31.161 1.0000000000
21644  20.398  -46.500  31.438 1.0000000000
21658  27.873  -46.670  29.721 1.0000000000
20763  27.280  -47.118  29.570 1.0000000000
138741  27.212  -45.417  28.918 1.0000000000
149426  26.529  -45.976  29.041 1.0000000000
21675  27.259  -46.319  29.294 1.0000000000
21521  30.304  -47.049  38.285 0.4000000060
21546  31.364  -46.125  37.364 0.5000000000
139475  30.879  -47.177  36.116 0.6000000238
22418  18.052  -44.627  39.454 0.8000000119
139717  31.849  -45.250  35.124 0.6000000238
21528  18.563  -45.544  39.870 0.8999999762
22490  31.341  -45.614  33.722 0.6999999881
20708  30.544  -47.085  33.370 0.6999999881
23312  20.899  -44.066  33.219 1.0000000000
21628  30.075  -46.702  32.162 0.8000000119
22538  24.097  -45.647  29.968 1.0000000000
142739  22.951  -46.215  30.591 1.0000000000
156812  21.746  -45.982  30.919 1.0000000000
150239  20.060  -44.886  33.246 1.0000000000
22493  19.611  -45.395  33.691 1.0000000000
151906  30.271  -45.387  31.714 0.8999999762
21656  29.093  -46.091  30.909 1.0000000000
137543  20.686  -45.754  31.389 1.0000000000
22523  19.903  -45.519  31.757 1.0000000000
139665  19.006  -45.489  32.851 1.0000000000
23339  29.957  -44.821  31.184 0.8999999762
145614  25.267  -45.227  29.228 1.0000000000
23354  29.363  -44.470  30.309 1.0000000000
22537  28.764  -45.176  29.954 1.0000000000
23355  28.735  -44.548  29.585 1.0000000000
22550  26.151  -45.319  28.843 1.0000000000
23378  25.719  -44.443  28.821 1.0000000000
22549  28.134  -44.979  29.202 1.0000000000
141154  30.583  -46.273  38.344 0.4000000060
23275  32.136  -44.835  37.176 0.5000000000
23274  32.537  -44.235  36.652 0.5000000000
22437  19.692  -44.527  38.484 0.8999999762
23293  31.900  -44.848  34.544 0.6999999881
23282  32.500  -44.229  35.782 0.6000000238
22455  31.699  -45.722  35.763 0.6000000238
22436  21.264  -44.494  37.388 1.0000000000
22439  17.501  -44.446  38.286 0.8000000119
23309  31.688  -44.802  33.775 0.6999999881
23311  22.185  -43.183  34.278 1.0000000000
22492  21.739  -44.258  34.662 1.0000000000
22459  16.892  -45.217  35.984 0.6999999881
22491  30.985  -45.819  33.143 0.6999999881
24264  24.155  -43.784  29.703 1.0000000000
23358  22.526  -43.808  30.711 1.0000000000
149081  21.849  -44.426  31.037 1.0000000000
23330  31.017  -44.778  32.441 0.6999999881
151257  22.639  -44.675  30.591 1.0000000000
138416  30.465  -44.189  31.471 0.8000000119
24287  25.004  -43.868  29.142 1.0000000000
22510  19.747  -45.050  32.516 1.0000000000
24246  30.093  -43.945  30.855 0.8000000119
23356  23.995  -44.810  29.851 1.0000000000
22520  22.263  -45.518  30.732 1.0000000000
22521  21.363  -45.398  31.128 1.0000000000
24285  27.650  -43.805  28.668 1.0000000000
26068  25.732  -41.772  29.342 1.0000000000
23375  28.262  -44.193  28.960 1.0000000000
24187  32.857  -43.473  37.195 0.4000000060
24195  32.185  -44.210  34.339 0.6999999881
24191  32.849  -43.633  36.109 0.5000000000
22435  21.844  -43.992  36.682 1.0000000000
22457  19.075  -44.251  37.257 0.8000000119
22438  18.614  -44.454  38.591 0.8000000119
140535  32.480  -43.335  34.122 0.6999999881
25105  32.111  -42.975  33.258 0.6999999881
24209  31.933  -43.878  33.509 0.6999999881
155219  23.281  -43.159  30.367 1.0000000000
24247  21.883  -43.510  31.290 1.0000000000
146226  20.372  -44.193  37.708 1.0000000000
140813  17.893  -44.595  37.106 0.8000000119
25122  32.199  -42.160  32.951 0.6999999881
23338  30.603  -44.792  31.855 0.8000000119
152797  30.963  -42.879  31.547 0.6999999881
25192  24.863  -43.067  29.315 1.0000000000
25139  30.696  -42.674  31.155 0.6999999881
25191  25.617  -42.573  29.030 1.0000000000
24263  30.227  -43.139  30.686 0.8999999762
23374  29.007  -43.883  29.520 1.0000000000
143123  27.384  -43.126  28.577 1.0000000000
25190  27.080  -42.337  28.627 1.0000000000
25189  28.010  -42.483  28.600 1.0000000000
26066  27.701  -41.737  28.684 1.0000000000
144609  33.214  -42.633  37.351 0.4000000060
25086  33.554  -42.092  36.653 0.5000000000
25092  33.039  -43.093  35.611 0.6000000238
139333  16.639  -44.653  37.617 0.6999999881
25970  33.082  -41.460  33.903 0.6999999881
155012  32.967  -42.773  34.832 0.6999999881
23286  20.301  -43.829  36.787 0.8000000119
23287  18.584  -44.386  35.641 0.8000000119
22458  17.634  -44.874  35.719 0.6999999881
23331  21.469  -43.334  32.924 1.0000000000
135164  17.450  -44.186  34.308 0.6999999881
23357  23.311  -44.270  30.254 1.0000000000
26019  31.211  -41.403  31.317 0.6999999881
26020  30.637  -41.424  30.578 0.6999999881
25168  24.871  -42.081  29.720 1.0000000000
26048  30.013  -41.493  29.764 0.6999999881
152848  29.835  -42.892  30.076 0.8999999762
25167  29.605  -42.304  29.579 0.8999999762
26064  29.187  -41.534  29.107 1.0000000000
26065  28.369  -41.077  28.853 0.8999999762
135948  27.459  -41.034  28.929 1.0000000000
26067  26.667  -41.500  29.004 1.0000000000
26935  26.673  -40.508  29.472 1.0000000000
25208  28.447  -41.877  28.759 1.0000000000
25962  33.771  -41.226  36.962 0.4000000060
159588  34.220  -39.528  37.148 0.4000000060
26848  34.126  -40.303  35.619 0.6000000238
25966  33.813  -41.347  35.856 0.6000000238
25142  21.666  -42.805  31.959 1.0000000000
22473  22.151  -43.875  35.979 1.0000000000
23285  21.329  -43.482  36.104 1.0000000000
22460  15.867  -45.392  35.851 0.6999999881
26850  34.003  -39.943  34.687 0.6999999881
26853  33.496  -39.988  33.798 0.6999999881
24265  22.436  -42.813  31.096 1.0000000000
157649  21.941  -42.854  31.549 1.0000000000
132774  22.250  -42.900  34.629 1.0000000000
23296  17.482  -44.697  34.919 0.6999999881
22475  16.797  -45.154  35.082 0.6999999881
26000  31.712  -41.450  31.982 0.6999999881
27821  32.861  -39.053  32.398 0.6999999881
23295  19.109  -43.874  34.874 0.8000000119
26885  32.148  -39.530  31.633 0.6999999881
26049  24.626  -41.286  30.397 1.0000000000
26887  31.074  -40.644  30.828 0.6999999881
150933  25.242  -41.346  29.947 1.0000000000
26917  25.174  -40.601  30.577 1.0000000000
26051  23.406  -41.629  31.000 1.0000000000
26915  30.940  -39.983  30.410 0.6999999881
26916  25.902  -40.337  30.253 1.0000000000
26931  29.667  -40.805  29.434 0.8000000119
27890  29.740  -39.916  29.350 0.8000000119
134982  29.064  -39.876  29.098 0.8000000119
27893  26.916  -38.937  29.713 1.0000000000
27805  34.527  -38.448  36.014 0.4000000060
24210  21.914  -42.765  33.613 1.0000000000
24196  22.128  -43.098  35.359 0.8999999762
28781  34.280  -38.174  34.405 0.6000000238
24232  21.744  -42.421  32.922 0.8999999762
27813  33.459  -39.070  33.279 0.6000000238
24211  21.275  -42.809  34.370 0.8000000119
27820  33.571  -38.081  32.809 0.6000000238
137596  31.483  -39.836  30.993 0.6999999881
26050  24.015  -41.218  30.831 1.0000000000
24212  19.300  -43.017  33.778 0.8000000119
27871  31.228  -39.262  30.383 0.6999999881
28834  30.878  -38.728  29.878 0.6999999881
139659  30.523  -38.137  29.573 0.6999999881
26888  24.790  -39.952  31.552 1.0000000000
27874  25.526  -39.864  31.074 1.0000000000
27872  30.541  -39.563  29.842 0.6999999881
27910  29.061  -38.261  29.192 0.8000000119
28858  28.319  -38.254  29.271 0.8999999762
28859  27.459  -38.234  29.598 0.8999999762
158786  26.858  -38.363  30.153 1.0000000000
28835  26.455  -38.917  30.843 1.0000000000
27891  29.280  -39.085  29.200 0.8000000119
27892  27.637  -39.471  29.276 1.0000000000
25141  22.184  -42.189  31.961 0.8999999762
25982  21.770  -42.087  32.807 0.8999999762
143684  21.660  -42.680  33.843 0.8999999762
29727  34.359  -37.312  33.968 0.5000000000
25140  22.724  -41.917  31.472 1.0000000000
136884  21.932  -41.664  32.451 0.8999999762
29738  33.766  -36.590  32.185 0.5000000000
26002  22.467  -41.515  32.048 0.8999999762
28806  31.915  -38.950  30.932 0.6000000238
28855  31.280  -38.045  30.002 0.6000000238
26021  23.659  -40.797  31.475 1.0000000000
27843  25.186  -39.320  31.790 1.0000000000
28809  25.754  -38.663  31.950 1.0000000000
28857  29.775  -38.214  29.285 0.6000000238
29813  29.467  -37.464  29.192 0.6999999881
29797  27.972  -37.584  29.461 0.8000000119
30727  27.739  -36.905  29.765 0.8000000119
151313  27.237  -37.728  30.218 0.8000000119
28807  26.859  -38.343  31.311 1.0000000000
28808  26.416  -38.516  31.843 1.0000000000
27844  24.543  -39.543  31.818 0.8999999762
26891  22.576  -40.531  31.753 0.8999999762
26003  21.123  -41.575  32.508 0.8000000119
27845  23.796  -39.823  31.777 0.8999999762
29752  32.455  -36.863  30.737 0.6000000238
149036  32.247  -35.093  29.948 0.5000000000
140611  31.675  -36.791  30.006 0.6000000238
30701  30.915  -36.562  29.320 0.5000000000
28792  26.454  -38.137  32.397 1.0000000000
134481  25.577  -38.238  32.040 0.8999999762
142007  30.932  -37.568  29.669 0.6000000238
155323  30.361  -36.755  29.184 0.6000000238
31605  28.763  -35.702  29.182 0.6000000238
29771  27.506  -37.272  30.745 0.6000000238
29754  27.338  -38.019  31.815 0.6999999881
29755  27.050  -38.202  32.327 1.0000000000
30686  26.933  -37.272  32.941 0.6000000238
29742  26.632  -37.700  32.713 0.8000000119
26871  22.188  -41.109  32.109 0.8999999762
26892  21.610  -40.365  31.633 0.8000000119
28811  24.093  -38.933  31.558 0.8999999762
159926  23.005  -40.007  31.586 0.8999999762
28810  25.008  -38.925  32.036 0.8999999762
139127  24.637  -38.132  31.593 0.8999999762
29756  25.937  -37.624  32.321 0.8000000119
30693  25.359  -36.673  31.888 0.8000000119
135392  24.537  -36.637  31.554 0.8000000119
30724  29.798  -36.469  28.958 0.6000000238
150541  28.036  -36.309  30.780 0.5000000000
132125  26.719  -36.051  32.809 0.4000000060
31551  24.947  -34.597  32.389 0.4000000060
31559  25.828  -35.994  32.305 0.6999999881
27846  22.235  -39.797  31.331 0.8999999762
28813  21.813  -39.062  30.814 0.8000000119
144356  23.853  -38.000  31.185 0.8999999762
31560  24.608  -35.694  31.748 0.5000000000
28836  23.169  -38.214  30.835 0.8999999762
28837  22.130  -38.164  30.600 0.8000000119
29772  23.374  -37.537  30.864 0.8000000119
30703  22.298  -36.485  30.551 0.8000000119
32401  23.328  -34.070  31.776 0.5000000000
900  11.417  -80.741  43.380 1.0000000000
151481  11.309  -82.412  44.489 1.0000000000
281  9.394  -83.911  26.774 0.6999999881
195  10.993  -84.008  39.656 1.0000000000
97  11.476  -84.456  39.210 1.0000000000
673  12.120  -80.229  32.614 1.0000000000
987  12.063  -79.506  31.630 1.0000000000
141577  11.232  -80.016  31.248 1.0000000000
988  11.512  -79.974  31.789 1.0000000000
1005  12.071  -79.399  30.057 1.0000000000
1345  11.670  -78.576  24.755 1.0000000000
1025  11.272  -79.077  26.232 1.0000000000
1372  9.471  -77.505  21.041 0.8999999762
1914  7.757  -75.815  36.306 1.0000000000
2722  6.750  -74.748  26.428 0.8000000119
1649  13.697  -78.031  27.063 1.0000000000
1665  14.158  -77.348  25.565 1.0000000000
1699  10.748  -76.042  21.321 0.8999999762
1700  9.901  -76.546  21.341 0.8999999762
1397  11.838  -78.719  18.811 0.8999999762
1549  6.974  -77.950  39.614 1.0000000000
3166  9.256  -74.149  22.170 0.8999999762
156860  12.256  -82.970  24.764 0.6000000238
1709  10.094  -75.875  20.672 0.8999999762
1090  11.800  -79.894  18.372 0.8000000119
1377  9.923  -76.485  19.822 0.8999999762
1097  12.055  -80.345  16.629 0.6999999881
3005  10.550  -73.606  37.936 1.0000000000
3625  11.580  -74.016  22.623 0.8999999762
2677  6.052  -75.744  31.553 0.8000000119
2010  14.471  -76.676  24.129 1.0000000000
1739  15.678  -77.523  15.303 0.6000000238
2296  12.649  -75.599  36.231 1.0000000000
1969  15.716  -76.874  28.182 1.0000000000
1980  15.821  -76.622  27.414 1.0000000000
3074  5.614  -73.851  31.972 0.8999999762
2762  15.730  -74.450  22.221 0.8999999762
3667  14.348  -72.613  20.901 0.8999999762
4352  17.921  -70.393  37.577 1.0000000000
5328  17.655  -68.416  35.596 1.0000000000
2364  16.299  -76.168  27.803 1.0000000000
4422  5.349  -70.192  31.701 0.6999999881
2963  8.196  -73.694  42.411 1.0000000000
4884  5.384  -69.355  32.026 0.6999999881
3410  11.686  -72.234  42.562 1.0000000000
2679  17.453  -73.771  30.591 1.0000000000
2673  10.212  -74.890  31.710 1.0000000000
2661  17.195  -74.082  33.394 1.0000000000
3857  12.311  -71.732  43.583 1.0000000000
5294  12.373  -68.824  42.029 1.0000000000
5855  13.026  -67.217  40.322 1.0000000000
3525  17.945  -72.912  32.065 1.0000000000
136877  11.657  -69.872  44.014 1.0000000000
140539  6.216  -73.014  45.485 1.0000000000
3553  18.031  -71.437  29.042 1.0000000000
5329  8.637  -68.520  36.218 1.0000000000
2932  11.340  -74.143  46.983 1.0000000000
151592  4.985  -69.344  44.382 1.0000000000
6546  9.163  -66.708  36.083 1.0000000000
3823  12.005  -71.549  48.514 1.0000000000
153015  10.033  -63.139  34.499 1.0000000000
8559  9.160  -63.372  35.890 1.0000000000
8547  8.903  -63.665  36.663 1.0000000000
7890  9.840  -64.496  34.837 1.0000000000
5255  14.115  -68.954  46.431 1.0000000000
5821  15.373  -67.582  44.562 1.0000000000
7100  4.857  -65.569  45.237 0.8999999762
7142  17.659  -65.803  41.668 1.0000000000
12657  4.491  -57.518  43.695 1.0000000000
7809  19.235  -64.013  40.537 1.0000000000
7852  7.179  -65.698  38.996 1.0000000000
6457  16.953  -66.494  43.023 1.0000000000
7128  17.575  -66.035  42.646 1.0000000000
6426  8.691  -66.495  45.778 1.0000000000
9854  16.067  -61.451  38.004 1.0000000000
7749  5.495  -64.813  46.574 0.8000000119
8423  5.008  -64.074  46.954 0.8000000119
147508  18.048  -65.108  44.291 1.0000000000
8440  18.433  -63.586  44.313 1.0000000000
139459  20.402  -62.220  38.102 1.0000000000
7082  15.748  -65.614  47.602 1.0000000000
7757  8.414  -64.135  44.580 1.0000000000
12697  14.152  -57.412  39.872 1.0000000000
154542  19.674  -59.385  41.445 1.0000000000
147793  21.656  -58.239  36.580 1.0000000000
12653  19.761  -57.683  42.484 0.8999999762
11905  19.775  -58.635  41.547 1.0000000000
13502  14.565  -56.579  36.973 1.0000000000
15068  13.139  -54.877  37.229 1.0000000000
11125  16.711  -59.403  46.515 1.0000000000
10415  14.635  -59.834  47.630 1.0000000000
12665  20.457  -57.453  41.384 0.8999999762
17350  7.522  -50.970  38.869 1.0000000000
11107  14.606  -58.944  47.797 1.0000000000
13404  16.868  -56.179  46.328 0.8999999762
134642  5.857  -60.454  48.056 0.6999999881
13444  20.832  -56.770  41.806 0.8999999762
13499  23.513  -56.595  36.544 1.0000000000
12774  22.825  -56.962  32.391 1.0000000000
154263  15.461  -56.157  47.155 0.8999999762
14171  14.840  -55.711  47.327 0.8999999762
12602  13.774  -56.840  48.127 0.8999999762
9723  5.503  -61.323  48.912 0.6000000238
15757  21.385  -54.063  42.595 0.8999999762
14997  16.349  -54.379  45.740 0.8999999762
12585  12.298  -57.080  48.421 0.8999999762
15865  16.339  -53.747  33.168 1.0000000000
151141  15.889  -52.602  43.980 0.8999999762
12588  9.682  -57.843  48.431 0.8000000119
16539  14.936  -52.693  39.998 0.8000000119
140432  13.998  -49.627  39.537 0.5000000000
15767  21.383  -52.787  41.874 0.8999999762
15041  24.604  -54.291  39.240 0.8999999762
15130  24.231  -54.308  31.520 1.0000000000
17291  12.402  -50.369  39.871 0.6000000238
17306  22.217  -51.826  40.098 0.8999999762
17345  17.711  -51.324  37.477 0.6000000238
15773  24.424  -52.838  40.309 0.8999999762
20648  10.506  -48.179  38.234 0.8999999762
145762  26.411  -53.469  34.364 1.0000000000
15893  22.502  -53.554  31.100 1.0000000000
16572  19.203  -52.740  38.416 0.8999999762
139802  20.520  -52.331  36.354 0.8000000119
18139  24.548  -50.386  38.761 0.6999999881
18185  23.883  -49.986  34.829 0.6000000238
18976  23.967  -48.776  34.856 0.5000000000
18214  28.957  -50.512  35.414 1.0000000000
18234  27.883  -50.693  33.002 1.0000000000
18244  27.931  -50.124  32.179 1.0000000000
145257  20.720  -49.104  31.593 1.0000000000
148032  25.397  -48.575  35.355 0.5000000000
141229  28.496  -49.496  38.697 0.5000000000
20750  23.855  -47.830  30.408 1.0000000000
19876  28.099  -48.179  30.622 1.0000000000
19877  27.475  -48.653  30.373 1.0000000000
19879  25.944  -48.485  29.793 1.0000000000
18956  29.222  -49.000  38.350 0.5000000000
21570  19.180  -46.824  38.201 1.0000000000
21583  18.736  -47.019  35.908 1.0000000000
21674  28.137  -45.885  29.594 1.0000000000
20637  30.465  -47.417  37.816 0.5000000000
21627  30.552  -46.403  32.752 0.8000000119
21547  30.844  -46.715  37.775 0.5000000000
24177  32.558  -43.606  38.007 0.4000000060
23329  31.421  -44.364  32.908 0.6999999881
22477  14.738  -45.572  34.938 0.6999999881
135668  21.185  -44.547  31.412 1.0000000000
25076  33.421  -41.867  37.587 0.4000000060
25094  33.394  -41.741  34.743 0.6999999881
132829  32.536  -40.837  32.803 0.6999999881
26840  33.574  -40.274  38.120 0.4000000060
24197  19.646  -43.310  34.262 0.8000000119
146902  30.405  -40.560  29.961 0.6999999881
150069  28.477  -39.531  29.151 0.8999999762
26934  27.794  -40.257  29.091 0.8999999762
26893  20.717  -40.478  31.815 0.8000000119
30726  28.232  -36.371  29.487 0.6000000238
27847  21.476  -39.602  31.213 0.8000000119
32404  29.398  -34.928  29.237 0.5000000000
729  9.346  -80.817  25.564 0.8999999762
146299  9.259  -69.901  17.844 0.8999999762
1853  12.715  -76.532  42.480 1.0000000000
1519  14.887  -77.318  42.943 0.8999999762
1510  15.192  -77.565  43.887 0.6999999881
65  9.453  -85.379  31.705 0.6000000238
372  11.855  -82.148  44.735 1.0000000000
608  14.476  -81.309  41.338 1.0000000000
267  9.493  -85.091  28.890 0.6000000238
483  9.785  -82.263  24.881 0.6999999881
2692  6.611  -73.933  27.939 0.8000000119
167  13.237  -83.350  26.485 0.5000000000
80  13.657  -85.064  25.130 0.5000000000
4532  5.941  -70.241  21.707 0.8999999762
147836  6.570  -69.703  21.019 0.8999999762
3088  5.873  -73.486  28.333 0.8000000119
174  12.218  -83.849  23.548 0.6999999881
135194  11.115  -83.790  21.030 0.6000000238
819  13.792  -80.260  14.921 0.5000000000
5002  7.027  -69.197  20.514 0.6999999881
5027  8.678  -68.256  17.635 0.6999999881
548  13.135  -81.739  16.106 0.5000000000
5036  9.762  -67.860  15.465 0.6999999881
2072  15.763  -76.547  15.471 0.6999999881
3987  6.116  -71.654  28.057 0.6999999881
5523  10.428  -67.674  14.904 0.6999999881
5532  11.137  -67.843  14.247 0.6999999881
4572  14.101  -69.440  13.507 0.6000000238
148164  16.062  -75.585  14.773 0.6000000238
2075  17.395  -76.118  13.607 0.5000000000
3704  15.065  -71.097  13.957 0.5000000000
6573  17.076  -66.211  33.920 1.0000000000
3360  11.838  -72.515  47.951 1.0000000000
5257  4.644  -68.491  45.012 1.0000000000
142273  4.761  -67.878  44.283 1.0000000000
147200  4.638  -67.041  44.433 0.8999999762
13464  3.998  -56.603  41.412 0.8999999762
14251  5.225  -55.796  40.555 0.6999999881
12687  4.537  -57.728  41.069 0.6999999881
15037  4.068  -54.400  40.959 0.8999999762
5789  14.947  -67.901  47.302 1.0000000000
134840  4.493  -58.809  39.980 0.6000000238
137811  4.669  -59.806  39.825 0.6000000238
9847  4.588  -62.200  40.547 0.8999999762
141505  4.323  -63.080  40.256 0.8999999762
9211  4.370  -63.141  39.169 0.8000000119
156059  5.333  -63.319  37.433 0.6999999881
18129  3.321  -50.432  40.987 0.8999999762
146925  3.403  -49.709  40.421 0.8999999762
154756  7.547  -51.521  39.623 1.0000000000
144234  3.280  -48.739  41.125 0.8999999762
18965  3.743  -48.950  38.804 0.8000000119
19766  3.801  -48.161  38.714 0.6999999881
20629  4.213  -46.887  39.360 0.8000000119
21538  4.753  -46.192  39.855 0.6999999881
14981  15.991  -54.898  46.270 0.8999999762
13377  12.987  -56.406  48.199 0.8999999762
19784  4.960  -47.986  37.433 0.6999999881
16507  16.696  -52.850  43.873 0.8999999762
19783  6.127  -47.773  37.375 0.6999999881
15744  9.216  -52.995  44.371 0.6000000238
15002  8.411  -53.946  45.801 0.6000000238
14177  7.058  -55.032  47.281 0.6000000238
17378  21.761  -51.078  34.694 0.6999999881
21498  9.643  -45.149  42.093 0.8999999762
22405  15.605  -44.731  40.356 0.8999999762
22406  14.527  -44.488  40.260 0.8999999762
22407  13.444  -44.041  40.079 0.8000000119
22421  15.000  -44.064  39.496 0.8000000119
22420  15.743  -44.182  39.178 0.8000000119
22461  14.982  -45.462  36.193 0.6999999881
22479  12.887  -45.579  34.520 0.6999999881
135927  34.055  -40.579  36.433 0.6000000238
26844  34.304  -39.615  36.420 0.4000000060
28778  34.470  -38.257  35.174 0.4000000060
25983  20.855  -41.953  32.893 0.8000000119
26004  20.180  -41.312  32.556 0.8000000119
28833  31.574  -38.468  30.395 0.6000000238
29751  32.443  -37.331  30.845 0.6000000238
30695  23.012  -35.876  30.898 0.8000000119
139369  9.041  -80.456  44.597 1.0000000000
1192  8.372  -79.428  44.558 1.0000000000
5010  8.267  -68.585  19.939 0.6999999881
5011  7.541  -69.036  19.798 0.8000000119
5513  9.232  -67.826  16.704 0.6999999881
15779  5.189  -54.076  40.633 0.6999999881
12703  4.418  -57.474  39.480 0.6000000238
9859  4.793  -61.881  39.120 0.6999999881
147921  14.122  -44.008  39.117 0.8000000119
23264  11.238  -43.445  38.629 0.8000000119
141236  14.711  -44.345  38.519 0.6999999881
22441  15.154  -44.911  37.521 0.6999999881
22442  14.265  -45.296  36.951 0.6999999881
22422  13.017  -44.105  38.647 0.6999999881
140497  13.550  -44.842  37.833 0.6999999881
22424  11.071  -44.356  37.440 0.6999999881
137870  9.969  -85.484  30.658 0.6000000238
145768  13.151  -77.406  43.690 1.0000000000
113  10.518  -84.505  35.550 0.6000000238
125  8.963  -84.689  32.713 0.6999999881
1889  11.531  -76.382  39.342 1.0000000000
914  14.629  -79.759  41.505 1.0000000000
951  13.510  -80.174  36.178 0.6000000238
222  12.187  -82.941  35.238 0.8000000119
651  13.138  -81.027  35.489 0.6999999881
112  12.086  -83.905  35.326 0.6999999881
2701  6.915  -73.989  27.562 0.8000000119
146755  8.558  -82.891  29.537 1.0000000000
241  8.659  -84.075  31.727 0.8000000119
467  8.655  -83.347  28.531 1.0000000000
133  8.827  -85.007  30.211 0.6999999881
134  9.243  -85.393  29.165 0.6999999881
739  9.447  -79.873  25.005 0.8999999762
143936  10.235  -82.200  24.297 0.8000000119
484  9.320  -82.297  25.475 0.8000000119
499  9.742  -81.291  23.497 0.8000000119
143387  9.267  -79.232  22.901 0.8999999762
159857  9.293  -79.850  22.195 0.8000000119
1890  10.140  -76.320  38.808 1.0000000000
2711  6.633  -75.371  26.903 0.8000000119
157319  6.672  -75.003  25.997 0.8000000119
124  9.491  -84.322  33.943 0.6999999881
3157  5.976  -72.586  23.708 0.8000000119
705  8.928  -81.844  28.406 1.0000000000
158783  8.840  -81.891  29.239 1.0000000000
473  8.969  -82.655  26.862 0.6999999881
710  9.552  -80.733  28.213 1.0000000000
730  9.143  -81.510  26.010 0.8000000119
378  9.783  -82.312  43.989 0.8999999762
641  12.641  -81.087  36.317 0.8000000119
2390  6.709  -74.676  25.410 0.8000000119
266  10.325  -83.871  28.842 0.6000000238
245  9.588  -85.272  29.643 0.5000000000
132  9.528  -85.524  29.950 0.6000000238
279  11.622  -82.667  26.986 0.6000000238
168  12.149  -82.548  26.267 0.6000000238
140644  10.138  -82.047  20.797 0.8000000119
142511  10.250  -79.797  19.902 0.8000000119
1082  10.278  -78.694  19.592 0.8999999762
144897  9.877  -80.844  20.754 0.8000000119
141690  10.816  -74.853  19.840 0.8999999762
2784  12.320  -74.059  18.723 0.8999999762
1548  8.092  -77.834  39.289 1.0000000000
193  13.574  -83.304  40.460 1.0000000000
439  9.663  -81.953  32.368 1.0000000000
135356  10.356  -80.212  28.812 1.0000000000
693  10.378  -80.335  30.755 1.0000000000
457  8.678  -82.195  30.636 1.0000000000
146  9.207  -85.098  28.662 0.6000000238
282  9.195  -83.678  26.724 0.6999999881
293  9.382  -83.138  25.977 0.6999999881
713  10.212  -79.779  26.785 1.0000000000
291  11.552  -82.532  25.213 0.6000000238
175  11.584  -83.160  23.376 0.6000000238
153240  11.857  -75.849  21.313 0.8999999762
1694  12.106  -76.661  21.898 0.8999999762
139947  10.276  -75.497  19.846 0.8999999762
333  10.647  -82.969  19.999 0.8000000119
139974  9.298  -77.966  21.899 0.8999999762
1361  10.132  -77.995  23.448 0.8999999762
793  11.140  -81.172  18.017 0.8000000119
2789  12.886  -73.571  18.854 0.8999999762
2043  13.130  -75.008  20.566 0.8999999762
1386  10.441  -77.704  19.135 0.8999999762
2442  12.409  -74.390  18.066 0.8999999762
2060  11.596  -75.414  18.401 0.8999999762
2275  7.163  -75.678  36.572 1.0000000000
398  12.463  -82.663  40.760 1.0000000000
100  10.977  -84.631  38.234 1.0000000000
414  10.620  -83.672  36.424 1.0000000000
432  11.744  -81.763  33.692 1.0000000000
674  11.078  -80.587  32.041 1.0000000000
84  12.771  -84.663  23.767 0.5000000000
90  11.582  -84.169  21.639 0.6000000238
531  10.823  -82.194  18.614 0.6999999881
802  11.873  -80.958  16.428 0.6999999881
549  12.408  -81.581  16.273 0.6000000238
136155  12.731  -72.365  17.305 0.8999999762
1719  10.517  -76.491  19.043 0.8999999762
1395  13.032  -77.705  18.088 0.8000000119
1736  14.702  -77.857  17.010 0.8000000119
1089  12.588  -79.261  17.927 0.8999999762
1409  13.244  -79.156  16.915 0.8000000119
1417  14.083  -78.753  16.254 0.8000000119
141033  13.996  -79.273  15.056 0.6000000238
591  9.533  -81.637  44.746 1.0000000000
1311  12.891  -78.719  28.649 1.0000000000
138743  12.027  -78.969  26.972 1.0000000000
1333  12.556  -78.414  25.472 1.0000000000
89  12.406  -84.890  21.941 0.6000000238
1690  11.258  -77.855  22.961 0.8999999762
1695  10.682  -76.996  22.099 0.8999999762
5504  8.328  -68.306  18.339 0.8000000119
1108  13.855  -79.787  14.648 0.6000000238
2212  8.762  -75.610  44.822 1.0000000000
2617  5.901  -74.351  37.645 1.0000000000
1931  8.440  -76.946  34.954 1.0000000000
148178  7.073  -72.738  45.610 1.0000000000
3442  9.867  -71.199  38.784 1.0000000000
3454  13.985  -72.940  39.215 1.0000000000
3453  14.858  -72.852  38.844 1.0000000000
102  9.562  -84.384  37.827 1.0000000000
3130  6.246  -73.361  25.332 0.8000000119
3143  9.093  -75.117  23.404 0.8999999762
2341  6.012  -76.102  29.774 0.8000000119
2685  5.865  -75.791  30.443 0.8000000119
3551  5.536  -71.965  28.248 0.6999999881
140595  12.313  -77.389  22.665 0.8999999762
4096  11.965  -71.432  20.591 0.8999999762
1688  13.369  -76.823  22.481 0.8999999762
2034  12.420  -75.364  21.009 0.8999999762
2053  10.803  -75.414  19.095 0.8999999762
3682  13.361  -72.819  19.023 0.8999999762
3221  13.608  -72.549  15.366 0.8000000119
1112  14.804  -79.714  14.119 0.5000000000
2446  14.037  -74.875  16.924 0.8000000119
2804  14.410  -74.153  15.768 0.8000000119
2449  15.369  -75.469  15.643 0.6999999881
1536  6.777  -77.906  40.776 1.0000000000
2982  8.063  -72.453  39.101 1.0000000000
3451  16.371  -72.128  38.226 1.0000000000
1261  10.500  -78.761  35.045 1.0000000000
1282  13.524  -78.539  32.748 1.0000000000
4084  13.283  -72.733  21.768 0.8999999762
4865  5.611  -70.247  33.702 0.8999999762
2019  14.323  -76.482  23.146 0.8999999762
2428  13.939  -74.551  20.338 0.8999999762
3231  15.431  -72.043  13.845 0.6999999881
1199  7.183  -79.255  42.913 1.0000000000
1522  6.914  -78.981  41.915 1.0000000000
2983  6.660  -72.729  38.987 1.0000000000
1596  8.349  -77.872  34.652 1.0000000000
1959  15.215  -77.269  30.287 1.0000000000
4878  15.214  -69.776  32.985 1.0000000000
152083  15.799  -76.214  26.102 1.0000000000
3139  16.863  -73.554  23.898 0.8999999762
148091  6.682  -76.448  43.432 1.0000000000
155632  6.520  -75.951  42.799 1.0000000000
2247  6.016  -75.525  41.882 1.0000000000
2985  5.585  -73.040  39.460 1.0000000000
2968  9.721  -72.309  42.061 1.0000000000
3419  10.124  -70.995  41.521 1.0000000000
3890  11.296  -70.444  39.034 1.0000000000
3017  16.564  -73.480  36.352 1.0000000000
2354  11.313  -76.267  28.528 1.0000000000
4403  15.596  -69.942  31.302 1.0000000000
155541  12.897  -70.667  33.267 1.0000000000
1492  7.204  -76.895  46.270 1.0000000000
146154  12.630  -69.879  38.929 1.0000000000
2323  16.026  -75.813  32.880 1.0000000000
3947  14.115  -70.967  31.777 1.0000000000
4405  13.916  -70.745  32.571 1.0000000000
5356  14.239  -68.924  33.424 1.0000000000
4387  13.572  -70.416  33.149 1.0000000000
4389  11.124  -70.559  33.581 1.0000000000
140509  14.287  -72.653  26.012 1.0000000000
137293  6.573  -71.446  35.710 0.8999999762
3919  8.436  -70.946  34.790 1.0000000000
1505  6.953  -77.521  44.543 1.0000000000
2960  11.350  -73.226  42.832 1.0000000000
3887  14.355  -71.350  39.747 1.0000000000
5896  17.578  -67.272  36.894 1.0000000000
3547  13.510  -72.516  29.260 1.0000000000
4038  17.021  -71.827  25.626 1.0000000000
2547  10.119  -74.219  46.659 1.0000000000
2557  10.318  -74.630  46.224 1.0000000000
5313  14.279  -68.135  38.832 1.0000000000
5306  13.522  -68.363  39.218 1.0000000000
6509  15.303  -66.845  37.911 1.0000000000
6521  17.143  -66.796  37.371 1.0000000000
4905  17.596  -69.705  30.440 1.0000000000
4428  17.871  -70.095  29.907 1.0000000000
5938  14.461  -68.017  33.267 1.0000000000
5357  13.424  -68.990  33.359 1.0000000000
4388  12.107  -70.434  33.436 1.0000000000
2955  11.767  -73.793  43.578 1.0000000000
3962  14.275  -71.163  30.947 1.0000000000
133759  12.949  -68.236  33.326 1.0000000000
4430  16.080  -69.938  29.844 1.0000000000
4438  16.097  -70.340  28.919 1.0000000000
7268  5.442  -65.308  32.004 0.5000000000
140434  12.342  -72.267  44.462 1.0000000000
3845  6.605  -71.520  44.492 1.0000000000
152645  12.267  -68.065  41.767 1.0000000000
4287  9.530  -70.923  48.807 1.0000000000
4307  5.359  -70.799  44.144 1.0000000000
4295  7.838  -70.402  45.999 1.0000000000
6478  11.610  -66.487  41.799 1.0000000000
9206  13.225  -62.793  37.597 1.0000000000
8503  12.150  -63.627  39.885 1.0000000000
150236  15.508  -63.327  33.275 1.0000000000
7266  14.370  -64.481  32.507 1.0000000000
6576  13.171  -66.042  32.935 1.0000000000
10519  7.997  -61.418  39.546 1.0000000000
7903  12.634  -64.595  33.025 1.0000000000
5921  10.179  -67.308  34.717 1.0000000000
8518  5.921  -65.227  40.688 1.0000000000
5910  6.046  -68.746  37.543 0.8999999762
144804  11.898  -67.553  43.843 1.0000000000
133191  12.269  -69.997  49.171 1.0000000000
7162  11.978  -64.977  40.590 1.0000000000
156765  14.449  -64.982  41.432 1.0000000000
143978  3.478  -54.663  43.017 1.0000000000
10532  9.250  -60.291  37.190 1.0000000000
9236  14.064  -61.993  35.190 1.0000000000
11934  9.591  -58.238  40.046 1.0000000000
160023  13.954  -63.476  41.095 1.0000000000
9250  10.268  -62.424  34.229 1.0000000000
6538  5.408  -67.688  38.244 0.8999999762
6398  13.793  -66.959  48.909 1.0000000000
6413  9.183  -66.933  46.607 1.0000000000
9169  12.415  -62.764  40.229 1.0000000000
11224  10.368  -59.159  36.958 1.0000000000
10544  10.421  -59.642  36.122 1.0000000000
9924  11.988  -61.472  33.603 1.0000000000
5810  15.540  -67.683  45.524 1.0000000000
147484  12.871  -66.355  49.144 1.0000000000
12711  12.608  -57.686  39.140 1.0000000000
9821  13.752  -61.811  40.767 1.0000000000
155539  3.668  -54.822  41.756 1.0000000000
16529  3.022  -52.803  43.903 1.0000000000
134845  3.165  -52.029  44.707 1.0000000000
159327  19.104  -63.452  37.150 1.0000000000
7195  7.049  -66.423  38.775 0.8999999762
5788  15.542  -67.261  47.081 1.0000000000
7072  11.353  -65.501  47.858 1.0000000000
14250  10.310  -56.400  41.355 1.0000000000
156095  13.856  -60.295  40.198 1.0000000000
11210  13.074  -59.084  38.477 1.0000000000
159362  14.290  -60.634  40.330 1.0000000000
15780  4.579  -53.541  40.649 0.8000000119
7853  4.196  -65.622  38.748 1.0000000000
11917  14.356  -58.398  40.131 1.0000000000
15034  7.497  -53.863  41.440 1.0000000000
148038  15.511  -59.621  38.735 1.0000000000
8534  4.245  -64.184  38.745 0.8000000119
7734  10.689  -64.511  46.582 1.0000000000
13457  13.880  -57.437  40.046 1.0000000000
17275  4.725  -51.500  45.003 1.0000000000
15769  7.040  -53.113  41.660 1.0000000000
18111  3.159  -50.491  43.022 1.0000000000
11959  15.526  -58.344  37.986 1.0000000000
14282  13.946  -56.062  37.300 1.0000000000
10529  20.791  -60.939  37.850 1.0000000000
9866  20.816  -61.362  36.948 1.0000000000
11207  20.743  -59.545  38.637 1.0000000000
9907  20.657  -61.500  34.693 1.0000000000
8432  9.054  -63.518  45.376 1.0000000000
9765  7.327  -61.828  46.214 1.0000000000
18070  5.032  -50.519  44.871 1.0000000000
154350  10.239  -52.455  37.171 1.0000000000
11992  16.455  -58.602  35.413 1.0000000000
11880  18.825  -58.437  44.286 0.8999999762
15826  12.699  -53.702  36.365 1.0000000000
12721  22.428  -57.197  37.328 1.0000000000
11294  20.221  -59.165  32.204 1.0000000000
16509  14.172  -52.551  42.984 0.8999999762
18147  6.476  -49.811  40.277 1.0000000000
150916  6.865  -50.207  39.178 1.0000000000
13443  21.452  -56.389  41.423 0.8999999762
20606  3.739  -47.270  39.760 0.8000000119
15104  14.626  -54.600  35.119 1.0000000000
12055  19.155  -57.950  31.824 1.0000000000
15718  15.027  -54.046  46.286 0.8999999762
15727  15.907  -53.607  45.438 0.8999999762
13410  19.261  -56.117  44.331 0.8999999762
20586  6.865  -47.375  43.077 0.8999999762
21514  4.591  -46.063  40.460 0.8000000119
13557  18.990  -56.368  31.593 1.0000000000
133658  6.740  -58.986  48.207 0.6999999881
14227  20.894  -55.539  42.750 0.8999999762
17280  11.821  -51.107  40.335 0.6999999881
19763  7.541  -48.563  38.937 1.0000000000
14348  17.440  -55.291  32.401 1.0000000000
14359  22.979  -55.833  31.590 1.0000000000
18217  10.299  -50.032  35.517 1.0000000000
20559  6.779  -46.407  42.798 0.8999999762
19765  4.053  -47.808  38.529 0.6999999881
154052  5.217  -45.569  41.525 0.8000000119
15761  17.638  -52.826  43.134 0.8999999762
146327  15.715  -52.607  41.350 0.8999999762
12606  6.756  -56.843  47.974 0.6000000238
138345  20.867  -52.316  40.922 0.8999999762
19002  10.315  -49.099  35.472 1.0000000000
16666  14.772  -52.193  33.938 1.0000000000
21474  7.675  -46.087  42.918 0.8999999762
15054  25.413  -54.209  37.941 1.0000000000
17417  14.803  -51.084  33.641 1.0000000000
139641  23.451  -55.276  31.556 1.0000000000
16675  18.200  -52.804  31.902 1.0000000000
15894  21.583  -53.498  31.286 1.0000000000
140461  24.399  -50.185  30.603 1.0000000000
149982  20.529  -52.381  39.860 0.8999999762
22362  7.580  -45.486  42.516 0.8999999762
15811  25.932  -53.764  37.445 1.0000000000
15876  24.929  -53.991  31.971 1.0000000000
15891  24.469  -53.518  31.380 1.0000000000
16674  25.935  -52.811  32.432 1.0000000000
16690  25.527  -52.587  31.711 1.0000000000
15864  25.999  -53.819  33.706 1.0000000000
16571  20.148  -52.554  38.634 0.8999999762
16568  25.685  -52.462  39.431 0.8999999762
142414  20.937  -50.317  35.588 0.5000000000
20647  12.031  -48.132  37.873 0.8999999762
20601  9.821  -47.165  40.857 0.8999999762
145242  22.527  -52.092  31.262 1.0000000000
158409  22.974  -51.544  31.217 1.0000000000
16692  23.929  -52.913  31.024 1.0000000000
17437  24.311  -52.091  30.949 1.0000000000
22394  7.115  -45.084  41.339 0.8999999762
16673  26.487  -52.616  33.128 1.0000000000
16621  27.529  -52.322  36.016 1.0000000000
16639  27.483  -52.322  35.070 1.0000000000
151453  27.323  -52.224  34.329 1.0000000000
141304  20.719  -50.538  31.646 1.0000000000
145808  27.351  -51.344  33.027 1.0000000000
17377  22.577  -50.399  34.282 0.6000000238
18959  25.648  -48.824  37.630 0.6000000238
20726  15.991  -47.670  32.926 1.0000000000
17376  27.974  -51.687  36.497 1.0000000000
20664  17.096  -47.623  38.042 1.0000000000
20620  14.771  -47.433  39.877 0.8999999762
21531  14.520  -46.594  41.045 0.8999999762
18157  28.482  -50.353  38.288 0.6999999881
20645  14.068  -48.101  38.397 0.8999999762
21508  11.978  -46.140  41.716 0.8999999762
17392  28.507  -51.178  35.971 0.8000000119
19012  29.045  -50.084  34.447 1.0000000000
19867  21.047  -48.275  31.475 1.0000000000
19022  29.004  -49.696  33.476 1.0000000000
19757  26.807  -48.078  38.322 0.4000000060
18957  27.826  -49.530  39.068 0.6000000238
21506  13.934  -45.348  41.224 0.8999999762
19822  29.855  -49.004  34.779 0.8000000119
21584  17.637  -47.369  35.335 1.0000000000
20694  30.040  -48.366  33.706 0.8000000119
19835  29.562  -48.980  33.548 1.0000000000
19821  30.284  -48.337  34.667 0.8000000119
19836  29.163  -49.076  32.888 1.0000000000
21614  17.703  -46.398  33.670 1.0000000000
19774  29.794  -48.538  37.982 0.5000000000
19773  30.296  -48.057  37.405 0.5000000000
21569  19.967  -46.104  37.852 1.0000000000
22417  19.085  -44.856  39.285 0.8999999762
21566  31.376  -46.327  36.261 0.6000000238
20681  30.794  -47.362  34.913 0.6999999881
21595  31.512  -45.988  34.979 0.6000000238
21611  31.356  -46.011  34.254 0.6000000238
21581  20.629  -45.589  36.091 1.0000000000
21613  18.799  -46.028  34.183 1.0000000000
21598  18.196  -46.743  34.731 1.0000000000
23376  27.450  -44.506  28.735 1.0000000000
22415  31.678  -45.361  37.715 0.5000000000
23292  32.205  -44.539  35.135 0.6000000238
23341  20.942  -44.024  31.883 1.0000000000
23310  31.231  -45.167  33.066 0.6999999881
23379  24.756  -44.561  29.380 1.0000000000
22539  23.293  -45.327  30.374 1.0000000000
22519  29.701  -45.696  31.334 0.8999999762
141629  29.669  -43.580  30.159 0.8000000119
24286  25.699  -43.462  28.793 1.0000000000
157105  21.697  -43.943  31.285 1.0000000000
24230  31.561  -43.503  32.685 0.6999999881
24244  31.220  -43.134  31.954 0.6999999881
24284  28.388  -43.300  28.836 1.0000000000
25981  32.616  -41.515  33.258 0.6999999881
152728  23.577  -42.352  30.457 1.0000000000
149874  31.813  -42.008  32.342 0.6999999881
159755  30.806  -42.026  31.064 0.6999999881
25969  33.506  -40.830  34.260 0.6999999881
135573  33.817  -40.863  35.015 0.6999999881
147547  20.821  -43.200  35.003 0.8000000119
26869  32.373  -40.176  32.286 0.6999999881
26845  33.959  -40.265  37.311 0.4000000060
22462  13.959  -45.633  35.629 0.6999999881
28782  33.894  -39.060  34.099 0.6000000238
26854  32.897  -39.992  33.036 0.6999999881
26870  32.088  -40.916  32.264 0.6999999881
28805  32.580  -38.484  31.566 0.6000000238
29736  34.095  -37.237  33.190 0.4000000060
28791  33.216  -38.023  32.096 0.6000000238
29728  34.251  -36.526  32.975 0.4000000060
141506  29.458  -36.809  29.103 0.6000000238
29750  33.075  -37.401  31.577 0.6000000238
135363  33.171  -36.750  31.430 0.5000000000
132404  28.342  -37.132  31.874 0.5000000000
146070  33.197  -36.072  31.208 0.6000000238
31564  30.596  -35.488  29.044 0.5000000000
29757  25.010  -37.391  31.727 0.8999999762
133187  28.113  -37.416  32.879 0.5000000000
132599  27.602  -36.957  33.043 0.6000000238
29758  24.031  -37.245  31.280 0.8000000119
31561  23.564  -35.241  31.511 0.6999999881
96  11.682  -84.361  20.654 0.6000000238
139662  13.700  -85.475  23.674 0.5000000000
37  14.700  -85.505  23.572 0.5000000000
184  13.058  -84.560  19.525 0.5000000000
95  12.603  -84.752  20.279 0.5000000000
181  14.612  -84.474  21.163 0.4000000060
324  14.224  -83.506  20.829 0.4000000060
183  14.209  -84.738  20.608 0.5000000000
134309  13.817  -84.301  19.760 0.4000000060
159730  12.683  -85.074  21.310 0.5000000000
189  11.358  -83.755  19.351 0.5000000000
344  12.610  -83.264  17.761 0.5000000000
188  12.414  -84.227  18.928 0.5000000000
338  13.680  -83.859  18.434 0.5000000000
348  13.440  -82.591  17.055 0.5000000000
345  11.585  -82.418  17.631 0.5000000000
185  11.963  -84.389  19.736 0.5000000000
4058  6.662  -70.206  24.819 0.5000000000
332  13.833  -83.684  18.969 0.4000000060
190  12.930  -83.942  18.310 0.5000000000
83  13.205  -84.869  24.332 0.5000000000
145972  12.608  -85.021  22.887 0.5000000000
39  13.198  -85.388  22.297 0.5000000000
4071  7.244  -69.917  24.115 0.5000000000
1504  14.630  -77.979  44.436 0.8000000119
1196  13.783  -78.164  44.343 0.8999999762
1185  13.705  -78.859  45.310 0.6999999881
1197  12.361  -78.165  43.956 0.8999999762
36  13.567  -85.270  24.414 0.4000000060
5495  8.889  -68.104  19.122 0.6999999881
6112  9.961  -67.512  17.634 0.5000000000
874  12.877  -79.974  46.548 0.8000000119
143762  13.200  -79.604  45.644 0.8000000119
1190  13.121  -79.021  44.727 0.8999999762
892  13.272  -79.400  45.246 0.8999999762
4072  6.225  -69.960  23.716 0.8000000119
4044  6.368  -71.079  25.289 0.6999999881
4508  5.853  -69.951  22.638 0.6999999881
4043  7.187  -70.671  25.667 0.5000000000
5503  8.901  -67.941  17.915 0.6000000238
595  12.291  -81.217  44.867 0.8999999762
3610  6.004  -72.194  24.837 0.6999999881
3571  7.954  -72.853  26.718 0.6999999881
3117  6.908  -73.659  26.459 0.6999999881
147929  7.971  -69.729  22.450 0.5000000000
4030  8.521  -71.739  26.780 0.5000000000
6099  10.091  -67.650  18.881 0.6000000238
5512  10.244  -67.405  16.268 0.6000000238
152495  11.949  -67.747  14.671 0.6000000238
3118  6.479  -72.733  26.060 0.6999999881
3584  7.449  -72.009  26.414 0.6000000238
3570  8.928  -72.623  27.406 0.6000000238
4991  8.237  -69.357  21.688 0.6000000238
2683  8.340  -74.113  29.078 0.6000000238
4566  13.620  -68.863  13.972 0.4000000060
2684  6.825  -73.643  28.358 0.6000000238
3072  8.295  -73.894  29.893 0.6000000238
3080  7.438  -73.122  28.941 0.6000000238
3986  6.736  -71.912  28.677 0.6000000238
586  9.813  -80.925  46.560 0.8999999762
882  9.993  -79.636  46.349 0.8999999762
1179  9.662  -78.326  46.503 0.8999999762
1186  8.330  -78.582  45.237 0.8999999762
1491  8.203  -77.412  46.367 0.8999999762
2169  8.885  -75.681  48.743 0.8999999762
1484  9.720  -76.730  48.103 0.8999999762
1485  8.099  -76.674  47.064 0.8999999762
138862  8.489  -78.091  45.846 0.8999999762
2529  6.719  -74.316  49.657 0.8000000119
2170  8.366  -75.174  48.909 0.8999999762
2163  9.044  -75.740  49.139 0.8999999762
1822  7.250  -76.165  47.120 0.8999999762
2530  6.083  -74.528  51.059 0.8000000119
2190  6.860  -75.775  46.475 0.8999999762
3347  5.310  -72.919  50.856 0.8000000119
2911  6.238  -73.748  48.006 0.8000000119
2919  6.109  -73.943  46.895 0.8000000119
3348  4.957  -71.997  50.832 0.8000000119
2918  6.399  -74.330  47.250 0.8999999762
2935  6.359  -74.148  46.359 0.8999999762
3833  5.769  -72.681  46.138 0.8999999762
3828  5.512  -72.160  47.780 0.8000000119
4289  5.245  -70.962  48.237 0.8000000119
4752  5.238  -69.159  50.054 0.8000000119
3372  6.122  -73.503  46.316 0.8999999762
3820  5.658  -72.434  49.229 0.8000000119
4765  5.066  -69.681  49.205 0.8000000119
11213  4.404  -59.508  38.644 0.5000000000
4748  5.357  -69.746  50.595 0.8000000119
3834  5.492  -71.872  45.554 0.8000000119
7075  7.495  -65.823  48.078 0.6999999881
7061  7.853  -66.054  49.019 0.6999999881
4774  4.962  -70.148  46.284 0.8000000119
6387  6.408  -66.715  49.062 0.8000000119
6403  5.618  -67.096  48.070 0.8000000119
156215  8.655  -64.063  47.654 0.6000000238
4785  5.042  -70.169  44.756 0.8999999762
135827  4.874  -69.253  45.828 0.8000000119
135764  5.053  -69.149  47.649 0.8000000119
7087  7.530  -65.126  47.430 0.6999999881
5248  4.863  -68.288  46.689 0.8000000119
6401  6.756  -66.334  47.957 0.6999999881
159606  5.364  -68.027  49.165 0.8000000119
6414  5.932  -66.472  47.447 0.8000000119
5804  4.558  -67.398  45.713 0.8000000119
7088  6.463  -65.233  46.950 0.6999999881
7089  6.271  -65.831  47.072 0.8000000119
8408  6.413  -63.787  47.488 0.6999999881
6428  5.380  -65.988  46.462 0.6999999881
9090  5.773  -63.059  48.176 0.6000000238
18981  4.015  -48.652  38.139 0.6000000238
141946  6.509  -47.253  38.040 0.6000000238
20627  7.232  -46.724  38.394 0.6999999881
20670  7.920  -46.776  36.664 0.6000000238
21511  7.586  -45.242  40.377 0.8000000119
21535  7.741  -45.902  39.150 0.8000000119
22382  8.884  -44.749  41.781 0.8000000119
20671  7.688  -47.358  36.688 0.6000000238
20651  7.358  -47.308  37.466 0.6000000238
21572  8.089  -45.897  37.104 0.5000000000
22393  8.106  -44.648  41.254 0.8000000119
21497  10.460  -45.041  41.970 0.8000000119
21534  8.185  -45.382  39.007 0.8000000119
21510  8.167  -44.845  40.200 0.8000000119
20626  7.920  -46.519  37.947 0.6999999881
22380  10.344  -43.911  41.122 0.8000000119
22392  8.910  -44.229  40.840 0.8000000119
21554  8.177  -45.739  37.899 0.5000000000
22447  7.734  -44.401  37.403 0.6000000238
21507  12.903  -45.878  41.536 0.8000000119
22391  9.367  -43.300  40.590 0.6999999881
22409  8.560  -43.875  39.712 0.8000000119
23267  8.604  -43.583  38.631 0.6999999881
22425  8.108  -44.225  38.387 0.6999999881
22388  12.920  -44.642  40.886 0.8000000119
158271  10.767  -43.042  39.771 0.6999999881
147671  9.398  -43.100  39.392 0.6999999881
23278  8.047  -43.760  37.669 0.6000000238
23279  7.418  -44.159  36.820 0.6000000238
23290  6.844  -44.381  36.052 0.6000000238
152878  12.747  -44.004  40.178 0.8000000119
22408  12.310  -43.716  39.320 0.6999999881
136810  10.354  -42.983  39.092 0.6999999881
152142  8.714  -43.619  37.213 0.6000000238
23266  9.215  -43.240  38.188 0.6999999881
23277  9.784  -43.781  37.229 0.6000000238
23289  7.365  -44.041  36.031 0.6000000238
22444  12.330  -45.151  37.323 0.6000000238
22445  10.437  -44.832  36.423 0.6000000238
22465  10.470  -45.258  35.631 0.6000000238
139757  10.881  -45.617  35.026 0.6000000238
136633  12.341  -45.627  35.996 0.6000000238
25108  19.136  -42.351  33.488 0.6999999881
24213  18.207  -42.903  33.758 0.6000000238
22495  13.966  -45.272  34.199 0.6000000238
22476  15.907  -45.371  34.914 0.6000000238
22498  11.748  -45.332  33.871 0.5000000000
156596  17.616  -43.373  33.978 0.6000000238
23299  14.872  -45.171  34.257 0.6000000238
28838  21.185  -38.390  30.603 0.6999999881
140577  21.909  -37.232  30.453 0.6999999881
29774  21.242  -37.563  30.410 0.6999999881
24198  18.422  -43.483  34.072 0.6999999881
23298  15.691  -44.774  34.279 0.6000000238
23300  13.978  -44.557  33.937 0.5000000000
24200  15.486  -43.525  34.354 0.6000000238
24201  14.760  -43.726  34.313 0.5000000000
23297  16.554  -44.923  34.628 0.6000000238
24199  16.326  -44.145  34.166 0.6000000238
25096  17.031  -42.096  34.385 0.6000000238
31565  22.260  -35.515  30.686 0.6999999881
30704  21.274  -36.488  30.235 0.6000000238
29775  20.340  -37.213  30.268 0.5000000000
29776  19.342  -37.423  30.524 0.4000000060
140026  20.826  -34.788  30.239 0.4000000060
31567  20.658  -35.635  30.004 0.5000000000
31568  19.835  -35.891  29.773 0.4000000060
137954  18.942  -36.236  29.935 0.4000000060
94  13.539  -84.846  20.237 0.5000000000
339  11.696  -83.412  18.424 0.5000000000
147454  6.252  -72.082  25.566 0.6999999881
2691  8.183  -74.209  28.516 0.6999999881
5233  5.510  -68.418  49.746 0.8000000119
22381  9.601  -44.285  41.453 0.8000000119
22446  9.418  -44.417  36.057 0.6000000238
23313  13.259  -44.989  33.790 0.5000000000
22464  11.338  -45.422  36.090 0.6000000238
87  12.537  -84.686  23.269 0.5000000000
91  13.923  -85.226  20.846 0.5000000000
40  14.157  -85.488  22.683 0.5000000000
180  14.953  -84.603  21.775 0.5000000000
585  12.672  -81.020  46.040 0.8000000119
5009  9.663  -68.378  20.423 0.5000000000
4506  8.465  -70.137  23.230 0.5000000000
3105  7.972  -73.584  27.051 0.6999999881
4990  9.833  -69.528  22.065 0.5000000000
3816  5.033  -71.615  51.486 0.8000000119
156314  6.757  -66.988  49.420 0.8000000119
7735  8.525  -64.714  47.869 0.6000000238
19785  4.375  -48.338  37.720 0.6000000238
19799  5.815  -48.383  36.638 0.6000000238
19798  7.057  -48.019  36.647 0.6000000238
27848  20.190  -39.127  31.289 0.6999999881
25109  17.897  -41.895  33.759 0.6000000238
148406  20.615  -37.918  30.529 0.6999999881
28839  19.906  -37.944  30.656 0.5000000000
134370  18.402  -39.836  32.745 0.6000000238
159059  4.969  -71.216  50.787 0.8000000119
27849  19.376  -39.157  31.684 0.6000000238
893  12.679  -80.101  44.928 0.8999999762
3839  5.805  -72.372  45.037 0.8999999762
4302  5.272  -70.992  45.196 0.8999999762
7099  5.267  -65.250  46.231 0.6999999881
21536  6.964  -46.098  39.462 0.6999999881
22390  11.304  -44.950  41.781 0.8000000119
6429  4.627  -66.421  45.484 0.8000000119
7736  6.489  -64.552  47.035 0.6999999881
141925  20.821  -39.760  31.404 0.6999999881
352  13.086  -82.190  16.518 0.5000000000
543  13.629  -81.940  16.466 0.5000000000
22480  11.971  -45.771  34.835 0.6000000238
27822  20.037  -39.856  31.724 0.6999999881
5000  9.035  -69.048  21.019 0.5000000000
23265  10.302  -43.355  38.108 0.6000000238
182  14.556  -85.036  21.228 0.5000000000
343  13.482  -83.561  17.920 0.5000000000
6098  11.222  -67.341  18.924 0.5000000000
3087  9.098  -74.232  29.232 0.6000000238
2902  6.062  -73.751  49.951 0.8000000119
2910  6.641  -73.947  48.571 0.8000000119
2536  7.152  -75.045  47.907 0.8999999762
147443  6.677  -74.810  47.263 0.8999999762
142768  6.081  -73.137  49.068 0.8000000119
3821  5.231  -71.489  49.524 0.8000000119
3829  5.420  -71.868  46.697 0.8000000119
4296  5.229  -71.024  46.593 0.8000000119
147682  5.128  -70.154  47.652 0.8000000119
5767  5.666  -67.722  49.388 0.8000000119
143899  5.270  -68.149  48.186 0.8000000119
5794  5.149  -67.461  47.407 0.8000000119
142849  7.655  -64.300  47.301 0.6000000238
6415  5.093  -66.773  46.786 0.8000000119
20686  7.736  -47.386  35.831 0.6000000238
23247  11.200  -43.719  40.560 0.8000000119
138022  10.178  -43.098  40.080 0.6999999881
139770  7.956  -43.848  36.646 0.6000000238
26855  19.115  -40.739  32.753 0.6999999881
25986  17.602  -41.018  33.741 0.6000000238
31566  21.475  -35.304  30.414 0.4000000060
29759  19.170  -38.002  30.978 0.5000000000
23288  8.798  -44.528  35.168 0.6000000238
578  12.423  -81.425  47.377 0.6999999881
139205  12.061  -82.168  45.664 0.6999999881
368  12.392  -81.710  46.372 0.6999999881
566  10.605  -81.099  50.394 0.6000000238
360  11.089  -81.465  48.950 0.6000000238
362  11.822  -81.670  48.496 0.6000000238
366  11.100  -81.948  47.085 0.6999999881
136186  12.084  -82.045  47.002 0.6999999881
373  11.394  -82.411  45.074 0.6999999881
567  10.004  -80.678  50.174 0.6000000238
573  10.275  -81.154  48.467 0.6000000238
579  10.296  -81.361  47.604 0.6999999881
374  10.686  -82.313  45.391 0.6999999881
1470  8.547  -77.780  50.550 0.6999999881
1155  8.943  -78.483  51.107 0.5000000000
864  9.663  -80.165  49.640 0.6000000238
1478  9.937  -77.128  48.706 0.8000000119
1166  10.156  -78.216  48.373 0.6999999881
574  9.723  -80.405  48.761 0.6000000238
152825  9.873  -81.018  47.261 0.6999999881
1790  7.619  -75.848  51.944 0.6000000238
1796  7.927  -76.819  51.556 0.5000000000
1804  7.437  -76.334  51.279 0.6999999881
1803  7.908  -77.027  50.771 0.6999999881
150401  8.464  -77.194  50.020 0.6999999881
1473  9.089  -77.599  49.653 0.6999999881
1160  9.325  -79.298  49.874 0.6000000238
1808  9.328  -76.488  49.231 0.8000000119
136517  9.560  -79.439  49.020 0.6999999881
1173  10.212  -78.281  47.542 0.8000000119
876  9.891  -80.267  47.243 0.6999999881
888  9.593  -80.382  45.530 0.8000000119
141450  6.993  -75.132  51.928 0.6000000238
2523  6.574  -75.058  51.490 0.6999999881
2164  7.992  -75.460  49.700 0.6999999881
159202  6.489  -74.712  51.840 0.5000000000
2516  6.171  -74.377  51.715 0.6999999881
3338  6.269  -72.712  52.021 0.5000000000
2891  5.886  -73.440  51.881 0.6999999881
3807  5.809  -71.830  51.929 0.6000000238
3340  5.053  -72.275  51.682 0.6999999881
4261  5.325  -71.344  51.525 0.6000000238
4267  5.500  -70.383  51.088 0.6999999881
135632  5.627  -48.888  35.982 0.5000000000
19812  7.212  -48.458  35.274 0.5000000000
20699  7.593  -47.604  34.799 0.5000000000
31562  22.789  -34.856  31.279 0.5000000000
32405  22.068  -34.463  30.957 0.4000000060
4747  5.834  -69.479  50.646 0.6999999881
375  9.961  -81.772  45.766 0.6999999881
147711  15.161  -85.235  22.783 0.4000000060
143274  10.145  -79.197  47.098 0.6999999881
1477  10.236  -77.479  48.010 0.8000000119
1809  8.386  -76.363  49.864 0.6999999881
2896  5.681  -73.707  51.432 0.6999999881
5225  5.613  -68.910  50.262 0.6999999881
5765  6.747  -67.561  49.687 0.5000000000
365  11.801  -81.860  47.716 0.6999999881
1161  9.010  -78.496  50.197 0.6999999881
4266  6.386  -70.140  50.846 0.6000000238
154036  12.687  -80.894  46.593 0.6000000238
158062  14.070  -42.509  32.337 0.3000000119
25125  14.541  -41.966  32.879 0.3000000119
24234  12.875  -42.879  32.320 0.4000000060
26006  14.989  -41.832  31.902 0.3000000119
25127  12.562  -41.508  33.613 0.4000000060
25126  13.684  -42.184  33.209 0.4000000060
27854  7.398  -38.574  31.497 0.3000000119
159477  7.907  -38.408  30.893 0.3000000119
4  11.046  -85.348  34.538 0.6000000238
11  9.664  -85.281  33.291 0.6000000238
17  9.700  -85.498  32.197 0.6000000238
19  9.812  -85.548  31.375 0.6000000238
38  13.200  -85.385  23.098 0.5000000000
41  14.112  -85.374  21.634 0.5000000000
42  13.220  -85.323  21.434 0.5000000000
47  10.178  -84.536  35.571 0.6000000238
54  9.608  -84.973  34.129 0.6000000238
63  10.169  -85.352  31.160 0.6000000238
81  12.678  -83.857  24.374 0.6000000238
86  13.015  -85.102  23.651 0.5000000000
88  14.850  -85.174  21.970 0.5000000000
92  13.052  -85.121  20.799 0.5000000000
93  12.287  -84.758  21.100 0.5000000000
99  10.018  -84.508  38.555 1.0000000000
101  10.633  -84.600  38.598 1.0000000000
103  10.168  -84.643  37.853 1.0000000000
114  10.100  -84.586  35.735 0.6999999881
118  10.360  -84.476  35.705 0.6999999881
187  13.386  -84.276  18.889 0.5000000000
200  9.376  -83.999  38.335 1.0000000000
205  9.445  -84.475  36.971 1.0000000000
206  9.114  -83.894  37.373 1.0000000000
214  8.941  -83.054  37.172 1.0000000000
254  8.570  -84.111  29.819 0.8000000119
275  9.491  -84.790  28.312 0.6000000238
280  10.377  -83.498  27.214 0.6000000238
287  9.555  -83.482  26.206 0.6999999881
288  9.292  -83.596  26.318 0.6999999881
306  10.391  -82.182  23.594 0.8000000119
359  11.825  -81.544  49.364 0.6000000238
363  11.096  -81.653  48.065 0.6000000238
364  12.086  -81.670  47.956 0.6999999881
367  10.187  -81.523  46.763 0.6999999881
369  11.507  -82.308  46.098 0.6999999881
370  10.643  -82.062  46.223 0.6999999881
381  11.154  -82.377  43.949 1.0000000000
382  10.247  -82.403  43.412 1.0000000000
393  14.787  -82.153  40.987 0.6000000238
397  14.346  -82.895  40.415 0.8999999762
399  11.453  -83.337  40.193 1.0000000000
408  9.412  -83.262  38.828 1.0000000000
418  9.596  -83.136  36.323 1.0000000000
427  12.220  -81.958  34.630 1.0000000000
428  11.699  -82.599  34.567 0.8999999762
456  9.667  -81.025  30.979 1.0000000000
469  8.822  -83.348  27.535 1.0000000000
491  9.446  -81.303  24.925 0.8000000119
537  13.814  -82.968  17.621 0.5000000000
555  12.818  -81.228  15.797 0.5000000000
570  10.256  -80.996  49.464 0.6000000238
580  9.838  -80.703  47.931 0.6999999881
590  12.392  -81.546  45.550 0.6999999881
596  11.678  -81.772  43.994 1.0000000000
602  8.862  -81.938  42.596 1.0000000000
603  8.316  -81.445  42.185 1.0000000000
612  15.213  -80.614  41.218 0.6999999881
634  8.766  -81.857  37.304 1.0000000000
652  11.703  -80.731  35.637 1.0000000000
722  9.483  -80.350  26.292 1.0000000000
792  11.642  -80.847  17.093 0.6999999881
811  12.951  -80.472  15.460 0.6999999881
824  14.437  -79.945  14.426 0.5000000000
868  9.911  -79.573  48.038 0.6999999881
881  12.937  -80.224  46.051 0.6000000238
887  12.772  -80.459  45.530 0.8999999762
895  8.489  -80.400  43.910 1.0000000000
901  10.427  -81.447  42.304 1.0000000000
908  8.901  -81.119  41.333 1.0000000000
909  8.205  -81.039  41.617 1.0000000000
913  15.067  -80.485  41.414 0.8000000119
971  13.505  -79.118  33.613 1.0000000000
980  12.436  -79.533  32.295 1.0000000000
1016  11.684  -79.402  27.600 1.0000000000
1017  10.765  -79.839  27.419 1.0000000000
1035  11.514  -78.868  25.502 1.0000000000
1036  10.076  -79.054  25.513 0.8999999762
1076  9.656  -78.612  20.296 0.8999999762
1081  11.202  -79.070  19.102 0.8999999762
1189  13.959  -78.621  44.888 0.8999999762
1205  7.441  -80.143  41.608 1.0000000000
1210  9.074  -79.246  40.519 1.0000000000
1236  10.609  -78.422  37.938 1.0000000000
1254  7.978  -79.069  35.681 1.0000000000
1269  13.776  -78.330  34.539 1.0000000000
1300  12.660  -78.947  30.623 1.0000000000
1408  13.876  -78.204  17.553 0.8000000119
1464  8.414  -77.570  51.326 0.6999999881
1498  7.362  -77.464  45.522 1.0000000000
1513  11.581  -78.023  43.156 1.0000000000
1533  10.668  -76.645  40.752 1.0000000000
1535  6.957  -78.919  40.866 1.0000000000
1545  13.397  -76.757  41.596 1.0000000000
1558  11.711  -76.808  38.847 1.0000000000
1591  14.029  -76.983  34.865 1.0000000000
1600  14.336  -77.156  34.170 1.0000000000
1615  13.908  -77.946  32.273 1.0000000000
1627  14.455  -77.680  30.806 1.0000000000
1631  14.859  -77.556  29.621 1.0000000000
1656  13.984  -77.684  26.280 1.0000000000
1732  14.714  -77.021  17.064 0.8000000119
1797  7.606  -76.220  51.766 0.6000000238
1813  9.442  -76.233  48.780 0.8999999762
1821  8.741  -76.012  48.046 0.8999999762
1846  13.161  -76.858  43.182 1.0000000000
1852  13.659  -76.851  42.836 1.0000000000
1866  12.282  -76.262  41.674 1.0000000000
1867  11.632  -76.110  41.031 1.0000000000
1881  6.560  -76.967  39.441 1.0000000000
1888  12.217  -76.388  39.947 1.0000000000
1912  8.850  -76.539  36.932 1.0000000000
1927  13.319  -76.237  35.807 1.0000000000
1929  11.314  -76.606  34.945 1.0000000000
1930  9.036  -76.449  34.783 1.0000000000
1938  14.663  -76.569  34.548 1.0000000000
1955  15.122  -77.130  31.214 1.0000000000
1960  8.257  -77.436  30.101 0.8999999762
1964  15.919  -76.752  29.870 1.0000000000
2018  15.059  -75.982  23.623 0.8999999762
2069  14.713  -75.547  16.585 0.8000000119
2071  16.407  -76.085  14.397 0.6000000238
2150  7.162  -75.689  51.662 0.6999999881
2157  7.567  -76.335  50.591 0.6999999881
2158  6.989  -75.842  50.954 0.6999999881
2165  6.776  -75.117  50.487 0.6999999881
2179  7.468  -75.628  47.656 0.8999999762
2197  11.105  -74.981  45.565 1.0000000000
2211  10.109  -75.431  44.776 1.0000000000
2223  9.396  -75.660  44.093 1.0000000000
2248  5.460  -74.709  40.921 1.0000000000
2286  8.266  -75.468  36.404 1.0000000000
2287  7.804  -75.160  36.428 1.0000000000
2295  14.269  -75.354  36.487 1.0000000000
2297  10.557  -74.985  35.658 1.0000000000
2305  14.435  -75.826  35.877 1.0000000000
2307  9.704  -75.673  35.046 1.0000000000
2332  6.604  -76.407  30.988 0.8000000119
2344  16.785  -75.651  29.816 1.0000000000
2348  9.900  -77.343  29.216 0.8999999762
2349  6.452  -76.438  29.319 0.8000000119
2363  16.788  -75.312  27.362 1.0000000000
2380  6.924  -75.956  26.265 0.8000000119
2411  15.950  -74.677  22.934 0.8999999762
2419  15.214  -74.875  21.695 0.8999999762
2420  14.421  -75.111  21.176 0.8999999762
2528  7.571  -74.735  49.221 0.8000000119
2537  6.940  -74.443  48.270 0.8999999762
2546  10.863  -74.354  47.066 1.0000000000
2548  6.793  -75.170  46.883 0.8999999762
2558  8.868  -74.748  45.787 1.0000000000
2559  7.109  -74.877  45.897 1.0000000000
2564  11.524  -74.531  45.751 1.0000000000
2573  11.581  -74.614  45.010 1.0000000000
2580  10.346  -75.078  43.641 1.0000000000
2616  6.794  -74.302  37.123 1.0000000000
2618  5.854  -73.433  38.556 1.0000000000
2625  13.056  -74.463  37.465 1.0000000000
2627  10.937  -73.996  36.948 1.0000000000
2636  16.158  -74.206  36.065 1.0000000000
2643  9.328  -74.337  36.035 1.0000000000
2650  15.798  -74.963  35.700 1.0000000000
2662  16.814  -74.724  33.161 1.0000000000
2665  9.400  -74.766  32.138 1.0000000000
2671  17.135  -74.584  31.741 1.0000000000
2690  11.632  -75.107  29.697 1.0000000000
2693  5.861  -74.295  28.253 0.8000000119
2694  5.706  -75.090  29.251 0.8000000119
2697  17.131  -74.705  28.834 1.0000000000
2700  8.601  -74.173  28.232 0.6999999881
2719  12.013  -74.657  27.254 1.0000000000
2730  17.221  -73.894  25.191 1.0000000000
2731  16.793  -74.638  25.139 1.0000000000
2770  15.871  -73.852  22.161 0.8999999762
2813  16.701  -73.849  13.537 0.5000000000
2890  6.532  -74.455  51.893 0.5000000000
2908  10.654  -73.570  48.080 1.0000000000
2915  11.055  -73.899  47.698 1.0000000000
2944  11.996  -73.922  45.464 1.0000000000
2949  12.000  -73.974  44.471 1.0000000000
2954  12.237  -73.149  44.000 1.0000000000
2970  7.145  -73.074  42.184 1.0000000000
2976  5.390  -72.818  40.622 1.0000000000
2984  5.913  -72.466  39.353 1.0000000000
2989  14.322  -73.412  38.377 1.0000000000
3006  9.529  -73.541  37.473 1.0000000000
3019  15.053  -74.215  37.217 1.0000000000
3037  16.742  -74.107  34.818 1.0000000000
3046  17.536  -73.308  33.595 1.0000000000
3050  5.872  -74.028  33.841 0.8999999762
3064  5.654  -73.713  33.234 0.8999999762
3068  12.199  -73.186  31.263 1.0000000000
3081  5.589  -74.765  30.186 0.8000000119
3085  12.884  -72.982  29.624 1.0000000000
3093  12.986  -73.119  28.882 1.0000000000
3095  9.257  -74.078  28.536 0.6000000238
3104  8.836  -73.833  27.802 0.6999999881
3115  12.315  -74.291  25.945 1.0000000000
3126  17.417  -73.123  25.287 1.0000000000
3145  6.320  -73.657  24.140 0.8000000119
3151  16.538  -73.699  23.303 0.8999999762
3153  11.975  -74.378  23.551 0.8999999762
3154  9.900  -74.564  22.963 0.8999999762
3164  16.212  -73.497  22.842 0.8999999762
3165  15.724  -73.275  22.358 0.8999999762
3179  14.960  -73.631  20.827 0.8999999762
3180  14.283  -73.506  20.134 0.8999999762
3190  13.569  -73.306  19.367 0.8999999762
3199  13.034  -73.229  18.433 0.8999999762
3200  12.994  -73.125  17.443 0.8999999762
3339  5.387  -72.399  51.957 0.6999999881
3344  5.347  -72.892  51.675 0.6999999881
3352  10.661  -73.029  48.574 1.0000000000
3354  9.083  -72.356  48.184 1.0000000000
3355  5.899  -73.205  47.421 0.8000000119
3361  9.454  -72.980  47.794 1.0000000000
3371  6.856  -73.394  45.989 1.0000000000
3423  5.780  -71.914  41.012 1.0000000000
3437  15.296  -71.652  39.574 1.0000000000
3438  14.605  -72.274  39.493 1.0000000000
3452  15.599  -72.570  38.510 1.0000000000
3461  16.706  -72.437  37.442 1.0000000000
3482  17.786  -72.524  34.743 1.0000000000
3491  6.051  -72.653  34.745 0.8999999762
3492  5.782  -72.593  34.646 0.8999999762
3498  18.277  -72.034  33.426 1.0000000000
3516  12.540  -72.138  32.222 1.0000000000
3517  11.615  -72.427  32.668 1.0000000000
3518  10.392  -72.983  32.695 1.0000000000
3520  5.570  -72.758  33.209 0.8999999762
3544  18.219  -71.501  29.964 1.0000000000
3545  17.795  -72.709  29.644 1.0000000000
3566  17.638  -72.004  27.264 1.0000000000
3567  14.273  -72.294  27.915 1.0000000000
3593  17.029  -72.264  24.966 1.0000000000
3596  6.782  -71.427  25.955 0.6000000238
3608  14.095  -73.094  24.456 1.0000000000
3620  16.555  -73.105  23.545 0.8999999762
3624  13.394  -73.482  23.104 0.8999999762
3641  15.411  -72.945  22.723 0.8999999762
3642  14.674  -72.897  22.111 0.8999999762
3647  7.861  -73.148  21.487 0.8999999762
3649  5.848  -70.934  22.321 0.8999999762
3656  14.597  -72.800  21.514 0.8999999762
3666  14.930  -73.059  21.152 0.8999999762
3683  13.110  -72.163  18.550 0.8999999762
3698  13.775  -71.458  14.309 0.6999999881
3808  5.164  -71.927  51.919 0.6999999881
3824  11.352  -72.422  48.611 1.0000000000
3877  7.167  -70.588  40.526 1.0000000000
3888  13.259  -71.142  39.545 1.0000000000
3892  9.268  -70.288  39.243 1.0000000000
3895  17.424  -70.890  38.028 1.0000000000
3906  17.981  -71.648  36.609 1.0000000000
3914  18.612  -71.097  35.350 1.0000000000
3921  6.550  -72.127  35.096 0.8999999762
3923  5.547  -71.945  34.785 0.8999999762
3930  18.576  -71.324  33.702 1.0000000000
3932  12.433  -71.229  33.166 1.0000000000
3949  12.528  -71.693  32.726 1.0000000000
3961  18.460  -71.133  31.407 1.0000000000
3963  13.584  -71.561  31.366 1.0000000000
3974  14.415  -71.336  30.091 1.0000000000
3981  17.903  -70.810  29.001 1.0000000000
3983  14.494  -71.610  29.206 1.0000000000
3997  5.803  -71.335  27.900 0.6999999881
4008  17.517  -71.364  27.557 1.0000000000
4010  16.158  -71.092  27.061 1.0000000000
4039  16.153  -71.672  25.544 1.0000000000
4053  16.498  -72.049  24.893 1.0000000000
4086  6.285  -71.403  21.489 0.8999999762
4113  12.954  -71.582  19.177 0.8999999762
4131  12.479  -71.612  15.629 0.8999999762
4268  5.096  -70.633  51.018 0.6999999881
4276  5.051  -70.534  50.059 0.8000000119
4285  11.718  -70.823  49.155 1.0000000000
4286  10.746  -71.240  49.175 1.0000000000
4299  12.639  -70.848  47.020 1.0000000000
4306  5.927  -70.344  43.710 1.0000000000
4310  11.898  -70.329  44.617 1.0000000000
4313  12.285  -70.451  42.982 1.0000000000
4330  12.574  -69.345  40.382 1.0000000000
4342  16.811  -70.262  38.992 1.0000000000
4351  18.253  -70.618  36.967 1.0000000000
4363  18.570  -70.473  35.668 1.0000000000
4364  5.689  -70.268  36.268 0.8999999762
4376  5.633  -70.951  35.722 0.8999999762
4386  14.395  -70.129  33.031 1.0000000000
4417  14.772  -70.573  31.351 1.0000000000
4427  18.104  -70.203  30.422 1.0000000000
4429  16.387  -69.624  30.683 1.0000000000
4437  17.684  -70.258  29.337 1.0000000000
4441  6.723  -71.124  28.556 0.6999999881
4450  16.832  -70.386  28.370 1.0000000000
4455  5.487  -70.629  27.797 0.6000000238
4464  17.263  -70.818  27.897 1.0000000000
4507  6.705  -69.719  22.843 0.6999999881
4522  6.183  -69.747  21.994 0.6999999881
4531  7.010  -69.086  21.090 0.6999999881
4553  7.623  -69.462  19.392 0.8000000119
4574  11.099  -68.246  13.918 0.6999999881
4578  13.648  -69.481  13.337 0.6000000238
4759  13.328  -69.384  48.410 1.0000000000
4772  12.882  -69.954  48.562 1.0000000000
4802  12.696  -69.199  41.384 1.0000000000
4814  16.295  -69.678  39.303 1.0000000000
4828  18.009  -69.116  37.328 1.0000000000
4843  18.276  -69.707  34.740 1.0000000000
4858  16.432  -69.207  33.818 1.0000000000
4861  13.903  -69.667  33.355 1.0000000000
4862  11.432  -69.886  33.616 1.0000000000
4863  10.653  -69.757  33.870 1.0000000000
4874  18.122  -69.824  31.590 1.0000000000
4904  18.014  -69.813  30.934 1.0000000000
4906  16.920  -69.563  30.068 1.0000000000
4912  17.396  -69.831  29.757 1.0000000000
4924  5.066  -69.967  27.920 0.6000000238
5001  7.613  -68.967  20.617 0.6999999881
5019  8.167  -68.737  18.462 0.8999999762
5034  12.170  -68.326  13.781 0.6999999881
5230  12.144  -68.186  49.284 1.0000000000
5232  5.956  -68.043  49.943 0.8000000119
5237  14.043  -68.303  48.311 1.0000000000
5267  12.329  -69.004  44.987 1.0000000000
5286  10.964  -67.925  43.151 1.0000000000
5303  16.149  -68.875  39.126 1.0000000000
5311  17.048  -68.667  38.757 1.0000000000
5359  11.324  -68.600  33.798 1.0000000000
5386  4.947  -68.632  31.211 0.5000000000
5414  5.204  -69.326  27.649 0.5000000000
5496  8.084  -68.632  19.038 0.8000000119
5522  11.218  -67.438  15.380 0.6000000238
5766  6.113  -67.317  49.456 0.8000000119
5781  5.770  -67.106  49.010 0.8000000119
5782  5.472  -67.528  48.664 0.8000000119
5793  8.217  -68.135  46.304 1.0000000000
5822  14.583  -68.068  44.894 1.0000000000
5825  5.305  -67.735  43.433 1.0000000000
5836  11.175  -67.463  43.388 1.0000000000
5841  11.250  -67.907  42.547 1.0000000000
5842  11.033  -67.470  42.940 1.0000000000
5864  13.490  -67.624  39.402 1.0000000000
5887  16.935  -67.277  38.119 1.0000000000
5888  16.287  -66.821  37.727 1.0000000000
5907  17.582  -66.921  36.068 1.0000000000
5920  10.892  -67.118  34.281 1.0000000000
5923  5.329  -68.467  35.933 0.8999999762
5936  16.457  -67.742  34.242 1.0000000000
5939  13.330  -67.473  33.151 1.0000000000
6397  14.442  -66.575  48.481 1.0000000000
6402  6.017  -66.785  48.500 0.8000000119
6459  15.268  -67.286  43.715 1.0000000000
6461  12.651  -66.751  43.381 1.0000000000
6462  11.656  -66.898  43.405 1.0000000000
6470  14.239  -66.366  42.666 1.0000000000
6485  12.552  -66.367  40.467 1.0000000000
6486  11.893  -65.803  41.077 1.0000000000
6511  13.697  -66.279  38.645 1.0000000000
6536  16.140  -65.816  36.841 1.0000000000
6548  6.040  -66.451  35.719 0.8999999762
6557  17.265  -66.406  34.529 1.0000000000
6592  16.224  -66.140  33.008 1.0000000000
6593  15.482  -66.633  32.959 1.0000000000
7069  14.248  -65.607  48.590 1.0000000000
7074  8.270  -65.449  48.353 0.6999999881
7113  17.656  -65.849  44.173 1.0000000000
7115  6.110  -65.783  42.963 1.0000000000
7127  18.243  -65.406  42.417 1.0000000000
7134  11.669  -66.096  42.540 1.0000000000
7141  18.023  -65.439  40.810 1.0000000000
7145  11.956  -64.861  41.604 1.0000000000
7158  18.157  -65.210  40.141 1.0000000000
7163  11.805  -65.104  41.267 1.0000000000
7173  13.074  -65.657  39.233 1.0000000000
7194  13.928  -65.136  37.810 1.0000000000
7204  17.262  -66.158  35.817 1.0000000000
7206  15.842  -65.204  36.414 1.0000000000
7229  17.114  -65.607  34.280 1.0000000000
7232  10.455  -65.784  34.584 1.0000000000
7234  6.890  -65.632  34.845 0.6999999881
7246  16.689  -65.613  33.412 1.0000000000
7248  12.515  -65.549  33.243 1.0000000000
7265  14.970  -65.257  32.523 1.0000000000
7267  5.781  -66.100  32.385 0.5000000000
7714  13.582  -65.000  48.623 1.0000000000
7731  13.461  -64.253  48.339 1.0000000000
7732  12.443  -64.106  47.992 1.0000000000
7733  11.229  -64.227  47.089 1.0000000000
7747  10.087  -63.976  45.882 1.0000000000
7755  17.626  -64.344  45.536 1.0000000000
7756  17.165  -65.001  46.157 1.0000000000
7773  18.526  -64.776  43.061 1.0000000000
7780  12.592  -64.635  41.772 1.0000000000
7795  14.132  -64.234  41.208 1.0000000000
7810  18.699  -64.864  40.505 1.0000000000
7814  12.073  -64.321  40.191 1.0000000000
7827  5.143  -65.448  40.338 1.0000000000
7835  19.004  -64.106  38.327 1.0000000000
7841  5.621  -65.986  40.154 1.0000000000
7887  16.533  -64.456  33.911 1.0000000000
7901  15.847  -63.965  32.975 1.0000000000
7915  15.783  -64.497  32.722 1.0000000000
8404  13.852  -63.506  48.010 1.0000000000
8406  12.137  -63.389  47.457 1.0000000000
8407  7.998  -63.569  47.557 0.6000000238
8409  5.102  -63.294  47.713 0.6999999881
8421  10.891  -63.198  46.509 1.0000000000
8431  17.566  -63.314  45.634 1.0000000000
8433  7.932  -63.457  44.729 1.0000000000
8434  6.758  -63.248  44.250 1.0000000000
8441  18.109  -63.886  45.010 1.0000000000
8449  18.563  -64.147  43.659 1.0000000000
8472  19.044  -63.965  41.964 1.0000000000
8473  13.593  -62.944  41.139 1.0000000000
8474  12.842  -63.076  41.192 1.0000000000
8476  12.039  -63.965  40.705 1.0000000000
8486  14.264  -62.850  40.749 1.0000000000
8488  12.031  -63.961  40.388 1.0000000000
8498  19.843  -63.234  38.943 1.0000000000
8501  16.351  -64.007  39.282 1.0000000000
8502  15.605  -63.589  39.671 1.0000000000
8511  19.884  -63.251  38.332 1.0000000000
8513  17.583  -64.101  38.489 1.0000000000
8514  16.739  -63.526  38.578 1.0000000000
8519  4.202  -65.134  39.931 1.0000000000
8528  19.263  -63.580  37.638 1.0000000000
8530  17.655  -63.315  37.529 1.0000000000
8531  12.798  -62.923  38.338 1.0000000000
8542  19.487  -63.180  36.902 1.0000000000
8543  18.814  -63.319  36.693 1.0000000000
8544  17.990  -63.137  36.785 1.0000000000
8545  14.255  -63.366  36.494 1.0000000000
8555  19.847  -62.847  36.231 1.0000000000
8556  19.261  -63.126  36.032 1.0000000000
8569  15.705  -63.303  34.189 1.0000000000
8571  10.543  -63.120  33.964 1.0000000000
8577  14.761  -62.893  33.034 1.0000000000
8579  12.142  -62.784  33.142 1.0000000000
9075  5.174  -62.852  48.157 0.6000000238
9084  14.988  -62.728  47.530 1.0000000000
9086  12.964  -62.328  47.544 1.0000000000
9091  4.866  -62.853  47.554 0.6999999881
9103  9.128  -62.682  45.850 1.0000000000
9104  7.767  -62.298  45.681 1.0000000000
9105  6.794  -62.248  45.549 1.0000000000
9107  5.137  -62.435  46.903 0.6999999881
9114  17.247  -62.454  45.976 1.0000000000
9145  19.348  -62.315  41.870 1.0000000000
9146  19.252  -62.462  42.715 1.0000000000
9156  13.329  -62.399  40.969 1.0000000000
9166  19.718  -62.568  40.097 1.0000000000
9178  19.921  -62.720  39.285 1.0000000000
9182  12.418  -62.639  39.692 1.0000000000
9185  4.614  -63.621  40.959 1.0000000000
9191  16.919  -62.891  37.920 1.0000000000
9195  6.034  -64.310  40.941 1.0000000000
9209  8.051  -62.630  38.508 1.0000000000
9217  20.233  -62.548  36.615 1.0000000000
9231  20.256  -62.418  35.759 1.0000000000
9235  14.744  -62.534  34.933 1.0000000000
9237  9.340  -62.713  35.476 1.0000000000
9245  20.254  -62.166  34.788 1.0000000000
9248  14.446  -62.131  34.231 1.0000000000
9251  9.743  -62.617  34.844 1.0000000000
9258  19.551  -62.125  33.985 1.0000000000
9262  11.687  -62.187  33.437 1.0000000000
9735  5.294  -61.935  48.378 0.6999999881
9745  13.470  -61.566  47.602 1.0000000000
9751  6.831  -61.344  46.818 0.8000000119
9761  15.913  -61.792  47.024 1.0000000000
9763  9.134  -61.938  46.366 1.0000000000
9787  18.535  -61.228  44.465 1.0000000000
9788  18.119  -61.284  45.066 1.0000000000
9822  13.214  -61.950  40.674 1.0000000000
9828  19.874  -61.311  40.005 1.0000000000
9830  14.533  -61.236  40.245 1.0000000000
9832  13.550  -61.224  40.455 1.0000000000
9844  12.665  -62.012  39.837 1.0000000000
9846  5.750  -63.006  41.548 1.0000000000
9868  13.059  -61.397  37.665 1.0000000000
9895  20.839  -61.280  35.257 1.0000000000
9898  17.584  -61.734  35.554 1.0000000000
9902  9.624  -61.333  35.185 1.0000000000
9906  20.992  -60.822  34.731 1.0000000000
9910  13.185  -61.378  34.010 1.0000000000
9911  12.639  -60.851  34.443 1.0000000000
9912  12.036  -60.880  33.947 1.0000000000
9913  10.740  -61.539  34.056 1.0000000000
9914  9.971  -61.786  34.636 1.0000000000
9920  20.374  -61.599  34.007 1.0000000000
9922  19.298  -61.551  33.461 1.0000000000
9925  11.361  -61.720  33.692 1.0000000000
9931  20.194  -61.264  33.453 1.0000000000
9932  19.738  -61.165  33.145 1.0000000000
10407  5.376  -60.411  49.063 0.6000000238
10416  12.921  -60.075  48.147 1.0000000000
10421  8.271  -60.656  47.444 0.8999999762
10446  17.770  -60.842  45.456 1.0000000000
10447  17.275  -61.028  46.020 1.0000000000
10488  19.550  -60.731  41.327 1.0000000000
10497  14.316  -60.014  40.180 1.0000000000
10498  14.033  -60.513  40.440 1.0000000000
10507  13.596  -59.707  39.571 1.0000000000
10509  4.726  -61.215  41.097 0.8000000119
10516  15.678  -60.517  38.441 1.0000000000
10520  4.823  -60.832  39.516 0.6999999881
10533  8.739  -60.926  37.770 1.0000000000
10546  8.934  -61.044  36.831 1.0000000000
10554  11.515  -60.056  34.852 1.0000000000
10566  17.529  -60.615  34.530 1.0000000000
10577  20.546  -61.018  33.601 1.0000000000
10578  18.409  -60.556  33.279 1.0000000000
10587  20.345  -60.653  33.090 1.0000000000
11095  9.174  -59.555  48.263 0.8999999762
11108  12.896  -59.134  48.410 1.0000000000
11109  11.416  -59.911  48.346 1.0000000000
11110  10.444  -60.037  48.208 1.0000000000
11111  9.543  -60.117  48.020 0.8999999762
11115  5.491  -60.387  48.630 0.6999999881
11159  19.104  -59.661  43.510 1.0000000000
11164  19.543  -59.219  42.102 0.8999999762
11171  19.718  -59.951  41.013 1.0000000000
11179  20.022  -59.799  40.248 1.0000000000
11180  14.668  -59.418  39.882 1.0000000000
11181  14.321  -59.237  39.994 1.0000000000
11183  7.891  -59.447  41.147 1.0000000000
11192  20.409  -59.523  39.406 1.0000000000
11198  7.561  -60.333  41.068 1.0000000000
11208  15.834  -59.731  37.867 1.0000000000
11211  9.372  -59.361  38.438 1.0000000000
11220  20.901  -59.958  38.001 1.0000000000
11222  15.946  -58.866  37.231 1.0000000000
11233  21.194  -59.664  36.633 1.0000000000
11237  11.076  -58.951  36.476 1.0000000000
11247  16.835  -59.360  35.136 1.0000000000
11270  21.210  -59.723  33.469 1.0000000000
11271  17.634  -59.122  33.552 1.0000000000
11284  19.503  -59.708  32.421 1.0000000000
11830  13.123  -58.178  48.394 0.8999999762
11833  10.292  -58.594  48.510 0.8999999762
11846  13.847  -57.714  48.165 0.8999999762
11848  7.518  -58.500  48.246 0.6999999881
11849  6.779  -57.880  48.176 0.6000000238
11867  17.303  -58.027  46.149 0.8999999762
11881  18.372  -58.355  45.058 0.8999999762
11894  19.618  -58.382  42.253 1.0000000000
11895  5.917  -58.508  42.718 1.0000000000
11906  7.953  -58.112  41.760 1.0000000000
11908  5.518  -59.243  42.458 1.0000000000
11916  14.637  -58.557  39.967 1.0000000000
11918  9.230  -57.889  41.059 1.0000000000
11928  21.024  -58.034  39.125 1.0000000000
11929  20.562  -58.514  39.588 1.0000000000
11930  15.022  -58.205  39.768 1.0000000000
11932  13.390  -57.859  39.717 1.0000000000
11933  10.495  -57.756  39.473 1.0000000000
11938  4.121  -57.777  39.180 0.6000000238
11944  21.254  -58.236  38.387 1.0000000000
11947  12.848  -58.263  38.781 1.0000000000
11960  12.240  -58.835  36.985 1.0000000000
11961  11.897  -58.296  37.399 1.0000000000
11962  11.030  -58.411  37.301 1.0000000000
11976  15.557  -58.012  37.258 1.0000000000
11990  21.629  -58.492  35.836 1.0000000000
11991  16.733  -58.670  34.740 1.0000000000
12002  22.055  -57.938  34.803 1.0000000000
12003  21.717  -58.507  35.151 1.0000000000
12004  16.901  -58.372  34.137 1.0000000000
12037  21.030  -59.052  32.494 1.0000000000
12039  18.592  -58.430  32.307 1.0000000000
12052  21.394  -58.215  32.145 1.0000000000
12054  20.028  -58.275  31.748 1.0000000000
12601  14.469  -57.180  47.839 0.8999999762
12603  8.875  -57.287  48.240 0.8000000119
12628  17.693  -57.465  45.695 0.8999999762
12639  18.179  -57.716  45.299 0.8999999762
12644  19.534  -57.568  43.208 0.8999999762
12652  20.264  -57.221  42.171 0.8999999762
12656  4.790  -57.955  43.583 1.0000000000
12666  19.915  -57.867  41.762 0.8999999762
12667  9.347  -57.062  41.731 1.0000000000
12669  4.672  -58.119  43.005 1.0000000000
12678  14.263  -57.856  40.156 1.0000000000
12681  11.808  -56.508  40.470 1.0000000000
12696  14.640  -57.789  39.874 1.0000000000
12698  13.033  -57.294  39.979 1.0000000000
12699  12.181  -57.170  39.786 1.0000000000
12710  15.041  -57.716  39.173 1.0000000000
12712  11.980  -57.594  38.685 1.0000000000
12742  22.598  -57.422  35.904 1.0000000000
12743  15.972  -57.229  35.008 1.0000000000
12754  22.658  -57.558  34.502 1.0000000000
12755  16.792  -57.627  33.855 1.0000000000
12776  18.225  -56.790  32.049 1.0000000000
12788  21.702  -57.551  31.834 1.0000000000
13356  11.562  -56.577  48.316 0.8999999762
13375  15.009  -56.618  47.486 0.8999999762
13376  14.315  -56.347  47.736 0.8999999762
13378  12.450  -55.691  47.952 0.8999999762
13379  10.985  -56.102  48.111 0.8999999762
13393  16.058  -56.198  46.798 0.8999999762
13394  15.702  -56.843  47.204 0.8999999762
13403  17.577  -56.563  45.748 0.8999999762
13420  20.075  -56.296  43.324 0.8999999762
13422  19.094  -56.902  44.313 0.8999999762
13430  20.538  -56.361  42.663 0.8999999762
13433  5.065  -57.294  43.940 1.0000000000
13434  4.478  -57.030  44.324 1.0000000000
13447  7.642  -57.146  42.367 1.0000000000
13449  4.067  -57.003  42.822 1.0000000000
13456  21.048  -57.074  41.004 0.8999999762
13458  13.126  -56.892  40.141 1.0000000000
13460  11.519  -56.218  40.785 1.0000000000
13461  10.968  -56.343  41.150 1.0000000000
13462  10.218  -56.734  41.503 1.0000000000
13469  13.507  -56.890  39.947 1.0000000000
13470  12.810  -56.556  40.175 1.0000000000
13478  22.654  -56.696  38.092 1.0000000000
13480  14.502  -57.324  39.243 1.0000000000
13490  14.252  -56.646  37.893 1.0000000000
13522  15.532  -55.967  34.675 1.0000000000
13531  16.877  -56.542  33.133 1.0000000000
13540  23.224  -56.322  32.111 1.0000000000
13541  18.126  -56.046  31.943 1.0000000000
13555  20.769  -56.271  31.303 1.0000000000
14172  13.206  -55.594  47.814 0.8999999762
14173  10.949  -55.504  47.641 0.8000000119
14176  8.479  -55.892  47.466 0.6000000238
14190  15.028  -54.958  47.034 0.8999999762
14209  18.158  -55.968  45.302 0.8999999762
14220  3.996  -55.575  44.856 1.0000000000
14228  5.968  -56.499  43.302 1.0000000000
14230  4.248  -56.321  44.734 1.0000000000
14237  21.200  -55.982  42.190 0.8999999762
14245  22.583  -55.559  40.783 0.8999999762
14246  22.064  -56.024  41.080 0.8999999762
14247  11.848  -56.157  40.668 1.0000000000
14249  11.023  -56.115  41.109 1.0000000000
14253  3.890  -55.336  41.392 1.0000000000
14269  23.739  -55.455  38.821 0.8999999762
14271  13.210  -55.920  38.695 1.0000000000
14273  11.926  -55.256  39.217 1.0000000000
14281  23.810  -56.025  37.211 1.0000000000
14284  12.854  -55.245  38.031 1.0000000000
14295  13.678  -55.232  36.804 1.0000000000
14304  24.429  -55.914  35.779 1.0000000000
14306  15.142  -56.043  35.407 1.0000000000
14346  23.770  -55.794  32.191 1.0000000000
14349  16.918  -54.980  32.713 1.0000000000
14361  21.440  -55.798  31.240 1.0000000000
14364  18.728  -55.603  31.637 1.0000000000
14972  12.478  -54.585  47.184 0.8999999762
14982  15.355  -54.653  46.517 0.8999999762
14983  14.677  -54.394  46.700 0.8999999762
14984  13.927  -54.219  46.817 0.8999999762
14986  11.583  -54.525  46.924 0.8000000119
14987  10.659  -54.529  46.611 0.6999999881
14998  15.651  -54.148  46.039 0.8999999762
15006  18.783  -54.664  44.493 0.8999999762
15008  16.699  -53.835  45.153 0.8999999762
15013  19.416  -54.370  43.944 0.8999999762
15022  3.649  -55.261  44.562 1.0000000000
15026  22.075  -54.648  41.927 0.8999999762
15027  3.624  -55.446  42.901 1.0000000000
15031  10.354  -55.680  40.757 1.0000000000
15033  8.123  -54.475  41.181 1.0000000000
15036  4.631  -55.075  40.825 0.6999999881
15066  25.526  -54.435  37.004 1.0000000000
15067  24.942  -54.893  37.472 1.0000000000
15078  13.315  -54.435  36.490 1.0000000000
15090  24.990  -55.322  35.497 1.0000000000
15102  24.822  -55.601  34.557 1.0000000000
15114  15.833  -54.417  33.660 1.0000000000
15120  24.056  -55.042  31.845 1.0000000000
15121  18.329  -54.389  31.805 1.0000000000
15123  16.961  -54.096  32.686 1.0000000000
15132  22.755  -54.982  31.181 1.0000000000
15734  8.644  -53.360  45.093 0.6000000238
15739  16.945  -53.460  44.520 0.8999999762
15741  15.455  -53.038  45.099 0.8999999762
15746  3.312  -53.166  44.957 1.0000000000
15750  18.954  -53.554  43.639 0.8999999762
15751  18.257  -53.456  43.833 0.8999999762
15753  4.025  -53.669  45.151 1.0000000000
15754  3.534  -53.758  45.011 1.0000000000
15766  22.245  -53.043  41.648 0.8999999762
15775  22.949  -53.156  41.226 0.8999999762
15790  8.901  -53.001  39.056 1.0000000000
15792  5.293  -53.241  40.243 0.8000000119
15812  12.505  -54.577  37.523 1.0000000000
15853  26.042  -54.013  34.681 1.0000000000
15854  15.102  -53.612  34.147 1.0000000000
15855  14.642  -53.814  34.682 1.0000000000
15863  26.526  -53.085  33.758 1.0000000000
15875  25.627  -53.741  32.654 1.0000000000
15896  19.719  -53.321  31.657 1.0000000000
16492  12.941  -52.943  44.613 0.8000000119
16497  13.967  -52.503  43.958 0.8999999762
16503  3.352  -52.684  45.034 1.0000000000
16504  3.175  -52.898  44.796 1.0000000000
16513  9.847  -51.666  43.149 0.6000000238
16515  4.380  -52.566  45.039 1.0000000000
16520  19.756  -52.601  41.922 0.8999999762
16526  11.014  -51.233  41.568 0.6000000238
16534  21.779  -52.414  41.253 0.8999999762
16554  18.502  -52.704  39.808 0.8999999762
16559  7.346  -52.366  40.869 1.0000000000
16585  26.099  -52.829  38.732 0.8999999762
16587  19.114  -52.572  37.341 0.8000000119
16588  17.880  -52.234  37.383 0.6999999881
16591  9.885  -53.007  37.918 1.0000000000
16593  8.580  -52.280  38.696 1.0000000000
16605  21.238  -51.779  35.428 0.6999999881
16607  19.006  -52.258  36.692 0.8000000119
16609  16.763  -51.384  37.348 0.6999999881
16610  11.096  -52.890  36.884 1.0000000000
16623  20.943  -51.545  35.261 0.6999999881
16625  19.624  -52.073  36.118 0.6999999881
16627  12.293  -52.993  36.066 1.0000000000
16654  15.103  -52.975  33.887 1.0000000000
16656  13.993  -52.429  34.611 1.0000000000
16665  15.511  -52.531  33.531 1.0000000000
16676  17.426  -52.568  32.305 1.0000000000
16693  22.029  -52.776  31.277 1.0000000000
17282  10.783  -50.866  42.073 0.6000000238
17284  5.499  -51.139  44.065 1.0000000000
17311  13.355  -50.982  38.507 0.6999999881
17312  7.221  -51.559  40.355 1.0000000000
17330  15.561  -51.629  37.479 0.6000000238
17332  13.939  -50.902  38.031 0.6999999881
17346  16.619  -50.971  37.358 0.5000000000
17347  15.511  -50.703  37.474 0.6000000238
17348  8.919  -51.955  37.933 1.0000000000
17361  19.567  -51.650  36.240 0.6000000238
17362  17.505  -51.662  37.364 0.6000000238
17364  8.628  -51.079  37.553 1.0000000000
17375  28.433  -51.076  36.944 0.6999999881
17380  11.015  -51.652  36.028 1.0000000000
17403  28.385  -51.160  35.052 1.0000000000
17404  27.816  -51.646  34.526 1.0000000000
17414  26.871  -51.971  33.104 1.0000000000
17425  26.739  -51.543  32.325 1.0000000000
17436  26.245  -51.392  31.497 1.0000000000
17438  23.690  -51.431  30.950 1.0000000000
17441  19.455  -51.272  31.806 1.0000000000
18072  3.756  -50.339  44.571 1.0000000000
18136  27.146  -50.498  39.235 0.6999999881
18144  15.364  -49.937  38.041 0.5000000000
18146  7.033  -50.924  39.822 1.0000000000
18148  3.693  -50.499  39.976 0.8999999762
18163  23.561  -50.574  35.683 0.6000000238
18172  3.941  -49.820  38.687 0.6999999881
18182  28.793  -50.467  37.437 0.6999999881
18183  27.963  -50.959  38.374 0.6999999881
18186  23.193  -50.571  34.649 0.6999999881
18188  20.292  -51.036  35.921 0.6000000238
18189  8.944  -50.568  36.805 1.0000000000
18206  9.247  -50.047  36.258 1.0000000000
18215  11.959  -50.909  34.921 1.0000000000
18216  10.903  -49.663  35.058 1.0000000000
18222  28.447  -50.513  33.787 1.0000000000
18237  14.439  -50.145  33.586 1.0000000000
18238  14.018  -50.675  33.890 1.0000000000
18247  16.474  -50.549  32.606 1.0000000000
18256  27.239  -50.420  31.577 1.0000000000
18259  22.417  -50.324  31.382 1.0000000000
18262  19.018  -50.485  31.741 1.0000000000
18873  5.168  -49.749  44.598 1.0000000000
18937  27.426  -49.899  39.220 0.6000000238
18939  25.991  -49.450  38.996 0.6000000238
19003  9.738  -49.496  35.892 1.0000000000
19014  12.256  -48.959  34.335 1.0000000000
19015  11.529  -49.277  34.659 1.0000000000
19024  14.561  -49.162  33.377 1.0000000000
19047  21.874  -49.714  31.452 1.0000000000
19058  24.923  -49.648  30.321 1.0000000000
19707  6.153  -47.715  43.387 0.8999999762
19738  27.148  -49.096  39.087 0.6000000238
19743  6.794  -48.337  40.540 0.8999999762
19744  3.571  -48.062  39.303 0.6999999881
19753  30.047  -47.804  38.181 0.5000000000
19761  9.179  -48.288  38.546 0.8999999762
19764  6.873  -48.675  39.436 1.0000000000
19779  10.302  -48.352  37.222 1.0000000000
19781  8.772  -48.661  37.804 1.0000000000
19782  7.964  -48.906  38.053 1.0000000000
19797  7.503  -48.058  35.855 0.5000000000
19808  12.569  -47.774  35.060 1.0000000000
19823  13.285  -48.008  34.078 1.0000000000
19826  7.566  -48.090  35.037 0.5000000000
19838  14.543  -48.048  33.448 1.0000000000
19849  29.616  -48.393  32.831 1.0000000000
19853  16.447  -48.443  32.529 1.0000000000
19864  27.873  -49.017  30.921 1.0000000000
19866  22.407  -48.228  31.076 1.0000000000
19868  20.318  -48.498  31.570 1.0000000000
19880  24.149  -48.561  30.393 1.0000000000
19889  26.521  -48.043  29.734 1.0000000000
20584  8.535  -46.195  42.339 0.8999999762
20600  10.487  -47.237  40.643 0.8999999762
20603  8.150  -47.459  41.121 0.8999999762
20605  4.027  -46.539  40.258 0.8000000119
20630  3.821  -47.603  39.056 0.8000000119
20650  8.007  -46.645  37.233 0.6999999881
20652  5.283  -47.296  38.141 0.6999999881
20683  15.425  -48.201  36.332 1.0000000000
20693  30.467  -47.679  33.965 0.8000000119
20711  14.888  -47.646  33.744 1.0000000000
20720  30.187  -47.176  32.652 0.8999999762
20724  17.318  -47.069  32.423 1.0000000000
20725  16.671  -47.431  32.642 1.0000000000
20734  29.159  -47.299  31.464 1.0000000000
20747  28.007  -47.353  30.060 1.0000000000
20764  26.675  -47.501  29.568 1.0000000000
21477  5.120  -45.961  42.396 0.8999999762
21520  31.191  -45.882  38.103 0.4000000060
21527  19.301  -45.538  39.430 1.0000000000
21530  15.571  -46.228  41.007 0.8999999762
21552  17.860  -46.719  39.896 0.8999999762
21567  31.053  -46.753  36.942 0.5000000000
21585  7.783  -46.239  36.408 0.5000000000
21596  31.128  -46.567  34.544 0.6000000238
21612  31.001  -46.377  33.692 0.6999999881
21631  17.503  -46.410  32.899 1.0000000000
21641  28.969  -46.754  31.018 1.0000000000
21677  25.304  -46.641  29.527 1.0000000000
22363  6.153  -45.527  42.000 0.8999999762
22383  7.992  -45.130  42.040 0.8999999762
22384  6.947  -45.359  42.027 0.8999999762
22389  12.141  -44.772  41.351 0.8000000119
22416  19.935  -45.063  38.938 1.0000000000
22423  12.037  -43.985  38.261 0.6999999881
22434  31.766  -45.573  36.731 0.6000000238
22440  15.951  -44.664  37.692 0.6999999881
22443  13.215  -45.527  36.487 0.6000000238
22463  12.983  -45.725  35.296 0.6000000238
22472  31.616  -45.424  34.391 0.6999999881
22478  13.636  -45.566  34.667 0.6999999881
22496  13.298  -45.314  34.098 0.5000000000
22497  12.617  -45.360  33.973 0.5000000000
22508  30.200  -46.062  31.935 0.8999999762
22509  20.447  -44.438  32.129 1.0000000000
22518  30.707  -45.495  32.404 0.6999999881
22522  20.657  -44.971  31.567 1.0000000000
22536  29.261  -45.331  30.700 1.0000000000
22552  24.856  -45.869  29.551 1.0000000000
23246  12.151  -43.889  40.346 0.8000000119
23249  32.211  -43.983  38.188 0.4000000060
23256  11.374  -43.252  39.562 0.6999999881
23260  32.431  -44.147  37.640 0.4000000060
23261  31.983  -44.611  38.042 0.5000000000
23263  20.489  -44.599  37.925 0.8999999762
23276  21.320  -43.946  37.107 1.0000000000
23283  32.160  -44.949  36.035 0.5000000000
23284  22.068  -43.593  36.104 1.0000000000
23294  22.425  -43.277  35.318 1.0000000000
23301  8.429  -44.513  34.522 0.6000000238
23340  21.447  -43.757  31.588 1.0000000000
23377  26.645  -44.714  28.687 1.0000000000
24194  32.622  -43.702  35.107 0.6000000238
24231  31.003  -44.022  32.083 0.8000000119
24233  21.615  -42.934  32.567 1.0000000000
24245  30.663  -43.418  31.396 0.8000000119
24283  29.264  -43.078  29.474 1.0000000000
25077  33.083  -42.348  38.007 0.4000000060
25087  33.210  -42.905  36.428 0.5000000000
25091  33.399  -42.359  35.676 0.6000000238
25095  32.722  -42.298  33.848 0.6999999881
25106  21.624  -42.517  33.199 0.8999999762
25107  20.576  -42.321  33.269 0.8000000119
25123  31.700  -42.667  32.485 0.6999999881
25124  21.964  -42.101  32.649 0.8999999762
25138  31.284  -42.292  31.713 0.6999999881
25144  13.648  -42.968  31.910 0.4000000060
25166  30.292  -42.297  30.410 0.6999999881
25169  24.102  -42.711  29.922 1.0000000000
25170  23.060  -42.372  30.833 1.0000000000
25188  28.844  -42.438  28.951 1.0000000000
25956  33.533  -41.057  37.873 0.4000000060
25971  17.083  -41.404  34.202 0.6000000238
25980  33.036  -40.798  33.495 0.6999999881
25984  19.663  -41.726  32.997 0.8000000119
25985  18.537  -41.300  33.391 0.6000000238
25999  32.166  -41.488  32.588 0.6999999881
26001  22.798  -41.035  32.018 0.8999999762
26022  23.032  -41.144  31.856 0.8999999762
26856  18.104  -40.451  33.306 0.5000000000
26872  21.370  -41.061  32.149 0.8000000119
26886  31.713  -40.575  31.636 0.6999999881
26889  24.097  -40.136  31.787 1.0000000000
26890  23.329  -40.537  31.722 0.8999999762
26918  24.362  -40.600  31.093 1.0000000000
26921  7.964  -38.364  30.289 0.3000000119
26932  29.109  -40.579  29.099 0.8000000119
26933  28.604  -40.284  29.044 0.8999999762
26936  25.872  -40.994  29.737 1.0000000000
27809  34.330  -39.267  35.444 0.4000000060
27811  34.219  -38.954  34.770 0.4000000060
27823  19.233  -39.839  32.259 0.6000000238
27842  25.879  -39.173  31.443 1.0000000000
27873  26.303  -39.665  30.292 1.0000000000
28785  33.957  -38.124  33.609 0.5000000000
28812  22.908  -39.171  31.072 0.8999999762
28814  20.401  -38.511  30.791 0.6999999881
28815  19.608  -38.528  31.165 0.5000000000
28832  32.269  -38.048  30.907 0.6000000238
28856  30.116  -38.939  29.416 0.6999999881
28878  28.721  -37.721  29.227 0.8000000119
29737  33.697  -37.224  32.431 0.4000000060
29739  33.823  -36.024  32.021 0.5000000000
29740  27.399  -37.941  32.634 0.6999999881
29741  27.103  -37.893  32.814 1.0000000000
29769  31.853  -37.831  30.450 0.6000000238
29770  30.860  -37.062  29.497 0.6000000238
29773  22.675  -37.419  30.624 0.8000000119
29795  30.258  -37.504  29.343 0.6000000238
29796  28.671  -36.964  29.253 0.6000000238
30684  33.060  -34.956  30.740 0.6000000238
30685  27.479  -37.646  32.871 0.6000000238
30687  26.184  -37.060  32.462 0.8000000119
30692  31.606  -35.732  29.603 0.5000000000
30694  23.792  -36.252  31.298 0.6999999881
30702  23.208  -36.814  30.806 0.8000000119
30705  19.595  -36.679  30.114 0.4000000060
30706  18.731  -36.920  30.425 0.4000000060
30725  30.075  -36.931  29.157 0.6000000238
30741  28.992  -36.240  29.073 0.6000000238
31583  30.224  -36.148  28.887 0.6000000238
31584  27.826  -36.149  29.837 0.6000000238
31604  29.480  -35.923  28.862 0.6000000238
32415  29.211  -35.337  28.980 0.6000000238
32432  28.807  -35.595  29.193 0.6000000238
33405  29.028  -35.514  28.833 0.6000000238
132124  27.712  -37.776  32.351 0.6999999881
132406  27.922  -36.119  30.159 0.5000000000
132510  28.262  -35.803  29.785 0.5000000000
132605  29.036  -35.177  29.280 0.6000000238
132791  13.038  -60.874  38.223 1.0000000000
132855  7.122  -58.334  42.238 1.0000000000
132928  13.790  -69.766  39.220 1.0000000000
133008  17.723  -67.813  36.223 1.0000000000
133050  9.475  -79.526  24.261 0.8999999762
133832  9.621  -77.416  47.295 0.8999999762
133977  27.021  -39.766  29.482 1.0000000000
134007  9.193  -84.193  27.372 0.6000000238
134307  9.463  -78.438  49.352 0.6999999881
134347  8.943  -65.769  45.512 1.0000000000
134463  12.611  -62.107  39.315 1.0000000000
134514  17.418  -52.443  38.024 0.8999999762
134781  18.612  -52.742  38.949 0.8999999762
134907  13.000  -49.846  39.356 0.5000000000
134914  12.052  -69.677  43.168 1.0000000000
134916  3.805  -52.151  40.593 0.8999999762
134928  13.268  -83.084  17.491 0.5000000000
134992  15.160  -70.191  39.585 1.0000000000
135031  34.409  -36.672  33.616 0.4000000060
135228  14.140  -82.201  41.205 0.8999999762
135267  16.429  -52.044  37.817 0.6999999881
135303  4.348  -51.030  45.053 1.0000000000
135318  11.203  -59.363  35.880 1.0000000000
135542  14.582  -72.981  22.644 0.8999999762
135894  13.426  -78.397  31.948 1.0000000000
135957  26.284  -49.266  30.118 1.0000000000
136049  15.861  -52.484  43.123 0.8999999762
136101  20.655  -41.018  32.236 0.8000000119
136342  15.671  -69.822  32.275 1.0000000000
136689  13.608  -70.405  39.385 1.0000000000
136825  21.403  -59.021  36.193 1.0000000000
136863  4.846  -46.657  39.011 0.6999999881
137530  3.709  -51.054  44.980 1.0000000000
137542  9.940  -73.627  47.332 1.0000000000
137556  26.712  -43.861  28.605 1.0000000000
137705  31.659  -37.345  30.170 0.6000000238
138076  9.218  -85.201  30.932 0.6000000238
138233  13.400  -64.831  38.266 1.0000000000
138260  23.042  -50.853  31.232 1.0000000000
138478  10.091  -82.235  44.847 0.8999999762
138559  16.269  -75.979  32.013 1.0000000000
138612  17.210  -65.864  45.646 1.0000000000
138642  25.203  -54.387  32.561 1.0000000000
139132  26.452  -42.930  28.650 1.0000000000
139186  20.582  -56.855  31.378 1.0000000000
139211  16.223  -60.084  46.793 1.0000000000
139231  18.537  -71.297  32.285 1.0000000000
139707  12.232  -81.422  35.691 1.0000000000
140036  14.588  -73.111  20.431 0.8999999762
140106  18.488  -59.016  44.783 0.8999999762
140141  12.872  -78.494  27.032 1.0000000000
140159  17.936  -68.586  36.212 1.0000000000
140220  10.713  -76.364  38.718 1.0000000000
140309  28.636  -50.683  34.593 1.0000000000
140364  16.601  -42.893  34.296 0.6000000238
140391  16.291  -75.635  26.031 1.0000000000
140457  15.209  -62.000  47.389 1.0000000000
140471  18.272  -64.366  44.329 1.0000000000
140486  20.542  -53.800  43.083 0.8999999762
140493  20.365  -36.379  29.996 0.5000000000
140745  12.300  -79.262  29.207 1.0000000000
140759  10.645  -61.277  47.316 1.0000000000
140892  13.727  -68.186  33.193 1.0000000000
140894  10.255  -82.280  21.762 0.8000000119
141259  15.725  -68.904  34.131 1.0000000000
141441  8.428  -80.572  36.946 1.0000000000
141478  4.883  -68.614  27.807 0.5000000000
141487  18.558  -70.973  35.996 1.0000000000
141527  12.786  -83.230  25.390 0.6000000238
141795  24.088  -41.879  30.349 1.0000000000
141841  9.364  -78.991  45.696 0.8999999762
141885  5.236  -52.054  44.368 1.0000000000
141948  13.791  -78.151  30.745 1.0000000000
142033  14.958  -76.818  32.959 1.0000000000
142225  5.176  -68.694  49.150 0.8000000119
142381  7.004  -65.670  47.441 0.6999999881
142487  18.769  -61.939  44.021 1.0000000000
142525  19.046  -53.907  31.670 1.0000000000
142748  4.005  -50.501  39.101 0.6000000238
142886  12.876  -82.254  35.252 0.8000000119
143057  10.991  -74.453  23.191 0.8999999762
143070  3.165  -49.555  41.672 0.8999999762
143144  15.421  -76.780  26.715 1.0000000000
143194  13.933  -82.307  17.082 0.5000000000
143303  15.955  -64.845  40.306 1.0000000000
143318  15.796  -75.652  24.708 0.8999999762
143562  16.173  -65.239  32.813 1.0000000000
143656  23.728  -49.923  30.854 1.0000000000
143790  15.769  -64.824  47.596 1.0000000000
143811  14.993  -58.881  39.738 1.0000000000
143895  5.363  -66.018  43.543 1.0000000000
143965  27.892  -38.861  29.269 0.8999999762
144002  12.023  -57.815  48.511 0.8999999762
144134  15.861  -58.201  36.572 1.0000000000
144145  5.131  -69.871  50.367 0.8000000119
144351  29.891  -35.427  28.776 0.5000000000
144510  16.467  -68.081  38.717 1.0000000000
144528  11.202  -69.112  49.227 1.0000000000
144695  11.961  -69.441  44.959 1.0000000000
144744  19.143  -61.844  43.266 1.0000000000
144754  12.189  -63.129  39.965 1.0000000000
144987  22.770  -46.923  30.702 1.0000000000
145104  13.385  -62.930  47.684 1.0000000000
145258  21.443  -49.066  31.488 1.0000000000
145260  21.609  -51.887  31.496 1.0000000000
145447  19.163  -64.309  39.718 1.0000000000
145587  22.890  -54.232  31.108 1.0000000000
145599  20.166  -62.719  37.253 1.0000000000
145648  5.823  -74.587  33.066 0.8999999762
145825  12.583  -82.463  17.027 0.5000000000
145858  19.491  -60.011  41.796 1.0000000000
145887  11.277  -83.387  22.288 0.6999999881
145923  11.693  -61.145  47.618 1.0000000000
146075  12.314  -72.520  45.632 1.0000000000
146126  19.965  -40.561  32.189 0.8000000119
146349  15.309  -47.867  33.227 1.0000000000
146595  24.568  -45.222  29.593 1.0000000000
146943  17.301  -69.439  31.664 1.0000000000
147130  17.360  -65.619  40.940 1.0000000000
147445  8.125  -58.588  48.317 0.8000000119
147490  10.193  -57.321  48.410 0.8000000119
147658  12.656  -63.529  32.896 1.0000000000
147681  26.684  -52.462  38.340 0.8999999762
147894  20.961  -39.102  30.883 0.6999999881
148017  8.737  -73.550  21.687 0.8999999762
148093  5.411  -68.720  36.779 0.8999999762
148109  8.305  -76.395  31.440 0.8999999762
148194  14.491  -68.555  47.096 1.0000000000
148274  12.372  -55.788  39.791 1.0000000000
148306  6.716  -48.529  35.899 0.6000000238
148732  12.452  -58.588  37.789 1.0000000000
148741  22.144  -52.187  40.854 0.8999999762
148837  17.879  -60.072  45.380 1.0000000000
148977  17.480  -73.065  34.265 1.0000000000
148994  13.111  -67.228  49.199 1.0000000000
149032  6.922  -74.236  26.909 0.6999999881
149250  17.995  -72.575  31.085 1.0000000000
149425  4.146  -57.036  40.744 0.6999999881
149599  18.245  -51.806  36.998 0.6999999881
149993  10.227  -48.534  36.485 1.0000000000
150188  30.227  -48.485  36.504 0.6000000238
150542  27.790  -36.350  30.104 0.8000000119
150621  27.817  -37.025  31.157 0.6000000238
150690  28.370  -35.823  29.543 0.5000000000
150958  15.461  -77.189  29.547 1.0000000000
150973  19.958  -62.011  39.628 1.0000000000
151225  25.975  -50.399  30.593 1.0000000000
151295  31.452  -46.169  35.572 0.6000000238
151390  9.014  -79.482  45.108 1.0000000000
151560  7.177  -66.321  48.764 0.6999999881
151561  16.518  -49.574  32.494 1.0000000000
151673  12.053  -47.887  35.620 1.0000000000
151677  26.289  -42.214  28.852 1.0000000000
151680  19.343  -62.864  41.377 1.0000000000
151704  18.582  -49.677  31.720 1.0000000000
151929  19.584  -52.618  31.781 1.0000000000
152194  16.125  -70.647  28.271 1.0000000000
152472  17.045  -73.004  24.150 1.0000000000
152557  5.110  -68.093  31.800 0.6999999881
152658  18.205  -69.716  33.069 1.0000000000
152865  6.157  -73.142  34.382 0.8999999762
152873  10.759  -54.340  38.648 1.0000000000
152926  17.407  -60.943  35.188 1.0000000000
152983  17.289  -74.122  30.054 1.0000000000
153191  16.158  -67.181  45.728 1.0000000000
153305  16.167  -66.273  41.953 1.0000000000
153650  12.177  -53.976  37.052 1.0000000000
153718  5.814  -71.077  43.988 1.0000000000
154044  17.340  -71.563  26.888 1.0000000000
154077  15.242  -62.983  34.787 1.0000000000
154123  14.256  -56.911  38.651 1.0000000000
154238  14.732  -60.600  47.518 1.0000000000
154367  15.650  -66.487  47.458 1.0000000000
154528  7.868  -69.001  19.146 0.8000000119
154553  15.764  -71.564  26.052 1.0000000000
154686  12.594  -57.772  48.457 0.8999999762
154703  12.947  -78.157  40.213 1.0000000000
154760  12.701  -68.965  33.437 1.0000000000
155056  11.537  -66.356  42.308 1.0000000000
155058  14.107  -59.892  40.213 1.0000000000
155166  8.612  -53.267  39.717 1.0000000000
155238  18.775  -63.360  43.603 1.0000000000
155249  11.295  -53.394  44.792 0.6999999881
155437  4.545  -65.581  37.621 0.8000000119
155551  7.380  -54.821  41.929 1.0000000000
155556  25.633  -53.141  39.090 0.8999999762
155570  10.169  -80.671  20.121 0.8000000119
155745  16.860  -58.566  46.462 1.0000000000
155770  24.776  -53.568  39.711 0.8999999762
155776  20.335  -42.633  33.629 0.8000000119
155844  12.029  -64.322  33.316 1.0000000000
155861  21.691  -47.080  31.109 1.0000000000
155883  10.563  -75.200  45.273 1.0000000000
155950  19.702  -52.623  39.329 0.8999999762
155970  9.785  -77.454  27.454 0.8999999762
156002  10.789  -60.305  34.839 1.0000000000
156085  6.354  -67.510  33.970 0.8999999762
156158  4.885  -65.467  44.084 1.0000000000
156161  34.532  -37.374  34.776 0.6000000238
156433  5.530  -60.453  42.233 1.0000000000
156668  3.486  -53.415  41.511 1.0000000000
156824  7.834  -47.016  37.284 0.6000000238
156832  12.034  -72.892  39.539 1.0000000000
156885  12.185  -69.349  39.310 1.0000000000
156951  4.861  -63.695  46.214 0.8000000119
157213  15.997  -75.903  25.702 1.0000000000
157249  22.737  -48.939  31.094 1.0000000000
157470  9.825  -85.517  31.814 0.6000000238
157505  13.225  -77.670  24.079 0.8999999762
157536  16.078  -50.717  37.251 0.5000000000
157742  11.052  -84.289  35.607 0.6999999881
157777  12.469  -79.846  16.600 0.8000000119
157931  11.867  -75.681  35.761 1.0000000000
157948  14.838  -61.622  47.474 1.0000000000
157984  12.033  -76.601  39.353 1.0000000000
158215  21.822  -35.971  30.437 0.6999999881
158646  16.168  -52.529  42.306 0.8999999762
158719  13.748  -51.076  34.250 1.0000000000
158755  18.068  -54.890  45.129 0.8999999762
158794  5.638  -67.265  43.386 1.0000000000
158851  5.436  -61.145  48.677 0.6999999881
158976  14.573  -62.510  40.396 1.0000000000
158996  11.903  -84.473  38.815 1.0000000000
159004  17.339  -67.094  34.826 1.0000000000
159015  12.092  -82.134  46.296 0.6999999881
159077  15.236  -84.726  22.359 0.5000000000
159098  13.675  -56.143  47.941 0.8999999762
159174  17.183  -70.657  38.536 1.0000000000
159237  28.640  -38.809  29.206 0.8000000119
159304  29.883  -48.840  34.182 0.8000000119
159504  12.008  -74.631  26.517 0.8999999762
159541  17.546  -73.466  26.610 1.0000000000
159646  14.345  -57.786  40.137 1.0000000000
159651  7.905  -77.369  26.643 0.8999999762
159693  21.668  -44.702  35.757 1.0000000000
159811  13.089  -50.358  38.835 0.6999999881
159871  23.275  -52.796  40.918 0.8999999762
159982  13.258  -71.686  19.829 0.8999999762
160049  12.543  -73.661  38.882 1.0000000000
160157  17.223  -52.909  43.524 0.8999999762
160369  21.747  -57.284  39.184 1.0000000000
160394  7.289  -72.906  26.404 0.6999999881
160453  22.274  -55.321  41.387 0.8999999762
160519  14.673  -52.476  43.999 0.8999999762
